{
  "id": "113",
  "title": "手机的生产",
  "type": "traditional",
  "sections": [
    {
      "title": "",
      "content": "\u003cp\u003e由于电信技术的发展，人人都可以通过手机互相联系。\u003c/p\u003e\u003cp\u003e有一位电信大佬最近想生产一大批手机，然而从生产线上一台一台地生产实在太慢了，于是他想出了一个办法 —— 让手机自我复制。\u003c/p\u003e\u003cp\u003e于是他给手机加上了一个内置的函数 \u003csamp\u003efork()\u003c/samp\u003e。手机的程序如果调用这个函数，那么手机会生产出一台\u003cstrong\u003e完全一模一样\u003c/strong\u003e的手机（\u003cstrong\u003e包括程序运行状态\u003c/strong\u003e），并且自己这台的函数返回值为 \u003cspan class=\"MathJax_Preview\" style=\"color: inherit;\"\u003e\u003cspan class=\"MJXp-math\" id=\"MJXp-Span-1\"\u003e\u003cspan class=\"MJXp-mn\" id=\"MJXp-Span-2\"\u003e1\u003c/span\u003e\u003c/span\u003e\u003c/span\u003e\u003cscript type=\"math/tex\" id=\"MathJax-Element-1\"\u003e1\u003c/script\u003e，新手机的函数返回值为 \u003cspan class=\"MathJax_Preview\" style=\"color: inherit;\"\u003e\u003cspan class=\"MJXp-math\" id=\"MJXp-Span-3\"\u003e\u003cspan class=\"MJXp-mn\" id=\"MJXp-Span-4\"\u003e0\u003c/span\u003e\u003c/span\u003e\u003c/span\u003e\u003cscript type=\"math/tex\" id=\"MathJax-Element-2\"\u003e0\u003c/script\u003e，然后两台手机都\u003cstrong\u003e继续执行程序\u003c/strong\u003e。（请注意黑体字内容）\u003c/p\u003e\u003cp\u003e初始时，只有一台手机。接着，大佬让手机计算形如这样的表达式：\u003c/p\u003e\u003cpre class=\"sh_sourceCode\"\u003e\u003ccode class=\"sh_cpp\"\u003e\u003cspan class=\"sh_function\"\u003efork\u003c/span\u003e\u003cspan class=\"sh_symbol\"\u003e()\u003c/span\u003e \u003cspan class=\"sh_symbol\"\u003e\u0026lt;\u003c/span\u003eop\u003cspan class=\"sh_symbol\"\u003e\u0026gt;\u003c/span\u003e \u003cspan class=\"sh_function\"\u003efork\u003c/span\u003e\u003cspan class=\"sh_symbol\"\u003e()\u003c/span\u003e \u003cspan class=\"sh_symbol\"\u003e\u0026lt;\u003c/span\u003eop\u003cspan class=\"sh_symbol\"\u003e\u0026gt;\u003c/span\u003e \u003cspan class=\"sh_symbol\"\u003e...\u003c/span\u003e \u003cspan class=\"sh_symbol\"\u003e\u0026lt;\u003c/span\u003eop\u003cspan class=\"sh_symbol\"\u003e\u0026gt;\u003c/span\u003e \u003cspan class=\"sh_function\"\u003efork\u003c/span\u003e\u003cspan class=\"sh_symbol\"\u003e()\u003c/span\u003e\u003c/code\u003e\u003c/pre\u003e\u003cp\u003e其中 \u003csamp\u003e\u0026lt;op\u0026gt;\u003c/samp\u003e 是二元运算符，为 \u003csamp\u003e\u0026amp;\u0026amp;\u003c/samp\u003e 或者 \u003csamp\u003e||\u003c/samp\u003e 中的一种。例如：\u003c/p\u003e\u003cpre class=\"sh_sourceCode\"\u003e\u003ccode class=\"sh_cpp\"\u003e\u003cspan class=\"sh_function\"\u003efork\u003c/span\u003e\u003cspan class=\"sh_symbol\"\u003e()\u003c/span\u003e \u003cspan class=\"sh_symbol\"\u003e\u0026amp;\u0026amp;\u003c/span\u003e \u003cspan class=\"sh_function\"\u003efork\u003c/span\u003e\u003cspan class=\"sh_symbol\"\u003e()\u003c/span\u003e \u003cspan class=\"sh_symbol\"\u003e||\u003c/span\u003e \u003cspan class=\"sh_function\"\u003efork\u003c/span\u003e\u003cspan class=\"sh_symbol\"\u003e()\u003c/span\u003e \u003cspan class=\"sh_symbol\"\u003e\u0026amp;\u0026amp;\u003c/span\u003e \u003cspan class=\"sh_function\"\u003efork\u003c/span\u003e\u003cspan class=\"sh_symbol\"\u003e()\u003c/span\u003e \u003cspan class=\"sh_symbol\"\u003e\u0026amp;\u0026amp;\u003c/span\u003e \u003cspan class=\"sh_function\"\u003efork\u003c/span\u003e\u003cspan class=\"sh_symbol\"\u003e()\u003c/span\u003e \u003cspan class=\"sh_symbol\"\u003e||\u003c/span\u003e \u003cspan class=\"sh_function\"\u003efork\u003c/span\u003e\u003cspan class=\"sh_symbol\"\u003e()\u003c/span\u003e\u003c/code\u003e\u003c/pre\u003e\u003cp\u003e两个运算都是左结合的，且 \u003csamp\u003e\u0026amp;\u0026amp;\u003c/samp\u003e 的优先级比 \u003csamp\u003e||\u003c/samp\u003e 高，所以上面的那个表达式相当于：\u003c/p\u003e\u003cpre class=\"sh_sourceCode\"\u003e\u003ccode class=\"sh_cpp\"\u003e\u003cspan class=\"sh_symbol\"\u003e((\u003c/span\u003e\u003cspan class=\"sh_function\"\u003efork\u003c/span\u003e\u003cspan class=\"sh_symbol\"\u003e()\u003c/span\u003e \u003cspan class=\"sh_symbol\"\u003e\u0026amp;\u0026amp;\u003c/span\u003e \u003cspan class=\"sh_function\"\u003efork\u003c/span\u003e\u003cspan class=\"sh_symbol\"\u003e())\u003c/span\u003e \u003cspan class=\"sh_symbol\"\u003e||\u003c/span\u003e \u003cspan class=\"sh_symbol\"\u003e((\u003c/span\u003e\u003cspan class=\"sh_function\"\u003efork\u003c/span\u003e\u003cspan class=\"sh_symbol\"\u003e()\u003c/span\u003e \u003cspan class=\"sh_symbol\"\u003e\u0026amp;\u0026amp;\u003c/span\u003e \u003cspan class=\"sh_function\"\u003efork\u003c/span\u003e\u003cspan class=\"sh_symbol\"\u003e())\u003c/span\u003e \u003cspan class=\"sh_symbol\"\u003e\u0026amp;\u0026amp;\u003c/span\u003e \u003cspan class=\"sh_function\"\u003efork\u003c/span\u003e\u003cspan class=\"sh_symbol\"\u003e()))\u003c/span\u003e \u003cspan class=\"sh_symbol\"\u003e||\u003c/span\u003e \u003cspan class=\"sh_function\"\u003efork\u003c/span\u003e\u003cspan class=\"sh_symbol\"\u003e()\u003c/span\u003e\u003c/code\u003e\u003c/pre\u003e\u003cp\u003e对于表达式 \u003csamp\u003ea \u0026amp;\u0026amp; b\u003c/samp\u003e，手机会先计算 \u003csamp\u003ea\u003c/samp\u003e 的值，如果为 \u003cspan class=\"MathJax_Preview\" style=\"color: inherit;\"\u003e\u003cspan class=\"MJXp-math\" id=\"MJXp-Span-5\"\u003e\u003cspan class=\"MJXp-mn\" id=\"MJXp-Span-6\"\u003e0\u003c/span\u003e\u003c/span\u003e\u003c/span\u003e\u003cscript type=\"math/tex\" id=\"MathJax-Element-3\"\u003e0\u003c/script\u003e 那么\u003cstrong\u003e不计算\u003c/strong\u003e \u003csamp\u003eb\u003c/samp\u003e 的值（因为很重要所以说两遍，请注意这里\u003cstrong\u003e不计算\u003c/strong\u003e \u003csamp\u003eb\u003c/samp\u003e 的值），该表达式值为 \u003cspan class=\"MathJax_Preview\" style=\"color: inherit;\"\u003e\u003cspan class=\"MJXp-math\" id=\"MJXp-Span-7\"\u003e\u003cspan class=\"MJXp-mn\" id=\"MJXp-Span-8\"\u003e0\u003c/span\u003e\u003c/span\u003e\u003c/span\u003e\u003cscript type=\"math/tex\" id=\"MathJax-Element-4\"\u003e0\u003c/script\u003e；否则计算 \u003csamp\u003eb\u003c/samp\u003e 的值并将其值作为该表达式的值。\u003c/p\u003e\u003cp\u003e对于表达式 \u003csamp\u003ea || b\u003c/samp\u003e，手机会先计算 \u003csamp\u003ea\u003c/samp\u003e 的值，如果为 \u003cspan class=\"MathJax_Preview\" style=\"color: inherit;\"\u003e\u003cspan class=\"MJXp-math\" id=\"MJXp-Span-9\"\u003e\u003cspan class=\"MJXp-mn\" id=\"MJXp-Span-10\"\u003e1\u003c/span\u003e\u003c/span\u003e\u003c/span\u003e\u003cscript type=\"math/tex\" id=\"MathJax-Element-5\"\u003e1\u003c/script\u003e 那么\u003cstrong\u003e不计算\u003c/strong\u003e \u003csamp\u003eb\u003c/samp\u003e 的值（因为很重要所以说两遍，请注意这里\u003cstrong\u003e不计算\u003c/strong\u003e \u003csamp\u003eb\u003c/samp\u003e 的值），该表达式值为 \u003cspan class=\"MathJax_Preview\" style=\"color: inherit;\"\u003e\u003cspan class=\"MJXp-math\" id=\"MJXp-Span-11\"\u003e\u003cspan class=\"MJXp-mn\" id=\"MJXp-Span-12\"\u003e1\u003c/span\u003e\u003c/span\u003e\u003c/span\u003e\u003cscript type=\"math/tex\" id=\"MathJax-Element-6\"\u003e1\u003c/script\u003e；否则计算 \u003csamp\u003eb\u003c/samp\u003e 的值并将其值作为该表达式的值。\u003c/p\u003e\u003cp\u003e表达式计算完成后，大佬制造出了数量惊人的手机，人类终于叩开了指数级工业制造的大门。\u003c/p\u003e\u003cp\u003e一万万年后，一位考古学家调查了此次事件。他得到了大佬让手机计算的表达式。他想知道大佬当年究竟制造出了多少台手机。（包括初始的那台手机）\u003c/p\u003e\u003cp\u003e\u003cstrong\u003e你可以参照样例解释来更好地理解题意。\u003c/strong\u003e\u003c/p\u003e",
      "misc": ""
    },
    {
      "title": "输入格式",
      "content": "\u003cp\u003e第一行一个正整数 \u003cspan class=\"MathJax_Preview\" style=\"color: inherit;\"\u003e\u003cspan class=\"MJXp-math\" id=\"MJXp-Span-13\"\u003e\u003cspan class=\"MJXp-mi MJXp-italic\" id=\"MJXp-Span-14\"\u003en\u003c/span\u003e\u003c/span\u003e\u003c/span\u003e\u003cscript type=\"math/tex\" id=\"MathJax-Element-7\"\u003en\u003c/script\u003e，表示表达式中的 \u003csamp\u003efork()\u003c/samp\u003e 的数量。\u003c/p\u003e\u003cp\u003e接下来一行 \u003cspan class=\"MathJax_Preview\" style=\"color: inherit;\"\u003e\u003cspan class=\"MJXp-math\" id=\"MJXp-Span-15\"\u003e\u003cspan class=\"MJXp-mi MJXp-italic\" id=\"MJXp-Span-16\"\u003en\u003c/span\u003e\u003cspan class=\"MJXp-mo\" id=\"MJXp-Span-17\" style=\"margin-left: 0.267em; margin-right: 0.267em;\"\u003e−\u003c/span\u003e\u003cspan class=\"MJXp-mn\" id=\"MJXp-Span-18\"\u003e1\u003c/span\u003e\u003c/span\u003e\u003c/span\u003e\u003cscript type=\"math/tex\" id=\"MathJax-Element-8\"\u003en - 1\u003c/script\u003e 个用空格隔开的字符串，每个字符串为 “\u003csamp\u003e\u0026amp;\u0026amp;\u003c/samp\u003e” 或者 “\u003csamp\u003e||\u003c/samp\u003e”，依次表示表达式中对应位置的运算符。\u003c/p\u003e",
      "misc": ""
    },
    {
      "title": "输出格式",
      "content": "\u003cp\u003e一行，一个整数表示制造出的手机的数量，你只用输出答案对 \u003cspan class=\"MathJax_Preview\" style=\"color: inherit;\"\u003e\u003cspan class=\"MJXp-math\" id=\"MJXp-Span-19\"\u003e\u003cspan class=\"MJXp-mn\" id=\"MJXp-Span-20\"\u003e998244353\u003c/span\u003e\u003c/span\u003e\u003c/span\u003e\u003cscript type=\"math/tex\" id=\"MathJax-Element-9\"\u003e998244353\u003c/script\u003e（\u003cspan class=\"MathJax_Preview\" style=\"color: inherit;\"\u003e\u003cspan class=\"MJXp-math\" id=\"MJXp-Span-21\"\u003e\u003cspan class=\"MJXp-mn\" id=\"MJXp-Span-22\"\u003e7\u003c/span\u003e\u003cspan class=\"MJXp-mo\" id=\"MJXp-Span-23\" style=\"margin-left: 0.267em; margin-right: 0.267em;\"\u003e×\u003c/span\u003e\u003cspan class=\"MJXp-mn\" id=\"MJXp-Span-24\"\u003e17\u003c/span\u003e\u003cspan class=\"MJXp-mo\" id=\"MJXp-Span-25\" style=\"margin-left: 0.267em; margin-right: 0.267em;\"\u003e×\u003c/span\u003e\u003cspan class=\"MJXp-msubsup\" id=\"MJXp-Span-26\"\u003e\u003cspan class=\"MJXp-mn\" id=\"MJXp-Span-27\" style=\"margin-right: 0.05em;\"\u003e2\u003c/span\u003e\u003cspan class=\"MJXp-mrow MJXp-script\" id=\"MJXp-Span-28\" style=\"vertical-align: 0.5em;\"\u003e\u003cspan class=\"MJXp-mn\" id=\"MJXp-Span-29\"\u003e23\u003c/span\u003e\u003c/span\u003e\u003c/span\u003e\u003cspan class=\"MJXp-mo\" id=\"MJXp-Span-30\" style=\"margin-left: 0.267em; margin-right: 0.267em;\"\u003e+\u003c/span\u003e\u003cspan class=\"MJXp-mn\" id=\"MJXp-Span-31\"\u003e1\u003c/span\u003e\u003c/span\u003e\u003c/span\u003e\u003cscript type=\"math/tex\" id=\"MathJax-Element-10\"\u003e7 \\times 17 \\times 2^{23} + 1\u003c/script\u003e，一个质数）取模后的结果。\u003c/p\u003e",
      "misc": ""
    },
    {
      "title": "限制与约定",
      "content": "\u003cdiv class=\"table-responsive\"\u003e\n\u003ctable class=\"table table-bordered table-text-center table-vertical-middle\"\u003e\u003cthead\u003e\u003ctr\u003e\u003cth\u003e测试点编号\u003c/th\u003e\n\u003cth\u003e\u003cspan class=\"MathJax_Preview\" style=\"color: inherit;\"\u003e\u003cspan class=\"MJXp-math\" id=\"MJXp-Span-88\"\u003e\u003cspan class=\"MJXp-mi MJXp-italic\" id=\"MJXp-Span-89\"\u003en\u003c/span\u003e\u003c/span\u003e\u003c/span\u003e\u003cscript type=\"math/tex\" id=\"MathJax-Element-39\"\u003en\u003c/script\u003e的规模\u003c/th\u003e\n\u003c/tr\u003e\u003c/thead\u003e\u003ctbody\u003e\u003ctr\u003e\u003ctd\u003e1\u003c/td\u003e\u003ctd\u003e\u003cspan class=\"MathJax_Preview\" style=\"color: inherit;\"\u003e\u003cspan class=\"MJXp-math\" id=\"MJXp-Span-90\"\u003e\u003cspan class=\"MJXp-mi MJXp-italic\" id=\"MJXp-Span-91\"\u003en\u003c/span\u003e\u003cspan class=\"MJXp-mo\" id=\"MJXp-Span-92\" style=\"margin-left: 0.333em; margin-right: 0.333em;\"\u003e=\u003c/span\u003e\u003cspan class=\"MJXp-mn\" id=\"MJXp-Span-93\"\u003e1\u003c/span\u003e\u003c/span\u003e\u003c/span\u003e\u003cscript type=\"math/tex\" id=\"MathJax-Element-40\"\u003en = 1\u003c/script\u003e\u003c/td\u003e\u003c/tr\u003e\u003ctr\u003e\u003ctd\u003e2\u003c/td\u003e\u003ctd rowspan=\"3\"\u003e\u003cspan class=\"MathJax_Preview\" style=\"color: inherit;\"\u003e\u003cspan class=\"MJXp-math\" id=\"MJXp-Span-94\"\u003e\u003cspan class=\"MJXp-mi MJXp-italic\" id=\"MJXp-Span-95\"\u003en\u003c/span\u003e\u003cspan class=\"MJXp-mo\" id=\"MJXp-Span-96\" style=\"margin-left: 0.333em; margin-right: 0.333em;\"\u003e≤\u003c/span\u003e\u003cspan class=\"MJXp-mn\" id=\"MJXp-Span-97\"\u003e5\u003c/span\u003e\u003c/span\u003e\u003c/span\u003e\u003cscript type=\"math/tex\" id=\"MathJax-Element-41\"\u003en \\leq 5\u003c/script\u003e\u003c/td\u003e\u003c/tr\u003e\u003ctr\u003e\u003ctd\u003e3\u003c/td\u003e\u003c/tr\u003e\u003ctr\u003e\u003ctd\u003e4\u003c/td\u003e\u003c/tr\u003e\u003ctr\u003e\u003ctd\u003e5\u003c/td\u003e\u003ctd rowspan=\"3\"\u003e\u003cspan class=\"MathJax_Preview\" style=\"color: inherit;\"\u003e\u003cspan class=\"MJXp-math\" id=\"MJXp-Span-98\"\u003e\u003cspan class=\"MJXp-mi MJXp-italic\" id=\"MJXp-Span-99\"\u003en\u003c/span\u003e\u003cspan class=\"MJXp-mo\" id=\"MJXp-Span-100\" style=\"margin-left: 0.333em; margin-right: 0.333em;\"\u003e≤\u003c/span\u003e\u003cspan class=\"MJXp-mn\" id=\"MJXp-Span-101\"\u003e100\u003c/span\u003e\u003c/span\u003e\u003c/span\u003e\u003cscript type=\"math/tex\" id=\"MathJax-Element-42\"\u003en \\leq 100\u003c/script\u003e\u003c/td\u003e\u003c/tr\u003e\u003ctr\u003e\u003ctd\u003e6\u003c/td\u003e\u003c/tr\u003e\u003ctr\u003e\u003ctd\u003e7\u003c/td\u003e\u003c/tr\u003e\u003ctr\u003e\u003ctd\u003e8\u003c/td\u003e\u003ctd rowspan=\"3\"\u003e\u003cspan class=\"MathJax_Preview\" style=\"color: inherit;\"\u003e\u003cspan class=\"MJXp-math\" id=\"MJXp-Span-102\"\u003e\u003cspan class=\"MJXp-mi MJXp-italic\" id=\"MJXp-Span-103\"\u003en\u003c/span\u003e\u003cspan class=\"MJXp-mo\" id=\"MJXp-Span-104\" style=\"margin-left: 0.333em; margin-right: 0.333em;\"\u003e≤\u003c/span\u003e\u003cspan class=\"MJXp-mn\" id=\"MJXp-Span-105\"\u003e100000\u003c/span\u003e\u003c/span\u003e\u003c/span\u003e\u003cscript type=\"math/tex\" id=\"MathJax-Element-43\"\u003en \\leq 100000\u003c/script\u003e\u003c/td\u003e\u003c/tr\u003e\u003ctr\u003e\u003ctd\u003e9\u003c/td\u003e\u003c/tr\u003e\u003ctr\u003e\u003ctd\u003e10\u003c/td\u003e\u003c/tr\u003e\u003c/tbody\u003e\u003c/table\u003e\u003c/div\u003e",
      "misc": ""
    },
    {
      "title": "下载",
      "content": "\u003cp\u003e\u003ca href=\"/download.php?type=problem\u0026amp;id=113\"\u003e样例数据下载\u003c/a\u003e\u003c/p\u003e",
      "misc": ""
    }
  ],
  "samples": [
    {
      "title": "样例一",
      "input": "\u003cpre\u003e2\n\u0026amp;\u0026amp;\n\n\u003c/pre\u003e",
      "output": "\u003cpre\u003e3\n\n\u003c/pre\u003e",
      "explanation": "\u003cp\u003e共生产 \u003cspan class=\"MathJax_Preview\" style=\"color: inherit;\"\u003e\u003cspan class=\"MJXp-math\" id=\"MJXp-Span-32\"\u003e\u003cspan class=\"MJXp-mn\" id=\"MJXp-Span-33\"\u003e3\u003c/span\u003e\u003c/span\u003e\u003c/span\u003e\u003cscript type=\"math/tex\" id=\"MathJax-Element-11\"\u003e3\u003c/script\u003e 台手机，过程如下：\u003c/p\u003e\u003col\u003e\u003cli\u003e第 \u003cspan class=\"MathJax_Preview\" style=\"color: inherit;\"\u003e\u003cspan class=\"MJXp-math\" id=\"MJXp-Span-34\"\u003e\u003cspan class=\"MJXp-mn\" id=\"MJXp-Span-35\"\u003e1\u003c/span\u003e\u003c/span\u003e\u003c/span\u003e\u003cscript type=\"math/tex\" id=\"MathJax-Element-12\"\u003e1\u003c/script\u003e 台手机开始计算 \u003csamp\u003efork() \u0026amp;\u0026amp; fork()\u003c/samp\u003e。\u003c/li\u003e\n\u003cli\u003e第 \u003cspan class=\"MathJax_Preview\" style=\"color: inherit;\"\u003e\u003cspan class=\"MJXp-math\" id=\"MJXp-Span-36\"\u003e\u003cspan class=\"MJXp-mn\" id=\"MJXp-Span-37\"\u003e1\u003c/span\u003e\u003c/span\u003e\u003c/span\u003e\u003cscript type=\"math/tex\" id=\"MathJax-Element-13\"\u003e1\u003c/script\u003e 台手机开始计算 \u003csamp\u003efork()\u003c/samp\u003e，产生了第 \u003cspan class=\"MathJax_Preview\" style=\"color: inherit;\"\u003e\u003cspan class=\"MJXp-math\" id=\"MJXp-Span-38\"\u003e\u003cspan class=\"MJXp-mn\" id=\"MJXp-Span-39\"\u003e2\u003c/span\u003e\u003c/span\u003e\u003c/span\u003e\u003cscript type=\"math/tex\" id=\"MathJax-Element-14\"\u003e2\u003c/script\u003e 台手机。\u003c/li\u003e\n\u003cli\u003e第 \u003cspan class=\"MathJax_Preview\" style=\"color: inherit;\"\u003e\u003cspan class=\"MJXp-math\" id=\"MJXp-Span-40\"\u003e\u003cspan class=\"MJXp-mn\" id=\"MJXp-Span-41\"\u003e1\u003c/span\u003e\u003c/span\u003e\u003c/span\u003e\u003cscript type=\"math/tex\" id=\"MathJax-Element-15\"\u003e1\u003c/script\u003e 台和第 \u003cspan class=\"MathJax_Preview\" style=\"color: inherit;\"\u003e\u003cspan class=\"MJXp-math\" id=\"MJXp-Span-42\"\u003e\u003cspan class=\"MJXp-mn\" id=\"MJXp-Span-43\"\u003e2\u003c/span\u003e\u003c/span\u003e\u003c/span\u003e\u003cscript type=\"math/tex\" id=\"MathJax-Element-16\"\u003e2\u003c/script\u003e 台的 \u003csamp\u003efork()\u003c/samp\u003e 计算完成，第 \u003cspan class=\"MathJax_Preview\" style=\"color: inherit;\"\u003e\u003cspan class=\"MJXp-math\" id=\"MJXp-Span-44\"\u003e\u003cspan class=\"MJXp-mn\" id=\"MJXp-Span-45\"\u003e1\u003c/span\u003e\u003c/span\u003e\u003c/span\u003e\u003cscript type=\"math/tex\" id=\"MathJax-Element-17\"\u003e1\u003c/script\u003e 台返回 \u003cspan class=\"MathJax_Preview\" style=\"color: inherit;\"\u003e\u003cspan class=\"MJXp-math\" id=\"MJXp-Span-46\"\u003e\u003cspan class=\"MJXp-mn\" id=\"MJXp-Span-47\"\u003e1\u003c/span\u003e\u003c/span\u003e\u003c/span\u003e\u003cscript type=\"math/tex\" id=\"MathJax-Element-18\"\u003e1\u003c/script\u003e，第 \u003cspan class=\"MathJax_Preview\" style=\"color: inherit;\"\u003e\u003cspan class=\"MJXp-math\" id=\"MJXp-Span-48\"\u003e\u003cspan class=\"MJXp-mn\" id=\"MJXp-Span-49\"\u003e2\u003c/span\u003e\u003c/span\u003e\u003c/span\u003e\u003cscript type=\"math/tex\" id=\"MathJax-Element-19\"\u003e2\u003c/script\u003e 台返回 \u003cspan class=\"MathJax_Preview\" style=\"color: inherit;\"\u003e\u003cspan class=\"MJXp-math\" id=\"MJXp-Span-50\"\u003e\u003cspan class=\"MJXp-mn\" id=\"MJXp-Span-51\"\u003e0\u003c/span\u003e\u003c/span\u003e\u003c/span\u003e\u003cscript type=\"math/tex\" id=\"MathJax-Element-20\"\u003e0\u003c/script\u003e。\u003c/li\u003e\n\u003cli\u003e第 \u003cspan class=\"MathJax_Preview\" style=\"color: inherit;\"\u003e\u003cspan class=\"MJXp-math\" id=\"MJXp-Span-52\"\u003e\u003cspan class=\"MJXp-mn\" id=\"MJXp-Span-53\"\u003e1\u003c/span\u003e\u003c/span\u003e\u003c/span\u003e\u003cscript type=\"math/tex\" id=\"MathJax-Element-21\"\u003e1\u003c/script\u003e 台手机由于 \u003csamp\u003efork()\u003c/samp\u003e 返回值为 \u003cspan class=\"MathJax_Preview\" style=\"color: inherit;\"\u003e\u003cspan class=\"MJXp-math\" id=\"MJXp-Span-54\"\u003e\u003cspan class=\"MJXp-mn\" id=\"MJXp-Span-55\"\u003e1\u003c/span\u003e\u003c/span\u003e\u003c/span\u003e\u003cscript type=\"math/tex\" id=\"MathJax-Element-22\"\u003e1\u003c/script\u003e，开始计算 \u003csamp\u003efork() \u0026amp;\u0026amp; fork()\u003c/samp\u003e 右边的 \u003csamp\u003efork()\u003c/samp\u003e，产生了第 \u003cspan class=\"MathJax_Preview\" style=\"color: inherit;\"\u003e\u003cspan class=\"MJXp-math\" id=\"MJXp-Span-56\"\u003e\u003cspan class=\"MJXp-mn\" id=\"MJXp-Span-57\"\u003e3\u003c/span\u003e\u003c/span\u003e\u003c/span\u003e\u003cscript type=\"math/tex\" id=\"MathJax-Element-23\"\u003e3\u003c/script\u003e 台手机。\u003c/li\u003e\n\u003cli\u003e第 \u003cspan class=\"MathJax_Preview\" style=\"color: inherit;\"\u003e\u003cspan class=\"MJXp-math\" id=\"MJXp-Span-58\"\u003e\u003cspan class=\"MJXp-mn\" id=\"MJXp-Span-59\"\u003e2\u003c/span\u003e\u003c/span\u003e\u003c/span\u003e\u003cscript type=\"math/tex\" id=\"MathJax-Element-24\"\u003e2\u003c/script\u003e 台手机由于 \u003csamp\u003efork()\u003c/samp\u003e 返回值为 \u003cspan class=\"MathJax_Preview\" style=\"color: inherit;\"\u003e\u003cspan class=\"MJXp-math\" id=\"MJXp-Span-60\"\u003e\u003cspan class=\"MJXp-mn\" id=\"MJXp-Span-61\"\u003e0\u003c/span\u003e\u003c/span\u003e\u003c/span\u003e\u003cscript type=\"math/tex\" id=\"MathJax-Element-25\"\u003e0\u003c/script\u003e，于是 \u003csamp\u003efork() \u0026amp;\u0026amp; fork()\u003c/samp\u003e 值为 \u003cspan class=\"MathJax_Preview\" style=\"color: inherit;\"\u003e\u003cspan class=\"MJXp-math\" id=\"MJXp-Span-62\"\u003e\u003cspan class=\"MJXp-mn\" id=\"MJXp-Span-63\"\u003e0\u003c/span\u003e\u003c/span\u003e\u003c/span\u003e\u003cscript type=\"math/tex\" id=\"MathJax-Element-26\"\u003e0\u003c/script\u003e（跳过右边的 \u003csamp\u003efork\u003c/samp\u003e 的计算），程序结束。\u003c/li\u003e\n\u003cli\u003e第 \u003cspan class=\"MathJax_Preview\" style=\"color: inherit;\"\u003e\u003cspan class=\"MJXp-math\" id=\"MJXp-Span-64\"\u003e\u003cspan class=\"MJXp-mn\" id=\"MJXp-Span-65\"\u003e1\u003c/span\u003e\u003c/span\u003e\u003c/span\u003e\u003cscript type=\"math/tex\" id=\"MathJax-Element-27\"\u003e1\u003c/script\u003e 台和第 \u003cspan class=\"MathJax_Preview\" style=\"color: inherit;\"\u003e\u003cspan class=\"MJXp-math\" id=\"MJXp-Span-66\"\u003e\u003cspan class=\"MJXp-mn\" id=\"MJXp-Span-67\"\u003e3\u003c/span\u003e\u003c/span\u003e\u003c/span\u003e\u003cscript type=\"math/tex\" id=\"MathJax-Element-28\"\u003e3\u003c/script\u003e 台的 \u003csamp\u003efork()\u003c/samp\u003e 计算完成，第 \u003cspan class=\"MathJax_Preview\" style=\"color: inherit;\"\u003e\u003cspan class=\"MJXp-math\" id=\"MJXp-Span-68\"\u003e\u003cspan class=\"MJXp-mn\" id=\"MJXp-Span-69\"\u003e1\u003c/span\u003e\u003c/span\u003e\u003c/span\u003e\u003cscript type=\"math/tex\" id=\"MathJax-Element-29\"\u003e1\u003c/script\u003e 台返回 \u003cspan class=\"MathJax_Preview\" style=\"color: inherit;\"\u003e\u003cspan class=\"MJXp-math\" id=\"MJXp-Span-70\"\u003e\u003cspan class=\"MJXp-mn\" id=\"MJXp-Span-71\"\u003e1\u003c/span\u003e\u003c/span\u003e\u003c/span\u003e\u003cscript type=\"math/tex\" id=\"MathJax-Element-30\"\u003e1\u003c/script\u003e，第 \u003cspan class=\"MathJax_Preview\" style=\"color: inherit;\"\u003e\u003cspan class=\"MJXp-math\" id=\"MJXp-Span-72\"\u003e\u003cspan class=\"MJXp-mn\" id=\"MJXp-Span-73\"\u003e3\u003c/span\u003e\u003c/span\u003e\u003c/span\u003e\u003cscript type=\"math/tex\" id=\"MathJax-Element-31\"\u003e3\u003c/script\u003e 台返回 \u003cspan class=\"MathJax_Preview\" style=\"color: inherit;\"\u003e\u003cspan class=\"MJXp-math\" id=\"MJXp-Span-74\"\u003e\u003cspan class=\"MJXp-mn\" id=\"MJXp-Span-75\"\u003e0\u003c/span\u003e\u003c/span\u003e\u003c/span\u003e\u003cscript type=\"math/tex\" id=\"MathJax-Element-32\"\u003e0\u003c/script\u003e。\u003c/li\u003e\n\u003cli\u003e第 \u003cspan class=\"MathJax_Preview\" style=\"color: inherit;\"\u003e\u003cspan class=\"MJXp-math\" id=\"MJXp-Span-76\"\u003e\u003cspan class=\"MJXp-mn\" id=\"MJXp-Span-77\"\u003e1\u003c/span\u003e\u003c/span\u003e\u003c/span\u003e\u003cscript type=\"math/tex\" id=\"MathJax-Element-33\"\u003e1\u003c/script\u003e 台手机由于 \u003csamp\u003efork()\u003c/samp\u003e 返回值为 \u003cspan class=\"MathJax_Preview\" style=\"color: inherit;\"\u003e\u003cspan class=\"MJXp-math\" id=\"MJXp-Span-78\"\u003e\u003cspan class=\"MJXp-mn\" id=\"MJXp-Span-79\"\u003e1\u003c/span\u003e\u003c/span\u003e\u003c/span\u003e\u003cscript type=\"math/tex\" id=\"MathJax-Element-34\"\u003e1\u003c/script\u003e，于是 \u003csamp\u003efork() \u0026amp;\u0026amp; fork()\u003c/samp\u003e 值为 \u003cspan class=\"MathJax_Preview\" style=\"color: inherit;\"\u003e\u003cspan class=\"MJXp-math\" id=\"MJXp-Span-80\"\u003e\u003cspan class=\"MJXp-mn\" id=\"MJXp-Span-81\"\u003e1\u003c/span\u003e\u003c/span\u003e\u003c/span\u003e\u003cscript type=\"math/tex\" id=\"MathJax-Element-35\"\u003e1\u003c/script\u003e，程序结束。\u003c/li\u003e\n\u003cli\u003e第 \u003cspan class=\"MathJax_Preview\" style=\"color: inherit;\"\u003e\u003cspan class=\"MJXp-math\" id=\"MJXp-Span-82\"\u003e\u003cspan class=\"MJXp-mn\" id=\"MJXp-Span-83\"\u003e3\u003c/span\u003e\u003c/span\u003e\u003c/span\u003e\u003cscript type=\"math/tex\" id=\"MathJax-Element-36\"\u003e3\u003c/script\u003e 台手机由于 \u003csamp\u003efork()\u003c/samp\u003e 返回值为 \u003cspan class=\"MathJax_Preview\" style=\"color: inherit;\"\u003e\u003cspan class=\"MJXp-math\" id=\"MJXp-Span-84\"\u003e\u003cspan class=\"MJXp-mn\" id=\"MJXp-Span-85\"\u003e0\u003c/span\u003e\u003c/span\u003e\u003c/span\u003e\u003cscript type=\"math/tex\" id=\"MathJax-Element-37\"\u003e0\u003c/script\u003e，于是 \u003csamp\u003efork() \u0026amp;\u0026amp; fork()\u003c/samp\u003e 值为 \u003cspan class=\"MathJax_Preview\" style=\"color: inherit;\"\u003e\u003cspan class=\"MJXp-math\" id=\"MJXp-Span-86\"\u003e\u003cspan class=\"MJXp-mn\" id=\"MJXp-Span-87\"\u003e0\u003c/span\u003e\u003c/span\u003e\u003c/span\u003e\u003cscript type=\"math/tex\" id=\"MathJax-Element-38\"\u003e0\u003c/script\u003e，程序结束。\u003c/li\u003e\n\u003c/ol\u003e",
      "misc": ""
    },
    {
      "title": "样例二",
      "input": "\u003cpre\u003e6\n\u0026amp;\u0026amp; || \u0026amp;\u0026amp; \u0026amp;\u0026amp; ||\n\n\u003c/pre\u003e",
      "output": "\u003cpre\u003e15\n\n\u003c/pre\u003e",
      "explanation": "",
      "misc": ""
    }
  ],
  "tags": [
    "UOJ",
    "UER #2"
  ],
  "rules": {
    "runtime": "1000000000",
    "memory": "268435456",
    "stack": "268435456",
    "source": "51200"
  },
  "meta": {
    "created": "2021-04-09T21:31:55.833312414+08:00",
    "updated": "2021-04-09T21:31:55.833312414+08:00",
    "checked": "2021-04-09T21:31:55.833312414+08:00"
  },
  "misc": ""
}
