{
  "id": "114",
  "title": "信息的交换",
  "type": "traditional",
  "sections": [
    {
      "title": "",
      "content": "\u003cp\u003e由于电信技术的发展，信息的交换变得十分方便。\u003c/p\u003e\u003cp\u003e现在有 \u003cspan class=\"MathJax_Preview\" style=\"color: inherit;\"\u003e\u003cspan class=\"MJXp-math\" id=\"MJXp-Span-1\"\u003e\u003cspan class=\"MJXp-mi MJXp-italic\" id=\"MJXp-Span-2\"\u003en\u003c/span\u003e\u003c/span\u003e\u003c/span\u003e\u003cscript type=\"math/tex\" id=\"MathJax-Element-1\"\u003en\u003c/script\u003e 个人，依次编号为 \u003cspan class=\"MathJax_Preview\" style=\"color: inherit;\"\u003e\u003cspan class=\"MJXp-math\" id=\"MJXp-Span-3\"\u003e\u003cspan class=\"MJXp-mn\" id=\"MJXp-Span-4\"\u003e1\u003c/span\u003e\u003cspan class=\"MJXp-mo\" id=\"MJXp-Span-5\" style=\"margin-left: 0em; margin-right: 0.222em;\"\u003e,\u003c/span\u003e\u003cspan class=\"MJXp-mo\" id=\"MJXp-Span-6\" style=\"margin-left: 0em; margin-right: 0em;\"\u003e…\u003c/span\u003e\u003cspan class=\"MJXp-mo\" id=\"MJXp-Span-7\" style=\"margin-left: 0em; margin-right: 0.222em;\"\u003e,\u003c/span\u003e\u003cspan class=\"MJXp-mi MJXp-italic\" id=\"MJXp-Span-8\"\u003en\u003c/span\u003e\u003c/span\u003e\u003c/span\u003e\u003cscript type=\"math/tex\" id=\"MathJax-Element-2\"\u003e1, \\dots, n\u003c/script\u003e。初始时第 \u003cspan class=\"MathJax_Preview\" style=\"color: inherit;\"\u003e\u003cspan class=\"MJXp-math\" id=\"MJXp-Span-9\"\u003e\u003cspan class=\"MJXp-mi MJXp-italic\" id=\"MJXp-Span-10\"\u003ei\u003c/span\u003e\u003c/span\u003e\u003c/span\u003e\u003cscript type=\"math/tex\" id=\"MathJax-Element-3\"\u003ei\u003c/script\u003e 个人手机里存储着编号为 \u003cspan class=\"MathJax_Preview\" style=\"color: inherit;\"\u003e\u003cspan class=\"MJXp-math\" id=\"MJXp-Span-11\"\u003e\u003cspan class=\"MJXp-mi MJXp-italic\" id=\"MJXp-Span-12\"\u003ei\u003c/span\u003e\u003c/span\u003e\u003c/span\u003e\u003cscript type=\"math/tex\" id=\"MathJax-Element-4\"\u003ei\u003c/script\u003e 的气泡熊表情。由于对自己的表情并不十分满意，他们计划进行一次大交换。\u003c/p\u003e\u003cp\u003e这 \u003cspan class=\"MathJax_Preview\" style=\"color: inherit;\"\u003e\u003cspan class=\"MJXp-math\" id=\"MJXp-Span-13\"\u003e\u003cspan class=\"MJXp-mi MJXp-italic\" id=\"MJXp-Span-14\"\u003en\u003c/span\u003e\u003c/span\u003e\u003c/span\u003e\u003cscript type=\"math/tex\" id=\"MathJax-Element-5\"\u003en\u003c/script\u003e 个人中有一些朋友关系，可以抽象为一个简单无向图 \u003cspan class=\"MathJax_Preview\" style=\"color: inherit;\"\u003e\u003cspan class=\"MJXp-math\" id=\"MJXp-Span-15\"\u003e\u003cspan class=\"MJXp-mi MJXp-italic\" id=\"MJXp-Span-16\"\u003eG\u003c/span\u003e\u003c/span\u003e\u003c/span\u003e\u003cscript type=\"math/tex\" id=\"MathJax-Element-6\"\u003eG\u003c/script\u003e。简单无向图即无重边无自环的无向图。\u003c/p\u003e\u003cp\u003e每个人有三种状态：不满，激动，满意。初始时均为不满。\u003c/p\u003e\u003cp\u003e有一个神秘人，操纵他们按如下方式行动：\u003c/p\u003e\u003cpre class=\"sh_sourceCode\"\u003e\u003ccode class=\"sh_php\"\u003e\u003cspan class=\"sh_keyword\"\u003efunction\u003c/span\u003e \u003cspan class=\"sh_function\"\u003edfs\u003c/span\u003e\u003cspan class=\"sh_symbol\"\u003e(\u003c/span\u003ev\u003cspan class=\"sh_symbol\"\u003e):\u003c/span\u003e\n    v 变为激动状态\n    \u003cspan class=\"sh_keyword\"\u003efor\u003c/span\u003e u \u003cspan class=\"sh_symbol\"\u003e=\u003c/span\u003e \u003cspan class=\"sh_number\"\u003e1\u003c/span\u003e\u003cspan class=\"sh_symbol\"\u003e,\u003c/span\u003e \u003cspan class=\"sh_symbol\"\u003e...,\u003c/span\u003e n\u003cspan class=\"sh_symbol\"\u003e:\u003c/span\u003e\n        \u003cspan class=\"sh_keyword\"\u003eif\u003c/span\u003e v 和 u 是朋友 \u003cspan class=\"sh_keyword\"\u003eand\u003c/span\u003e u 处于不满状态\u003cspan class=\"sh_symbol\"\u003e:\u003c/span\u003e\n            交换 v 和 u 的手机中的气泡熊表情\n            \u003cspan class=\"sh_function\"\u003edfs\u003c/span\u003e\u003cspan class=\"sh_symbol\"\u003e(\u003c/span\u003eu\u003cspan class=\"sh_symbol\"\u003e)\u003c/span\u003e\n    v 变为满意状态\n\n\u003cspan class=\"sh_keyword\"\u003efor\u003c/span\u003e v \u003cspan class=\"sh_symbol\"\u003e=\u003c/span\u003e \u003cspan class=\"sh_number\"\u003e1\u003c/span\u003e\u003cspan class=\"sh_symbol\"\u003e,\u003c/span\u003e \u003cspan class=\"sh_symbol\"\u003e...,\u003c/span\u003e n\u003cspan class=\"sh_symbol\"\u003e:\u003c/span\u003e\n    \u003cspan class=\"sh_keyword\"\u003eif\u003c/span\u003e v 处于不满状态\u003cspan class=\"sh_symbol\"\u003e:\u003c/span\u003e\n        \u003cspan class=\"sh_function\"\u003edfs\u003c/span\u003e\u003cspan class=\"sh_symbol\"\u003e(\u003c/span\u003ev\u003cspan class=\"sh_symbol\"\u003e)\u003c/span\u003e\u003c/code\u003e\u003c/pre\u003e\u003cp\u003e一万万年后，一位考古学家调查了最终每个手机中存储的气泡熊表情的编号，想要复原出朋友关系图 \u003cspan class=\"MathJax_Preview\" style=\"color: inherit;\"\u003e\u003cspan class=\"MJXp-math\" id=\"MJXp-Span-17\"\u003e\u003cspan class=\"MJXp-mi MJXp-italic\" id=\"MJXp-Span-18\"\u003eG\u003c/span\u003e\u003c/span\u003e\u003c/span\u003e\u003cscript type=\"math/tex\" id=\"MathJax-Element-7\"\u003eG\u003c/script\u003e。然而这几乎是不可能的，所以他想知道有多少种可能的 \u003cspan class=\"MathJax_Preview\" style=\"color: inherit;\"\u003e\u003cspan class=\"MJXp-math\" id=\"MJXp-Span-19\"\u003e\u003cspan class=\"MJXp-mi MJXp-italic\" id=\"MJXp-Span-20\"\u003eG\u003c/span\u003e\u003c/span\u003e\u003c/span\u003e\u003cscript type=\"math/tex\" id=\"MathJax-Element-8\"\u003eG\u003c/script\u003e。\u003c/p\u003e",
      "misc": ""
    },
    {
      "title": "输入格式",
      "content": "\u003cp\u003e第一行一个正整数 \u003cspan class=\"MathJax_Preview\" style=\"color: inherit;\"\u003e\u003cspan class=\"MJXp-math\" id=\"MJXp-Span-21\"\u003e\u003cspan class=\"MJXp-mi MJXp-italic\" id=\"MJXp-Span-22\"\u003en\u003c/span\u003e\u003c/span\u003e\u003c/span\u003e\u003cscript type=\"math/tex\" id=\"MathJax-Element-9\"\u003en\u003c/script\u003e。\u003c/p\u003e\u003cp\u003e第二行包含 \u003cspan class=\"MathJax_Preview\" style=\"color: inherit;\"\u003e\u003cspan class=\"MJXp-math\" id=\"MJXp-Span-23\"\u003e\u003cspan class=\"MJXp-mi MJXp-italic\" id=\"MJXp-Span-24\"\u003en\u003c/span\u003e\u003c/span\u003e\u003c/span\u003e\u003cscript type=\"math/tex\" id=\"MathJax-Element-10\"\u003en\u003c/script\u003e 个整数 \u003cspan class=\"MathJax_Preview\" style=\"color: inherit;\"\u003e\u003cspan class=\"MJXp-math\" id=\"MJXp-Span-25\"\u003e\u003cspan class=\"MJXp-msubsup\" id=\"MJXp-Span-26\"\u003e\u003cspan class=\"MJXp-mi MJXp-italic\" id=\"MJXp-Span-27\" style=\"margin-right: 0.05em;\"\u003ea\u003c/span\u003e\u003cspan class=\"MJXp-mn MJXp-script\" id=\"MJXp-Span-28\" style=\"vertical-align: -0.4em;\"\u003e1\u003c/span\u003e\u003c/span\u003e\u003cspan class=\"MJXp-mo\" id=\"MJXp-Span-29\" style=\"margin-left: 0em; margin-right: 0.222em;\"\u003e,\u003c/span\u003e\u003cspan class=\"MJXp-mo\" id=\"MJXp-Span-30\" style=\"margin-left: 0em; margin-right: 0em;\"\u003e…\u003c/span\u003e\u003cspan class=\"MJXp-mo\" id=\"MJXp-Span-31\" style=\"margin-left: 0em; margin-right: 0.222em;\"\u003e,\u003c/span\u003e\u003cspan class=\"MJXp-msubsup\" id=\"MJXp-Span-32\"\u003e\u003cspan class=\"MJXp-mi MJXp-italic\" id=\"MJXp-Span-33\" style=\"margin-right: 0.05em;\"\u003ea\u003c/span\u003e\u003cspan class=\"MJXp-mi MJXp-italic MJXp-script\" id=\"MJXp-Span-34\" style=\"vertical-align: -0.4em;\"\u003en\u003c/span\u003e\u003c/span\u003e\u003c/span\u003e\u003c/span\u003e\u003cscript type=\"math/tex\" id=\"MathJax-Element-11\"\u003ea_1, \\dots, a_n\u003c/script\u003e，表示最终第 \u003cspan class=\"MathJax_Preview\" style=\"color: inherit;\"\u003e\u003cspan class=\"MJXp-math\" id=\"MJXp-Span-35\"\u003e\u003cspan class=\"MJXp-mi MJXp-italic\" id=\"MJXp-Span-36\"\u003ei\u003c/span\u003e\u003c/span\u003e\u003c/span\u003e\u003cscript type=\"math/tex\" id=\"MathJax-Element-12\"\u003ei\u003c/script\u003e 个人的手机上存储的气泡熊表情编号。保证 \u003cspan class=\"MathJax_Preview\" style=\"color: inherit;\"\u003e\u003cspan class=\"MJXp-math\" id=\"MJXp-Span-37\"\u003e\u003cspan class=\"MJXp-msubsup\" id=\"MJXp-Span-38\"\u003e\u003cspan class=\"MJXp-mi MJXp-italic\" id=\"MJXp-Span-39\" style=\"margin-right: 0.05em;\"\u003ea\u003c/span\u003e\u003cspan class=\"MJXp-mn MJXp-script\" id=\"MJXp-Span-40\" style=\"vertical-align: -0.4em;\"\u003e1\u003c/span\u003e\u003c/span\u003e\u003cspan class=\"MJXp-mo\" id=\"MJXp-Span-41\" style=\"margin-left: 0em; margin-right: 0.222em;\"\u003e,\u003c/span\u003e\u003cspan class=\"MJXp-mo\" id=\"MJXp-Span-42\" style=\"margin-left: 0em; margin-right: 0em;\"\u003e…\u003c/span\u003e\u003cspan class=\"MJXp-mo\" id=\"MJXp-Span-43\" style=\"margin-left: 0em; margin-right: 0.222em;\"\u003e,\u003c/span\u003e\u003cspan class=\"MJXp-msubsup\" id=\"MJXp-Span-44\"\u003e\u003cspan class=\"MJXp-mi MJXp-italic\" id=\"MJXp-Span-45\" style=\"margin-right: 0.05em;\"\u003ea\u003c/span\u003e\u003cspan class=\"MJXp-mi MJXp-italic MJXp-script\" id=\"MJXp-Span-46\" style=\"vertical-align: -0.4em;\"\u003en\u003c/span\u003e\u003c/span\u003e\u003c/span\u003e\u003c/span\u003e\u003cscript type=\"math/tex\" id=\"MathJax-Element-13\"\u003ea_1, \\dots, a_n\u003c/script\u003e 是一个 \u003cspan class=\"MathJax_Preview\" style=\"color: inherit;\"\u003e\u003cspan class=\"MJXp-math\" id=\"MJXp-Span-47\"\u003e\u003cspan class=\"MJXp-mn\" id=\"MJXp-Span-48\"\u003e1\u003c/span\u003e\u003c/span\u003e\u003c/span\u003e\u003cscript type=\"math/tex\" id=\"MathJax-Element-14\"\u003e1\u003c/script\u003e 到 \u003cspan class=\"MathJax_Preview\" style=\"color: inherit;\"\u003e\u003cspan class=\"MJXp-math\" id=\"MJXp-Span-49\"\u003e\u003cspan class=\"MJXp-mi MJXp-italic\" id=\"MJXp-Span-50\"\u003en\u003c/span\u003e\u003c/span\u003e\u003c/span\u003e\u003cscript type=\"math/tex\" id=\"MathJax-Element-15\"\u003en\u003c/script\u003e 的排列。\u003c/p\u003e",
      "misc": ""
    },
    {
      "title": "输出格式",
      "content": "\u003cp\u003e一行，一个整数表示 \u003cspan class=\"MathJax_Preview\" style=\"color: inherit;\"\u003e\u003cspan class=\"MJXp-math\" id=\"MJXp-Span-51\"\u003e\u003cspan class=\"MJXp-mi MJXp-italic\" id=\"MJXp-Span-52\"\u003eG\u003c/span\u003e\u003c/span\u003e\u003c/span\u003e\u003cscript type=\"math/tex\" id=\"MathJax-Element-16\"\u003eG\u003c/script\u003e 的数量，你只用输出答案对 \u003cspan class=\"MathJax_Preview\" style=\"color: inherit;\"\u003e\u003cspan class=\"MJXp-math\" id=\"MJXp-Span-53\"\u003e\u003cspan class=\"MJXp-mn\" id=\"MJXp-Span-54\"\u003e998244353\u003c/span\u003e\u003c/span\u003e\u003c/span\u003e\u003cscript type=\"math/tex\" id=\"MathJax-Element-17\"\u003e998244353\u003c/script\u003e（\u003cspan class=\"MathJax_Preview\" style=\"color: inherit;\"\u003e\u003cspan class=\"MJXp-math\" id=\"MJXp-Span-55\"\u003e\u003cspan class=\"MJXp-mn\" id=\"MJXp-Span-56\"\u003e7\u003c/span\u003e\u003cspan class=\"MJXp-mo\" id=\"MJXp-Span-57\" style=\"margin-left: 0.267em; margin-right: 0.267em;\"\u003e×\u003c/span\u003e\u003cspan class=\"MJXp-mn\" id=\"MJXp-Span-58\"\u003e17\u003c/span\u003e\u003cspan class=\"MJXp-mo\" id=\"MJXp-Span-59\" style=\"margin-left: 0.267em; margin-right: 0.267em;\"\u003e×\u003c/span\u003e\u003cspan class=\"MJXp-msubsup\" id=\"MJXp-Span-60\"\u003e\u003cspan class=\"MJXp-mn\" id=\"MJXp-Span-61\" style=\"margin-right: 0.05em;\"\u003e2\u003c/span\u003e\u003cspan class=\"MJXp-mrow MJXp-script\" id=\"MJXp-Span-62\" style=\"vertical-align: 0.5em;\"\u003e\u003cspan class=\"MJXp-mn\" id=\"MJXp-Span-63\"\u003e23\u003c/span\u003e\u003c/span\u003e\u003c/span\u003e\u003cspan class=\"MJXp-mo\" id=\"MJXp-Span-64\" style=\"margin-left: 0.267em; margin-right: 0.267em;\"\u003e+\u003c/span\u003e\u003cspan class=\"MJXp-mn\" id=\"MJXp-Span-65\"\u003e1\u003c/span\u003e\u003c/span\u003e\u003c/span\u003e\u003cscript type=\"math/tex\" id=\"MathJax-Element-18\"\u003e7 \\times 17 \\times 2^{23} + 1\u003c/script\u003e，一个质数）取模后的结果。\u003c/p\u003e",
      "misc": ""
    },
    {
      "title": "限制与约定",
      "content": "\u003cdiv class=\"table-responsive\"\u003e\n\u003ctable class=\"table table-bordered table-text-center table-vertical-middle\"\u003e\u003cthead\u003e\u003ctr\u003e\u003cth\u003e测试点编号\u003c/th\u003e\n\u003cth\u003e\u003cspan class=\"MathJax_Preview\" style=\"color: inherit;\"\u003e\u003cspan class=\"MJXp-math\" id=\"MJXp-Span-66\"\u003e\u003cspan class=\"MJXp-mi MJXp-italic\" id=\"MJXp-Span-67\"\u003en\u003c/span\u003e\u003c/span\u003e\u003c/span\u003e\u003cscript type=\"math/tex\" id=\"MathJax-Element-19\"\u003en\u003c/script\u003e的规模\u003c/th\u003e\n\u003c/tr\u003e\u003c/thead\u003e\u003ctbody\u003e\u003ctr\u003e\u003ctd\u003e1\u003c/td\u003e\u003ctd\u003e\u003cspan class=\"MathJax_Preview\" style=\"color: inherit;\"\u003e\u003cspan class=\"MJXp-math\" id=\"MJXp-Span-68\"\u003e\u003cspan class=\"MJXp-mi MJXp-italic\" id=\"MJXp-Span-69\"\u003en\u003c/span\u003e\u003cspan class=\"MJXp-mo\" id=\"MJXp-Span-70\" style=\"margin-left: 0.333em; margin-right: 0.333em;\"\u003e≤\u003c/span\u003e\u003cspan class=\"MJXp-mn\" id=\"MJXp-Span-71\"\u003e6\u003c/span\u003e\u003c/span\u003e\u003c/span\u003e\u003cscript type=\"math/tex\" id=\"MathJax-Element-20\"\u003en \\leq 6\u003c/script\u003e\u003c/td\u003e\u003c/tr\u003e\u003ctr\u003e\u003ctd\u003e2\u003c/td\u003e\u003ctd rowspan=\"2\"\u003e\u003cspan class=\"MathJax_Preview\" style=\"color: inherit;\"\u003e\u003cspan class=\"MJXp-math\" id=\"MJXp-Span-72\"\u003e\u003cspan class=\"MJXp-mi MJXp-italic\" id=\"MJXp-Span-73\"\u003en\u003c/span\u003e\u003cspan class=\"MJXp-mo\" id=\"MJXp-Span-74\" style=\"margin-left: 0.333em; margin-right: 0.333em;\"\u003e≤\u003c/span\u003e\u003cspan class=\"MJXp-mn\" id=\"MJXp-Span-75\"\u003e9\u003c/span\u003e\u003c/span\u003e\u003c/span\u003e\u003cscript type=\"math/tex\" id=\"MathJax-Element-21\"\u003en \\leq 9\u003c/script\u003e\u003c/td\u003e\u003c/tr\u003e\u003ctr\u003e\u003ctd\u003e3\u003c/td\u003e\u003c/tr\u003e\u003ctr\u003e\u003ctd\u003e4\u003c/td\u003e\u003ctd rowspan=\"4\"\u003e\u003cspan class=\"MathJax_Preview\" style=\"color: inherit;\"\u003e\u003cspan class=\"MJXp-math\" id=\"MJXp-Span-76\"\u003e\u003cspan class=\"MJXp-mi MJXp-italic\" id=\"MJXp-Span-77\"\u003en\u003c/span\u003e\u003cspan class=\"MJXp-mo\" id=\"MJXp-Span-78\" style=\"margin-left: 0.333em; margin-right: 0.333em;\"\u003e≤\u003c/span\u003e\u003cspan class=\"MJXp-mn\" id=\"MJXp-Span-79\"\u003e50\u003c/span\u003e\u003c/span\u003e\u003c/span\u003e\u003cscript type=\"math/tex\" id=\"MathJax-Element-22\"\u003en \\leq 50\u003c/script\u003e\u003c/td\u003e\u003c/tr\u003e\u003ctr\u003e\u003ctd\u003e5\u003c/td\u003e\u003c/tr\u003e\u003ctr\u003e\u003ctd\u003e6\u003c/td\u003e\u003c/tr\u003e\u003ctr\u003e\u003ctd\u003e7\u003c/td\u003e\u003c/tr\u003e\u003ctr\u003e\u003ctd\u003e8\u003c/td\u003e\u003ctd rowspan=\"3\"\u003e\u003cspan class=\"MathJax_Preview\" style=\"color: inherit;\"\u003e\u003cspan class=\"MJXp-math\" id=\"MJXp-Span-80\"\u003e\u003cspan class=\"MJXp-mi MJXp-italic\" id=\"MJXp-Span-81\"\u003en\u003c/span\u003e\u003cspan class=\"MJXp-mo\" id=\"MJXp-Span-82\" style=\"margin-left: 0.333em; margin-right: 0.333em;\"\u003e≤\u003c/span\u003e\u003cspan class=\"MJXp-mn\" id=\"MJXp-Span-83\"\u003e500\u003c/span\u003e\u003c/span\u003e\u003c/span\u003e\u003cscript type=\"math/tex\" id=\"MathJax-Element-23\"\u003en \\leq 500\u003c/script\u003e\u003c/td\u003e\u003c/tr\u003e\u003ctr\u003e\u003ctd\u003e9\u003c/td\u003e\u003c/tr\u003e\u003ctr\u003e\u003ctd\u003e10\u003c/td\u003e\u003c/tr\u003e\u003c/tbody\u003e\u003c/table\u003e\u003c/div\u003e",
      "misc": ""
    },
    {
      "title": "下载",
      "content": "\u003cp\u003e\u003ca href=\"/download.php?type=problem\u0026amp;id=114\"\u003e样例数据下载\u003c/a\u003e\u003c/p\u003e",
      "misc": ""
    }
  ],
  "samples": [
    {
      "title": "样例一",
      "input": "\u003cpre\u003e3\n2 3 1\n\n\u003c/pre\u003e",
      "output": "\u003cpre\u003e2\n\n\u003c/pre\u003e",
      "explanation": "\u003cp\u003e共以下两种：\u003c/p\u003e\u003cp\u003e\u003cimg class=\"img-responsive center-block\" src=\"//img.uoj.ac/problem/114/sample.png\" alt=\"样例解释图\"\u003e\u003c/p\u003e",
      "misc": ""
    },
    {
      "title": "样例二",
      "input": "\u003cpre\u003e9\n7 2 9 1 3 8 6 5 4\n\n\u003c/pre\u003e",
      "output": "\u003cpre\u003e3528\n\n\u003c/pre\u003e",
      "explanation": "",
      "misc": ""
    },
    {
      "title": "样例三",
      "input": "",
      "output": "",
      "explanation": "",
      "misc": "\u003cp\u003e见样例数据下载。\u003c/p\u003e"
    }
  ],
  "tags": [
    "UOJ",
    "UER #2"
  ],
  "rules": {
    "runtime": "1000000000",
    "memory": "268435456",
    "stack": "268435456",
    "source": "51200"
  },
  "meta": {
    "created": "2021-04-09T21:31:57.791615872+08:00",
    "updated": "2021-04-09T21:31:57.791615872+08:00",
    "checked": "2021-04-09T21:31:57.791615872+08:00"
  },
  "misc": ""
}
