{
  "id": "122",
  "title": "树的计数",
  "type": "traditional",
  "sections": [
    {
      "title": "",
      "content": "\u003cp\u003e我们知道一棵有根树可以进行深度优先遍历（DFS）以及广度优先遍历（BFS）来生成这棵树的 DFS 序以及 BFS 序。两棵不同的树的 DFS 序有可能相同，并且它们的 BFS 序也有可能相同，例如下面两棵树的 DFS 序都是 1 2 4 5 3，BFS 序都是 1 2 3 4 5。\u003c/p\u003e\u003cp\u003e\u003cimg src=\"//img.uoj.ac/problem/122/1.png\" alt=\"两棵树\" class=\"img-responsive center-block\"\u003e\u003c/p\u003e\u003cp\u003e现给定一个 DFS 序和 BFS 序，我们想要知道，符合条件的有根树中，树的高度的平均值。即，假如共有 \u003cspan class=\"MathJax_Preview\" style=\"color: inherit;\"\u003e\u003cspan class=\"MJXp-math\" id=\"MJXp-Span-1\"\u003e\u003cspan class=\"MJXp-mi MJXp-italic\" id=\"MJXp-Span-2\"\u003eK\u003c/span\u003e\u003c/span\u003e\u003c/span\u003e\u003cscript type=\"math/tex\" id=\"MathJax-Element-1\"\u003eK\u003c/script\u003e 棵不同的有根树具有这组 DFS 序和 BFS 序，且他们的高度分别是 \u003cspan class=\"MathJax_Preview\" style=\"color: inherit;\"\u003e\u003cspan class=\"MJXp-math\" id=\"MJXp-Span-3\"\u003e\u003cspan class=\"MJXp-msubsup\" id=\"MJXp-Span-4\"\u003e\u003cspan class=\"MJXp-mi MJXp-italic\" id=\"MJXp-Span-5\" style=\"margin-right: 0.05em;\"\u003eh\u003c/span\u003e\u003cspan class=\"MJXp-mn MJXp-script\" id=\"MJXp-Span-6\" style=\"vertical-align: -0.4em;\"\u003e1\u003c/span\u003e\u003c/span\u003e\u003cspan class=\"MJXp-mo\" id=\"MJXp-Span-7\" style=\"margin-left: 0em; margin-right: 0.222em;\"\u003e,\u003c/span\u003e\u003cspan class=\"MJXp-msubsup\" id=\"MJXp-Span-8\"\u003e\u003cspan class=\"MJXp-mi MJXp-italic\" id=\"MJXp-Span-9\" style=\"margin-right: 0.05em;\"\u003eh\u003c/span\u003e\u003cspan class=\"MJXp-mn MJXp-script\" id=\"MJXp-Span-10\" style=\"vertical-align: -0.4em;\"\u003e2\u003c/span\u003e\u003c/span\u003e\u003cspan class=\"MJXp-mo\" id=\"MJXp-Span-11\" style=\"margin-left: 0em; margin-right: 0.222em;\"\u003e,\u003c/span\u003e\u003cspan class=\"MJXp-mo\" id=\"MJXp-Span-12\" style=\"margin-left: 0em; margin-right: 0em;\"\u003e…\u003c/span\u003e\u003cspan class=\"MJXp-mo\" id=\"MJXp-Span-13\" style=\"margin-left: 0em; margin-right: 0.222em;\"\u003e,\u003c/span\u003e\u003cspan class=\"MJXp-msubsup\" id=\"MJXp-Span-14\"\u003e\u003cspan class=\"MJXp-mi MJXp-italic\" id=\"MJXp-Span-15\" style=\"margin-right: 0.05em;\"\u003eh\u003c/span\u003e\u003cspan class=\"MJXp-mi MJXp-italic MJXp-script\" id=\"MJXp-Span-16\" style=\"vertical-align: -0.4em;\"\u003eK\u003c/span\u003e\u003c/span\u003e\u003c/span\u003e\u003c/span\u003e\u003cscript type=\"math/tex\" id=\"MathJax-Element-2\"\u003eh_1,h_2, \\dots ,h_K\u003c/script\u003e，那么请你输出：\u003c/p\u003e\u003cp\u003e\u003cspan class=\"MathJax_Preview\" style=\"color: inherit;\"\u003e\u003cspan class=\"MJXp-math MJXp-display\" id=\"MJXp-Span-17\"\u003e\u003cspan class=\"MJXp-mfrac\" id=\"MJXp-Span-18\" style=\"vertical-align: 0.25em;\"\u003e\u003cspan class=\"MJXp-box\"\u003e\u003cspan class=\"MJXp-msubsup\" id=\"MJXp-Span-19\"\u003e\u003cspan class=\"MJXp-mi MJXp-italic\" id=\"MJXp-Span-20\" style=\"margin-right: 0.05em;\"\u003eh\u003c/span\u003e\u003cspan class=\"MJXp-mn MJXp-script\" id=\"MJXp-Span-21\" style=\"vertical-align: -0.4em;\"\u003e1\u003c/span\u003e\u003c/span\u003e\u003cspan class=\"MJXp-mo\" id=\"MJXp-Span-22\" style=\"margin-left: 0.267em; margin-right: 0.267em;\"\u003e+\u003c/span\u003e\u003cspan class=\"MJXp-msubsup\" id=\"MJXp-Span-23\"\u003e\u003cspan class=\"MJXp-mi MJXp-italic\" id=\"MJXp-Span-24\" style=\"margin-right: 0.05em;\"\u003eh\u003c/span\u003e\u003cspan class=\"MJXp-mn MJXp-script\" id=\"MJXp-Span-25\" style=\"vertical-align: -0.4em;\"\u003e2\u003c/span\u003e\u003c/span\u003e\u003cspan class=\"MJXp-mo\" id=\"MJXp-Span-26\" style=\"margin-left: 0.267em; margin-right: 0.267em;\"\u003e+\u003c/span\u003e\u003cspan class=\"MJXp-mo\" id=\"MJXp-Span-27\" style=\"margin-left: 0em; margin-right: 0em;\"\u003e⋯\u003c/span\u003e\u003cspan class=\"MJXp-mo\" id=\"MJXp-Span-28\" style=\"margin-left: 0.267em; margin-right: 0.267em;\"\u003e+\u003c/span\u003e\u003cspan class=\"MJXp-msubsup\" id=\"MJXp-Span-29\"\u003e\u003cspan class=\"MJXp-mi MJXp-italic\" id=\"MJXp-Span-30\" style=\"margin-right: 0.05em;\"\u003eh\u003c/span\u003e\u003cspan class=\"MJXp-mi MJXp-italic MJXp-script\" id=\"MJXp-Span-31\" style=\"vertical-align: -0.4em;\"\u003eK\u003c/span\u003e\u003c/span\u003e\u003c/span\u003e\u003cspan class=\"MJXp-box\" style=\"margin-top: -0.9em;\"\u003e\u003cspan class=\"MJXp-denom\"\u003e\u003cspan\u003e\u003cspan class=\"MJXp-rule\" style=\"height: 1em; border-top: none; border-bottom: 1px solid; margin: 0.1em 0px;\"\u003e\u003c/span\u003e\u003c/span\u003e\u003cspan\u003e\u003cspan class=\"MJXp-box\"\u003e\u003cspan class=\"MJXp-mi MJXp-italic\" id=\"MJXp-Span-32\"\u003eK\u003c/span\u003e\u003c/span\u003e\u003c/span\u003e\u003c/span\u003e\u003c/span\u003e\u003c/span\u003e\u003c/span\u003e\u003c/span\u003e\u003cscript type=\"math/tex; mode=display\" id=\"MathJax-Element-3\"\u003e\\begin{equation}\n\\frac{h_1 + h_2 + \\dots + h_K}{K}\n\\end{equation}\u003c/script\u003e\u003c/p\u003e",
      "misc": ""
    },
    {
      "title": "输入格式",
      "content": "\u003cp\u003e第一行包含 \u003cspan class=\"MathJax_Preview\" style=\"color: inherit;\"\u003e\u003cspan class=\"MJXp-math\" id=\"MJXp-Span-33\"\u003e\u003cspan class=\"MJXp-mn\" id=\"MJXp-Span-34\"\u003e1\u003c/span\u003e\u003c/span\u003e\u003c/span\u003e\u003cscript type=\"math/tex\" id=\"MathJax-Element-4\"\u003e1\u003c/script\u003e 个正整数 \u003cspan class=\"MathJax_Preview\" style=\"color: inherit;\"\u003e\u003cspan class=\"MJXp-math\" id=\"MJXp-Span-35\"\u003e\u003cspan class=\"MJXp-mi MJXp-italic\" id=\"MJXp-Span-36\"\u003en\u003c/span\u003e\u003c/span\u003e\u003c/span\u003e\u003cscript type=\"math/tex\" id=\"MathJax-Element-5\"\u003en\u003c/script\u003e，表示树的节点个数。 \u003c/p\u003e\u003cp\u003e第二行包含 \u003cspan class=\"MathJax_Preview\" style=\"color: inherit;\"\u003e\u003cspan class=\"MJXp-math\" id=\"MJXp-Span-37\"\u003e\u003cspan class=\"MJXp-mi MJXp-italic\" id=\"MJXp-Span-38\"\u003en\u003c/span\u003e\u003c/span\u003e\u003c/span\u003e\u003cscript type=\"math/tex\" id=\"MathJax-Element-6\"\u003en\u003c/script\u003e 个正整数，是一个 \u003cspan class=\"MathJax_Preview\" style=\"color: inherit;\"\u003e\u003cspan class=\"MJXp-math\" id=\"MJXp-Span-39\"\u003e\u003cspan class=\"MJXp-mn\" id=\"MJXp-Span-40\"\u003e1\u003c/span\u003e\u003cspan class=\"MJXp-mo\" id=\"MJXp-Span-41\" style=\"margin-left: 0.333em; margin-right: 0.333em;\"\u003e∼\u003c/span\u003e\u003cspan class=\"MJXp-mi MJXp-italic\" id=\"MJXp-Span-42\"\u003en\u003c/span\u003e\u003c/span\u003e\u003c/span\u003e\u003cscript type=\"math/tex\" id=\"MathJax-Element-7\"\u003e1 \\sim n\u003c/script\u003e 的排列，表示树的 DFS 序。\u003c/p\u003e\u003cp\u003e第三行包含 \u003cspan class=\"MathJax_Preview\" style=\"color: inherit;\"\u003e\u003cspan class=\"MJXp-math\" id=\"MJXp-Span-43\"\u003e\u003cspan class=\"MJXp-mi MJXp-italic\" id=\"MJXp-Span-44\"\u003en\u003c/span\u003e\u003c/span\u003e\u003c/span\u003e\u003cscript type=\"math/tex\" id=\"MathJax-Element-8\"\u003en\u003c/script\u003e 个正整数，是一个 \u003cspan class=\"MathJax_Preview\" style=\"color: inherit;\"\u003e\u003cspan class=\"MJXp-math\" id=\"MJXp-Span-45\"\u003e\u003cspan class=\"MJXp-mn\" id=\"MJXp-Span-46\"\u003e1\u003c/span\u003e\u003cspan class=\"MJXp-mo\" id=\"MJXp-Span-47\" style=\"margin-left: 0.333em; margin-right: 0.333em;\"\u003e∼\u003c/span\u003e\u003cspan class=\"MJXp-mi MJXp-italic\" id=\"MJXp-Span-48\"\u003en\u003c/span\u003e\u003c/span\u003e\u003c/span\u003e\u003cscript type=\"math/tex\" id=\"MathJax-Element-9\"\u003e1 \\sim n\u003c/script\u003e 的排列，表示树的 BFS 序。 \u003c/p\u003e\u003cp\u003e输入保证至少存在一棵树符合给定的两个序列。\u003c/p\u003e",
      "misc": ""
    },
    {
      "title": "输出格式",
      "content": "\u003cp\u003e仅包含 \u003cspan class=\"MathJax_Preview\" style=\"color: inherit;\"\u003e\u003cspan class=\"MJXp-math\" id=\"MJXp-Span-49\"\u003e\u003cspan class=\"MJXp-mn\" id=\"MJXp-Span-50\"\u003e1\u003c/span\u003e\u003c/span\u003e\u003c/span\u003e\u003cscript type=\"math/tex\" id=\"MathJax-Element-10\"\u003e1\u003c/script\u003e 个实数，四舍五入保留恰好三位小数，表示树高的平均值。\u003c/p\u003e",
      "misc": ""
    },
    {
      "title": "限制与约定",
      "content": "\u003cp\u003e如果输出文件的答案与标准输出的差不超过 \u003cspan class=\"MathJax_Preview\" style=\"color: inherit;\"\u003e\u003cspan class=\"MJXp-math\" id=\"MJXp-Span-51\"\u003e\u003cspan class=\"MJXp-msubsup\" id=\"MJXp-Span-52\"\u003e\u003cspan class=\"MJXp-mn\" id=\"MJXp-Span-53\" style=\"margin-right: 0.05em;\"\u003e10\u003c/span\u003e\u003cspan class=\"MJXp-mrow MJXp-script\" id=\"MJXp-Span-54\" style=\"vertical-align: 0.5em;\"\u003e\u003cspan class=\"MJXp-mo\" id=\"MJXp-Span-55\"\u003e−\u003c/span\u003e\u003cspan class=\"MJXp-mn\" id=\"MJXp-Span-56\"\u003e3\u003c/span\u003e\u003c/span\u003e\u003c/span\u003e\u003c/span\u003e\u003c/span\u003e\u003cscript type=\"math/tex\" id=\"MathJax-Element-11\"\u003e10^{-3}\u003c/script\u003e，则将获得该测试点上的分数，否则不得分。\u003c/p\u003e\u003cp\u003e20% 的测试数据，满足：\u003cspan class=\"MathJax_Preview\" style=\"color: inherit;\"\u003e\u003cspan class=\"MJXp-math\" id=\"MJXp-Span-57\"\u003e\u003cspan class=\"MJXp-mi MJXp-italic\" id=\"MJXp-Span-58\"\u003en\u003c/span\u003e\u003cspan class=\"MJXp-mo\" id=\"MJXp-Span-59\" style=\"margin-left: 0.333em; margin-right: 0.333em;\"\u003e≤\u003c/span\u003e\u003cspan class=\"MJXp-mn\" id=\"MJXp-Span-60\"\u003e10\u003c/span\u003e\u003c/span\u003e\u003c/span\u003e\u003cscript type=\"math/tex\" id=\"MathJax-Element-12\"\u003en \\leq 10\u003c/script\u003e；\u003c/p\u003e\u003cp\u003e40% 的测试数据，满足：\u003cspan class=\"MathJax_Preview\" style=\"color: inherit;\"\u003e\u003cspan class=\"MJXp-math\" id=\"MJXp-Span-61\"\u003e\u003cspan class=\"MJXp-mi MJXp-italic\" id=\"MJXp-Span-62\"\u003en\u003c/span\u003e\u003cspan class=\"MJXp-mo\" id=\"MJXp-Span-63\" style=\"margin-left: 0.333em; margin-right: 0.333em;\"\u003e≤\u003c/span\u003e\u003cspan class=\"MJXp-mn\" id=\"MJXp-Span-64\"\u003e100\u003c/span\u003e\u003c/span\u003e\u003c/span\u003e\u003cscript type=\"math/tex\" id=\"MathJax-Element-13\"\u003en \\leq 100\u003c/script\u003e；\u003c/p\u003e\u003cp\u003e85% 的测试数据，满足：\u003cspan class=\"MathJax_Preview\" style=\"color: inherit;\"\u003e\u003cspan class=\"MJXp-math\" id=\"MJXp-Span-65\"\u003e\u003cspan class=\"MJXp-mi MJXp-italic\" id=\"MJXp-Span-66\"\u003en\u003c/span\u003e\u003cspan class=\"MJXp-mo\" id=\"MJXp-Span-67\" style=\"margin-left: 0.333em; margin-right: 0.333em;\"\u003e≤\u003c/span\u003e\u003cspan class=\"MJXp-mn\" id=\"MJXp-Span-68\"\u003e2000\u003c/span\u003e\u003c/span\u003e\u003c/span\u003e\u003cscript type=\"math/tex\" id=\"MathJax-Element-14\"\u003en \\leq 2000\u003c/script\u003e；\u003c/p\u003e\u003cp\u003e100% 的测试数据，满足：\u003cspan class=\"MathJax_Preview\" style=\"color: inherit;\"\u003e\u003cspan class=\"MJXp-math\" id=\"MJXp-Span-69\"\u003e\u003cspan class=\"MJXp-mn\" id=\"MJXp-Span-70\"\u003e2\u003c/span\u003e\u003cspan class=\"MJXp-mo\" id=\"MJXp-Span-71\" style=\"margin-left: 0.333em; margin-right: 0.333em;\"\u003e≤\u003c/span\u003e\u003cspan class=\"MJXp-mi MJXp-italic\" id=\"MJXp-Span-72\"\u003en\u003c/span\u003e\u003cspan class=\"MJXp-mo\" id=\"MJXp-Span-73\" style=\"margin-left: 0.333em; margin-right: 0.333em;\"\u003e≤\u003c/span\u003e\u003cspan class=\"MJXp-mn\" id=\"MJXp-Span-74\"\u003e200000\u003c/span\u003e\u003c/span\u003e\u003c/span\u003e\u003cscript type=\"math/tex\" id=\"MathJax-Element-15\"\u003e2 \\leq n \\leq 200000\u003c/script\u003e。\u003c/p\u003e",
      "misc": ""
    },
    {
      "title": "说明",
      "content": "\u003cp\u003e树的高度：一棵有根树如果只包含一个根节点，那么它的高度为 \u003cspan class=\"MathJax_Preview\" style=\"color: inherit;\"\u003e\u003cspan class=\"MJXp-math\" id=\"MJXp-Span-83\"\u003e\u003cspan class=\"MJXp-mn\" id=\"MJXp-Span-84\"\u003e1\u003c/span\u003e\u003c/span\u003e\u003c/span\u003e\u003cscript type=\"math/tex\" id=\"MathJax-Element-18\"\u003e1\u003c/script\u003e。否则，它的高度为根节点的所有子树的高度的最大值加 \u003cspan class=\"MathJax_Preview\" style=\"color: inherit;\"\u003e\u003cspan class=\"MJXp-math\" id=\"MJXp-Span-85\"\u003e\u003cspan class=\"MJXp-mn\" id=\"MJXp-Span-86\"\u003e1\u003c/span\u003e\u003c/span\u003e\u003c/span\u003e\u003cscript type=\"math/tex\" id=\"MathJax-Element-19\"\u003e1\u003c/script\u003e。\u003c/p\u003e\u003cp\u003e对于树中任意的三个节点 \u003cspan class=\"MathJax_Preview\" style=\"color: inherit;\"\u003e\u003cspan class=\"MJXp-math\" id=\"MJXp-Span-87\"\u003e\u003cspan class=\"MJXp-mi MJXp-italic\" id=\"MJXp-Span-88\"\u003ea\u003c/span\u003e\u003cspan class=\"MJXp-mo\" id=\"MJXp-Span-89\" style=\"margin-left: 0em; margin-right: 0.222em;\"\u003e,\u003c/span\u003e\u003cspan class=\"MJXp-mi MJXp-italic\" id=\"MJXp-Span-90\"\u003eb\u003c/span\u003e\u003cspan class=\"MJXp-mo\" id=\"MJXp-Span-91\" style=\"margin-left: 0em; margin-right: 0.222em;\"\u003e,\u003c/span\u003e\u003cspan class=\"MJXp-mi MJXp-italic\" id=\"MJXp-Span-92\"\u003ec\u003c/span\u003e\u003c/span\u003e\u003c/span\u003e\u003cscript type=\"math/tex\" id=\"MathJax-Element-20\"\u003ea, b, c\u003c/script\u003e，如果 \u003cspan class=\"MathJax_Preview\" style=\"color: inherit;\"\u003e\u003cspan class=\"MJXp-math\" id=\"MJXp-Span-93\"\u003e\u003cspan class=\"MJXp-mi MJXp-italic\" id=\"MJXp-Span-94\"\u003ea\u003c/span\u003e\u003cspan class=\"MJXp-mo\" id=\"MJXp-Span-95\" style=\"margin-left: 0em; margin-right: 0.222em;\"\u003e,\u003c/span\u003e\u003cspan class=\"MJXp-mi MJXp-italic\" id=\"MJXp-Span-96\"\u003eb\u003c/span\u003e\u003c/span\u003e\u003c/span\u003e\u003cscript type=\"math/tex\" id=\"MathJax-Element-21\"\u003ea, b\u003c/script\u003e 都是 \u003cspan class=\"MathJax_Preview\" style=\"color: inherit;\"\u003e\u003cspan class=\"MJXp-math\" id=\"MJXp-Span-97\"\u003e\u003cspan class=\"MJXp-mi MJXp-italic\" id=\"MJXp-Span-98\"\u003ec\u003c/span\u003e\u003c/span\u003e\u003c/span\u003e\u003cscript type=\"math/tex\" id=\"MathJax-Element-22\"\u003ec\u003c/script\u003e 的儿子，则 \u003cspan class=\"MathJax_Preview\" style=\"color: inherit;\"\u003e\u003cspan class=\"MJXp-math\" id=\"MJXp-Span-99\"\u003e\u003cspan class=\"MJXp-mi MJXp-italic\" id=\"MJXp-Span-100\"\u003ea\u003c/span\u003e\u003cspan class=\"MJXp-mo\" id=\"MJXp-Span-101\" style=\"margin-left: 0em; margin-right: 0.222em;\"\u003e,\u003c/span\u003e\u003cspan class=\"MJXp-mi MJXp-italic\" id=\"MJXp-Span-102\"\u003eb\u003c/span\u003e\u003c/span\u003e\u003c/span\u003e\u003cscript type=\"math/tex\" id=\"MathJax-Element-23\"\u003ea, b\u003c/script\u003e 在 BFS 序中和 DFS 序中的相对前后位置是一致的，即要么 \u003cspan class=\"MathJax_Preview\" style=\"color: inherit;\"\u003e\u003cspan class=\"MJXp-math\" id=\"MJXp-Span-103\"\u003e\u003cspan class=\"MJXp-mi MJXp-italic\" id=\"MJXp-Span-104\"\u003ea\u003c/span\u003e\u003c/span\u003e\u003c/span\u003e\u003cscript type=\"math/tex\" id=\"MathJax-Element-24\"\u003ea\u003c/script\u003e 都在 \u003cspan class=\"MathJax_Preview\" style=\"color: inherit;\"\u003e\u003cspan class=\"MJXp-math\" id=\"MJXp-Span-105\"\u003e\u003cspan class=\"MJXp-mi MJXp-italic\" id=\"MJXp-Span-106\"\u003eb\u003c/span\u003e\u003c/span\u003e\u003c/span\u003e\u003cscript type=\"math/tex\" id=\"MathJax-Element-25\"\u003eb\u003c/script\u003e 的前方，要么 \u003cspan class=\"MathJax_Preview\" style=\"color: inherit;\"\u003e\u003cspan class=\"MJXp-math\" id=\"MJXp-Span-107\"\u003e\u003cspan class=\"MJXp-mi MJXp-italic\" id=\"MJXp-Span-108\"\u003ea\u003c/span\u003e\u003c/span\u003e\u003c/span\u003e\u003cscript type=\"math/tex\" id=\"MathJax-Element-26\"\u003ea\u003c/script\u003e 都在 \u003cspan class=\"MathJax_Preview\" style=\"color: inherit;\"\u003e\u003cspan class=\"MJXp-math\" id=\"MJXp-Span-109\"\u003e\u003cspan class=\"MJXp-mi MJXp-italic\" id=\"MJXp-Span-110\"\u003eb\u003c/span\u003e\u003c/span\u003e\u003c/span\u003e\u003cscript type=\"math/tex\" id=\"MathJax-Element-27\"\u003eb\u003c/script\u003e 的后方。\u003c/p\u003e",
      "misc": ""
    },
    {
      "title": "下载",
      "content": "\u003cp\u003e\u003ca href=\"/download.php?type=problem\u0026amp;id=122\"\u003e样例数据下载\u003c/a\u003e\u003c/p\u003e",
      "misc": ""
    }
  ],
  "samples": [
    {
      "title": "样例一",
      "input": "\u003cpre\u003e5 \n1 2 4 5 3 \n1 2 3 4 5\n\n\u003c/pre\u003e",
      "output": "\u003cpre\u003e3.500\n\n\u003c/pre\u003e",
      "explanation": "",
      "misc": ""
    }
  ],
  "tags": [
    "UOJ",
    "NOI2013"
  ],
  "rules": {
    "runtime": "1000000000",
    "memory": "268435456",
    "stack": "268435456",
    "source": "51200"
  },
  "meta": {
    "created": "2021-04-09T21:32:13.461595623+08:00",
    "updated": "2021-04-09T21:32:13.461595623+08:00",
    "checked": "2021-04-09T21:32:13.461595623+08:00"
  },
  "misc": ""
}
