{
  "id": "170",
  "title": "Picks loves segment tree VIII",
  "type": "traditional",
  "sections": [
    {
      "title": "",
      "content": "\u003cp\u003e零点的钟声马上就要敲响，2016 年即将要拉开序幕，元旦老人轻手轻脚地来到了 \u003ca class=\"uoj-username\" href=\"https://uoj.ac/user/profile/picks\" style=\"color:rgb(75,175,178)\"\u003epicks\u003c/a\u003e 的床头，准备把他的礼物装进袜子里。\u003c/p\u003e\u003cp\u003e然而，\u003ca class=\"uoj-username\" href=\"https://uoj.ac/user/profile/picks\" style=\"color:rgb(75,175,178)\"\u003epicks\u003c/a\u003e 居然根本没有去睡觉！毫无防备的元旦老人落入了他的陷阱之中。\u003c/p\u003e\u003cp\u003e原来，\u003ca class=\"uoj-username\" href=\"https://uoj.ac/user/profile/picks\" style=\"color:rgb(75,175,178)\"\u003epicks\u003c/a\u003e 仰慕正义的元旦老人已经很久了，于是他决定把元旦老人抓来探♂讨哲♂学（病娇脸）。\u003c/p\u003e\u003cp\u003e在经过交涉之后，\u003ca class=\"uoj-username\" href=\"https://uoj.ac/user/profile/picks\" style=\"color:rgb(75,175,178)\"\u003epicks\u003c/a\u003e 答应，如果元旦老人能回答出他的一些问题，那么就放他走：\u003c/p\u003e\u003cp\u003e最开始 \u003ca class=\"uoj-username\" href=\"https://uoj.ac/user/profile/picks\" style=\"color:rgb(75,175,178)\"\u003epicks\u003c/a\u003e 有三个长度为 \u003cspan class=\"MathJax_Preview\" style=\"color: inherit;\"\u003e\u003cspan class=\"MJXp-math\" id=\"MJXp-Span-1\"\u003e\u003cspan class=\"MJXp-mi MJXp-italic\" id=\"MJXp-Span-2\"\u003en\u003c/span\u003e\u003c/span\u003e\u003c/span\u003e\u003cscript type=\"math/tex\" id=\"MathJax-Element-1\"\u003en\u003c/script\u003e 的完全相同的数列 \u003cspan class=\"MathJax_Preview\" style=\"color: inherit;\"\u003e\u003cspan class=\"MJXp-math\" id=\"MJXp-Span-3\"\u003e\u003cspan class=\"MJXp-mi MJXp-italic\" id=\"MJXp-Span-4\"\u003eA\u003c/span\u003e\u003cspan class=\"MJXp-mo\" id=\"MJXp-Span-5\" style=\"margin-left: 0em; margin-right: 0.222em;\"\u003e,\u003c/span\u003e\u003cspan class=\"MJXp-mi MJXp-italic\" id=\"MJXp-Span-6\"\u003eB\u003c/span\u003e\u003c/span\u003e\u003c/span\u003e\u003cscript type=\"math/tex\" id=\"MathJax-Element-2\"\u003eA,B\u003c/script\u003e 和 \u003cspan class=\"MathJax_Preview\" style=\"color: inherit;\"\u003e\u003cspan class=\"MJXp-math\" id=\"MJXp-Span-7\"\u003e\u003cspan class=\"MJXp-mi MJXp-italic\" id=\"MJXp-Span-8\"\u003eC\u003c/span\u003e\u003c/span\u003e\u003c/span\u003e\u003cscript type=\"math/tex\" id=\"MathJax-Element-3\"\u003eC\u003c/script\u003e，接下来有 \u003cspan class=\"MathJax_Preview\" style=\"color: inherit;\"\u003e\u003cspan class=\"MJXp-math\" id=\"MJXp-Span-9\"\u003e\u003cspan class=\"MJXp-mi MJXp-italic\" id=\"MJXp-Span-10\"\u003em\u003c/span\u003e\u003c/span\u003e\u003c/span\u003e\u003cscript type=\"math/tex\" id=\"MathJax-Element-4\"\u003em\u003c/script\u003e 次操作，每一次操作都是以下的六种之一：\u003c/p\u003e\u003col\u003e\u003cli\u003e对于所有的 \u003cspan class=\"MathJax_Preview\" style=\"color: inherit;\"\u003e\u003cspan class=\"MJXp-math\" id=\"MJXp-Span-11\"\u003e\u003cspan class=\"MJXp-mi MJXp-italic\" id=\"MJXp-Span-12\"\u003ei\u003c/span\u003e\u003cspan class=\"MJXp-mo\" id=\"MJXp-Span-13\" style=\"margin-left: 0.333em; margin-right: 0.333em;\"\u003e∈\u003c/span\u003e\u003cspan class=\"MJXp-mo\" id=\"MJXp-Span-14\" style=\"margin-left: 0em; margin-right: 0em;\"\u003e[\u003c/span\u003e\u003cspan class=\"MJXp-mi MJXp-italic\" id=\"MJXp-Span-15\"\u003el\u003c/span\u003e\u003cspan class=\"MJXp-mo\" id=\"MJXp-Span-16\" style=\"margin-left: 0em; margin-right: 0.222em;\"\u003e,\u003c/span\u003e\u003cspan class=\"MJXp-mi MJXp-italic\" id=\"MJXp-Span-17\"\u003er\u003c/span\u003e\u003cspan class=\"MJXp-mo\" id=\"MJXp-Span-18\" style=\"margin-left: 0em; margin-right: 0em;\"\u003e]\u003c/span\u003e\u003c/span\u003e\u003c/span\u003e\u003cscript type=\"math/tex\" id=\"MathJax-Element-5\"\u003ei \\in [l,r]\u003c/script\u003e，将 \u003cspan class=\"MathJax_Preview\" style=\"color: inherit;\"\u003e\u003cspan class=\"MJXp-math\" id=\"MJXp-Span-19\"\u003e\u003cspan class=\"MJXp-msubsup\" id=\"MJXp-Span-20\"\u003e\u003cspan class=\"MJXp-mi MJXp-italic\" id=\"MJXp-Span-21\" style=\"margin-right: 0.05em;\"\u003eA\u003c/span\u003e\u003cspan class=\"MJXp-mi MJXp-italic MJXp-script\" id=\"MJXp-Span-22\" style=\"vertical-align: -0.4em;\"\u003ei\u003c/span\u003e\u003c/span\u003e\u003c/span\u003e\u003c/span\u003e\u003cscript type=\"math/tex\" id=\"MathJax-Element-6\"\u003eA_i\u003c/script\u003e 变成 \u003cspan class=\"MathJax_Preview\" style=\"color: inherit;\"\u003e\u003cspan class=\"MJXp-math\" id=\"MJXp-Span-23\"\u003e\u003cspan class=\"MJXp-msubsup\" id=\"MJXp-Span-24\"\u003e\u003cspan class=\"MJXp-mi MJXp-italic\" id=\"MJXp-Span-25\" style=\"margin-right: 0.05em;\"\u003eA\u003c/span\u003e\u003cspan class=\"MJXp-mi MJXp-italic MJXp-script\" id=\"MJXp-Span-26\" style=\"vertical-align: -0.4em;\"\u003ei\u003c/span\u003e\u003c/span\u003e\u003cspan class=\"MJXp-mo\" id=\"MJXp-Span-27\" style=\"margin-left: 0.267em; margin-right: 0.267em;\"\u003e+\u003c/span\u003e\u003cspan class=\"MJXp-mi MJXp-italic\" id=\"MJXp-Span-28\"\u003ec\u003c/span\u003e\u003c/span\u003e\u003c/span\u003e\u003cscript type=\"math/tex\" id=\"MathJax-Element-7\"\u003eA_i+c\u003c/script\u003e。\u003c/li\u003e\n\u003cli\u003e对于所有的 \u003cspan class=\"MathJax_Preview\" style=\"color: inherit;\"\u003e\u003cspan class=\"MJXp-math\" id=\"MJXp-Span-29\"\u003e\u003cspan class=\"MJXp-mi MJXp-italic\" id=\"MJXp-Span-30\"\u003ei\u003c/span\u003e\u003cspan class=\"MJXp-mo\" id=\"MJXp-Span-31\" style=\"margin-left: 0.333em; margin-right: 0.333em;\"\u003e∈\u003c/span\u003e\u003cspan class=\"MJXp-mo\" id=\"MJXp-Span-32\" style=\"margin-left: 0em; margin-right: 0em;\"\u003e[\u003c/span\u003e\u003cspan class=\"MJXp-mi MJXp-italic\" id=\"MJXp-Span-33\"\u003el\u003c/span\u003e\u003cspan class=\"MJXp-mo\" id=\"MJXp-Span-34\" style=\"margin-left: 0em; margin-right: 0.222em;\"\u003e,\u003c/span\u003e\u003cspan class=\"MJXp-mi MJXp-italic\" id=\"MJXp-Span-35\"\u003er\u003c/span\u003e\u003cspan class=\"MJXp-mo\" id=\"MJXp-Span-36\" style=\"margin-left: 0em; margin-right: 0em;\"\u003e]\u003c/span\u003e\u003c/span\u003e\u003c/span\u003e\u003cscript type=\"math/tex\" id=\"MathJax-Element-8\"\u003ei \\in [l,r]\u003c/script\u003e，将 \u003cspan class=\"MathJax_Preview\" style=\"color: inherit;\"\u003e\u003cspan class=\"MJXp-math\" id=\"MJXp-Span-37\"\u003e\u003cspan class=\"MJXp-msubsup\" id=\"MJXp-Span-38\"\u003e\u003cspan class=\"MJXp-mi MJXp-italic\" id=\"MJXp-Span-39\" style=\"margin-right: 0.05em;\"\u003eA\u003c/span\u003e\u003cspan class=\"MJXp-mi MJXp-italic MJXp-script\" id=\"MJXp-Span-40\" style=\"vertical-align: -0.4em;\"\u003ei\u003c/span\u003e\u003c/span\u003e\u003c/span\u003e\u003c/span\u003e\u003cscript type=\"math/tex\" id=\"MathJax-Element-9\"\u003eA_i\u003c/script\u003e 变成 \u003cspan class=\"MathJax_Preview\" style=\"color: inherit;\"\u003e\u003cspan class=\"MJXp-math\" id=\"MJXp-Span-41\"\u003e\u003cspan class=\"MJXp-mo\" id=\"MJXp-Span-42\"\u003emax\u003c/span\u003e\u003c/span\u003e\u003c/span\u003e\u003cscript type=\"math/tex\"\u003e\\max(A_i,d)\u003c/script\u003e。\u003c/li\u003e\n\u003cli\u003e对于所有的 \u003cspan class=\"MathJax_Preview\"\u003ei \\in [l,r]\u003c/span\u003e\u003cscript type=\"math/tex\"\u003ei \\in [l,r]\u003c/script\u003e，询问 \u003cspan class=\"MathJax_Preview\"\u003eA_i\u003c/span\u003e\u003cscript type=\"math/tex\"\u003eA_i\u003c/script\u003e 的最小值。\u003c/li\u003e\n\u003cli\u003e对于所有的 \u003cspan class=\"MathJax_Preview\"\u003ei \\in [l,r]\u003c/span\u003e\u003cscript type=\"math/tex\"\u003ei \\in [l,r]\u003c/script\u003e，询问 \u003cspan class=\"MathJax_Preview\"\u003eB_i\u003c/span\u003e\u003cscript type=\"math/tex\"\u003eB_i\u003c/script\u003e 的最小值。\u003c/li\u003e\n\u003cli\u003e对于所有的 \u003cspan class=\"MathJax_Preview\"\u003ei \\in [l,r]\u003c/span\u003e\u003cscript type=\"math/tex\"\u003ei \\in [l,r]\u003c/script\u003e，将 \u003cspan class=\"MathJax_Preview\"\u003eA_i\u003c/span\u003e\u003cscript type=\"math/tex\"\u003eA_i\u003c/script\u003e 变成 \u003cspan class=\"MathJax_Preview\"\u003e\\min(A_i,e)\u003c/span\u003e\u003cscript type=\"math/tex\"\u003e\\min(A_i,e)\u003c/script\u003e。\u003c/li\u003e\n\u003cli\u003e对于所有的 \u003cspan class=\"MathJax_Preview\"\u003ei \\in [l,r]\u003c/span\u003e\u003cscript type=\"math/tex\"\u003ei \\in [l,r]\u003c/script\u003e，询问 \u003cspan class=\"MathJax_Preview\"\u003eC_i\u003c/span\u003e\u003cscript type=\"math/tex\"\u003eC_i\u003c/script\u003e 的最大值。\u003c/li\u003e\n\u003c/ol\u003e\u003cp\u003e在每一次操作结束之后，\u003ca class=\"uoj-username\" href=\"https://uoj.ac/user/profile/picks\" style=\"color:rgb(75,175,178)\"\u003epicks\u003c/a\u003e 都会进行一次更新：对于所有的 \u003cspan class=\"MathJax_Preview\"\u003ei \\in [1,n]\u003c/span\u003e\u003cscript type=\"math/tex\"\u003ei \\in [1,n]\u003c/script\u003e，将 \u003cspan class=\"MathJax_Preview\"\u003eB_i\u003c/span\u003e\u003cscript type=\"math/tex\"\u003eB_i\u003c/script\u003e 变成 \u003cspan class=\"MathJax_Preview\"\u003e\\min(B_i,A_i)\u003c/span\u003e\u003cscript type=\"math/tex\"\u003e\\min(B_i,A_i)\u003c/script\u003e，\u003cspan class=\"MathJax_Preview\"\u003eC_i\u003c/span\u003e\u003cscript type=\"math/tex\"\u003eC_i\u003c/script\u003e 变成 \u003cspan class=\"MathJax_Preview\"\u003e\\max(C_i,A_i)\u003c/span\u003e\u003cscript type=\"math/tex\"\u003e\\max(C_i,A_i)\u003c/script\u003e。\u003c/p\u003e\u003cp\u003e然而留给元旦老人的时间已经所剩无几了，情急之下，他决定向你寻求帮助：你能帮他回答 \u003ca class=\"uoj-username\" href=\"https://uoj.ac/user/profile/picks\" style=\"color:rgb(75,175,178)\"\u003epicks\u003c/a\u003e 的问题吗。\u003c/p\u003e",
      "misc": ""
    },
    {
      "title": "输入格式",
      "content": "\u003cp\u003e第一行两个数：\u003cspan class=\"MathJax_Preview\"\u003e n, m \u003c/span\u003e\u003cscript type=\"math/tex\"\u003e n, m \u003c/script\u003e。\u003c/p\u003e\u003cp\u003e接下来一行 \u003cspan class=\"MathJax_Preview\"\u003e n \u003c/span\u003e\u003cscript type=\"math/tex\"\u003e n \u003c/script\u003e 个数 \u003cspan class=\"MathJax_Preview\"\u003eA_i\u003c/span\u003e\u003cscript type=\"math/tex\"\u003eA_i\u003c/script\u003e。（最开始 \u003cspan class=\"MathJax_Preview\"\u003eA_i=B_i=C_i\u003c/span\u003e\u003cscript type=\"math/tex\"\u003eA_i=B_i=C_i\u003c/script\u003e）\u003c/p\u003e\u003cp\u003e接下来 \u003cspan class=\"MathJax_Preview\"\u003e m \u003c/span\u003e\u003cscript type=\"math/tex\"\u003e m \u003c/script\u003e 行中，第 \u003cspan class=\"MathJax_Preview\"\u003e i \u003c/span\u003e\u003cscript type=\"math/tex\"\u003e i \u003c/script\u003e 行第一个数 \u003cspan class=\"MathJax_Preview\"\u003e t_i \u003c/span\u003e\u003cscript type=\"math/tex\"\u003e t_i \u003c/script\u003e 表示操作类型：\u003c/p\u003e\u003cp\u003e若 \u003cspan class=\"MathJax_Preview\"\u003e t_i = 1 \u003c/span\u003e\u003cscript type=\"math/tex\"\u003e t_i = 1 \u003c/script\u003e，则接下来三个整数 \u003cspan class=\"MathJax_Preview\"\u003e l_i, r_i, c_i \u003c/span\u003e\u003cscript type=\"math/tex\"\u003e l_i, r_i, c_i \u003c/script\u003e，表示操作一。\u003c/p\u003e\u003cp\u003e若 \u003cspan class=\"MathJax_Preview\"\u003e t_i = 2 \u003c/span\u003e\u003cscript type=\"math/tex\"\u003e t_i = 2 \u003c/script\u003e，则接下来三个整数 \u003cspan class=\"MathJax_Preview\"\u003e l_i, r_i, d_i \u003c/span\u003e\u003cscript type=\"math/tex\"\u003e l_i, r_i, d_i \u003c/script\u003e，表示操作二。\u003c/p\u003e\u003cp\u003e若 \u003cspan class=\"MathJax_Preview\"\u003e t_i = 3 \u003c/span\u003e\u003cscript type=\"math/tex\"\u003e t_i = 3 \u003c/script\u003e，则接下来三个整数 \u003cspan class=\"MathJax_Preview\"\u003e l_i, r_i \u003c/span\u003e\u003cscript type=\"math/tex\"\u003e l_i, r_i \u003c/script\u003e，表示操作三。\u003c/p\u003e\u003cp\u003e若 \u003cspan class=\"MathJax_Preview\"\u003e t_i = 4 \u003c/span\u003e\u003cscript type=\"math/tex\"\u003e t_i = 4 \u003c/script\u003e，则接下来一个整数 \u003cspan class=\"MathJax_Preview\"\u003e l_i, r_i \u003c/span\u003e\u003cscript type=\"math/tex\"\u003e l_i, r_i \u003c/script\u003e，表示操作四。\u003c/p\u003e\u003cp\u003e若 \u003cspan class=\"MathJax_Preview\"\u003e t_i = 5 \u003c/span\u003e\u003cscript type=\"math/tex\"\u003e t_i = 5 \u003c/script\u003e，则接下来三个整数 \u003cspan class=\"MathJax_Preview\"\u003e l_i, r_i, e_i \u003c/span\u003e\u003cscript type=\"math/tex\"\u003e l_i, r_i, e_i \u003c/script\u003e，表示操作五。\u003c/p\u003e\u003cp\u003e若 \u003cspan class=\"MathJax_Preview\"\u003e t_i = 6 \u003c/span\u003e\u003cscript type=\"math/tex\"\u003e t_i = 6 \u003c/script\u003e，则接下来一个整数 \u003cspan class=\"MathJax_Preview\"\u003e l_i, r_i \u003c/span\u003e\u003cscript type=\"math/tex\"\u003e l_i, r_i \u003c/script\u003e，表示操作六。\u003c/p\u003e",
      "misc": ""
    },
    {
      "title": "输出格式",
      "content": "\u003cp\u003e对于每个询问操作，输出一行表示答案。\u003c/p\u003e",
      "misc": ""
    },
    {
      "title": "限制与约定",
      "content": "\u003cp\u003e对于所有数据，保证有 \u003cspan class=\"MathJax_Preview\" style=\"color: inherit;\"\u003e\u003cspan class=\"MJXp-math\" id=\"MJXp-Span-273\"\u003e\u003cspan class=\"MJXp-mn\" id=\"MJXp-Span-274\"\u003e1\u003c/span\u003e\u003cspan class=\"MJXp-mo\" id=\"MJXp-Span-275\" style=\"margin-left: 0.333em; margin-right: 0.333em;\"\u003e≤\u003c/span\u003e\u003cspan class=\"MJXp-mi MJXp-italic\" id=\"MJXp-Span-276\"\u003en\u003c/span\u003e\u003cspan class=\"MJXp-mo\" id=\"MJXp-Span-277\" style=\"margin-left: 0em; margin-right: 0.222em;\"\u003e,\u003c/span\u003e\u003cspan class=\"MJXp-mi MJXp-italic\" id=\"MJXp-Span-278\"\u003em\u003c/span\u003e\u003cspan class=\"MJXp-mo\" id=\"MJXp-Span-279\" style=\"margin-left: 0.333em; margin-right: 0.333em;\"\u003e≤\u003c/span\u003e\u003cspan class=\"MJXp-mn\" id=\"MJXp-Span-280\"\u003e5\u003c/span\u003e\u003cspan class=\"MJXp-mo\" id=\"MJXp-Span-281\" style=\"margin-left: 0.267em; margin-right: 0.267em;\"\u003e×\u003c/span\u003e\u003cspan class=\"MJXp-msubsup\" id=\"MJXp-Span-282\"\u003e\u003cspan class=\"MJXp-mn\" id=\"MJXp-Span-283\" style=\"margin-right: 0.05em;\"\u003e10\u003c/span\u003e\u003cspan class=\"MJXp-mn MJXp-script\" id=\"MJXp-Span-284\" style=\"vertical-align: 0.5em;\"\u003e5\u003c/span\u003e\u003c/span\u003e\u003cspan class=\"MJXp-mo\" id=\"MJXp-Span-285\" style=\"margin-left: 0em; margin-right: 0.222em;\"\u003e,\u003c/span\u003e\u003cspan class=\"MJXp-mn\" id=\"MJXp-Span-286\"\u003e1\u003c/span\u003e\u003cspan class=\"MJXp-mo\" id=\"MJXp-Span-287\" style=\"margin-left: 0.333em; margin-right: 0.333em;\"\u003e≤\u003c/span\u003e\u003cspan class=\"MJXp-msubsup\" id=\"MJXp-Span-288\"\u003e\u003cspan class=\"MJXp-mi MJXp-italic\" id=\"MJXp-Span-289\" style=\"margin-right: 0.05em;\"\u003el\u003c/span\u003e\u003cspan class=\"MJXp-mi MJXp-italic MJXp-script\" id=\"MJXp-Span-290\" style=\"vertical-align: -0.4em;\"\u003ei\u003c/span\u003e\u003c/span\u003e\u003cspan class=\"MJXp-mo\" id=\"MJXp-Span-291\" style=\"margin-left: 0.333em; margin-right: 0.333em;\"\u003e≤\u003c/span\u003e\u003cspan class=\"MJXp-msubsup\" id=\"MJXp-Span-292\"\u003e\u003cspan class=\"MJXp-mi MJXp-italic\" id=\"MJXp-Span-293\" style=\"margin-right: 0.05em;\"\u003er\u003c/span\u003e\u003cspan class=\"MJXp-mi MJXp-italic MJXp-script\" id=\"MJXp-Span-294\" style=\"vertical-align: -0.4em;\"\u003ei\u003c/span\u003e\u003c/span\u003e\u003cspan class=\"MJXp-mo\" id=\"MJXp-Span-295\" style=\"margin-left: 0.333em; margin-right: 0.333em;\"\u003e≤\u003c/span\u003e\u003cspan class=\"MJXp-mi MJXp-italic\" id=\"MJXp-Span-296\"\u003en\u003c/span\u003e\u003cspan class=\"MJXp-mo\" id=\"MJXp-Span-297\" style=\"margin-left: 0em; margin-right: 0.222em;\"\u003e,\u003c/span\u003e\u003cspan class=\"MJXp-mo\" id=\"MJXp-Span-298\" style=\"margin-left: 0.267em; margin-right: 0.267em;\"\u003e−\u003c/span\u003e\u003cspan class=\"MJXp-mn\" id=\"MJXp-Span-299\"\u003e2000\u003c/span\u003e\u003cspan class=\"MJXp-mo\" id=\"MJXp-Span-300\" style=\"margin-left: 0.333em; margin-right: 0.333em;\"\u003e≤\u003c/span\u003e\u003cspan class=\"MJXp-msubsup\" id=\"MJXp-Span-301\"\u003e\u003cspan class=\"MJXp-mi MJXp-italic\" id=\"MJXp-Span-302\" style=\"margin-right: 0.05em;\"\u003ec\u003c/span\u003e\u003cspan class=\"MJXp-mi MJXp-italic MJXp-script\" id=\"MJXp-Span-303\" style=\"vertical-align: -0.4em;\"\u003ei\u003c/span\u003e\u003c/span\u003e\u003cspan class=\"MJXp-mo\" id=\"MJXp-Span-304\" style=\"margin-left: 0.333em; margin-right: 0.333em;\"\u003e≤\u003c/span\u003e\u003cspan class=\"MJXp-mn\" id=\"MJXp-Span-305\"\u003e2000\u003c/span\u003e\u003c/span\u003e\u003c/span\u003e\u003cscript type=\"math/tex\" id=\"MathJax-Element-44\"\u003e1 \\leq n,m \\leq 5 \\times 10^5,1 \\leq l_i \\leq r_i \\leq n,-2000 \\leq c_i \\leq 2000\u003c/script\u003e 和 \u003cspan class=\"MathJax_Preview\" style=\"color: inherit;\"\u003e\u003cspan class=\"MJXp-math\" id=\"MJXp-Span-306\"\u003e\u003cspan class=\"MJXp-mo\" id=\"MJXp-Span-307\" style=\"margin-left: 0em; margin-right: 0.111em;\"\u003e−\u003c/span\u003e\u003cspan class=\"MJXp-msubsup\" id=\"MJXp-Span-308\"\u003e\u003cspan class=\"MJXp-mn\" id=\"MJXp-Span-309\" style=\"margin-right: 0.05em;\"\u003e10\u003c/span\u003e\u003cspan class=\"MJXp-mn MJXp-script\" id=\"MJXp-Span-310\" style=\"vertical-align: 0.5em;\"\u003e9\u003c/span\u003e\u003c/span\u003e\u003cspan class=\"MJXp-mo\" id=\"MJXp-Span-311\" style=\"margin-left: 0.333em; margin-right: 0.333em;\"\u003e≤\u003c/span\u003e\u003cspan class=\"MJXp-msubsup\" id=\"MJXp-Span-312\"\u003e\u003cspan class=\"MJXp-mi MJXp-italic\" id=\"MJXp-Span-313\" style=\"margin-right: 0.05em;\"\u003eA\u003c/span\u003e\u003cspan class=\"MJXp-mi MJXp-italic MJXp-script\" id=\"MJXp-Span-314\" style=\"vertical-align: -0.4em;\"\u003ei\u003c/span\u003e\u003c/span\u003e\u003cspan class=\"MJXp-mo\" id=\"MJXp-Span-315\" style=\"margin-left: 0em; margin-right: 0.222em;\"\u003e,\u003c/span\u003e\u003cspan class=\"MJXp-msubsup\" id=\"MJXp-Span-316\"\u003e\u003cspan class=\"MJXp-mi MJXp-italic\" id=\"MJXp-Span-317\" style=\"margin-right: 0.05em;\"\u003ed\u003c/span\u003e\u003cspan class=\"MJXp-mi MJXp-italic MJXp-script\" id=\"MJXp-Span-318\" style=\"vertical-align: -0.4em;\"\u003ei\u003c/span\u003e\u003c/span\u003e\u003cspan class=\"MJXp-mo\" id=\"MJXp-Span-319\" style=\"margin-left: 0em; margin-right: 0.222em;\"\u003e,\u003c/span\u003e\u003cspan class=\"MJXp-msubsup\" id=\"MJXp-Span-320\"\u003e\u003cspan class=\"MJXp-mi MJXp-italic\" id=\"MJXp-Span-321\" style=\"margin-right: 0.05em;\"\u003ee\u003c/span\u003e\u003cspan class=\"MJXp-mi MJXp-italic MJXp-script\" id=\"MJXp-Span-322\" style=\"vertical-align: -0.4em;\"\u003ei\u003c/span\u003e\u003c/span\u003e\u003cspan class=\"MJXp-mo\" id=\"MJXp-Span-323\" style=\"margin-left: 0.333em; margin-right: 0.333em;\"\u003e≤\u003c/span\u003e\u003cspan class=\"MJXp-msubsup\" id=\"MJXp-Span-324\"\u003e\u003cspan class=\"MJXp-mn\" id=\"MJXp-Span-325\" style=\"margin-right: 0.05em;\"\u003e10\u003c/span\u003e\u003cspan class=\"MJXp-mn MJXp-script\" id=\"MJXp-Span-326\" style=\"vertical-align: 0.5em;\"\u003e9\u003c/span\u003e\u003c/span\u003e\u003c/span\u003e\u003c/span\u003e\u003cscript type=\"math/tex\" id=\"MathJax-Element-45\"\u003e-10^9 \\leq A_i,d_i,e_i \\leq 10^9\u003c/script\u003e\u003c/p\u003e\u003cp\u003e保证在任意时刻序列中的值在 int 范围内。\u003c/p\u003e",
      "misc": ""
    },
    {
      "title": "下载",
      "content": "\u003cp\u003e\u003ca href=\"/download.php?type=problem\u0026amp;id=169\"\u003e样例数据下载\u003c/a\u003e\u003c/p\u003e",
      "misc": ""
    }
  ],
  "samples": [
    {
      "title": "样例一",
      "input": "\u003cpre\u003e3 6\n1 2 3\n4 3 3\n1 2 3 -2\n5 1 3 0\n4 3 3\n2 2 3 4\n4 1 3\n\n\u003c/pre\u003e",
      "output": "\u003cpre\u003e3\n0\n0\n\n\u003c/pre\u003e",
      "explanation": "",
      "misc": ""
    }
  ],
  "tags": [
    "UOJ"
  ],
  "rules": {
    "runtime": "6000000000",
    "memory": "134217728",
    "stack": "134217728",
    "source": "51200"
  },
  "meta": {
    "created": "2021-04-09T21:33:37.034075667+08:00",
    "updated": "2021-04-09T21:33:37.034075667+08:00",
    "checked": "2021-04-09T21:33:37.034075667+08:00"
  },
  "misc": ""
}
