{
  "id": "202",
  "title": "香山的树",
  "type": "traditional",
  "sections": [
    {
      "title": "",
      "content": "\u003cp\u003e众所周知，香山的红叶非常著名。然而，CTSC 举行的时间是在 5 月，而红叶的季节是秋天，所以这个季节是看不到红叶的，于是我们在 CTSC 比赛中就只能讨论香山的树了。\u003c/p\u003e\u003cp\u003es-quark 很喜欢这些树，他计划在每棵树上贴一个各不相同的标签。每个标签为条形，可以在树干上绕成一圈。为了区分每一棵树，s-quark 在每个标签上印了一个由小写英文字母组成的字符串。由于树干周长的限制，标签的长度也是有限的，因此这个字符串至多只能由N个字母组成。\u003c/p\u003e\u003cp\u003e但是，由于标签是在树干上围成一圈的，所以当标签在树上贴好以后，就不再能找到标签的起始位置了。所以，如果两棵树上的标签循环同构，例如分别为 \"\u003csamp\u003eabc\u003c/samp\u003e\" 和 \"\u003csamp\u003ecab\u003c/samp\u003e\" ，那么这两棵树就不再能通过标签区分了。针对这个问题，s-quark 想了一个巧妙的办法。对于一个已经在树上贴好的标签，s-quark 规定它的起始位置必须是能够使得字符串的字典序最小的起始位，即如果看到的字符串是 \"\u003csamp\u003eaba\u003c/samp\u003e\"，那么就可以推断出从正确的起始位置开始看到的字符串应为 \"\u003csamp\u003eaab\u003c/samp\u003e\"。\u003c/p\u003e\u003cp\u003e另外，对于有些标签，例如 \"\u003csamp\u003eabab\u003c/samp\u003e\"，尽管符合字典序最小的规则，但是这样的起始位置不唯一，s-quark 认为这种情况也是不理想的。所以，这样的标签 s-quark 也会避免使用。s-quark 已经把所有的树都编好了顺序，准备在第一棵树上贴标签 \"\u003csamp\u003ea\u003c/samp\u003e\"，之后按照字典序给每棵树贴上不同的标签。\u003c/p\u003e\u003cp\u003e以 \u003cspan class=\"MathJax_Preview\" style=\"color: inherit;\"\u003e\u003cspan class=\"MJXp-math\" id=\"MJXp-Span-1\"\u003e\u003cspan class=\"MJXp-mi MJXp-italic\" id=\"MJXp-Span-2\"\u003en\u003c/span\u003e\u003cspan class=\"MJXp-mo\" id=\"MJXp-Span-3\" style=\"margin-left: 0.333em; margin-right: 0.333em;\"\u003e=\u003c/span\u003e\u003cspan class=\"MJXp-mn\" id=\"MJXp-Span-4\"\u003e3\u003c/span\u003e\u003c/span\u003e\u003c/span\u003e\u003cscript type=\"math/tex\" id=\"MathJax-Element-1\"\u003en=3\u003c/script\u003e 为例，s-quark将依次使用这些标签来标记这些树木：\u003csamp\u003ea\u003c/samp\u003e, \u003csamp\u003eaab\u003c/samp\u003e, \u003csamp\u003eaac\u003c/samp\u003e, …, \u003csamp\u003eaaz\u003c/samp\u003e, \u003csamp\u003eab\u003c/samp\u003e, \u003csamp\u003eabb\u003c/samp\u003e, …, \u003csamp\u003eabz\u003c/samp\u003e, \u003csamp\u003eac\u003c/samp\u003e, …\u003c/p\u003e\u003cp\u003es-quark 知道，香山上的树总共有 \u003cspan class=\"MathJax_Preview\" style=\"color: inherit;\"\u003e\u003cspan class=\"MJXp-math\" id=\"MJXp-Span-5\"\u003e\u003cspan class=\"MJXp-mi MJXp-italic\" id=\"MJXp-Span-6\"\u003eK\u003c/span\u003e\u003c/span\u003e\u003c/span\u003e\u003cscript type=\"math/tex\" id=\"MathJax-Element-2\"\u003eK\u003c/script\u003e 棵。他想知道他将在最后一棵树上贴的标签是什么。但是，这个问题显然太简单了。现在，s-quark 要问你，如果他在第一棵树上贴的标签是字符串 \u003cspan class=\"MathJax_Preview\" style=\"color: inherit;\"\u003e\u003cspan class=\"MJXp-math\" id=\"MJXp-Span-7\"\u003e\u003cspan class=\"MJXp-mi MJXp-italic\" id=\"MJXp-Span-8\"\u003eS\u003c/span\u003e\u003c/span\u003e\u003c/span\u003e\u003cscript type=\"math/tex\" id=\"MathJax-Element-3\"\u003eS\u003c/script\u003e，那么他将在最后一棵树上贴的标签是什么呢？\u003c/p\u003e",
      "misc": ""
    },
    {
      "title": "输入格式",
      "content": "\u003cp\u003e输入的第一行两个正整数 \u003cspan class=\"MathJax_Preview\" style=\"color: inherit;\"\u003e\u003cspan class=\"MJXp-math\" id=\"MJXp-Span-9\"\u003e\u003cspan class=\"MJXp-mi MJXp-italic\" id=\"MJXp-Span-10\"\u003eN\u003c/span\u003e\u003c/span\u003e\u003c/span\u003e\u003cscript type=\"math/tex\" id=\"MathJax-Element-4\"\u003eN\u003c/script\u003e 和 \u003cspan class=\"MathJax_Preview\" style=\"color: inherit;\"\u003e\u003cspan class=\"MJXp-math\" id=\"MJXp-Span-11\"\u003e\u003cspan class=\"MJXp-mi MJXp-italic\" id=\"MJXp-Span-12\"\u003eK\u003c/span\u003e\u003c/span\u003e\u003c/span\u003e\u003cscript type=\"math/tex\" id=\"MathJax-Element-5\"\u003eK\u003c/script\u003e，分别为字符串的长度和树的总数。\u003c/p\u003e\u003cp\u003e第二行一个由小写英文字母组成的字符串 \u003cspan class=\"MathJax_Preview\" style=\"color: inherit;\"\u003e\u003cspan class=\"MJXp-math\" id=\"MJXp-Span-13\"\u003e\u003cspan class=\"MJXp-mi MJXp-italic\" id=\"MJXp-Span-14\"\u003eS\u003c/span\u003e\u003c/span\u003e\u003c/span\u003e\u003cscript type=\"math/tex\" id=\"MathJax-Element-6\"\u003eS\u003c/script\u003e，表示在第一棵树上所贴的标签。\u003cspan class=\"MathJax_Preview\" style=\"color: inherit;\"\u003e\u003cspan class=\"MJXp-math\" id=\"MJXp-Span-15\"\u003e\u003cspan class=\"MJXp-mi MJXp-italic\" id=\"MJXp-Span-16\"\u003eS\u003c/span\u003e\u003c/span\u003e\u003c/span\u003e\u003cscript type=\"math/tex\" id=\"MathJax-Element-7\"\u003eS\u003c/script\u003e 的长度不超过 \u003cspan class=\"MathJax_Preview\" style=\"color: inherit;\"\u003e\u003cspan class=\"MJXp-math\" id=\"MJXp-Span-17\"\u003e\u003cspan class=\"MJXp-mi MJXp-italic\" id=\"MJXp-Span-18\"\u003eN\u003c/span\u003e\u003c/span\u003e\u003c/span\u003e\u003cscript type=\"math/tex\" id=\"MathJax-Element-8\"\u003eN\u003c/script\u003e，并且保证是一个合法的标签。\u003c/p\u003e",
      "misc": ""
    },
    {
      "title": "输出格式",
      "content": "\u003cp\u003e输出仅一行，输出一个字符串 \u003cspan class=\"MathJax_Preview\" style=\"color: inherit;\"\u003e\u003cspan class=\"MJXp-math\" id=\"MJXp-Span-19\"\u003e\u003cspan class=\"MJXp-mi MJXp-italic\" id=\"MJXp-Span-20\"\u003eT\u003c/span\u003e\u003c/span\u003e\u003c/span\u003e\u003cscript type=\"math/tex\" id=\"MathJax-Element-9\"\u003eT\u003c/script\u003e，表示 s-quark 将在最后一棵树上贴的标签，或输出 \u003cspan class=\"MathJax_Preview\" style=\"color: inherit;\"\u003e\u003cspan class=\"MJXp-math\" id=\"MJXp-Span-21\"\u003e\u003cspan class=\"MJXp-mo\" id=\"MJXp-Span-22\" style=\"margin-left: 0em; margin-right: 0.111em;\"\u003e−\u003c/span\u003e\u003cspan class=\"MJXp-mn\" id=\"MJXp-Span-23\"\u003e1\u003c/span\u003e\u003c/span\u003e\u003c/span\u003e\u003cscript type=\"math/tex\" id=\"MathJax-Element-10\"\u003e-1\u003c/script\u003e，表示剩余的合法标签数量不足以贴完所有的树。\u003c/p\u003e",
      "misc": ""
    },
    {
      "title": "子任务",
      "content": "\u003cdiv class=\"table-responsive\"\u003e\n    \u003ctable class=\"table table-bordered table-text-center table-vertical-middle\"\u003e\u003cthead\u003e\u003ctr\u003e\u003cth\u003e测试点编号\u003c/th\u003e\u003cth\u003e\u003cspan class=\"MathJax_Preview\" style=\"color: inherit;\"\u003e\u003cspan class=\"MJXp-math\" id=\"MJXp-Span-24\"\u003e\u003cspan class=\"MJXp-mi MJXp-italic\" id=\"MJXp-Span-25\"\u003en\u003c/span\u003e\u003c/span\u003e\u003c/span\u003e\u003cspan class=\"MathJax MathJax_Processing\" id=\"MathJax-Element-11-Frame\" tabindex=\"0\"\u003e\u003c/span\u003e\u003cscript type=\"math/tex\" id=\"MathJax-Element-11\"\u003en\u003c/script\u003e\u003c/th\u003e\u003cth\u003e\u003cspan class=\"MathJax_Preview\" style=\"color: inherit;\"\u003e\u003cspan class=\"MJXp-math\" id=\"MJXp-Span-26\"\u003e\u003cspan class=\"MJXp-mi MJXp-italic\" id=\"MJXp-Span-27\"\u003eK\u003c/span\u003e\u003c/span\u003e\u003c/span\u003e\u003cspan class=\"MathJax MathJax_Processing\" id=\"MathJax-Element-12-Frame\" tabindex=\"0\"\u003e\u003c/span\u003e\u003cscript type=\"math/tex\" id=\"MathJax-Element-12\"\u003eK\u003c/script\u003e\u003c/th\u003e\u003cth\u003e约定\u003c/th\u003e\u003c/tr\u003e\u003c/thead\u003e\u003ctbody\u003e\u003ctr\u003e\u003ctd\u003e1\u003c/td\u003e\u003ctd\u003e\u003cspan class=\"MathJax_Preview\" style=\"color: inherit;\"\u003e\u003cspan class=\"MJXp-math\" id=\"MJXp-Span-28\"\u003e\u003cspan class=\"MJXp-mo\" id=\"MJXp-Span-29\" style=\"margin-left: 0.333em; margin-right: 0.333em;\"\u003e=\u003c/span\u003e\u003cspan class=\"MJXp-mn\" id=\"MJXp-Span-30\"\u003e8\u003c/span\u003e\u003c/span\u003e\u003c/span\u003e\u003cspan class=\"MathJax MathJax_Processing\" id=\"MathJax-Element-13-Frame\" tabindex=\"0\"\u003e\u003c/span\u003e\u003cscript type=\"math/tex\" id=\"MathJax-Element-13\"\u003e=8\u003c/script\u003e\u003c/td\u003e\u003ctd\u003e\u003cspan class=\"MathJax_Preview\" style=\"color: inherit;\"\u003e\u003cspan class=\"MJXp-math\" id=\"MJXp-Span-31\"\u003e\u003cspan class=\"MJXp-mo\" id=\"MJXp-Span-32\" style=\"margin-left: 0.333em; margin-right: 0.333em;\"\u003e≤\u003c/span\u003e\u003cspan class=\"MJXp-msubsup\" id=\"MJXp-Span-33\"\u003e\u003cspan class=\"MJXp-mn\" id=\"MJXp-Span-34\" style=\"margin-right: 0.05em;\"\u003e10\u003c/span\u003e\u003cspan class=\"MJXp-mn MJXp-script\" id=\"MJXp-Span-35\" style=\"vertical-align: 0.5em;\"\u003e4\u003c/span\u003e\u003c/span\u003e\u003c/span\u003e\u003c/span\u003e\u003cspan class=\"MathJax MathJax_Processing\" id=\"MathJax-Element-14-Frame\" tabindex=\"0\"\u003e\u003c/span\u003e\u003cscript type=\"math/tex\" id=\"MathJax-Element-14\"\u003e\\leq 10^4\u003c/script\u003e\u003c/td\u003e\u003ctd\u003e\u003cspan class=\"MathJax_Preview\" style=\"color: inherit;\"\u003e\u003cspan class=\"MJXp-math\" id=\"MJXp-Span-36\"\u003e\u003cspan class=\"MJXp-mi MJXp-italic\" id=\"MJXp-Span-37\"\u003eS\u003c/span\u003e\u003c/span\u003e\u003c/span\u003e\u003cspan class=\"MathJax MathJax_Processing\" id=\"MathJax-Element-15-Frame\" tabindex=\"0\"\u003e\u003c/span\u003e\u003cscript type=\"math/tex\" id=\"MathJax-Element-15\"\u003eS\u003c/script\u003e 为字符串 \"\u003csamp\u003ea\u003c/samp\u003e\"\u003c/td\u003e\u003c/tr\u003e\u003ctr\u003e\u003ctd\u003e2, 3\u003c/td\u003e\u003ctd\u003e\u003cspan class=\"MathJax_Preview\" style=\"color: inherit;\"\u003e\u003cspan class=\"MJXp-math\" id=\"MJXp-Span-38\"\u003e\u003cspan class=\"MJXp-mo\" id=\"MJXp-Span-39\" style=\"margin-left: 0.333em; margin-right: 0.333em;\"\u003e=\u003c/span\u003e\u003cspan class=\"MJXp-mn\" id=\"MJXp-Span-40\"\u003e9\u003c/span\u003e\u003c/span\u003e\u003c/span\u003e\u003cspan class=\"MathJax MathJax_Processing\" id=\"MathJax-Element-16-Frame\" tabindex=\"0\"\u003e\u003c/span\u003e\u003cscript type=\"math/tex\" id=\"MathJax-Element-16\"\u003e=9\u003c/script\u003e\u003c/td\u003e\u003ctd\u003e\u003cspan class=\"MathJax_Preview\" style=\"color: inherit;\"\u003e\u003cspan class=\"MJXp-math\" id=\"MJXp-Span-41\"\u003e\u003cspan class=\"MJXp-mo\" id=\"MJXp-Span-42\" style=\"margin-left: 0.333em; margin-right: 0.333em;\"\u003e≤\u003c/span\u003e\u003cspan class=\"MJXp-msubsup\" id=\"MJXp-Span-43\"\u003e\u003cspan class=\"MJXp-mn\" id=\"MJXp-Span-44\" style=\"margin-right: 0.05em;\"\u003e10\u003c/span\u003e\u003cspan class=\"MJXp-mn MJXp-script\" id=\"MJXp-Span-45\" style=\"vertical-align: 0.5em;\"\u003e6\u003c/span\u003e\u003c/span\u003e\u003c/span\u003e\u003c/span\u003e\u003cspan class=\"MathJax MathJax_Processing\" id=\"MathJax-Element-17-Frame\" tabindex=\"0\"\u003e\u003c/span\u003e\u003cscript type=\"math/tex\" id=\"MathJax-Element-17\"\u003e\\leq 10^6\u003c/script\u003e\u003c/td\u003e\u003ctd rowspan=\"6\"\u003e无\u003c/td\u003e\u003c/tr\u003e\u003ctr\u003e\u003ctd\u003e4\u003c/td\u003e\u003ctd\u003e\u003cspan class=\"MathJax_Preview\" style=\"color: inherit;\"\u003e\u003cspan class=\"MJXp-math\" id=\"MJXp-Span-46\"\u003e\u003cspan class=\"MJXp-mo\" id=\"MJXp-Span-47\" style=\"margin-left: 0.333em; margin-right: 0.333em;\"\u003e=\u003c/span\u003e\u003cspan class=\"MJXp-mn\" id=\"MJXp-Span-48\"\u003e8\u003c/span\u003e\u003c/span\u003e\u003c/span\u003e\u003cspan class=\"MathJax MathJax_Processing\" id=\"MathJax-Element-18-Frame\" tabindex=\"0\"\u003e\u003c/span\u003e\u003cscript type=\"math/tex\" id=\"MathJax-Element-18\"\u003e=8\u003c/script\u003e\u003c/td\u003e\u003ctd rowspan=\"5\"\u003e\u003cspan class=\"MathJax_Preview\" style=\"color: inherit;\"\u003e\u003cspan class=\"MJXp-math\" id=\"MJXp-Span-49\"\u003e\u003cspan class=\"MJXp-mo\" id=\"MJXp-Span-50\" style=\"margin-left: 0.333em; margin-right: 0.333em;\"\u003e≤\u003c/span\u003e\u003cspan class=\"MJXp-msubsup\" id=\"MJXp-Span-51\"\u003e\u003cspan class=\"MJXp-mn\" id=\"MJXp-Span-52\" style=\"margin-right: 0.05em;\"\u003e10\u003c/span\u003e\u003cspan class=\"MJXp-mrow MJXp-script\" id=\"MJXp-Span-53\" style=\"vertical-align: 0.5em;\"\u003e\u003cspan class=\"MJXp-mn\" id=\"MJXp-Span-54\"\u003e15\u003c/span\u003e\u003c/span\u003e\u003c/span\u003e\u003c/span\u003e\u003c/span\u003e\u003cspan class=\"MathJax MathJax_Processing\" id=\"MathJax-Element-19-Frame\" tabindex=\"0\"\u003e\u003c/span\u003e\u003cscript type=\"math/tex\" id=\"MathJax-Element-19\"\u003e\\leq 10^{15}\u003c/script\u003e\u003c/td\u003e\u003c/tr\u003e\u003ctr\u003e\u003ctd\u003e5\u003c/td\u003e\u003ctd\u003e\u003cspan class=\"MathJax_Preview\" style=\"color: inherit;\"\u003e\u003cspan class=\"MJXp-math\" id=\"MJXp-Span-55\"\u003e\u003cspan class=\"MJXp-mo\" id=\"MJXp-Span-56\" style=\"margin-left: 0.333em; margin-right: 0.333em;\"\u003e=\u003c/span\u003e\u003cspan class=\"MJXp-mn\" id=\"MJXp-Span-57\"\u003e9\u003c/span\u003e\u003c/span\u003e\u003c/span\u003e\u003cspan class=\"MathJax MathJax_Processing\" id=\"MathJax-Element-20-Frame\" tabindex=\"0\"\u003e\u003c/span\u003e\u003cscript type=\"math/tex\" id=\"MathJax-Element-20\"\u003e=9\u003c/script\u003e\u003c/td\u003e\u003c/tr\u003e\u003ctr\u003e\u003ctd\u003e6\u003c/td\u003e\u003ctd\u003e\u003cspan class=\"MathJax_Preview\" style=\"color: inherit;\"\u003e\u003cspan class=\"MJXp-math\" id=\"MJXp-Span-58\"\u003e\u003cspan class=\"MJXp-mo\" id=\"MJXp-Span-59\" style=\"margin-left: 0.333em; margin-right: 0.333em;\"\u003e=\u003c/span\u003e\u003cspan class=\"MJXp-mn\" id=\"MJXp-Span-60\"\u003e10\u003c/span\u003e\u003c/span\u003e\u003c/span\u003e\u003cspan class=\"MathJax MathJax_Processing\" id=\"MathJax-Element-21-Frame\" tabindex=\"0\"\u003e\u003c/span\u003e\u003cscript type=\"math/tex\" id=\"MathJax-Element-21\"\u003e=10\u003c/script\u003e\u003c/td\u003e\u003c/tr\u003e\u003ctr\u003e\u003ctd\u003e7, 8\u003c/td\u003e\u003ctd\u003e\u003cspan class=\"MathJax_Preview\" style=\"color: inherit;\"\u003e\u003cspan class=\"MJXp-math\" id=\"MJXp-Span-61\"\u003e\u003cspan class=\"MJXp-mo\" id=\"MJXp-Span-62\" style=\"margin-left: 0.333em; margin-right: 0.333em;\"\u003e≤\u003c/span\u003e\u003cspan class=\"MJXp-mn\" id=\"MJXp-Span-63\"\u003e30\u003c/span\u003e\u003c/span\u003e\u003c/span\u003e\u003cspan class=\"MathJax MathJax_Processing\" id=\"MathJax-Element-22-Frame\" tabindex=\"0\"\u003e\u003c/span\u003e\u003cscript type=\"math/tex\" id=\"MathJax-Element-22\"\u003e\\leq 30\u003c/script\u003e\u003c/td\u003e\u003c/tr\u003e\u003ctr\u003e\u003ctd\u003e9, 10\u003c/td\u003e\u003ctd\u003e\u003cspan class=\"MathJax_Preview\" style=\"color: inherit;\"\u003e\u003cspan class=\"MJXp-math\" id=\"MJXp-Span-64\"\u003e\u003cspan class=\"MJXp-mo\" id=\"MJXp-Span-65\" style=\"margin-left: 0.333em; margin-right: 0.333em;\"\u003e≤\u003c/span\u003e\u003cspan class=\"MJXp-mn\" id=\"MJXp-Span-66\"\u003e50\u003c/span\u003e\u003c/span\u003e\u003c/span\u003e\u003cspan class=\"MathJax MathJax_Processing\" id=\"MathJax-Element-23-Frame\" tabindex=\"0\"\u003e\u003c/span\u003e\u003cscript type=\"math/tex\" id=\"MathJax-Element-23\"\u003e\\leq 50\u003c/script\u003e\u003c/td\u003e\u003c/tr\u003e\u003c/tbody\u003e\u003c/table\u003e\u003c/div\u003e",
      "misc": ""
    },
    {
      "title": "下载",
      "content": "\u003cp\u003e\u003ca href=\"/download.php?type=problem\u0026amp;id=202\"\u003e样例数据下载\u003c/a\u003e\u003c/p\u003e",
      "misc": ""
    }
  ],
  "samples": [
    {
      "title": "样例一",
      "input": "\u003cpre\u003e3 10\na\n\n\u003c/pre\u003e",
      "output": "\u003cpre\u003eaaj\n\n\u003c/pre\u003e",
      "explanation": "",
      "misc": ""
    },
    {
      "title": "样例二",
      "input": "\u003cpre\u003e3 10\nxy\n\n\u003c/pre\u003e",
      "output": "\u003cpre\u003eyzz\n\n\u003c/pre\u003e",
      "explanation": "",
      "misc": ""
    },
    {
      "title": "样例三",
      "input": "\u003cpre\u003e1 100\na\n\n\u003c/pre\u003e",
      "output": "\u003cpre\u003e-1\n\n\u003c/pre\u003e",
      "explanation": "",
      "misc": ""
    },
    {
      "title": "样例四",
      "input": "\u003cpre\u003e25 1000000000000000\nu\n\n\u003c/pre\u003e",
      "output": "\u003cpre\u003euuuuuvxzuxvwwyzzuyzvxuvxw\n\n\u003c/pre\u003e",
      "explanation": "",
      "misc": ""
    }
  ],
  "tags": [
    "UOJ",
    "CTSC2016"
  ],
  "rules": {
    "runtime": "1000000000",
    "memory": "536870912",
    "stack": "536870912",
    "source": "51200"
  },
  "meta": {
    "created": "2021-04-09T21:34:35.964037642+08:00",
    "updated": "2021-04-09T21:34:35.964037642+08:00",
    "checked": "2021-04-09T21:34:35.964037642+08:00"
  },
  "misc": ""
}
