{
  "id": "22",
  "title": "外星人",
  "type": "traditional",
  "sections": [
    {
      "title": "",
      "content": "\u003cp\u003e2044年，Picks建成了人类第一台基于量子理论的银河系信息传递机。\u003c/p\u003e\u003cp\u003ePicks游遍了宇宙，雇用了 \u003cspan class=\"MathJax_Preview\" style=\"color: inherit;\"\u003e\u003cspan class=\"MJXp-math\" id=\"MJXp-Span-1\"\u003e\u003cspan class=\"MJXp-mi MJXp-italic\" id=\"MJXp-Span-2\"\u003en\u003c/span\u003e\u003c/span\u003e\u003c/span\u003e\u003cscript type=\"math/tex\" id=\"MathJax-Element-1\"\u003en\u003c/script\u003e 个外星人来帮他作为信息传递机的中转站。我们将外星人依次编号为 \u003cspan class=\"MathJax_Preview\" style=\"color: inherit;\"\u003e\u003cspan class=\"MJXp-math\" id=\"MJXp-Span-3\"\u003e\u003cspan class=\"MJXp-mn\" id=\"MJXp-Span-4\"\u003e1\u003c/span\u003e\u003c/span\u003e\u003c/span\u003e\u003cscript type=\"math/tex\" id=\"MathJax-Element-2\"\u003e1\u003c/script\u003e 到 \u003cspan class=\"MathJax_Preview\" style=\"color: inherit;\"\u003e\u003cspan class=\"MJXp-math\" id=\"MJXp-Span-5\"\u003e\u003cspan class=\"MJXp-mi MJXp-italic\" id=\"MJXp-Span-6\"\u003en\u003c/span\u003e\u003c/span\u003e\u003c/span\u003e\u003cscript type=\"math/tex\" id=\"MathJax-Element-3\"\u003en\u003c/script\u003e，其中 \u003cspan class=\"MathJax_Preview\" style=\"color: inherit;\"\u003e\u003cspan class=\"MJXp-math\" id=\"MJXp-Span-7\"\u003e\u003cspan class=\"MJXp-mi MJXp-italic\" id=\"MJXp-Span-8\"\u003ei\u003c/span\u003e\u003c/span\u003e\u003c/span\u003e\u003cscript type=\"math/tex\" id=\"MathJax-Element-4\"\u003ei\u003c/script\u003e 号外星人有 \u003cspan class=\"MathJax_Preview\" style=\"color: inherit;\"\u003e\u003cspan class=\"MJXp-math\" id=\"MJXp-Span-9\"\u003e\u003cspan class=\"MJXp-msubsup\" id=\"MJXp-Span-10\"\u003e\u003cspan class=\"MJXp-mi MJXp-italic\" id=\"MJXp-Span-11\" style=\"margin-right: 0.05em;\"\u003ea\u003c/span\u003e\u003cspan class=\"MJXp-mi MJXp-italic MJXp-script\" id=\"MJXp-Span-12\" style=\"vertical-align: -0.4em;\"\u003ei\u003c/span\u003e\u003c/span\u003e\u003c/span\u003e\u003c/span\u003e\u003cscript type=\"math/tex\" id=\"MathJax-Element-5\"\u003ea_i\u003c/script\u003e 根手指。\u003c/p\u003e\u003cp\u003e外星人都是很低级的，于是Picks花费了很大的精力，才教会他们学会扳手指数数。\u003c/p\u003e\u003cp\u003ePicks现在准备传递 \u003cspan class=\"MathJax_Preview\" style=\"color: inherit;\"\u003e\u003cspan class=\"MJXp-math\" id=\"MJXp-Span-13\"\u003e\u003cspan class=\"MJXp-mi MJXp-italic\" id=\"MJXp-Span-14\"\u003ex\u003c/span\u003e\u003c/span\u003e\u003c/span\u003e\u003cscript type=\"math/tex\" id=\"MathJax-Element-6\"\u003ex\u003c/script\u003e 个脉冲信号给VFleaKing，于是他把信号发给\u003cspan class=\"MathJax_Preview\" style=\"color: inherit;\"\u003e\u003cspan class=\"MJXp-math\" id=\"MJXp-Span-15\"\u003e\u003cspan class=\"MJXp-mn\" id=\"MJXp-Span-16\"\u003e1\u003c/span\u003e\u003c/span\u003e\u003c/span\u003e\u003cscript type=\"math/tex\" id=\"MathJax-Element-7\"\u003e1\u003c/script\u003e号外星人，然后\u003cspan class=\"MathJax_Preview\" style=\"color: inherit;\"\u003e\u003cspan class=\"MJXp-math\" id=\"MJXp-Span-17\"\u003e\u003cspan class=\"MJXp-mn\" id=\"MJXp-Span-18\"\u003e1\u003c/span\u003e\u003c/span\u003e\u003c/span\u003e\u003cscript type=\"math/tex\" id=\"MathJax-Element-8\"\u003e1\u003c/script\u003e号外星人把信号发送给\u003cspan class=\"MathJax_Preview\" style=\"color: inherit;\"\u003e\u003cspan class=\"MJXp-math\" id=\"MJXp-Span-19\"\u003e\u003cspan class=\"MJXp-mn\" id=\"MJXp-Span-20\"\u003e2\u003c/span\u003e\u003c/span\u003e\u003c/span\u003e\u003cscript type=\"math/tex\" id=\"MathJax-Element-9\"\u003e2\u003c/script\u003e号外星人，\u003cspan class=\"MathJax_Preview\" style=\"color: inherit;\"\u003e\u003cspan class=\"MJXp-math\" id=\"MJXp-Span-21\"\u003e\u003cspan class=\"MJXp-mn\" id=\"MJXp-Span-22\"\u003e2\u003c/span\u003e\u003c/span\u003e\u003c/span\u003e\u003cscript type=\"math/tex\" id=\"MathJax-Element-10\"\u003e2\u003c/script\u003e号外星人把信号发送给\u003cspan class=\"MathJax_Preview\" style=\"color: inherit;\"\u003e\u003cspan class=\"MJXp-math\" id=\"MJXp-Span-23\"\u003e\u003cspan class=\"MJXp-mn\" id=\"MJXp-Span-24\"\u003e3\u003c/span\u003e\u003c/span\u003e\u003c/span\u003e\u003cscript type=\"math/tex\" id=\"MathJax-Element-11\"\u003e3\u003c/script\u003e号外星人，依次类推，最后\u003cspan class=\"MathJax_Preview\" style=\"color: inherit;\"\u003e\u003cspan class=\"MJXp-math\" id=\"MJXp-Span-25\"\u003e\u003cspan class=\"MJXp-mi MJXp-italic\" id=\"MJXp-Span-26\"\u003en\u003c/span\u003e\u003c/span\u003e\u003c/span\u003e\u003cscript type=\"math/tex\" id=\"MathJax-Element-12\"\u003en\u003c/script\u003e号外星人把信号发给VFleaKing。\u003c/p\u003e\u003cp\u003e但是事情没有Picks想象的那么顺利，由于外星人手指个数有限，所以如果 \u003cspan class=\"MathJax_Preview\" style=\"color: inherit;\"\u003e\u003cspan class=\"MJXp-math\" id=\"MJXp-Span-27\"\u003e\u003cspan class=\"MJXp-mi MJXp-italic\" id=\"MJXp-Span-28\"\u003ei\u003c/span\u003e\u003c/span\u003e\u003c/span\u003e\u003cscript type=\"math/tex\" id=\"MathJax-Element-13\"\u003ei\u003c/script\u003e 号外星人收到了 \u003cspan class=\"MathJax_Preview\" style=\"color: inherit;\"\u003e\u003cspan class=\"MJXp-math\" id=\"MJXp-Span-29\"\u003e\u003cspan class=\"MJXp-mi MJXp-italic\" id=\"MJXp-Span-30\"\u003et\u003c/span\u003e\u003c/span\u003e\u003c/span\u003e\u003cscript type=\"math/tex\" id=\"MathJax-Element-14\"\u003et\u003c/script\u003e 个脉冲信号，他会错误的以为发送过来的是 \u003cspan class=\"MathJax_Preview\" style=\"color: inherit;\"\u003e\u003cspan class=\"MJXp-math\" id=\"MJXp-Span-31\"\u003e\u003cspan class=\"MJXp-mi MJXp-italic\" id=\"MJXp-Span-32\"\u003et\u003c/span\u003e\u003cspan class=\"MJXp-mo\" id=\"MJXp-Span-33\"\u003emod\u003c/span\u003e\u003c/span\u003e\u003c/span\u003e\u003cscript type=\"math/tex\"\u003et \\bmod a_i\u003c/script\u003e 个脉冲信号，导致只发送了 \u003cspan class=\"MathJax_Preview\"\u003et \\bmod a_i\u003c/span\u003e\u003cscript type=\"math/tex\"\u003et \\bmod a_i\u003c/script\u003e 个脉冲信号出去。\u003c/p\u003e\u003cp\u003ePicks希望他发送出去的脉冲信号数量 \u003cspan class=\"MathJax_Preview\"\u003ex\u003c/span\u003e\u003cscript type=\"math/tex\"\u003ex\u003c/script\u003e 与VFleaKing收到的脉冲信号数量 \u003cspan class=\"MathJax_Preview\"\u003ey\u003c/span\u003e\u003cscript type=\"math/tex\"\u003ey\u003c/script\u003e 的差的绝对值尽量小。于是他决定通过重新排列这些外星人的顺序来达到这一目的。请你求出与 \u003cspan class=\"MathJax_Preview\"\u003ex\u003c/span\u003e\u003cscript type=\"math/tex\"\u003ex\u003c/script\u003e 之差最小的 \u003cspan class=\"MathJax_Preview\"\u003ey\u003c/span\u003e\u003cscript type=\"math/tex\"\u003ey\u003c/script\u003e。除此之外，请求出有多少种排列外星人的方式能达到最优解，你只需要输出方案数对 \u003cspan class=\"MathJax_Preview\"\u003e998244353\u003c/span\u003e\u003cscript type=\"math/tex\"\u003e998244353\u003c/script\u003e（\u003cspan class=\"MathJax_Preview\"\u003e7 \\times 17 \\times 2^{23} + 1\u003c/span\u003e\u003cscript type=\"math/tex\"\u003e7 \\times 17 \\times 2^{23} + 1\u003c/script\u003e，一个质数）取模后的结果。\u003c/p\u003e",
      "misc": ""
    },
    {
      "title": "输入格式",
      "content": "\u003cp\u003e第一行两个正整数\u003cspan class=\"MathJax_Preview\"\u003en, x\u003c/span\u003e\u003cscript type=\"math/tex\"\u003en, x\u003c/script\u003e。\u003c/p\u003e\u003cp\u003e接下来一行有 \u003cspan class=\"MathJax_Preview\"\u003en\u003c/span\u003e\u003cscript type=\"math/tex\"\u003en\u003c/script\u003e 个正整数 \u003cspan class=\"MathJax_Preview\"\u003ea_i\u003c/span\u003e\u003cscript type=\"math/tex\"\u003ea_i\u003c/script\u003e，表示 \u003cspan class=\"MathJax_Preview\"\u003ei\u003c/span\u003e\u003cscript type=\"math/tex\"\u003ei\u003c/script\u003e 号外星人的手指数。\u003c/p\u003e",
      "misc": ""
    },
    {
      "title": "输出格式",
      "content": "\u003cp\u003e第一行一个整数表示最优情况下VFleaKing收到的脉冲数量。\u003c/p\u003e\u003cp\u003e第二行一个整数表示达到最优情况的方案数。\u003c/p\u003e",
      "misc": ""
    },
    {
      "title": "限制与约定",
      "content": "\u003cp\u003e对于每个测试点，答对第一问可获得 40% 的分数，答对第二问可获得 60% 的分数。\u003c/p\u003e\u003cp\u003e\u003cstrong\u003e请注意你必须输出两个整数否则会判0分。\u003c/strong\u003e假如你只做了第一问，那么你应该输出你第一问的答案，然后再随便输出一个第二问的答案。\u003c/p\u003e\u003cdiv class=\"table-responsive\"\u003e\n\u003ctable class=\"table table-bordered table-text-center table-vertical-middle\"\u003e\u003cthead\u003e\u003ctr\u003e\u003cth\u003e测试点编号\u003c/th\u003e\n\u003cth\u003e\u003cspan class=\"MathJax_Preview\" style=\"color: inherit;\"\u003e\u003cspan class=\"MJXp-math\" id=\"MJXp-Span-103\"\u003e\u003cspan class=\"MJXp-mi MJXp-italic\" id=\"MJXp-Span-104\"\u003en\u003c/span\u003e\u003c/span\u003e\u003c/span\u003e\u003cscript type=\"math/tex\" id=\"MathJax-Element-31\"\u003en\u003c/script\u003e的规模\u003c/th\u003e\n\u003cth\u003e\u003cspan class=\"MathJax_Preview\" style=\"color: inherit;\"\u003e\u003cspan class=\"MJXp-math\" id=\"MJXp-Span-105\"\u003e\u003cspan class=\"MJXp-mi MJXp-italic\" id=\"MJXp-Span-106\"\u003ex\u003c/span\u003e\u003c/span\u003e\u003c/span\u003e\u003cscript type=\"math/tex\" id=\"MathJax-Element-32\"\u003ex\u003c/script\u003e 和 \u003cspan class=\"MathJax_Preview\" style=\"color: inherit;\"\u003e\u003cspan class=\"MJXp-math\" id=\"MJXp-Span-107\"\u003e\u003cspan class=\"MJXp-msubsup\" id=\"MJXp-Span-108\"\u003e\u003cspan class=\"MJXp-mi MJXp-italic\" id=\"MJXp-Span-109\" style=\"margin-right: 0.05em;\"\u003ea\u003c/span\u003e\u003cspan class=\"MJXp-mi MJXp-italic MJXp-script\" id=\"MJXp-Span-110\" style=\"vertical-align: -0.4em;\"\u003ei\u003c/span\u003e\u003c/span\u003e\u003c/span\u003e\u003c/span\u003e\u003cscript type=\"math/tex\" id=\"MathJax-Element-33\"\u003ea_i\u003c/script\u003e的规模\u003c/th\u003e\n\u003c/tr\u003e\u003c/thead\u003e\u003ctbody\u003e\u003ctr\u003e\u003ctd\u003e1\u003c/td\u003e\u003ctd\u003e\u003cspan class=\"MathJax_Preview\" style=\"color: inherit;\"\u003e\u003cspan class=\"MJXp-math\" id=\"MJXp-Span-111\"\u003e\u003cspan class=\"MJXp-mi MJXp-italic\" id=\"MJXp-Span-112\"\u003en\u003c/span\u003e\u003cspan class=\"MJXp-mo\" id=\"MJXp-Span-113\" style=\"margin-left: 0.333em; margin-right: 0.333em;\"\u003e≤\u003c/span\u003e\u003cspan class=\"MJXp-mn\" id=\"MJXp-Span-114\"\u003e10\u003c/span\u003e\u003c/span\u003e\u003c/span\u003e\u003cscript type=\"math/tex\" id=\"MathJax-Element-34\"\u003en \\leq 10\u003c/script\u003e\u003c/td\u003e\u003ctd\u003e\u003cspan class=\"MathJax_Preview\" style=\"color: inherit;\"\u003e\u003cspan class=\"MJXp-math\" id=\"MJXp-Span-115\"\u003e\u003cspan class=\"MJXp-mi MJXp-italic\" id=\"MJXp-Span-116\"\u003ex\u003c/span\u003e\u003cspan class=\"MJXp-mo\" id=\"MJXp-Span-117\" style=\"margin-left: 0em; margin-right: 0.222em;\"\u003e,\u003c/span\u003e\u003cspan class=\"MJXp-msubsup\" id=\"MJXp-Span-118\"\u003e\u003cspan class=\"MJXp-mi MJXp-italic\" id=\"MJXp-Span-119\" style=\"margin-right: 0.05em;\"\u003ea\u003c/span\u003e\u003cspan class=\"MJXp-mi MJXp-italic MJXp-script\" id=\"MJXp-Span-120\" style=\"vertical-align: -0.4em;\"\u003ei\u003c/span\u003e\u003c/span\u003e\u003cspan class=\"MJXp-mo\" id=\"MJXp-Span-121\" style=\"margin-left: 0.333em; margin-right: 0.333em;\"\u003e≤\u003c/span\u003e\u003cspan class=\"MJXp-mn\" id=\"MJXp-Span-122\"\u003e20\u003c/span\u003e\u003c/span\u003e\u003c/span\u003e\u003cscript type=\"math/tex\" id=\"MathJax-Element-35\"\u003ex, a_i \\leq 20\u003c/script\u003e\u003c/td\u003e\u003c/tr\u003e\u003ctr\u003e\u003ctd\u003e2\u003c/td\u003e\u003ctd rowspan=\"2\"\u003e\u003cspan class=\"MathJax_Preview\" style=\"color: inherit;\"\u003e\u003cspan class=\"MJXp-math\" id=\"MJXp-Span-123\"\u003e\u003cspan class=\"MJXp-mi MJXp-italic\" id=\"MJXp-Span-124\"\u003en\u003c/span\u003e\u003cspan class=\"MJXp-mo\" id=\"MJXp-Span-125\" style=\"margin-left: 0.333em; margin-right: 0.333em;\"\u003e≤\u003c/span\u003e\u003cspan class=\"MJXp-mn\" id=\"MJXp-Span-126\"\u003e50\u003c/span\u003e\u003c/span\u003e\u003c/span\u003e\u003cscript type=\"math/tex\" id=\"MathJax-Element-36\"\u003en \\leq 50\u003c/script\u003e\u003c/td\u003e\u003ctd rowspan=\"2\"\u003e\u003cspan class=\"MathJax_Preview\" style=\"color: inherit;\"\u003e\u003cspan class=\"MJXp-math\" id=\"MJXp-Span-127\"\u003e\u003cspan class=\"MJXp-mi MJXp-italic\" id=\"MJXp-Span-128\"\u003ex\u003c/span\u003e\u003cspan class=\"MJXp-mo\" id=\"MJXp-Span-129\" style=\"margin-left: 0em; margin-right: 0.222em;\"\u003e,\u003c/span\u003e\u003cspan class=\"MJXp-msubsup\" id=\"MJXp-Span-130\"\u003e\u003cspan class=\"MJXp-mi MJXp-italic\" id=\"MJXp-Span-131\" style=\"margin-right: 0.05em;\"\u003ea\u003c/span\u003e\u003cspan class=\"MJXp-mi MJXp-italic MJXp-script\" id=\"MJXp-Span-132\" style=\"vertical-align: -0.4em;\"\u003ei\u003c/span\u003e\u003c/span\u003e\u003cspan class=\"MJXp-mo\" id=\"MJXp-Span-133\" style=\"margin-left: 0.333em; margin-right: 0.333em;\"\u003e≤\u003c/span\u003e\u003cspan class=\"MJXp-mn\" id=\"MJXp-Span-134\"\u003e100\u003c/span\u003e\u003c/span\u003e\u003c/span\u003e\u003cscript type=\"math/tex\" id=\"MathJax-Element-37\"\u003ex, a_i \\leq 100\u003c/script\u003e\u003c/td\u003e\u003c/tr\u003e\u003ctr\u003e\u003ctd\u003e3\u003c/td\u003e\u003c/tr\u003e\u003ctr\u003e\u003ctd\u003e4\u003c/td\u003e\u003ctd rowspan=\"3\"\u003e\u003cspan class=\"MathJax_Preview\" style=\"color: inherit;\"\u003e\u003cspan class=\"MJXp-math\" id=\"MJXp-Span-135\"\u003e\u003cspan class=\"MJXp-mi MJXp-italic\" id=\"MJXp-Span-136\"\u003en\u003c/span\u003e\u003cspan class=\"MJXp-mo\" id=\"MJXp-Span-137\" style=\"margin-left: 0.333em; margin-right: 0.333em;\"\u003e≤\u003c/span\u003e\u003cspan class=\"MJXp-mn\" id=\"MJXp-Span-138\"\u003e100\u003c/span\u003e\u003c/span\u003e\u003c/span\u003e\u003cscript type=\"math/tex\" id=\"MathJax-Element-38\"\u003en \\leq 100\u003c/script\u003e\u003c/td\u003e\u003ctd rowspan=\"3\"\u003e\u003cspan class=\"MathJax_Preview\" style=\"color: inherit;\"\u003e\u003cspan class=\"MJXp-math\" id=\"MJXp-Span-139\"\u003e\u003cspan class=\"MJXp-mi MJXp-italic\" id=\"MJXp-Span-140\"\u003ex\u003c/span\u003e\u003cspan class=\"MJXp-mo\" id=\"MJXp-Span-141\" style=\"margin-left: 0em; margin-right: 0.222em;\"\u003e,\u003c/span\u003e\u003cspan class=\"MJXp-msubsup\" id=\"MJXp-Span-142\"\u003e\u003cspan class=\"MJXp-mi MJXp-italic\" id=\"MJXp-Span-143\" style=\"margin-right: 0.05em;\"\u003ea\u003c/span\u003e\u003cspan class=\"MJXp-mi MJXp-italic MJXp-script\" id=\"MJXp-Span-144\" style=\"vertical-align: -0.4em;\"\u003ei\u003c/span\u003e\u003c/span\u003e\u003cspan class=\"MJXp-mo\" id=\"MJXp-Span-145\" style=\"margin-left: 0.333em; margin-right: 0.333em;\"\u003e≤\u003c/span\u003e\u003cspan class=\"MJXp-mn\" id=\"MJXp-Span-146\"\u003e500\u003c/span\u003e\u003c/span\u003e\u003c/span\u003e\u003cscript type=\"math/tex\" id=\"MathJax-Element-39\"\u003ex, a_i \\leq 500\u003c/script\u003e\u003c/td\u003e\u003c/tr\u003e\u003ctr\u003e\u003ctd\u003e5\u003c/td\u003e\u003c/tr\u003e\u003ctr\u003e\u003ctd\u003e6\u003c/td\u003e\u003c/tr\u003e\u003ctr\u003e\u003ctd\u003e7\u003c/td\u003e\u003ctd rowspan=\"4\"\u003e\u003cspan class=\"MathJax_Preview\" style=\"color: inherit;\"\u003e\u003cspan class=\"MJXp-math\" id=\"MJXp-Span-147\"\u003e\u003cspan class=\"MJXp-mi MJXp-italic\" id=\"MJXp-Span-148\"\u003en\u003c/span\u003e\u003cspan class=\"MJXp-mo\" id=\"MJXp-Span-149\" style=\"margin-left: 0.333em; margin-right: 0.333em;\"\u003e≤\u003c/span\u003e\u003cspan class=\"MJXp-mn\" id=\"MJXp-Span-150\"\u003e1000\u003c/span\u003e\u003c/span\u003e\u003c/span\u003e\u003cscript type=\"math/tex\" id=\"MathJax-Element-40\"\u003en \\leq 1000\u003c/script\u003e\u003c/td\u003e\u003ctd rowspan=\"4\"\u003e\u003cspan class=\"MathJax_Preview\" style=\"color: inherit;\"\u003e\u003cspan class=\"MJXp-math\" id=\"MJXp-Span-151\"\u003e\u003cspan class=\"MJXp-mi MJXp-italic\" id=\"MJXp-Span-152\"\u003ex\u003c/span\u003e\u003cspan class=\"MJXp-mo\" id=\"MJXp-Span-153\" style=\"margin-left: 0em; margin-right: 0.222em;\"\u003e,\u003c/span\u003e\u003cspan class=\"MJXp-msubsup\" id=\"MJXp-Span-154\"\u003e\u003cspan class=\"MJXp-mi MJXp-italic\" id=\"MJXp-Span-155\" style=\"margin-right: 0.05em;\"\u003ea\u003c/span\u003e\u003cspan class=\"MJXp-mi MJXp-italic MJXp-script\" id=\"MJXp-Span-156\" style=\"vertical-align: -0.4em;\"\u003ei\u003c/span\u003e\u003c/span\u003e\u003cspan class=\"MJXp-mo\" id=\"MJXp-Span-157\" style=\"margin-left: 0.333em; margin-right: 0.333em;\"\u003e≤\u003c/span\u003e\u003cspan class=\"MJXp-mn\" id=\"MJXp-Span-158\"\u003e5000\u003c/span\u003e\u003c/span\u003e\u003c/span\u003e\u003cscript type=\"math/tex\" id=\"MathJax-Element-41\"\u003ex, a_i \\leq 5000\u003c/script\u003e\u003c/td\u003e\u003c/tr\u003e\u003ctr\u003e\u003ctd\u003e8\u003c/td\u003e\u003c/tr\u003e\u003ctr\u003e\u003ctd\u003e9\u003c/td\u003e\u003c/tr\u003e\u003ctr\u003e\u003ctd\u003e10\u003c/td\u003e\u003c/tr\u003e\u003c/tbody\u003e\u003c/table\u003e\u003c/div\u003e",
      "misc": ""
    },
    {
      "title": "下载",
      "content": "\u003cp\u003e\u003ca href=\"/download.php?type=problem\u0026amp;id=22\"\u003e样例数据下载\u003c/a\u003e\u003c/p\u003e",
      "misc": ""
    }
  ],
  "samples": [
    {
      "title": "样例一",
      "input": "\u003cpre\u003e2 15\n7 10\n\n\u003c/pre\u003e",
      "output": "\u003cpre\u003e5\n1\n\n\u003c/pre\u003e",
      "explanation": "\u003cp\u003e共两种可行方案：\u003c/p\u003e\u003col\u003e\u003cli\u003e\u003cspan class=\"MathJax_Preview\" style=\"color: inherit;\"\u003e\u003cspan class=\"MJXp-math\" id=\"MJXp-Span-79\"\u003e\u003cspan class=\"MJXp-mn\" id=\"MJXp-Span-80\"\u003e15\u003c/span\u003e\u003cspan class=\"MJXp-mo\" id=\"MJXp-Span-81\" style=\"margin-left: 0.278em; margin-right: 0.278em;\"\u003emod\u003c/span\u003e\u003cspan class=\"MJXp-mn\" id=\"MJXp-Span-82\"\u003e7\u003c/span\u003e\u003cspan class=\"MJXp-mo\" id=\"MJXp-Span-83\" style=\"margin-left: 0.333em; margin-right: 0.333em;\"\u003e=\u003c/span\u003e\u003cspan class=\"MJXp-mn\" id=\"MJXp-Span-84\"\u003e1\u003c/span\u003e\u003c/span\u003e\u003c/span\u003e\u003cscript type=\"math/tex\" id=\"MathJax-Element-27\"\u003e15 \\bmod 7 = 1\u003c/script\u003e，\u003cspan class=\"MathJax_Preview\" style=\"color: inherit;\"\u003e\u003cspan class=\"MJXp-math\" id=\"MJXp-Span-85\"\u003e\u003cspan class=\"MJXp-mn\" id=\"MJXp-Span-86\"\u003e1\u003c/span\u003e\u003cspan class=\"MJXp-mo\" id=\"MJXp-Span-87\" style=\"margin-left: 0.278em; margin-right: 0.278em;\"\u003emod\u003c/span\u003e\u003cspan class=\"MJXp-mn\" id=\"MJXp-Span-88\"\u003e10\u003c/span\u003e\u003cspan class=\"MJXp-mo\" id=\"MJXp-Span-89\" style=\"margin-left: 0.333em; margin-right: 0.333em;\"\u003e=\u003c/span\u003e\u003cspan class=\"MJXp-mn\" id=\"MJXp-Span-90\"\u003e1\u003c/span\u003e\u003c/span\u003e\u003c/span\u003e\u003cscript type=\"math/tex\" id=\"MathJax-Element-28\"\u003e1 \\bmod 10 = 1\u003c/script\u003e\u003c/li\u003e\n\u003cli\u003e\u003cspan class=\"MathJax_Preview\" style=\"color: inherit;\"\u003e\u003cspan class=\"MJXp-math\" id=\"MJXp-Span-91\"\u003e\u003cspan class=\"MJXp-mn\" id=\"MJXp-Span-92\"\u003e15\u003c/span\u003e\u003cspan class=\"MJXp-mo\" id=\"MJXp-Span-93\" style=\"margin-left: 0.278em; margin-right: 0.278em;\"\u003emod\u003c/span\u003e\u003cspan class=\"MJXp-mn\" id=\"MJXp-Span-94\"\u003e10\u003c/span\u003e\u003cspan class=\"MJXp-mo\" id=\"MJXp-Span-95\" style=\"margin-left: 0.333em; margin-right: 0.333em;\"\u003e=\u003c/span\u003e\u003cspan class=\"MJXp-mn\" id=\"MJXp-Span-96\"\u003e5\u003c/span\u003e\u003c/span\u003e\u003c/span\u003e\u003cscript type=\"math/tex\" id=\"MathJax-Element-29\"\u003e15 \\bmod 10 = 5\u003c/script\u003e，\u003cspan class=\"MathJax_Preview\" style=\"color: inherit;\"\u003e\u003cspan class=\"MJXp-math\" id=\"MJXp-Span-97\"\u003e\u003cspan class=\"MJXp-mn\" id=\"MJXp-Span-98\"\u003e5\u003c/span\u003e\u003cspan class=\"MJXp-mo\" id=\"MJXp-Span-99\" style=\"margin-left: 0.278em; margin-right: 0.278em;\"\u003emod\u003c/span\u003e\u003cspan class=\"MJXp-mn\" id=\"MJXp-Span-100\"\u003e7\u003c/span\u003e\u003cspan class=\"MJXp-mo\" id=\"MJXp-Span-101\" style=\"margin-left: 0.333em; margin-right: 0.333em;\"\u003e=\u003c/span\u003e\u003cspan class=\"MJXp-mn\" id=\"MJXp-Span-102\"\u003e5\u003c/span\u003e\u003c/span\u003e\u003c/span\u003e\u003cscript type=\"math/tex\" id=\"MathJax-Element-30\"\u003e5 \\bmod 7 = 5\u003c/script\u003e\u003c/li\u003e\n\u003c/ol\u003e\u003cp\u003e显然第二种方案更优。\u003c/p\u003e",
      "misc": ""
    },
    {
      "title": "样例二",
      "input": "\u003cpre\u003e7 33\n2 4 6 8 16 16 32\n\n\u003c/pre\u003e",
      "output": "\u003cpre\u003e1\n5040\n\n\u003c/pre\u003e",
      "explanation": "\u003cp\u003e每个排列方案都是最优解。\u003c/p\u003e",
      "misc": ""
    },
    {
      "title": "样例三",
      "input": "",
      "output": "",
      "explanation": "",
      "misc": "\u003cp\u003e见样例数据下载\u003c/p\u003e"
    }
  ],
  "tags": [
    "UOJ",
    "UR #1"
  ],
  "rules": {
    "runtime": "1000000000",
    "memory": "268435456",
    "stack": "268435456",
    "source": "51200"
  },
  "meta": {
    "created": "2021-04-09T21:29:21.063138062+08:00",
    "updated": "2021-04-09T21:29:21.063138062+08:00",
    "checked": "2021-04-09T21:29:21.063138062+08:00"
  },
  "misc": ""
}
