{
  "id": "220",
  "title": "网格",
  "type": "traditional",
  "sections": [
    {
      "title": "",
      "content": "\u003cp\u003e跳蚤国王和蛐蛐国王在玩一个游戏。\u003c/p\u003e\u003cp\u003e他们在一个 \u003cspan class=\"MathJax_Preview\" style=\"color: inherit;\"\u003e\u003cspan class=\"MJXp-math\" id=\"MJXp-Span-1\"\u003e\u003cspan class=\"MJXp-mi MJXp-italic\" id=\"MJXp-Span-2\"\u003en\u003c/span\u003e\u003c/span\u003e\u003c/span\u003e\u003cscript type=\"math/tex\" id=\"MathJax-Element-1\"\u003en\u003c/script\u003e 行 \u003cspan class=\"MathJax_Preview\" style=\"color: inherit;\"\u003e\u003cspan class=\"MJXp-math\" id=\"MJXp-Span-3\"\u003e\u003cspan class=\"MJXp-mi MJXp-italic\" id=\"MJXp-Span-4\"\u003em\u003c/span\u003e\u003c/span\u003e\u003c/span\u003e\u003cscript type=\"math/tex\" id=\"MathJax-Element-2\"\u003em\u003c/script\u003e 列的网格上排兵布阵。其中的 \u003cspan class=\"MathJax_Preview\" style=\"color: inherit;\"\u003e\u003cspan class=\"MJXp-math\" id=\"MJXp-Span-5\"\u003e\u003cspan class=\"MJXp-mi MJXp-italic\" id=\"MJXp-Span-6\"\u003ec\u003c/span\u003e\u003c/span\u003e\u003c/span\u003e\u003cscript type=\"math/tex\" id=\"MathJax-Element-3\"\u003ec\u003c/script\u003e 个格子中 \u003cspan class=\"MathJax_Preview\" style=\"color: inherit;\"\u003e\u003cspan class=\"MJXp-math\" id=\"MJXp-Span-7\"\u003e\u003cspan class=\"MJXp-mo\" id=\"MJXp-Span-8\" style=\"margin-left: 0em; margin-right: 0em;\"\u003e(\u003c/span\u003e\u003cspan class=\"MJXp-mn\" id=\"MJXp-Span-9\"\u003e0\u003c/span\u003e\u003cspan class=\"MJXp-mo\" id=\"MJXp-Span-10\" style=\"margin-left: 0.333em; margin-right: 0.333em;\"\u003e≤\u003c/span\u003e\u003cspan class=\"MJXp-mi MJXp-italic\" id=\"MJXp-Span-11\"\u003ec\u003c/span\u003e\u003cspan class=\"MJXp-mo\" id=\"MJXp-Span-12\" style=\"margin-left: 0.333em; margin-right: 0.333em;\"\u003e≤\u003c/span\u003e\u003cspan class=\"MJXp-mi MJXp-italic\" id=\"MJXp-Span-13\"\u003en\u003c/span\u003e\u003cspan class=\"MJXp-mi MJXp-italic\" id=\"MJXp-Span-14\"\u003em\u003c/span\u003e\u003cspan class=\"MJXp-mo\" id=\"MJXp-Span-15\" style=\"margin-left: 0em; margin-right: 0em;\"\u003e)\u003c/span\u003e\u003c/span\u003e\u003c/span\u003e\u003cscript type=\"math/tex\" id=\"MathJax-Element-4\"\u003e(0 \\le c \\le nm)\u003c/script\u003e，每个格子有一只蛐蛐，其余的格子中，每个格子有一只跳蚤。\u003c/p\u003e\u003cp\u003e我们称占据的格子有公共边的两只跳蚤是\u003cstrong\u003e相邻\u003c/strong\u003e的。\u003c/p\u003e\u003cp\u003e我们称两只跳蚤是\u003cstrong\u003e连通\u003c/strong\u003e的，当且仅当这两只跳蚤\u003cstrong\u003e相邻\u003c/strong\u003e，或存在另一只跳蚤与这两只跳蚤都\u003cstrong\u003e连通\u003c/strong\u003e。\u003c/p\u003e\u003cp\u003e现在，蛐蛐国王希望，将某些（0 个，1 个或多个）跳蚤替换成蛐蛐，使得在此之后存在至少两只跳蚤\u003cstrong\u003e不连通\u003c/strong\u003e。\u003c/p\u003e\u003cp\u003e例如：我们用图\u003cimg src=\"//img.uoj.ac/problem/220/flea.png\" alt=\"flea\"\u003e表示一只跳蚤，用图\u003cimg src=\"//img.uoj.ac/problem/220/cricket.png\" alt=\"cricket\"\u003e表示一只蛐蛐，那么图 1 描述了一个 \u003cspan class=\"MathJax_Preview\" style=\"color: inherit;\"\u003e\u003cspan class=\"MJXp-math\" id=\"MJXp-Span-16\"\u003e\u003cspan class=\"MJXp-mi MJXp-italic\" id=\"MJXp-Span-17\"\u003en\u003c/span\u003e\u003cspan class=\"MJXp-mo\" id=\"MJXp-Span-18\" style=\"margin-left: 0.333em; margin-right: 0.333em;\"\u003e=\u003c/span\u003e\u003cspan class=\"MJXp-mn\" id=\"MJXp-Span-19\"\u003e4\u003c/span\u003e\u003cspan class=\"MJXp-mo\" id=\"MJXp-Span-20\" style=\"margin-left: 0em; margin-right: 0.222em;\"\u003e,\u003c/span\u003e\u003cspan class=\"MJXp-mi MJXp-italic\" id=\"MJXp-Span-21\"\u003em\u003c/span\u003e\u003cspan class=\"MJXp-mo\" id=\"MJXp-Span-22\" style=\"margin-left: 0.333em; margin-right: 0.333em;\"\u003e=\u003c/span\u003e\u003cspan class=\"MJXp-mn\" id=\"MJXp-Span-23\"\u003e4\u003c/span\u003e\u003cspan class=\"MJXp-mo\" id=\"MJXp-Span-24\" style=\"margin-left: 0em; margin-right: 0.222em;\"\u003e,\u003c/span\u003e\u003cspan class=\"MJXp-mi MJXp-italic\" id=\"MJXp-Span-25\"\u003ec\u003c/span\u003e\u003cspan class=\"MJXp-mo\" id=\"MJXp-Span-26\" style=\"margin-left: 0.333em; margin-right: 0.333em;\"\u003e=\u003c/span\u003e\u003cspan class=\"MJXp-mn\" id=\"MJXp-Span-27\"\u003e2\u003c/span\u003e\u003c/span\u003e\u003c/span\u003e\u003cscript type=\"math/tex\" id=\"MathJax-Element-5\"\u003en=4, m=4, c=2\u003c/script\u003e 的情况。\u003c/p\u003e\u003cp\u003e这种情况下蛐蛐国王可以通过将第 2 行第 2 列，和第 3 行第 3 列的两只跳蚤替换为蛐蛐，从而达成他的希望，如图 2 所示。并且，不存在更优的方案，但是可能存在其他替换 2 只跳蚤的方案。\u003c/p\u003e\u003cdiv class=\"row\"\u003e\n\u003cdiv class=\"col-sm-6\"\u003e\n    \u003cimg class=\"img-responsive center-block\" src=\"//img.uoj.ac/problem/220/img1.png\" alt=\"图1\"\u003e\u003cdiv class=\"text-center\"\u003e图1\u003c/div\u003e\n\u003c/div\u003e\n\u003cdiv class=\"col-sm-6\"\u003e\n    \u003cimg class=\"img-responsive center-block\" src=\"//img.uoj.ac/problem/220/img2.png\" alt=\"图2\"\u003e\u003cdiv class=\"text-center\"\u003e图2\u003c/div\u003e\n\u003c/div\u003e\n\u003c/div\u003e\u003cp\u003e你需要首先判断蛐蛐国王的希望能否被达成。如果能够达成，你还需要最小化被替换的跳蚤的个数。\u003c/p\u003e",
      "misc": ""
    },
    {
      "title": "输入格式",
      "content": "\u003cp\u003e每个输入文件包含多组数据。\u003c/p\u003e\u003cp\u003e输入文件的第一行只有一个整数 \u003cspan class=\"MathJax_Preview\" style=\"color: inherit;\"\u003e\u003cspan class=\"MJXp-math\" id=\"MJXp-Span-28\"\u003e\u003cspan class=\"MJXp-mi MJXp-italic\" id=\"MJXp-Span-29\"\u003eT\u003c/span\u003e\u003c/span\u003e\u003c/span\u003e\u003cscript type=\"math/tex\" id=\"MathJax-Element-6\"\u003eT\u003c/script\u003e，表示数据的组数。保证 \u003cspan class=\"MathJax_Preview\" style=\"color: inherit;\"\u003e\u003cspan class=\"MJXp-math\" id=\"MJXp-Span-30\"\u003e\u003cspan class=\"MJXp-mn\" id=\"MJXp-Span-31\"\u003e1\u003c/span\u003e\u003cspan class=\"MJXp-mo\" id=\"MJXp-Span-32\" style=\"margin-left: 0.333em; margin-right: 0.333em;\"\u003e≤\u003c/span\u003e\u003cspan class=\"MJXp-mi MJXp-italic\" id=\"MJXp-Span-33\"\u003eT\u003c/span\u003e\u003cspan class=\"MJXp-mo\" id=\"MJXp-Span-34\" style=\"margin-left: 0.333em; margin-right: 0.333em;\"\u003e≤\u003c/span\u003e\u003cspan class=\"MJXp-mn\" id=\"MJXp-Span-35\"\u003e20\u003c/span\u003e\u003c/span\u003e\u003c/span\u003e\u003cscript type=\"math/tex\" id=\"MathJax-Element-7\"\u003e1 \\le T \\le 20\u003c/script\u003e。\u003c/p\u003e\u003cp\u003e接下来依次输入 \u003cspan class=\"MathJax_Preview\" style=\"color: inherit;\"\u003e\u003cspan class=\"MJXp-math\" id=\"MJXp-Span-36\"\u003e\u003cspan class=\"MJXp-mi MJXp-italic\" id=\"MJXp-Span-37\"\u003eT\u003c/span\u003e\u003c/span\u003e\u003c/span\u003e\u003cscript type=\"math/tex\" id=\"MathJax-Element-8\"\u003eT\u003c/script\u003e 组数据，每组数据的第一行包含三个整数 \u003cspan class=\"MathJax_Preview\" style=\"color: inherit;\"\u003e\u003cspan class=\"MJXp-math\" id=\"MJXp-Span-38\"\u003e\u003cspan class=\"MJXp-mi MJXp-italic\" id=\"MJXp-Span-39\"\u003en\u003c/span\u003e\u003cspan class=\"MJXp-mo\" id=\"MJXp-Span-40\" style=\"margin-left: 0em; margin-right: 0.222em;\"\u003e,\u003c/span\u003e\u003cspan class=\"MJXp-mtext\" id=\"MJXp-Span-41\"\u003e\u0026nbsp;\u003c/span\u003e\u003cspan class=\"MJXp-mi MJXp-italic\" id=\"MJXp-Span-42\"\u003em\u003c/span\u003e\u003cspan class=\"MJXp-mo\" id=\"MJXp-Span-43\" style=\"margin-left: 0em; margin-right: 0.222em;\"\u003e,\u003c/span\u003e\u003cspan class=\"MJXp-mtext\" id=\"MJXp-Span-44\"\u003e\u0026nbsp;\u003c/span\u003e\u003cspan class=\"MJXp-mi MJXp-italic\" id=\"MJXp-Span-45\"\u003ec\u003c/span\u003e\u003c/span\u003e\u003c/span\u003e\u003cscript type=\"math/tex\" id=\"MathJax-Element-9\"\u003en,~m,~c\u003c/script\u003e。保证\u003cspan class=\"MathJax_Preview\" style=\"color: inherit;\"\u003e\u003cspan class=\"MJXp-math\" id=\"MJXp-Span-46\"\u003e\u003cspan class=\"MJXp-mn\" id=\"MJXp-Span-47\"\u003e1\u003c/span\u003e\u003cspan class=\"MJXp-mo\" id=\"MJXp-Span-48\" style=\"margin-left: 0.333em; margin-right: 0.333em;\"\u003e≤\u003c/span\u003e\u003cspan class=\"MJXp-mi MJXp-italic\" id=\"MJXp-Span-49\"\u003en\u003c/span\u003e\u003cspan class=\"MJXp-mo\" id=\"MJXp-Span-50\" style=\"margin-left: 0em; margin-right: 0.222em;\"\u003e,\u003c/span\u003e\u003cspan class=\"MJXp-mi MJXp-italic\" id=\"MJXp-Span-51\"\u003em\u003c/span\u003e\u003cspan class=\"MJXp-mo\" id=\"MJXp-Span-52\" style=\"margin-left: 0.333em; margin-right: 0.333em;\"\u003e≤\u003c/span\u003e\u003cspan class=\"MJXp-msubsup\" id=\"MJXp-Span-53\"\u003e\u003cspan class=\"MJXp-mn\" id=\"MJXp-Span-54\" style=\"margin-right: 0.05em;\"\u003e10\u003c/span\u003e\u003cspan class=\"MJXp-mn MJXp-script\" id=\"MJXp-Span-55\" style=\"vertical-align: 0.5em;\"\u003e9\u003c/span\u003e\u003c/span\u003e\u003cspan class=\"MJXp-mo\" id=\"MJXp-Span-56\" style=\"margin-left: 0em; margin-right: 0.222em;\"\u003e,\u003c/span\u003e\u003cspan class=\"MJXp-mn\" id=\"MJXp-Span-57\"\u003e0\u003c/span\u003e\u003cspan class=\"MJXp-mo\" id=\"MJXp-Span-58\" style=\"margin-left: 0.333em; margin-right: 0.333em;\"\u003e≤\u003c/span\u003e\u003cspan class=\"MJXp-mi MJXp-italic\" id=\"MJXp-Span-59\"\u003ec\u003c/span\u003e\u003cspan class=\"MJXp-mo\" id=\"MJXp-Span-60\" style=\"margin-left: 0.333em; margin-right: 0.333em;\"\u003e≤\u003c/span\u003e\u003cspan class=\"MJXp-mo\" id=\"MJXp-Span-61\"\u003emin\u003c/span\u003e\u003c/span\u003e\u003c/span\u003e\u003cscript type=\"math/tex\"\u003e1 \\le n,m \\le 10^9, 0 \\le c \\le \\min(nm,10^5)\u003c/script\u003e。\u003c/p\u003e\u003cp\u003e接下来 \u003cspan class=\"MathJax_Preview\"\u003ec\u003c/span\u003e\u003cscript type=\"math/tex\"\u003ec\u003c/script\u003e 行，每行包含两个整数 \u003cspan class=\"MathJax_Preview\"\u003ex,~y\u003c/span\u003e\u003cscript type=\"math/tex\"\u003ex,~y\u003c/script\u003e，表示第 \u003cspan class=\"MathJax_Preview\"\u003ex\u003c/span\u003e\u003cscript type=\"math/tex\"\u003ex\u003c/script\u003e 行，第 \u003cspan class=\"MathJax_Preview\"\u003ey\u003c/span\u003e\u003cscript type=\"math/tex\"\u003ey\u003c/script\u003e 列的格子被一个蛐蛐占据（\u003cspan class=\"MathJax_Preview\"\u003e1 \\le x \\le n, 1 \\le y \\le m\u003c/span\u003e\u003cscript type=\"math/tex\"\u003e1 \\le x \\le n, 1 \\le y \\le m\u003c/script\u003e）。每一组数据当中，同一个蛐蛐不会被多次描述。\u003c/p\u003e\u003cp\u003e同一行相邻的整数之间由一个空格隔开。\u003c/p\u003e",
      "misc": ""
    },
    {
      "title": "输出格式",
      "content": "\u003cp\u003e对于每一组数据依次输出一行答案。\u003c/p\u003e\u003cp\u003e如果这组数据中，蛐蛐国王的希望不能被达成，输出 \u003cspan class=\"MathJax_Preview\" style=\"color: inherit;\"\u003e\u003cspan class=\"MJXp-math\" id=\"MJXp-Span-109\"\u003e\u003cspan class=\"MJXp-mo\" id=\"MJXp-Span-110\" style=\"margin-left: 0em; margin-right: 0.111em;\"\u003e−\u003c/span\u003e\u003cspan class=\"MJXp-mn\" id=\"MJXp-Span-111\"\u003e1\u003c/span\u003e\u003c/span\u003e\u003c/span\u003e\u003cscript type=\"math/tex\" id=\"MathJax-Element-16\"\u003e−1\u003c/script\u003e。否则，输出被替换的跳蚤的个数的最小值。\u003c/p\u003e",
      "misc": ""
    },
    {
      "title": "限制与约定",
      "content": "\u003cp\u003e对于全部的测试点，保证 \u003cspan class=\"MathJax_Preview\" style=\"color: inherit;\"\u003e\u003cspan class=\"MJXp-math\" id=\"MJXp-Span-112\"\u003e\u003cspan class=\"MJXp-mn\" id=\"MJXp-Span-113\"\u003e1\u003c/span\u003e\u003cspan class=\"MJXp-mo\" id=\"MJXp-Span-114\" style=\"margin-left: 0.333em; margin-right: 0.333em;\"\u003e≤\u003c/span\u003e\u003cspan class=\"MJXp-mi MJXp-italic\" id=\"MJXp-Span-115\"\u003eT\u003c/span\u003e\u003cspan class=\"MJXp-mo\" id=\"MJXp-Span-116\" style=\"margin-left: 0.333em; margin-right: 0.333em;\"\u003e≤\u003c/span\u003e\u003cspan class=\"MJXp-mn\" id=\"MJXp-Span-117\"\u003e20\u003c/span\u003e\u003c/span\u003e\u003c/span\u003e\u003cscript type=\"math/tex\" id=\"MathJax-Element-17\"\u003e1 \\le T \\le 20\u003c/script\u003e。我们记 \u003cspan class=\"MathJax_Preview\" style=\"color: inherit;\"\u003e\u003cspan class=\"MJXp-math\" id=\"MJXp-Span-118\"\u003e\u003cspan class=\"MJXp-mo\" id=\"MJXp-Span-119\" style=\"margin-left: 0.111em; margin-right: 0.167em;\"\u003e∑\u003c/span\u003e\u003cspan class=\"MJXp-mi MJXp-italic\" id=\"MJXp-Span-120\"\u003ec\u003c/span\u003e\u003c/span\u003e\u003c/span\u003e\u003cscript type=\"math/tex\" id=\"MathJax-Element-18\"\u003e\\sum c\u003c/script\u003e 为某个测试点中，其 \u003cspan class=\"MathJax_Preview\" style=\"color: inherit;\"\u003e\u003cspan class=\"MJXp-math\" id=\"MJXp-Span-121\"\u003e\u003cspan class=\"MJXp-mi MJXp-italic\" id=\"MJXp-Span-122\"\u003eT\u003c/span\u003e\u003c/span\u003e\u003c/span\u003e\u003cscript type=\"math/tex\" id=\"MathJax-Element-19\"\u003eT\u003c/script\u003e 组输入数据的所有 \u003cspan class=\"MathJax_Preview\" style=\"color: inherit;\"\u003e\u003cspan class=\"MJXp-math\" id=\"MJXp-Span-123\"\u003e\u003cspan class=\"MJXp-mi MJXp-italic\" id=\"MJXp-Span-124\"\u003ec\u003c/span\u003e\u003c/span\u003e\u003c/span\u003e\u003cscript type=\"math/tex\" id=\"MathJax-Element-20\"\u003ec\u003c/script\u003e 的总和。对于所有的测试点，\u003cspan class=\"MathJax_Preview\" style=\"color: inherit;\"\u003e\u003cspan class=\"MJXp-math\" id=\"MJXp-Span-125\"\u003e\u003cspan class=\"MJXp-mo\" id=\"MJXp-Span-126\" style=\"margin-left: 0.111em; margin-right: 0.167em;\"\u003e∑\u003c/span\u003e\u003cspan class=\"MJXp-mi MJXp-italic\" id=\"MJXp-Span-127\"\u003ec\u003c/span\u003e\u003cspan class=\"MJXp-mo\" id=\"MJXp-Span-128\" style=\"margin-left: 0.333em; margin-right: 0.333em;\"\u003e≤\u003c/span\u003e\u003cspan class=\"MJXp-msubsup\" id=\"MJXp-Span-129\"\u003e\u003cspan class=\"MJXp-mn\" id=\"MJXp-Span-130\" style=\"margin-right: 0.05em;\"\u003e10\u003c/span\u003e\u003cspan class=\"MJXp-mn MJXp-script\" id=\"MJXp-Span-131\" style=\"vertical-align: 0.5em;\"\u003e5\u003c/span\u003e\u003c/span\u003e\u003c/span\u003e\u003c/span\u003e\u003cscript type=\"math/tex\" id=\"MathJax-Element-21\"\u003e\\sum c \\le 10^5\u003c/script\u003e。\u003c/p\u003e\u003cp\u003e对于全部的数据，满足 \u003cspan class=\"MathJax_Preview\" style=\"color: inherit;\"\u003e\u003cspan class=\"MJXp-math\" id=\"MJXp-Span-132\"\u003e\u003cspan class=\"MJXp-mn\" id=\"MJXp-Span-133\"\u003e1\u003c/span\u003e\u003cspan class=\"MJXp-mo\" id=\"MJXp-Span-134\" style=\"margin-left: 0.333em; margin-right: 0.333em;\"\u003e≤\u003c/span\u003e\u003cspan class=\"MJXp-mi MJXp-italic\" id=\"MJXp-Span-135\"\u003en\u003c/span\u003e\u003cspan class=\"MJXp-mo\" id=\"MJXp-Span-136\" style=\"margin-left: 0em; margin-right: 0.222em;\"\u003e,\u003c/span\u003e\u003cspan class=\"MJXp-mi MJXp-italic\" id=\"MJXp-Span-137\"\u003em\u003c/span\u003e\u003cspan class=\"MJXp-mo\" id=\"MJXp-Span-138\" style=\"margin-left: 0.333em; margin-right: 0.333em;\"\u003e≤\u003c/span\u003e\u003cspan class=\"MJXp-msubsup\" id=\"MJXp-Span-139\"\u003e\u003cspan class=\"MJXp-mn\" id=\"MJXp-Span-140\" style=\"margin-right: 0.05em;\"\u003e10\u003c/span\u003e\u003cspan class=\"MJXp-mn MJXp-script\" id=\"MJXp-Span-141\" style=\"vertical-align: 0.5em;\"\u003e9\u003c/span\u003e\u003c/span\u003e\u003cspan class=\"MJXp-mo\" id=\"MJXp-Span-142\" style=\"margin-left: 0em; margin-right: 0.222em;\"\u003e,\u003c/span\u003e\u003cspan class=\"MJXp-mtext\" id=\"MJXp-Span-143\"\u003e\u0026nbsp;\u003c/span\u003e\u003cspan class=\"MJXp-mn\" id=\"MJXp-Span-144\"\u003e0\u003c/span\u003e\u003cspan class=\"MJXp-mo\" id=\"MJXp-Span-145\" style=\"margin-left: 0.333em; margin-right: 0.333em;\"\u003e≤\u003c/span\u003e\u003cspan class=\"MJXp-mi MJXp-italic\" id=\"MJXp-Span-146\"\u003ec\u003c/span\u003e\u003cspan class=\"MJXp-mo\" id=\"MJXp-Span-147\" style=\"margin-left: 0.333em; margin-right: 0.333em;\"\u003e≤\u003c/span\u003e\u003cspan class=\"MJXp-mi MJXp-italic\" id=\"MJXp-Span-148\"\u003en\u003c/span\u003e\u003cspan class=\"MJXp-mi MJXp-italic\" id=\"MJXp-Span-149\"\u003em\u003c/span\u003e\u003cspan class=\"MJXp-mo\" id=\"MJXp-Span-150\" style=\"margin-left: 0em; margin-right: 0.222em;\"\u003e,\u003c/span\u003e\u003cspan class=\"MJXp-mtext\" id=\"MJXp-Span-151\"\u003e\u0026nbsp;\u003c/span\u003e\u003cspan class=\"MJXp-mn\" id=\"MJXp-Span-152\"\u003e1\u003c/span\u003e\u003cspan class=\"MJXp-mo\" id=\"MJXp-Span-153\" style=\"margin-left: 0.333em; margin-right: 0.333em;\"\u003e≤\u003c/span\u003e\u003cspan class=\"MJXp-mi MJXp-italic\" id=\"MJXp-Span-154\"\u003ex\u003c/span\u003e\u003cspan class=\"MJXp-mo\" id=\"MJXp-Span-155\" style=\"margin-left: 0.333em; margin-right: 0.333em;\"\u003e≤\u003c/span\u003e\u003cspan class=\"MJXp-mi MJXp-italic\" id=\"MJXp-Span-156\"\u003en\u003c/span\u003e\u003cspan class=\"MJXp-mo\" id=\"MJXp-Span-157\" style=\"margin-left: 0em; margin-right: 0.222em;\"\u003e,\u003c/span\u003e\u003cspan class=\"MJXp-mtext\" id=\"MJXp-Span-158\"\u003e\u0026nbsp;\u003c/span\u003e\u003cspan class=\"MJXp-mn\" id=\"MJXp-Span-159\"\u003e1\u003c/span\u003e\u003cspan class=\"MJXp-mo\" id=\"MJXp-Span-160\" style=\"margin-left: 0.333em; margin-right: 0.333em;\"\u003e≤\u003c/span\u003e\u003cspan class=\"MJXp-mi MJXp-italic\" id=\"MJXp-Span-161\"\u003ey\u003c/span\u003e\u003cspan class=\"MJXp-mo\" id=\"MJXp-Span-162\" style=\"margin-left: 0.333em; margin-right: 0.333em;\"\u003e≤\u003c/span\u003e\u003cspan class=\"MJXp-mi MJXp-italic\" id=\"MJXp-Span-163\"\u003em\u003c/span\u003e\u003c/span\u003e\u003c/span\u003e\u003cscript type=\"math/tex\" id=\"MathJax-Element-22\"\u003e1 \\le n,m \\le 10^9,~0 \\le c \\le nm,~1 \\le x \\le n,~1 \\le y \\le m\u003c/script\u003e。\u003c/p\u003e\u003cp\u003e每个测试点的详细数据范围见下表。表中的 \u003cspan class=\"MathJax_Preview\" style=\"color: inherit;\"\u003e\u003cspan class=\"MJXp-math\" id=\"MJXp-Span-164\"\u003e\u003cspan class=\"MJXp-mi MJXp-italic\" id=\"MJXp-Span-165\"\u003en\u003c/span\u003e\u003cspan class=\"MJXp-mo\" id=\"MJXp-Span-166\" style=\"margin-left: 0em; margin-right: 0.222em;\"\u003e,\u003c/span\u003e\u003cspan class=\"MJXp-mi MJXp-italic\" id=\"MJXp-Span-167\"\u003em\u003c/span\u003e\u003cspan class=\"MJXp-mo\" id=\"MJXp-Span-168\" style=\"margin-left: 0em; margin-right: 0.222em;\"\u003e,\u003c/span\u003e\u003cspan class=\"MJXp-mi MJXp-italic\" id=\"MJXp-Span-169\"\u003ec\u003c/span\u003e\u003c/span\u003e\u003c/span\u003e\u003cscript type=\"math/tex\" id=\"MathJax-Element-23\"\u003en,m,c\u003c/script\u003e 均是对于单个输入数据（而非测试点）而言的，也就是说同一个测试点下的 \u003cspan class=\"MathJax_Preview\" style=\"color: inherit;\"\u003e\u003cspan class=\"MJXp-math\" id=\"MJXp-Span-170\"\u003e\u003cspan class=\"MJXp-mi MJXp-italic\" id=\"MJXp-Span-171\"\u003eT\u003c/span\u003e\u003c/span\u003e\u003c/span\u003e\u003cscript type=\"math/tex\" id=\"MathJax-Element-24\"\u003eT\u003c/script\u003e 组数据均满足限制条件；而 \u003cspan class=\"MathJax_Preview\" style=\"color: inherit;\"\u003e\u003cspan class=\"MJXp-math\" id=\"MJXp-Span-172\"\u003e\u003cspan class=\"MJXp-mo\" id=\"MJXp-Span-173\" style=\"margin-left: 0.111em; margin-right: 0.167em;\"\u003e∑\u003c/span\u003e\u003cspan class=\"MJXp-mi MJXp-italic\" id=\"MJXp-Span-174\"\u003ec\u003c/span\u003e\u003c/span\u003e\u003c/span\u003e\u003cscript type=\"math/tex\" id=\"MathJax-Element-25\"\u003e\\sum c\u003c/script\u003e 是对于单个测试点而言的。为了方便阅读，“测试点”一列被放到了表格的中间而不是左边。\u003c/p\u003e\u003cdiv class=\"table-responsive\"\u003e\n\u003ctable class=\"table table-bordered table-text-center table-vertical-middle\"\u003e\u003cthead\u003e\u003ctr\u003e\u003cth colspan=\"2\"\u003e\u003cspan class=\"MathJax_Preview\" style=\"color: inherit;\"\u003e\u003cspan class=\"MJXp-math\" id=\"MJXp-Span-175\"\u003e\u003cspan class=\"MJXp-mi MJXp-italic\" id=\"MJXp-Span-176\"\u003en\u003c/span\u003e\u003cspan class=\"MJXp-mo\" id=\"MJXp-Span-177\" style=\"margin-left: 0em; margin-right: 0.222em;\"\u003e,\u003c/span\u003e\u003cspan class=\"MJXp-mi MJXp-italic\" id=\"MJXp-Span-178\"\u003em\u003c/span\u003e\u003c/span\u003e\u003c/span\u003e\u003cscript type=\"math/tex\" id=\"MathJax-Element-26\"\u003en,m\u003c/script\u003e\u003c/th\u003e\n    \u003cth\u003e测试点编号\u003c/th\u003e\n    \u003cth\u003e\u003cspan class=\"MathJax_Preview\" style=\"color: inherit;\"\u003e\u003cspan class=\"MJXp-math\" id=\"MJXp-Span-179\"\u003e\u003cspan class=\"MJXp-mi MJXp-italic\" id=\"MJXp-Span-180\"\u003ec\u003c/span\u003e\u003c/span\u003e\u003c/span\u003e\u003cscript type=\"math/tex\" id=\"MathJax-Element-27\"\u003ec\u003c/script\u003e\u003c/th\u003e\n  \u003c/tr\u003e\u003c/thead\u003e\u003ctbody\u003e\u003ctr\u003e\u003ctd colspan=\"2\"\u003e\u003cspan class=\"MathJax_Preview\" style=\"color: inherit;\"\u003e\u003cspan class=\"MJXp-math\" id=\"MJXp-Span-181\"\u003e\u003cspan class=\"MJXp-mi MJXp-italic\" id=\"MJXp-Span-182\"\u003en\u003c/span\u003e\u003cspan class=\"MJXp-mi MJXp-italic\" id=\"MJXp-Span-183\"\u003em\u003c/span\u003e\u003cspan class=\"MJXp-mo\" id=\"MJXp-Span-184\" style=\"margin-left: 0.333em; margin-right: 0.333em;\"\u003e≤\u003c/span\u003e\u003cspan class=\"MJXp-mn\" id=\"MJXp-Span-185\"\u003e4\u003c/span\u003e\u003c/span\u003e\u003c/span\u003e\u003cscript type=\"math/tex\" id=\"MathJax-Element-28\"\u003enm \\le 4\u003c/script\u003e\u003c/td\u003e\n    \u003ctd\u003e1\u003c/td\u003e\n    \u003ctd rowspan=\"7\"\u003e\u003cspan class=\"MathJax_Preview\" style=\"color: inherit;\"\u003e\u003cspan class=\"MJXp-math\" id=\"MJXp-Span-186\"\u003e\u003cspan class=\"MJXp-mi MJXp-italic\" id=\"MJXp-Span-187\"\u003ec\u003c/span\u003e\u003cspan class=\"MJXp-mo\" id=\"MJXp-Span-188\" style=\"margin-left: 0.333em; margin-right: 0.333em;\"\u003e≤\u003c/span\u003e\u003cspan class=\"MJXp-mi MJXp-italic\" id=\"MJXp-Span-189\"\u003en\u003c/span\u003e\u003cspan class=\"MJXp-mi MJXp-italic\" id=\"MJXp-Span-190\"\u003em\u003c/span\u003e\u003c/span\u003e\u003c/span\u003e\u003cscript type=\"math/tex\" id=\"MathJax-Element-29\"\u003ec \\le nm\u003c/script\u003e\u003c/td\u003e\n  \u003c/tr\u003e\u003ctr\u003e\u003ctd colspan=\"2\"\u003e\u003cspan class=\"MathJax_Preview\" style=\"color: inherit;\"\u003e\u003cspan class=\"MJXp-math\" id=\"MJXp-Span-191\"\u003e\u003cspan class=\"MJXp-mi MJXp-italic\" id=\"MJXp-Span-192\"\u003en\u003c/span\u003e\u003cspan class=\"MJXp-mi MJXp-italic\" id=\"MJXp-Span-193\"\u003em\u003c/span\u003e\u003cspan class=\"MJXp-mo\" id=\"MJXp-Span-194\" style=\"margin-left: 0.333em; margin-right: 0.333em;\"\u003e≤\u003c/span\u003e\u003cspan class=\"MJXp-mn\" id=\"MJXp-Span-195\"\u003e8\u003c/span\u003e\u003c/span\u003e\u003c/span\u003e\u003cscript type=\"math/tex\" id=\"MathJax-Element-30\"\u003enm \\le 8\u003c/script\u003e\u003c/td\u003e\n    \u003ctd\u003e2\u003c/td\u003e\n  \u003c/tr\u003e\u003ctr\u003e\u003ctd colspan=\"2\"\u003e\u003cspan class=\"MathJax_Preview\" style=\"color: inherit;\"\u003e\u003cspan class=\"MJXp-math\" id=\"MJXp-Span-196\"\u003e\u003cspan class=\"MJXp-mi MJXp-italic\" id=\"MJXp-Span-197\"\u003en\u003c/span\u003e\u003cspan class=\"MJXp-mi MJXp-italic\" id=\"MJXp-Span-198\"\u003em\u003c/span\u003e\u003cspan class=\"MJXp-mo\" id=\"MJXp-Span-199\" style=\"margin-left: 0.333em; margin-right: 0.333em;\"\u003e≤\u003c/span\u003e\u003cspan class=\"MJXp-mn\" id=\"MJXp-Span-200\"\u003e15\u003c/span\u003e\u003c/span\u003e\u003c/span\u003e\u003cscript type=\"math/tex\" id=\"MathJax-Element-31\"\u003enm \\le 15\u003c/script\u003e\u003c/td\u003e\n    \u003ctd\u003e3\u003c/td\u003e\n  \u003c/tr\u003e\u003ctr\u003e\u003ctd colspan=\"2\"\u003e\u003cspan class=\"MathJax_Preview\" style=\"color: inherit;\"\u003e\u003cspan class=\"MJXp-math\" id=\"MJXp-Span-201\"\u003e\u003cspan class=\"MJXp-mi MJXp-italic\" id=\"MJXp-Span-202\"\u003en\u003c/span\u003e\u003cspan class=\"MJXp-mi MJXp-italic\" id=\"MJXp-Span-203\"\u003em\u003c/span\u003e\u003cspan class=\"MJXp-mo\" id=\"MJXp-Span-204\" style=\"margin-left: 0.333em; margin-right: 0.333em;\"\u003e≤\u003c/span\u003e\u003cspan class=\"MJXp-mn\" id=\"MJXp-Span-205\"\u003e30\u003c/span\u003e\u003c/span\u003e\u003c/span\u003e\u003cscript type=\"math/tex\" id=\"MathJax-Element-32\"\u003enm \\le 30\u003c/script\u003e\u003c/td\u003e\n    \u003ctd\u003e4\u003c/td\u003e\n  \u003c/tr\u003e\u003ctr\u003e\u003ctd colspan=\"2\"\u003e\u003cspan class=\"MathJax_Preview\" style=\"color: inherit;\"\u003e\u003cspan class=\"MJXp-math\" id=\"MJXp-Span-206\"\u003e\u003cspan class=\"MJXp-mi MJXp-italic\" id=\"MJXp-Span-207\"\u003en\u003c/span\u003e\u003cspan class=\"MJXp-mi MJXp-italic\" id=\"MJXp-Span-208\"\u003em\u003c/span\u003e\u003cspan class=\"MJXp-mo\" id=\"MJXp-Span-209\" style=\"margin-left: 0.333em; margin-right: 0.333em;\"\u003e≤\u003c/span\u003e\u003cspan class=\"MJXp-mn\" id=\"MJXp-Span-210\"\u003e100\u003c/span\u003e\u003c/span\u003e\u003c/span\u003e\u003cscript type=\"math/tex\" id=\"MathJax-Element-33\"\u003enm \\le 100\u003c/script\u003e\u003c/td\u003e\n    \u003ctd\u003e5\u003c/td\u003e\n  \u003c/tr\u003e\u003ctr\u003e\u003ctd colspan=\"2\"\u003e\u003cspan class=\"MathJax_Preview\" style=\"color: inherit;\"\u003e\u003cspan class=\"MJXp-math\" id=\"MJXp-Span-211\"\u003e\u003cspan class=\"MJXp-mi MJXp-italic\" id=\"MJXp-Span-212\"\u003en\u003c/span\u003e\u003cspan class=\"MJXp-mi MJXp-italic\" id=\"MJXp-Span-213\"\u003em\u003c/span\u003e\u003cspan class=\"MJXp-mo\" id=\"MJXp-Span-214\" style=\"margin-left: 0.333em; margin-right: 0.333em;\"\u003e≤\u003c/span\u003e\u003cspan class=\"MJXp-mn\" id=\"MJXp-Span-215\"\u003e300\u003c/span\u003e\u003c/span\u003e\u003c/span\u003e\u003cscript type=\"math/tex\" id=\"MathJax-Element-34\"\u003enm \\le 300\u003c/script\u003e\u003c/td\u003e\n    \u003ctd\u003e6\u003c/td\u003e\n  \u003c/tr\u003e\u003ctr\u003e\u003ctd colspan=\"2\"\u003e\u003cspan class=\"MathJax_Preview\" style=\"color: inherit;\"\u003e\u003cspan class=\"MJXp-math\" id=\"MJXp-Span-216\"\u003e\u003cspan class=\"MJXp-mi MJXp-italic\" id=\"MJXp-Span-217\"\u003en\u003c/span\u003e\u003cspan class=\"MJXp-mi MJXp-italic\" id=\"MJXp-Span-218\"\u003em\u003c/span\u003e\u003cspan class=\"MJXp-mo\" id=\"MJXp-Span-219\" style=\"margin-left: 0.333em; margin-right: 0.333em;\"\u003e≤\u003c/span\u003e\u003cspan class=\"MJXp-mn\" id=\"MJXp-Span-220\"\u003e1000\u003c/span\u003e\u003c/span\u003e\u003c/span\u003e\u003cscript type=\"math/tex\" id=\"MathJax-Element-35\"\u003enm \\le 1000\u003c/script\u003e\u003c/td\u003e\n    \u003ctd\u003e7\u003c/td\u003e\n  \u003c/tr\u003e\u003ctr\u003e\u003ctd colspan=\"2\" rowspan=\"3\"\u003e\u003cspan class=\"MathJax_Preview\" style=\"color: inherit;\"\u003e\u003cspan class=\"MJXp-math\" id=\"MJXp-Span-221\"\u003e\u003cspan class=\"MJXp-mi MJXp-italic\" id=\"MJXp-Span-222\"\u003en\u003c/span\u003e\u003cspan class=\"MJXp-mi MJXp-italic\" id=\"MJXp-Span-223\"\u003em\u003c/span\u003e\u003cspan class=\"MJXp-mo\" id=\"MJXp-Span-224\" style=\"margin-left: 0.333em; margin-right: 0.333em;\"\u003e≤\u003c/span\u003e\u003cspan class=\"MJXp-mn\" id=\"MJXp-Span-225\"\u003e20000\u003c/span\u003e\u003c/span\u003e\u003c/span\u003e\u003cscript type=\"math/tex\" id=\"MathJax-Element-36\"\u003enm \\le 20000\u003c/script\u003e\u003c/td\u003e\n    \u003ctd\u003e8\u003c/td\u003e\n    \u003ctd\u003e\u003cspan class=\"MathJax_Preview\" style=\"color: inherit;\"\u003e\u003cspan class=\"MJXp-math\" id=\"MJXp-Span-226\"\u003e\u003cspan class=\"MJXp-mi MJXp-italic\" id=\"MJXp-Span-227\"\u003ec\u003c/span\u003e\u003cspan class=\"MJXp-mo\" id=\"MJXp-Span-228\" style=\"margin-left: 0.333em; margin-right: 0.333em;\"\u003e≤\u003c/span\u003e\u003cspan class=\"MJXp-mn\" id=\"MJXp-Span-229\"\u003e5\u003c/span\u003e\u003c/span\u003e\u003c/span\u003e\u003cscript type=\"math/tex\" id=\"MathJax-Element-37\"\u003ec \\le 5\u003c/script\u003e\u003c/td\u003e\n  \u003c/tr\u003e\u003ctr\u003e\u003ctd\u003e9\u003c/td\u003e\n    \u003ctd\u003e\u003cspan class=\"MathJax_Preview\" style=\"color: inherit;\"\u003e\u003cspan class=\"MJXp-math\" id=\"MJXp-Span-230\"\u003e\u003cspan class=\"MJXp-mi MJXp-italic\" id=\"MJXp-Span-231\"\u003ec\u003c/span\u003e\u003cspan class=\"MJXp-mo\" id=\"MJXp-Span-232\" style=\"margin-left: 0.333em; margin-right: 0.333em;\"\u003e≤\u003c/span\u003e\u003cspan class=\"MJXp-mn\" id=\"MJXp-Span-233\"\u003e15\u003c/span\u003e\u003c/span\u003e\u003c/span\u003e\u003cscript type=\"math/tex\" id=\"MathJax-Element-38\"\u003ec \\le 15\u003c/script\u003e\u003c/td\u003e\n  \u003c/tr\u003e\u003ctr\u003e\u003ctd\u003e10\u003c/td\u003e\n    \u003ctd\u003e\u003cspan class=\"MathJax_Preview\" style=\"color: inherit;\"\u003e\u003cspan class=\"MJXp-math\" id=\"MJXp-Span-234\"\u003e\u003cspan class=\"MJXp-mi MJXp-italic\" id=\"MJXp-Span-235\"\u003ec\u003c/span\u003e\u003cspan class=\"MJXp-mo\" id=\"MJXp-Span-236\" style=\"margin-left: 0.333em; margin-right: 0.333em;\"\u003e≤\u003c/span\u003e\u003cspan class=\"MJXp-mn\" id=\"MJXp-Span-237\"\u003e30\u003c/span\u003e\u003c/span\u003e\u003c/span\u003e\u003cscript type=\"math/tex\" id=\"MathJax-Element-39\"\u003ec \\le 30\u003c/script\u003e\u003c/td\u003e\n  \u003c/tr\u003e\u003ctr\u003e\u003ctd rowspan=\"5\"\u003e\u003cspan class=\"MathJax_Preview\" style=\"color: inherit;\"\u003e\u003cspan class=\"MJXp-math\" id=\"MJXp-Span-238\"\u003e\u003cspan class=\"MJXp-mi MJXp-italic\" id=\"MJXp-Span-239\"\u003en\u003c/span\u003e\u003cspan class=\"MJXp-mo\" id=\"MJXp-Span-240\" style=\"margin-left: 0em; margin-right: 0.222em;\"\u003e,\u003c/span\u003e\u003cspan class=\"MJXp-mi MJXp-italic\" id=\"MJXp-Span-241\"\u003em\u003c/span\u003e\u003cspan class=\"MJXp-mo\" id=\"MJXp-Span-242\" style=\"margin-left: 0.333em; margin-right: 0.333em;\"\u003e≤\u003c/span\u003e\u003cspan class=\"MJXp-mn\" id=\"MJXp-Span-243\"\u003e20000\u003c/span\u003e\u003c/span\u003e\u003c/span\u003e\u003cscript type=\"math/tex\" id=\"MathJax-Element-40\"\u003en,m \\le 20000\u003c/script\u003e\u003c/td\u003e\n    \u003ctd\u003e\u003cspan class=\"MathJax_Preview\" style=\"color: inherit;\"\u003e\u003cspan class=\"MJXp-math\" id=\"MJXp-Span-244\"\u003e\u003cspan class=\"MJXp-mi MJXp-italic\" id=\"MJXp-Span-245\"\u003en\u003c/span\u003e\u003cspan class=\"MJXp-mi MJXp-italic\" id=\"MJXp-Span-246\"\u003em\u003c/span\u003e\u003cspan class=\"MJXp-mo\" id=\"MJXp-Span-247\" style=\"margin-left: 0.333em; margin-right: 0.333em;\"\u003e≤\u003c/span\u003e\u003cspan class=\"MJXp-mn\" id=\"MJXp-Span-248\"\u003e20000\u003c/span\u003e\u003c/span\u003e\u003c/span\u003e\u003cscript type=\"math/tex\" id=\"MathJax-Element-41\"\u003enm \\le 20000\u003c/script\u003e\u003c/td\u003e\n    \u003ctd\u003e11\u003c/td\u003e\n    \u003ctd rowspan=\"5\"\u003e\u003cspan class=\"MathJax_Preview\" style=\"color: inherit;\"\u003e\u003cspan class=\"MJXp-math\" id=\"MJXp-Span-249\"\u003e\u003cspan class=\"MJXp-mo\" id=\"MJXp-Span-250\" style=\"margin-left: 0.111em; margin-right: 0.167em;\"\u003e∑\u003c/span\u003e\u003cspan class=\"MJXp-mi MJXp-italic\" id=\"MJXp-Span-251\"\u003ec\u003c/span\u003e\u003cspan class=\"MJXp-mo\" id=\"MJXp-Span-252\" style=\"margin-left: 0.333em; margin-right: 0.333em;\"\u003e≤\u003c/span\u003e\u003cspan class=\"MJXp-mn\" id=\"MJXp-Span-253\"\u003e20000\u003c/span\u003e\u003c/span\u003e\u003c/span\u003e\u003cscript type=\"math/tex\" id=\"MathJax-Element-42\"\u003e\\sum c \\le 20000\u003c/script\u003e\u003c/td\u003e\n  \u003c/tr\u003e\u003ctr\u003e\u003ctd\u003e\u003cspan class=\"MathJax_Preview\" style=\"color: inherit;\"\u003e\u003cspan class=\"MJXp-math\" id=\"MJXp-Span-254\"\u003e\u003cspan class=\"MJXp-mi MJXp-italic\" id=\"MJXp-Span-255\"\u003en\u003c/span\u003e\u003cspan class=\"MJXp-mi MJXp-italic\" id=\"MJXp-Span-256\"\u003em\u003c/span\u003e\u003cspan class=\"MJXp-mo\" id=\"MJXp-Span-257\" style=\"margin-left: 0.333em; margin-right: 0.333em;\"\u003e≤\u003c/span\u003e\u003cspan class=\"MJXp-msubsup\" id=\"MJXp-Span-258\"\u003e\u003cspan class=\"MJXp-mn\" id=\"MJXp-Span-259\" style=\"margin-right: 0.05em;\"\u003e10\u003c/span\u003e\u003cspan class=\"MJXp-mn MJXp-script\" id=\"MJXp-Span-260\" style=\"vertical-align: 0.5em;\"\u003e5\u003c/span\u003e\u003c/span\u003e\u003c/span\u003e\u003c/span\u003e\u003cscript type=\"math/tex\" id=\"MathJax-Element-43\"\u003enm \\le 10^5\u003c/script\u003e\u003c/td\u003e\n    \u003ctd\u003e12\u003c/td\u003e\n  \u003c/tr\u003e\u003ctr\u003e\u003ctd\u003e\u003cspan class=\"MathJax_Preview\" style=\"color: inherit;\"\u003e\u003cspan class=\"MJXp-math\" id=\"MJXp-Span-261\"\u003e\u003cspan class=\"MJXp-mi MJXp-italic\" id=\"MJXp-Span-262\"\u003en\u003c/span\u003e\u003cspan class=\"MJXp-mi MJXp-italic\" id=\"MJXp-Span-263\"\u003em\u003c/span\u003e\u003cspan class=\"MJXp-mo\" id=\"MJXp-Span-264\" style=\"margin-left: 0.333em; margin-right: 0.333em;\"\u003e≤\u003c/span\u003e\u003cspan class=\"MJXp-mn\" id=\"MJXp-Span-265\"\u003e3\u003c/span\u003e\u003cspan class=\"MJXp-mo\" id=\"MJXp-Span-266\" style=\"margin-left: 0.267em; margin-right: 0.267em;\"\u003e×\u003c/span\u003e\u003cspan class=\"MJXp-msubsup\" id=\"MJXp-Span-267\"\u003e\u003cspan class=\"MJXp-mn\" id=\"MJXp-Span-268\" style=\"margin-right: 0.05em;\"\u003e10\u003c/span\u003e\u003cspan class=\"MJXp-mn MJXp-script\" id=\"MJXp-Span-269\" style=\"vertical-align: 0.5em;\"\u003e5\u003c/span\u003e\u003c/span\u003e\u003c/span\u003e\u003c/span\u003e\u003cscript type=\"math/tex\" id=\"MathJax-Element-44\"\u003enm \\le 3 \\times 10^5\u003c/script\u003e\u003c/td\u003e\n    \u003ctd\u003e13\u003c/td\u003e\n  \u003c/tr\u003e\u003ctr\u003e\u003ctd\u003e\u003cspan class=\"MathJax_Preview\" style=\"color: inherit;\"\u003e\u003cspan class=\"MJXp-math\" id=\"MJXp-Span-270\"\u003e\u003cspan class=\"MJXp-mi MJXp-italic\" id=\"MJXp-Span-271\"\u003en\u003c/span\u003e\u003cspan class=\"MJXp-mi MJXp-italic\" id=\"MJXp-Span-272\"\u003em\u003c/span\u003e\u003cspan class=\"MJXp-mo\" id=\"MJXp-Span-273\" style=\"margin-left: 0.333em; margin-right: 0.333em;\"\u003e≤\u003c/span\u003e\u003cspan class=\"MJXp-msubsup\" id=\"MJXp-Span-274\"\u003e\u003cspan class=\"MJXp-mn\" id=\"MJXp-Span-275\" style=\"margin-right: 0.05em;\"\u003e10\u003c/span\u003e\u003cspan class=\"MJXp-mn MJXp-script\" id=\"MJXp-Span-276\" style=\"vertical-align: 0.5em;\"\u003e6\u003c/span\u003e\u003c/span\u003e\u003c/span\u003e\u003c/span\u003e\u003cscript type=\"math/tex\" id=\"MathJax-Element-45\"\u003enm \\le 10^6\u003c/script\u003e\u003c/td\u003e\n    \u003ctd\u003e14\u003c/td\u003e\n  \u003c/tr\u003e\u003ctr\u003e\u003ctd\u003e\u003cspan class=\"MathJax_Preview\" style=\"color: inherit;\"\u003e\u003cspan class=\"MJXp-math\" id=\"MJXp-Span-277\"\u003e\u003cspan class=\"MJXp-mi MJXp-italic\" id=\"MJXp-Span-278\"\u003en\u003c/span\u003e\u003cspan class=\"MJXp-mi MJXp-italic\" id=\"MJXp-Span-279\"\u003em\u003c/span\u003e\u003cspan class=\"MJXp-mo\" id=\"MJXp-Span-280\" style=\"margin-left: 0.333em; margin-right: 0.333em;\"\u003e≤\u003c/span\u003e\u003cspan class=\"MJXp-msubsup\" id=\"MJXp-Span-281\"\u003e\u003cspan class=\"MJXp-mn\" id=\"MJXp-Span-282\" style=\"margin-right: 0.05em;\"\u003e10\u003c/span\u003e\u003cspan class=\"MJXp-mn MJXp-script\" id=\"MJXp-Span-283\" style=\"vertical-align: 0.5em;\"\u003e9\u003c/span\u003e\u003c/span\u003e\u003c/span\u003e\u003c/span\u003e\u003cscript type=\"math/tex\" id=\"MathJax-Element-46\"\u003enm \\le 10^9\u003c/script\u003e\u003c/td\u003e\n    \u003ctd\u003e15\u003c/td\u003e\n  \u003c/tr\u003e\u003ctr\u003e\u003ctd colspan=\"2\"\u003e\u003cspan class=\"MathJax_Preview\" style=\"color: inherit;\"\u003e\u003cspan class=\"MJXp-math\" id=\"MJXp-Span-284\"\u003e\u003cspan class=\"MJXp-mi MJXp-italic\" id=\"MJXp-Span-285\"\u003en\u003c/span\u003e\u003cspan class=\"MJXp-mo\" id=\"MJXp-Span-286\" style=\"margin-left: 0em; margin-right: 0.222em;\"\u003e,\u003c/span\u003e\u003cspan class=\"MJXp-mi MJXp-italic\" id=\"MJXp-Span-287\"\u003em\u003c/span\u003e\u003cspan class=\"MJXp-mo\" id=\"MJXp-Span-288\" style=\"margin-left: 0.333em; margin-right: 0.333em;\"\u003e≤\u003c/span\u003e\u003cspan class=\"MJXp-msubsup\" id=\"MJXp-Span-289\"\u003e\u003cspan class=\"MJXp-mn\" id=\"MJXp-Span-290\" style=\"margin-right: 0.05em;\"\u003e10\u003c/span\u003e\u003cspan class=\"MJXp-mn MJXp-script\" id=\"MJXp-Span-291\" style=\"vertical-align: 0.5em;\"\u003e5\u003c/span\u003e\u003c/span\u003e\u003c/span\u003e\u003c/span\u003e\u003cscript type=\"math/tex\" id=\"MathJax-Element-47\"\u003en,m \\le 10^5\u003c/script\u003e\u003c/td\u003e\n    \u003ctd\u003e16\u003c/td\u003e\n    \u003ctd\u003e\u003cspan class=\"MathJax_Preview\" style=\"color: inherit;\"\u003e\u003cspan class=\"MJXp-math\" id=\"MJXp-Span-292\"\u003e\u003cspan class=\"MJXp-mo\" id=\"MJXp-Span-293\" style=\"margin-left: 0.111em; margin-right: 0.167em;\"\u003e∑\u003c/span\u003e\u003cspan class=\"MJXp-mi MJXp-italic\" id=\"MJXp-Span-294\"\u003ec\u003c/span\u003e\u003cspan class=\"MJXp-mo\" id=\"MJXp-Span-295\" style=\"margin-left: 0.333em; margin-right: 0.333em;\"\u003e≤\u003c/span\u003e\u003cspan class=\"MJXp-msubsup\" id=\"MJXp-Span-296\"\u003e\u003cspan class=\"MJXp-mn\" id=\"MJXp-Span-297\" style=\"margin-right: 0.05em;\"\u003e10\u003c/span\u003e\u003cspan class=\"MJXp-mn MJXp-script\" id=\"MJXp-Span-298\" style=\"vertical-align: 0.5em;\"\u003e5\u003c/span\u003e\u003c/span\u003e\u003c/span\u003e\u003c/span\u003e\u003cscript type=\"math/tex\" id=\"MathJax-Element-48\"\u003e\\sum c \\le 10^5\u003c/script\u003e\u003c/td\u003e\n  \u003c/tr\u003e\u003ctr\u003e\u003ctd colspan=\"2\" rowspan=\"9\"\u003e\u003cspan class=\"MathJax_Preview\" style=\"color: inherit;\"\u003e\u003cspan class=\"MJXp-math\" id=\"MJXp-Span-299\"\u003e\u003cspan class=\"MJXp-mi MJXp-italic\" id=\"MJXp-Span-300\"\u003en\u003c/span\u003e\u003cspan class=\"MJXp-mo\" id=\"MJXp-Span-301\" style=\"margin-left: 0em; margin-right: 0.222em;\"\u003e,\u003c/span\u003e\u003cspan class=\"MJXp-mi MJXp-italic\" id=\"MJXp-Span-302\"\u003em\u003c/span\u003e\u003cspan class=\"MJXp-mo\" id=\"MJXp-Span-303\" style=\"margin-left: 0.333em; margin-right: 0.333em;\"\u003e≤\u003c/span\u003e\u003cspan class=\"MJXp-msubsup\" id=\"MJXp-Span-304\"\u003e\u003cspan class=\"MJXp-mn\" id=\"MJXp-Span-305\" style=\"margin-right: 0.05em;\"\u003e10\u003c/span\u003e\u003cspan class=\"MJXp-mn MJXp-script\" id=\"MJXp-Span-306\" style=\"vertical-align: 0.5em;\"\u003e9\u003c/span\u003e\u003c/span\u003e\u003c/span\u003e\u003c/span\u003e\u003cscript type=\"math/tex\" id=\"MathJax-Element-49\"\u003en,m \\le 10^9\u003c/script\u003e\u003c/td\u003e\n    \u003ctd\u003e17\u003c/td\u003e\n    \u003ctd\u003e\u003cspan class=\"MathJax_Preview\" style=\"color: inherit;\"\u003e\u003cspan class=\"MJXp-math\" id=\"MJXp-Span-307\"\u003e\u003cspan class=\"MJXp-mi MJXp-italic\" id=\"MJXp-Span-308\"\u003ec\u003c/span\u003e\u003cspan class=\"MJXp-mo\" id=\"MJXp-Span-309\" style=\"margin-left: 0.333em; margin-right: 0.333em;\"\u003e=\u003c/span\u003e\u003cspan class=\"MJXp-mn\" id=\"MJXp-Span-310\"\u003e0\u003c/span\u003e\u003c/span\u003e\u003c/span\u003e\u003cscript type=\"math/tex\" id=\"MathJax-Element-50\"\u003ec=0\u003c/script\u003e\u003c/td\u003e\n  \u003c/tr\u003e\u003ctr\u003e\u003ctd\u003e18\u003c/td\u003e\n    \u003ctd\u003e\u003cspan class=\"MathJax_Preview\" style=\"color: inherit;\"\u003e\u003cspan class=\"MJXp-math\" id=\"MJXp-Span-311\"\u003e\u003cspan class=\"MJXp-mi MJXp-italic\" id=\"MJXp-Span-312\"\u003ec\u003c/span\u003e\u003cspan class=\"MJXp-mo\" id=\"MJXp-Span-313\" style=\"margin-left: 0.333em; margin-right: 0.333em;\"\u003e≤\u003c/span\u003e\u003cspan class=\"MJXp-mn\" id=\"MJXp-Span-314\"\u003e1\u003c/span\u003e\u003c/span\u003e\u003c/span\u003e\u003cscript type=\"math/tex\" id=\"MathJax-Element-51\"\u003ec \\le 1\u003c/script\u003e\u003c/td\u003e\n  \u003c/tr\u003e\u003ctr\u003e\u003ctd\u003e19\u003c/td\u003e\n    \u003ctd\u003e\u003cspan class=\"MathJax_Preview\" style=\"color: inherit;\"\u003e\u003cspan class=\"MJXp-math\" id=\"MJXp-Span-315\"\u003e\u003cspan class=\"MJXp-mi MJXp-italic\" id=\"MJXp-Span-316\"\u003ec\u003c/span\u003e\u003cspan class=\"MJXp-mo\" id=\"MJXp-Span-317\" style=\"margin-left: 0.333em; margin-right: 0.333em;\"\u003e≤\u003c/span\u003e\u003cspan class=\"MJXp-mn\" id=\"MJXp-Span-318\"\u003e2\u003c/span\u003e\u003c/span\u003e\u003c/span\u003e\u003cscript type=\"math/tex\" id=\"MathJax-Element-52\"\u003ec \\le 2\u003c/script\u003e\u003c/td\u003e\n  \u003c/tr\u003e\u003ctr\u003e\u003ctd\u003e20\u003c/td\u003e\n    \u003ctd\u003e\u003cspan class=\"MathJax_Preview\" style=\"color: inherit;\"\u003e\u003cspan class=\"MJXp-math\" id=\"MJXp-Span-319\"\u003e\u003cspan class=\"MJXp-mi MJXp-italic\" id=\"MJXp-Span-320\"\u003ec\u003c/span\u003e\u003cspan class=\"MJXp-mo\" id=\"MJXp-Span-321\" style=\"margin-left: 0.333em; margin-right: 0.333em;\"\u003e≤\u003c/span\u003e\u003cspan class=\"MJXp-mn\" id=\"MJXp-Span-322\"\u003e3\u003c/span\u003e\u003c/span\u003e\u003c/span\u003e\u003cscript type=\"math/tex\" id=\"MathJax-Element-53\"\u003ec \\le 3\u003c/script\u003e\u003c/td\u003e\n  \u003c/tr\u003e\u003ctr\u003e\u003ctd\u003e21\u003c/td\u003e\n    \u003ctd\u003e\u003cspan class=\"MathJax_Preview\" style=\"color: inherit;\"\u003e\u003cspan class=\"MJXp-math\" id=\"MJXp-Span-323\"\u003e\u003cspan class=\"MJXp-mi MJXp-italic\" id=\"MJXp-Span-324\"\u003ec\u003c/span\u003e\u003cspan class=\"MJXp-mo\" id=\"MJXp-Span-325\" style=\"margin-left: 0.333em; margin-right: 0.333em;\"\u003e≤\u003c/span\u003e\u003cspan class=\"MJXp-mn\" id=\"MJXp-Span-326\"\u003e10\u003c/span\u003e\u003c/span\u003e\u003c/span\u003e\u003cscript type=\"math/tex\" id=\"MathJax-Element-54\"\u003ec \\le 10\u003c/script\u003e\u003c/td\u003e\n  \u003c/tr\u003e\u003ctr\u003e\u003ctd\u003e22\u003c/td\u003e\n    \u003ctd\u003e\u003cspan class=\"MathJax_Preview\" style=\"color: inherit;\"\u003e\u003cspan class=\"MJXp-math\" id=\"MJXp-Span-327\"\u003e\u003cspan class=\"MJXp-mi MJXp-italic\" id=\"MJXp-Span-328\"\u003ec\u003c/span\u003e\u003cspan class=\"MJXp-mo\" id=\"MJXp-Span-329\" style=\"margin-left: 0.333em; margin-right: 0.333em;\"\u003e≤\u003c/span\u003e\u003cspan class=\"MJXp-mn\" id=\"MJXp-Span-330\"\u003e30\u003c/span\u003e\u003c/span\u003e\u003c/span\u003e\u003cscript type=\"math/tex\" id=\"MathJax-Element-55\"\u003ec \\le 30\u003c/script\u003e\u003c/td\u003e\n  \u003c/tr\u003e\u003ctr\u003e\u003ctd\u003e23\u003c/td\u003e\n    \u003ctd\u003e\u003cspan class=\"MathJax_Preview\" style=\"color: inherit;\"\u003e\u003cspan class=\"MJXp-math\" id=\"MJXp-Span-331\"\u003e\u003cspan class=\"MJXp-mi MJXp-italic\" id=\"MJXp-Span-332\"\u003ec\u003c/span\u003e\u003cspan class=\"MJXp-mo\" id=\"MJXp-Span-333\" style=\"margin-left: 0.333em; margin-right: 0.333em;\"\u003e≤\u003c/span\u003e\u003cspan class=\"MJXp-mn\" id=\"MJXp-Span-334\"\u003e300\u003c/span\u003e\u003c/span\u003e\u003c/span\u003e\u003cscript type=\"math/tex\" id=\"MathJax-Element-56\"\u003ec \\le 300\u003c/script\u003e\u003c/td\u003e\n  \u003c/tr\u003e\u003ctr\u003e\u003ctd\u003e24\u003c/td\u003e\n    \u003ctd\u003e\u003cspan class=\"MathJax_Preview\" style=\"color: inherit;\"\u003e\u003cspan class=\"MJXp-math\" id=\"MJXp-Span-335\"\u003e\u003cspan class=\"MJXp-mo\" id=\"MJXp-Span-336\" style=\"margin-left: 0.111em; margin-right: 0.167em;\"\u003e∑\u003c/span\u003e\u003cspan class=\"MJXp-mi MJXp-italic\" id=\"MJXp-Span-337\"\u003ec\u003c/span\u003e\u003cspan class=\"MJXp-mo\" id=\"MJXp-Span-338\" style=\"margin-left: 0.333em; margin-right: 0.333em;\"\u003e≤\u003c/span\u003e\u003cspan class=\"MJXp-mn\" id=\"MJXp-Span-339\"\u003e20000\u003c/span\u003e\u003c/span\u003e\u003c/span\u003e\u003cscript type=\"math/tex\" id=\"MathJax-Element-57\"\u003e\\sum c \\le 20000\u003c/script\u003e\u003c/td\u003e\n  \u003c/tr\u003e\u003ctr\u003e\u003ctd\u003e25\u003c/td\u003e\n    \u003ctd\u003e\u003cspan class=\"MathJax_Preview\" style=\"color: inherit;\"\u003e\u003cspan class=\"MJXp-math\" id=\"MJXp-Span-340\"\u003e\u003cspan class=\"MJXp-mo\" id=\"MJXp-Span-341\" style=\"margin-left: 0.111em; margin-right: 0.167em;\"\u003e∑\u003c/span\u003e\u003cspan class=\"MJXp-mi MJXp-italic\" id=\"MJXp-Span-342\"\u003ec\u003c/span\u003e\u003cspan class=\"MJXp-mo\" id=\"MJXp-Span-343\" style=\"margin-left: 0.333em; margin-right: 0.333em;\"\u003e≤\u003c/span\u003e\u003cspan class=\"MJXp-msubsup\" id=\"MJXp-Span-344\"\u003e\u003cspan class=\"MJXp-mn\" id=\"MJXp-Span-345\" style=\"margin-right: 0.05em;\"\u003e10\u003c/span\u003e\u003cspan class=\"MJXp-mn MJXp-script\" id=\"MJXp-Span-346\" style=\"vertical-align: 0.5em;\"\u003e5\u003c/span\u003e\u003c/span\u003e\u003c/span\u003e\u003c/span\u003e\u003cscript type=\"math/tex\" id=\"MathJax-Element-58\"\u003e\\sum c \\le 10^5\u003c/script\u003e\u003c/td\u003e\n  \u003c/tr\u003e\u003c/tbody\u003e\u003c/table\u003e\u003c/div\u003e",
      "misc": ""
    },
    {
      "title": "下载",
      "content": "\u003cp\u003e\u003ca href=\"/download.php?type=problem\u0026amp;id=220\"\u003e样例数据下载\u003c/a\u003e\u003c/p\u003e",
      "misc": ""
    }
  ],
  "samples": [
    {
      "title": "样例一",
      "input": "\u003cpre\u003e4\n4 4 2\n1 1\n4 4\n2 3 1\n1 2\n2 2 2\n1 1\n2 2\n1 1 0\n\n\u003c/pre\u003e",
      "output": "\u003cpre\u003e2\n1\n0\n-1\n\n\u003c/pre\u003e",
      "explanation": "\u003cp\u003e第一组数据就是问题描述中的例子。\u003c/p\u003e\u003cp\u003e对于第二组数据，可以将第 2 行第 2 列的一只跳蚤替换为蛐蛐，从而使得存在两只跳蚤\u003cstrong\u003e不连通\u003c/strong\u003e，并且不存在更优的方案。\u003c/p\u003e\u003cp\u003e对于第三组数据，最初已经存在两只跳蚤\u003cstrong\u003e不连通\u003c/strong\u003e，故不需要再进行替换。\u003c/p\u003e\u003cp\u003e对于第四组数据，由于最多只有一只跳蚤，所以无论如何替换都不能存在两只跳蚤\u003cstrong\u003e不连通\u003c/strong\u003e。\u003c/p\u003e",
      "misc": ""
    },
    {
      "title": "样例二",
      "input": "",
      "output": "",
      "explanation": "",
      "misc": "\u003cp\u003e见样例数据下载。\u003c/p\u003e"
    }
  ],
  "tags": [
    "UOJ",
    "NOI2016"
  ],
  "rules": {
    "runtime": "2000000000",
    "memory": "1073741824",
    "stack": "1073741824",
    "source": "51200"
  },
  "meta": {
    "created": "2021-04-09T21:35:07.051865065+08:00",
    "updated": "2021-04-09T21:35:07.051865065+08:00",
    "checked": "2021-04-09T21:35:07.051865065+08:00"
  },
  "misc": ""
}
