{
  "id": "229",
  "title": "Boxes",
  "type": "interactive",
  "sections": [
    {
      "title": "",
      "content": "\u003cp\u003eIOI2015 开幕式正在进行最后一个环节。按计划，在开幕式期间，每个代表队都将收到由主办方发放的一个装有纪念品的盒子。然而所有志愿者都被精彩的开幕式所吸引，除 Aman 以外其他人完全忘记了发放纪念品这件事。Aman 是一位热情的志愿者，为使得 IOI 尽量圆满，他要用最短的时间将所有纪念品发放出去。\u003c/p\u003e\u003cp\u003e开幕式的场地是一个被划分成 \u003cspan class=\"MathJax_Preview\" style=\"color: inherit;\"\u003e\u003cspan class=\"MJXp-math\" id=\"MJXp-Span-1\"\u003e\u003cspan class=\"MJXp-mi MJXp-italic\" id=\"MJXp-Span-2\"\u003eL\u003c/span\u003e\u003c/span\u003e\u003c/span\u003e\u003cspan class=\"MathJax MathJax_Processed\" id=\"MathJax-Element-1-Frame\" tabindex=\"0\" style=\"\"\u003e\u003cnobr\u003e\u003cspan class=\"math\" id=\"MathJax-Span-1\"\u003e\u003cspan style=\"display: inline-block; position: relative; width: 0em; height: 0px; font-size: 106%;\"\u003e\u003cspan style=\"position: absolute;\"\u003e\u003cspan class=\"mrow\" id=\"MathJax-Span-2\"\u003e\u003cspan class=\"mi\" id=\"MathJax-Span-3\" style=\"font-family: MathJax_Math-italic;\"\u003eL\u003c/span\u003e\u003c/span\u003e\u003c/span\u003e\u003c/span\u003e\u003c/span\u003e\u003c/nobr\u003e\u003c/span\u003e\u003cscript type=\"math/tex\" id=\"MathJax-Element-1\"\u003eL\u003c/script\u003e 个完全相等的区域的圆环，这些区域的编号依次是 \u003cspan class=\"MathJax_Preview\" style=\"color: inherit;\"\u003e\u003cspan class=\"MJXp-math\" id=\"MJXp-Span-3\"\u003e\u003cspan class=\"MJXp-mn\" id=\"MJXp-Span-4\"\u003e0\u003c/span\u003e\u003c/span\u003e\u003c/span\u003e\u003cspan class=\"MathJax MathJax_Processed\" id=\"MathJax-Element-2-Frame\" tabindex=\"0\" style=\"\"\u003e\u003cnobr\u003e\u003cspan class=\"math\" id=\"MathJax-Span-4\"\u003e\u003cspan style=\"display: inline-block; position: relative; width: 0em; height: 0px; font-size: 106%;\"\u003e\u003cspan style=\"position: absolute;\"\u003e\u003cspan class=\"mrow\" id=\"MathJax-Span-5\"\u003e\u003cspan class=\"mn\" id=\"MathJax-Span-6\" style=\"font-family: MathJax_Main;\"\u003e0\u003c/span\u003e\u003c/span\u003e\u003c/span\u003e\u003c/span\u003e\u003c/span\u003e\u003c/nobr\u003e\u003c/span\u003e\u003cscript type=\"math/tex\" id=\"MathJax-Element-2\"\u003e0\u003c/script\u003e 到 \u003cspan class=\"MathJax_Preview\" style=\"color: inherit;\"\u003e\u003cspan class=\"MJXp-math\" id=\"MJXp-Span-5\"\u003e\u003cspan class=\"MJXp-mi MJXp-italic\" id=\"MJXp-Span-6\"\u003eL\u003c/span\u003e\u003cspan class=\"MJXp-mo\" id=\"MJXp-Span-7\" style=\"margin-left: 0.267em; margin-right: 0.267em;\"\u003e−\u003c/span\u003e\u003cspan class=\"MJXp-mn\" id=\"MJXp-Span-8\"\u003e1\u003c/span\u003e\u003c/span\u003e\u003c/span\u003e\u003cspan class=\"MathJax MathJax_Processed\" id=\"MathJax-Element-3-Frame\" tabindex=\"0\" style=\"\"\u003e\u003cnobr\u003e\u003cspan class=\"math\" id=\"MathJax-Span-7\"\u003e\u003cspan style=\"display: inline-block; position: relative; width: 0em; height: 0px; font-size: 106%;\"\u003e\u003cspan style=\"position: absolute;\"\u003e\u003cspan class=\"mrow\" id=\"MathJax-Span-8\"\u003e\u003cspan class=\"mi\" id=\"MathJax-Span-9\" style=\"font-family: MathJax_Math-italic;\"\u003eL\u003c/span\u003e\u003cspan class=\"mo\" id=\"MathJax-Span-10\" style=\"font-family: MathJax_Main; padding-left: 0.222em;\"\u003e−\u003c/span\u003e\u003cspan class=\"mn\" id=\"MathJax-Span-11\" style=\"font-family: MathJax_Main; padding-left: 0.222em;\"\u003e1\u003c/span\u003e\u003c/span\u003e\u003c/span\u003e\u003c/span\u003e\u003c/span\u003e\u003c/nobr\u003e\u003c/span\u003e\u003cscript type=\"math/tex\" id=\"MathJax-Element-3\"\u003eL-1\u003c/script\u003e，也就是说，对于 \u003cspan class=\"MathJax_Preview\" style=\"color: inherit;\"\u003e\u003cspan class=\"MJXp-math\" id=\"MJXp-Span-9\"\u003e\u003cspan class=\"MJXp-mn\" id=\"MJXp-Span-10\"\u003e0\u003c/span\u003e\u003cspan class=\"MJXp-mo\" id=\"MJXp-Span-11\" style=\"margin-left: 0.333em; margin-right: 0.333em;\"\u003e≤\u003c/span\u003e\u003cspan class=\"MJXp-mi MJXp-italic\" id=\"MJXp-Span-12\"\u003ei\u003c/span\u003e\u003cspan class=\"MJXp-mo\" id=\"MJXp-Span-13\" style=\"margin-left: 0.333em; margin-right: 0.333em;\"\u003e≤\u003c/span\u003e\u003cspan class=\"MJXp-mi MJXp-italic\" id=\"MJXp-Span-14\"\u003eL\u003c/span\u003e\u003cspan class=\"MJXp-mo\" id=\"MJXp-Span-15\" style=\"margin-left: 0.267em; margin-right: 0.267em;\"\u003e−\u003c/span\u003e\u003cspan class=\"MJXp-mn\" id=\"MJXp-Span-16\"\u003e2\u003c/span\u003e\u003c/span\u003e\u003c/span\u003e\u003cspan class=\"MathJax MathJax_Processed\" id=\"MathJax-Element-4-Frame\" tabindex=\"0\" style=\"\"\u003e\u003cnobr\u003e\u003cspan class=\"math\" id=\"MathJax-Span-12\"\u003e\u003cspan style=\"display: inline-block; position: relative; width: 0em; height: 0px; font-size: 106%;\"\u003e\u003cspan style=\"position: absolute;\"\u003e\u003cspan class=\"mrow\" id=\"MathJax-Span-13\"\u003e\u003cspan class=\"mn\" id=\"MathJax-Span-14\" style=\"font-family: MathJax_Main;\"\u003e0\u003c/span\u003e\u003cspan class=\"mo\" id=\"MathJax-Span-15\" style=\"font-family: MathJax_Main; padding-left: 0.278em;\"\u003e≤\u003c/span\u003e\u003cspan class=\"mi\" id=\"MathJax-Span-16\" style=\"font-family: MathJax_Math-italic; padding-left: 0.278em;\"\u003ei\u003c/span\u003e\u003cspan class=\"mo\" id=\"MathJax-Span-17\" style=\"font-family: MathJax_Main; padding-left: 0.278em;\"\u003e≤\u003c/span\u003e\u003cspan class=\"mi\" id=\"MathJax-Span-18\" style=\"font-family: MathJax_Math-italic; padding-left: 0.278em;\"\u003eL\u003c/span\u003e\u003cspan class=\"mo\" id=\"MathJax-Span-19\" style=\"font-family: MathJax_Main; padding-left: 0.222em;\"\u003e−\u003c/span\u003e\u003cspan class=\"mn\" id=\"MathJax-Span-20\" style=\"font-family: MathJax_Main; padding-left: 0.222em;\"\u003e2\u003c/span\u003e\u003c/span\u003e\u003c/span\u003e\u003c/span\u003e\u003c/span\u003e\u003c/nobr\u003e\u003c/span\u003e\u003cscript type=\"math/tex\" id=\"MathJax-Element-4\"\u003e0\\leq i \\leq L-2\u003c/script\u003e，区域 \u003cspan class=\"MathJax_Preview\" style=\"color: inherit;\"\u003e\u003cspan class=\"MJXp-math\" id=\"MJXp-Span-17\"\u003e\u003cspan class=\"MJXp-mi MJXp-italic\" id=\"MJXp-Span-18\"\u003ei\u003c/span\u003e\u003c/span\u003e\u003c/span\u003e\u003cspan class=\"MathJax MathJax_Processed\" id=\"MathJax-Element-5-Frame\" tabindex=\"0\" style=\"\"\u003e\u003cnobr\u003e\u003cspan class=\"math\" id=\"MathJax-Span-21\"\u003e\u003cspan style=\"display: inline-block; position: relative; width: 0em; height: 0px; font-size: 106%;\"\u003e\u003cspan style=\"position: absolute;\"\u003e\u003cspan class=\"mrow\" id=\"MathJax-Span-22\"\u003e\u003cspan class=\"mi\" id=\"MathJax-Span-23\" style=\"font-family: MathJax_Math-italic;\"\u003ei\u003c/span\u003e\u003c/span\u003e\u003c/span\u003e\u003c/span\u003e\u003c/span\u003e\u003c/nobr\u003e\u003c/span\u003e\u003cscript type=\"math/tex\" id=\"MathJax-Element-5\"\u003ei\u003c/script\u003e 与区域 \u003cspan class=\"MathJax_Preview\" style=\"color: inherit;\"\u003e\u003cspan class=\"MJXp-math\" id=\"MJXp-Span-19\"\u003e\u003cspan class=\"MJXp-mi MJXp-italic\" id=\"MJXp-Span-20\"\u003ei\u003c/span\u003e\u003cspan class=\"MJXp-mo\" id=\"MJXp-Span-21\" style=\"margin-left: 0.267em; margin-right: 0.267em;\"\u003e+\u003c/span\u003e\u003cspan class=\"MJXp-mn\" id=\"MJXp-Span-22\"\u003e1\u003c/span\u003e\u003c/span\u003e\u003c/span\u003e\u003cspan class=\"MathJax MathJax_Processed\" id=\"MathJax-Element-6-Frame\" tabindex=\"0\" style=\"\"\u003e\u003cnobr\u003e\u003cspan class=\"math\" id=\"MathJax-Span-24\"\u003e\u003cspan style=\"display: inline-block; position: relative; width: 0em; height: 0px; font-size: 106%;\"\u003e\u003cspan style=\"position: absolute;\"\u003e\u003cspan class=\"mrow\" id=\"MathJax-Span-25\"\u003e\u003cspan class=\"mi\" id=\"MathJax-Span-26\" style=\"font-family: MathJax_Math-italic;\"\u003ei\u003c/span\u003e\u003cspan class=\"mo\" id=\"MathJax-Span-27\" style=\"font-family: MathJax_Main; padding-left: 0.222em;\"\u003e+\u003c/span\u003e\u003cspan class=\"mn\" id=\"MathJax-Span-28\" style=\"font-family: MathJax_Main; padding-left: 0.222em;\"\u003e1\u003c/span\u003e\u003c/span\u003e\u003c/span\u003e\u003c/span\u003e\u003c/span\u003e\u003c/nobr\u003e\u003c/span\u003e\u003cscript type=\"math/tex\" id=\"MathJax-Element-6\"\u003ei+1\u003c/script\u003e 相邻，且区域 \u003cspan class=\"MathJax_Preview\" style=\"color: inherit;\"\u003e\u003cspan class=\"MJXp-math\" id=\"MJXp-Span-23\"\u003e\u003cspan class=\"MJXp-mi MJXp-italic\" id=\"MJXp-Span-24\"\u003eL\u003c/span\u003e\u003cspan class=\"MJXp-mo\" id=\"MJXp-Span-25\" style=\"margin-left: 0.267em; margin-right: 0.267em;\"\u003e−\u003c/span\u003e\u003cspan class=\"MJXp-mn\" id=\"MJXp-Span-26\"\u003e1\u003c/span\u003e\u003c/span\u003e\u003c/span\u003e\u003cspan class=\"MathJax MathJax_Processed\" id=\"MathJax-Element-7-Frame\" tabindex=\"0\" style=\"\"\u003e\u003cnobr\u003e\u003cspan class=\"math\" id=\"MathJax-Span-29\"\u003e\u003cspan style=\"display: inline-block; position: relative; width: 0em; height: 0px; font-size: 106%;\"\u003e\u003cspan style=\"position: absolute;\"\u003e\u003cspan class=\"mrow\" id=\"MathJax-Span-30\"\u003e\u003cspan class=\"mi\" id=\"MathJax-Span-31\" style=\"font-family: MathJax_Math-italic;\"\u003eL\u003c/span\u003e\u003cspan class=\"mo\" id=\"MathJax-Span-32\" style=\"font-family: MathJax_Main; padding-left: 0.222em;\"\u003e−\u003c/span\u003e\u003cspan class=\"mn\" id=\"MathJax-Span-33\" style=\"font-family: MathJax_Main; padding-left: 0.222em;\"\u003e1\u003c/span\u003e\u003c/span\u003e\u003c/span\u003e\u003c/span\u003e\u003c/span\u003e\u003c/nobr\u003e\u003c/span\u003e\u003cscript type=\"math/tex\" id=\"MathJax-Element-7\"\u003eL-1\u003c/script\u003e 与区域 \u003cspan class=\"MathJax_Preview\" style=\"color: inherit;\"\u003e\u003cspan class=\"MJXp-math\" id=\"MJXp-Span-27\"\u003e\u003cspan class=\"MJXp-mn\" id=\"MJXp-Span-28\"\u003e0\u003c/span\u003e\u003c/span\u003e\u003c/span\u003e\u003cspan class=\"MathJax MathJax_Processed\" id=\"MathJax-Element-8-Frame\" tabindex=\"0\" style=\"\"\u003e\u003cnobr\u003e\u003cspan class=\"math\" id=\"MathJax-Span-34\"\u003e\u003cspan style=\"display: inline-block; position: relative; width: 0em; height: 0px; font-size: 106%;\"\u003e\u003cspan style=\"position: absolute;\"\u003e\u003cspan class=\"mrow\" id=\"MathJax-Span-35\"\u003e\u003cspan class=\"mn\" id=\"MathJax-Span-36\" style=\"font-family: MathJax_Main;\"\u003e0\u003c/span\u003e\u003c/span\u003e\u003c/span\u003e\u003c/span\u003e\u003c/span\u003e\u003c/nobr\u003e\u003c/span\u003e\u003cscript type=\"math/tex\" id=\"MathJax-Element-8\"\u003e0\u003c/script\u003e 相邻。场地上一共有 \u003cspan class=\"MathJax_Preview\" style=\"color: inherit;\"\u003e\u003cspan class=\"MJXp-math\" id=\"MJXp-Span-29\"\u003e\u003cspan class=\"MJXp-mi MJXp-italic\" id=\"MJXp-Span-30\"\u003eN\u003c/span\u003e\u003c/span\u003e\u003c/span\u003e\u003cspan class=\"MathJax MathJax_Processed\" id=\"MathJax-Element-9-Frame\" tabindex=\"0\" style=\"\"\u003e\u003cnobr\u003e\u003cspan class=\"math\" id=\"MathJax-Span-37\"\u003e\u003cspan style=\"display: inline-block; position: relative; width: 0em; height: 0px; font-size: 106%;\"\u003e\u003cspan style=\"position: absolute;\"\u003e\u003cspan class=\"mrow\" id=\"MathJax-Span-38\"\u003e\u003cspan class=\"mi\" id=\"MathJax-Span-39\" style=\"font-family: MathJax_Math-italic;\"\u003eN\u003cspan style=\"display: inline-block; overflow: hidden; height: 1px; width: 0.085em;\"\u003e\u003c/span\u003e\u003c/span\u003e\u003c/span\u003e\u003c/span\u003e\u003c/span\u003e\u003c/span\u003e\u003c/nobr\u003e\u003c/span\u003e\u003cscript type=\"math/tex\" id=\"MathJax-Element-9\"\u003eN\u003c/script\u003e 个代表队，每队坐在上面的某个区域上，每个区域可以包含任意多个代表队，也可以为空。\u003c/p\u003e\u003cp\u003e一共有 \u003cspan class=\"MathJax_Preview\" style=\"color: inherit;\"\u003e\u003cspan class=\"MJXp-math\" id=\"MJXp-Span-31\"\u003e\u003cspan class=\"MJXp-mi MJXp-italic\" id=\"MJXp-Span-32\"\u003eN\u003c/span\u003e\u003c/span\u003e\u003c/span\u003e\u003cspan class=\"MathJax MathJax_Processed\" id=\"MathJax-Element-10-Frame\" tabindex=\"0\" style=\"\"\u003e\u003cnobr\u003e\u003cspan class=\"math\" id=\"MathJax-Span-40\"\u003e\u003cspan style=\"display: inline-block; position: relative; width: 0em; height: 0px; font-size: 106%;\"\u003e\u003cspan style=\"position: absolute;\"\u003e\u003cspan class=\"mrow\" id=\"MathJax-Span-41\"\u003e\u003cspan class=\"mi\" id=\"MathJax-Span-42\" style=\"font-family: MathJax_Math-italic;\"\u003eN\u003cspan style=\"display: inline-block; overflow: hidden; height: 1px; width: 0.085em;\"\u003e\u003c/span\u003e\u003c/span\u003e\u003c/span\u003e\u003c/span\u003e\u003c/span\u003e\u003c/span\u003e\u003c/nobr\u003e\u003c/span\u003e\u003cscript type=\"math/tex\" id=\"MathJax-Element-10\"\u003eN\u003c/script\u003e 个相同的纪念品。一开始，Aman 和所有纪念品都在区域 \u003cspan class=\"MathJax_Preview\" style=\"color: inherit;\"\u003e\u003cspan class=\"MJXp-math\" id=\"MJXp-Span-33\"\u003e\u003cspan class=\"MJXp-mn\" id=\"MJXp-Span-34\"\u003e0\u003c/span\u003e\u003c/span\u003e\u003c/span\u003e\u003cspan class=\"MathJax MathJax_Processed\" id=\"MathJax-Element-11-Frame\" tabindex=\"0\" style=\"\"\u003e\u003cnobr\u003e\u003cspan class=\"math\" id=\"MathJax-Span-43\"\u003e\u003cspan style=\"display: inline-block; position: relative; width: 0em; height: 0px; font-size: 106%;\"\u003e\u003cspan style=\"position: absolute;\"\u003e\u003cspan class=\"mrow\" id=\"MathJax-Span-44\"\u003e\u003cspan class=\"mn\" id=\"MathJax-Span-45\" style=\"font-family: MathJax_Main;\"\u003e0\u003c/span\u003e\u003c/span\u003e\u003c/span\u003e\u003c/span\u003e\u003c/span\u003e\u003c/nobr\u003e\u003c/span\u003e\u003cscript type=\"math/tex\" id=\"MathJax-Element-11\"\u003e0\u003c/script\u003e。Aman 应该给每队一个纪念品，并且在发放完最后一个纪念品后他必须回到区域 \u003cspan class=\"MathJax_Preview\" style=\"color: inherit;\"\u003e\u003cspan class=\"MJXp-math\" id=\"MJXp-Span-35\"\u003e\u003cspan class=\"MJXp-mn\" id=\"MJXp-Span-36\"\u003e0\u003c/span\u003e\u003c/span\u003e\u003c/span\u003e\u003cspan class=\"MathJax MathJax_Processed\" id=\"MathJax-Element-12-Frame\" tabindex=\"0\" style=\"\"\u003e\u003cnobr\u003e\u003cspan class=\"math\" id=\"MathJax-Span-46\"\u003e\u003cspan style=\"display: inline-block; position: relative; width: 0em; height: 0px; font-size: 106%;\"\u003e\u003cspan style=\"position: absolute;\"\u003e\u003cspan class=\"mrow\" id=\"MathJax-Span-47\"\u003e\u003cspan class=\"mn\" id=\"MathJax-Span-48\" style=\"font-family: MathJax_Main;\"\u003e0\u003c/span\u003e\u003c/span\u003e\u003c/span\u003e\u003c/span\u003e\u003c/span\u003e\u003c/nobr\u003e\u003c/span\u003e\u003cscript type=\"math/tex\" id=\"MathJax-Element-12\"\u003e0\u003c/script\u003e 。注意，有些队可能坐在区域 \u003cspan class=\"MathJax_Preview\" style=\"color: inherit;\"\u003e\u003cspan class=\"MJXp-math\" id=\"MJXp-Span-37\"\u003e\u003cspan class=\"MJXp-mn\" id=\"MJXp-Span-38\"\u003e0\u003c/span\u003e\u003c/span\u003e\u003c/span\u003e\u003cspan class=\"MathJax MathJax_Processed\" id=\"MathJax-Element-13-Frame\" tabindex=\"0\" style=\"\"\u003e\u003cnobr\u003e\u003cspan class=\"math\" id=\"MathJax-Span-49\"\u003e\u003cspan style=\"display: inline-block; position: relative; width: 0em; height: 0px; font-size: 106%;\"\u003e\u003cspan style=\"position: absolute;\"\u003e\u003cspan class=\"mrow\" id=\"MathJax-Span-50\"\u003e\u003cspan class=\"mn\" id=\"MathJax-Span-51\" style=\"font-family: MathJax_Main;\"\u003e0\u003c/span\u003e\u003c/span\u003e\u003c/span\u003e\u003c/span\u003e\u003c/span\u003e\u003c/nobr\u003e\u003c/span\u003e\u003cscript type=\"math/tex\" id=\"MathJax-Element-13\"\u003e0\u003c/script\u003e。\u003c/p\u003e\u003cp\u003eAman 可以花费 \u003cspan class=\"MathJax_Preview\" style=\"color: inherit;\"\u003e\u003cspan class=\"MJXp-math\" id=\"MJXp-Span-39\"\u003e\u003cspan class=\"MJXp-mn\" id=\"MJXp-Span-40\"\u003e1\u003c/span\u003e\u003c/span\u003e\u003c/span\u003e\u003cspan class=\"MathJax MathJax_Processed\" id=\"MathJax-Element-14-Frame\" tabindex=\"0\" style=\"\"\u003e\u003cnobr\u003e\u003cspan class=\"math\" id=\"MathJax-Span-52\"\u003e\u003cspan style=\"display: inline-block; position: relative; width: 0em; height: 0px; font-size: 106%;\"\u003e\u003cspan style=\"position: absolute;\"\u003e\u003cspan class=\"mrow\" id=\"MathJax-Span-53\"\u003e\u003cspan class=\"mn\" id=\"MathJax-Span-54\" style=\"font-family: MathJax_Main;\"\u003e1\u003c/span\u003e\u003c/span\u003e\u003c/span\u003e\u003c/span\u003e\u003c/span\u003e\u003c/nobr\u003e\u003c/span\u003e\u003cscript type=\"math/tex\" id=\"MathJax-Element-14\"\u003e1\u003c/script\u003e 秒的时间从一个区域移动到与他相邻的区域(顺时针或者逆时针都可以)，当 Aman 经过区域 \u003cspan class=\"MathJax_Preview\" style=\"color: inherit;\"\u003e\u003cspan class=\"MJXp-math\" id=\"MJXp-Span-41\"\u003e\u003cspan class=\"MJXp-mn\" id=\"MJXp-Span-42\"\u003e0\u003c/span\u003e\u003c/span\u003e\u003c/span\u003e\u003cspan class=\"MathJax MathJax_Processed\" id=\"MathJax-Element-15-Frame\" tabindex=\"0\" style=\"\"\u003e\u003cnobr\u003e\u003cspan class=\"math\" id=\"MathJax-Span-55\"\u003e\u003cspan style=\"display: inline-block; position: relative; width: 0em; height: 0px; font-size: 106%;\"\u003e\u003cspan style=\"position: absolute;\"\u003e\u003cspan class=\"mrow\" id=\"MathJax-Span-56\"\u003e\u003cspan class=\"mn\" id=\"MathJax-Span-57\" style=\"font-family: MathJax_Main;\"\u003e0\u003c/span\u003e\u003c/span\u003e\u003c/span\u003e\u003c/span\u003e\u003c/span\u003e\u003c/nobr\u003e\u003c/span\u003e\u003cscript type=\"math/tex\" id=\"MathJax-Element-15\"\u003e0\u003c/script\u003e 时他可以拿走若干纪念品，拿走纪念品是不需要时间的。任意时刻，Aman 身上只能携带不超过 \u003cspan class=\"MathJax_Preview\" style=\"color: inherit;\"\u003e\u003cspan class=\"MJXp-math\" id=\"MJXp-Span-43\"\u003e\u003cspan class=\"MJXp-mi MJXp-italic\" id=\"MJXp-Span-44\"\u003eK\u003c/span\u003e\u003c/span\u003e\u003c/span\u003e\u003cspan class=\"MathJax MathJax_Processed\" id=\"MathJax-Element-16-Frame\" tabindex=\"0\" style=\"\"\u003e\u003cnobr\u003e\u003cspan class=\"math\" id=\"MathJax-Span-58\"\u003e\u003cspan style=\"display: inline-block; position: relative; width: 0em; height: 0px; font-size: 106%;\"\u003e\u003cspan style=\"position: absolute;\"\u003e\u003cspan class=\"mrow\" id=\"MathJax-Span-59\"\u003e\u003cspan class=\"mi\" id=\"MathJax-Span-60\" style=\"font-family: MathJax_Math-italic;\"\u003eK\u003cspan style=\"display: inline-block; overflow: hidden; height: 1px; width: 0.04em;\"\u003e\u003c/span\u003e\u003c/span\u003e\u003c/span\u003e\u003c/span\u003e\u003c/span\u003e\u003c/span\u003e\u003c/nobr\u003e\u003c/span\u003e\u003cscript type=\"math/tex\" id=\"MathJax-Element-16\"\u003eK\u003c/script\u003e 个纪念品，Aman 可以给所在区域的队伍发纪念品，这也是不需要时间的。\u003c/p\u003e\u003cp\u003e你的任务是：计算 Aman 从区域 \u003cspan class=\"MathJax_Preview\" style=\"color: inherit;\"\u003e\u003cspan class=\"MJXp-math\" id=\"MJXp-Span-45\"\u003e\u003cspan class=\"MJXp-mn\" id=\"MJXp-Span-46\"\u003e0\u003c/span\u003e\u003c/span\u003e\u003c/span\u003e\u003cspan class=\"MathJax MathJax_Processed\" id=\"MathJax-Element-17-Frame\" tabindex=\"0\" style=\"\"\u003e\u003cnobr\u003e\u003cspan class=\"math\" id=\"MathJax-Span-61\"\u003e\u003cspan style=\"display: inline-block; position: relative; width: 0em; height: 0px; font-size: 106%;\"\u003e\u003cspan style=\"position: absolute;\"\u003e\u003cspan class=\"mrow\" id=\"MathJax-Span-62\"\u003e\u003cspan class=\"mn\" id=\"MathJax-Span-63\" style=\"font-family: MathJax_Main;\"\u003e0\u003c/span\u003e\u003c/span\u003e\u003c/span\u003e\u003c/span\u003e\u003c/span\u003e\u003c/nobr\u003e\u003c/span\u003e\u003cscript type=\"math/tex\" id=\"MathJax-Element-17\"\u003e0\u003c/script\u003e 出发，给每个队伍发送纪念品并且最后回到区域 \u003cspan class=\"MathJax_Preview\" style=\"color: inherit;\"\u003e\u003cspan class=\"MJXp-math\" id=\"MJXp-Span-47\"\u003e\u003cspan class=\"MJXp-mn\" id=\"MJXp-Span-48\"\u003e0\u003c/span\u003e\u003c/span\u003e\u003c/span\u003e\u003cspan class=\"MathJax MathJax_Processed\" id=\"MathJax-Element-18-Frame\" tabindex=\"0\" style=\"\"\u003e\u003cnobr\u003e\u003cspan class=\"math\" id=\"MathJax-Span-64\"\u003e\u003cspan style=\"display: inline-block; position: relative; width: 0em; height: 0px; font-size: 106%;\"\u003e\u003cspan style=\"position: absolute;\"\u003e\u003cspan class=\"mrow\" id=\"MathJax-Span-65\"\u003e\u003cspan class=\"mn\" id=\"MathJax-Span-66\" style=\"font-family: MathJax_Main;\"\u003e0\u003c/span\u003e\u003c/span\u003e\u003c/span\u003e\u003c/span\u003e\u003c/span\u003e\u003c/nobr\u003e\u003c/span\u003e\u003cscript type=\"math/tex\" id=\"MathJax-Element-18\"\u003e0\u003c/script\u003e 至少需要多少时间（秒）。\u003c/p\u003e",
      "misc": ""
    },
    {
      "title": "样例",
      "content": "\u003cp\u003e在这个样例中，代表队的数目 \u003cspan class=\"MathJax_Preview\" style=\"color: inherit;\"\u003e\u003cspan class=\"MJXp-math\" id=\"MJXp-Span-49\"\u003e\u003cspan class=\"MJXp-mi MJXp-italic\" id=\"MJXp-Span-50\"\u003eN\u003c/span\u003e\u003cspan class=\"MJXp-mo\" id=\"MJXp-Span-51\" style=\"margin-left: 0.333em; margin-right: 0.333em;\"\u003e=\u003c/span\u003e\u003cspan class=\"MJXp-mn\" id=\"MJXp-Span-52\"\u003e3\u003c/span\u003e\u003c/span\u003e\u003c/span\u003e\u003cspan class=\"MathJax MathJax_Processed\" id=\"MathJax-Element-19-Frame\" tabindex=\"0\" style=\"\"\u003e\u003cnobr\u003e\u003cspan class=\"math\" id=\"MathJax-Span-67\"\u003e\u003cspan style=\"display: inline-block; position: relative; width: 0em; height: 0px; font-size: 106%;\"\u003e\u003cspan style=\"position: absolute;\"\u003e\u003cspan class=\"mrow\" id=\"MathJax-Span-68\"\u003e\u003cspan class=\"mi\" id=\"MathJax-Span-69\" style=\"font-family: MathJax_Math-italic;\"\u003eN\u003cspan style=\"display: inline-block; overflow: hidden; height: 1px; width: 0.085em;\"\u003e\u003c/span\u003e\u003c/span\u003e\u003cspan class=\"mo\" id=\"MathJax-Span-70\" style=\"font-family: MathJax_Main; padding-left: 0.278em;\"\u003e=\u003c/span\u003e\u003cspan class=\"mn\" id=\"MathJax-Span-71\" style=\"font-family: MathJax_Main; padding-left: 0.278em;\"\u003e3\u003c/span\u003e\u003c/span\u003e\u003c/span\u003e\u003c/span\u003e\u003c/span\u003e\u003c/nobr\u003e\u003c/span\u003e\u003cscript type=\"math/tex\" id=\"MathJax-Element-19\"\u003eN=3\u003c/script\u003e，Aman 最多携带纪念品的数量 \u003cspan class=\"MathJax_Preview\" style=\"color: inherit;\"\u003e\u003cspan class=\"MJXp-math\" id=\"MJXp-Span-53\"\u003e\u003cspan class=\"MJXp-mi MJXp-italic\" id=\"MJXp-Span-54\"\u003eK\u003c/span\u003e\u003cspan class=\"MJXp-mo\" id=\"MJXp-Span-55\" style=\"margin-left: 0.333em; margin-right: 0.333em;\"\u003e=\u003c/span\u003e\u003cspan class=\"MJXp-mn\" id=\"MJXp-Span-56\"\u003e2\u003c/span\u003e\u003c/span\u003e\u003c/span\u003e\u003cspan class=\"MathJax MathJax_Processed\" id=\"MathJax-Element-20-Frame\" tabindex=\"0\" style=\"\"\u003e\u003cnobr\u003e\u003cspan class=\"math\" id=\"MathJax-Span-72\"\u003e\u003cspan style=\"display: inline-block; position: relative; width: 0em; height: 0px; font-size: 106%;\"\u003e\u003cspan style=\"position: absolute;\"\u003e\u003cspan class=\"mrow\" id=\"MathJax-Span-73\"\u003e\u003cspan class=\"mi\" id=\"MathJax-Span-74\" style=\"font-family: MathJax_Math-italic;\"\u003eK\u003cspan style=\"display: inline-block; overflow: hidden; height: 1px; width: 0.04em;\"\u003e\u003c/span\u003e\u003c/span\u003e\u003cspan class=\"mo\" id=\"MathJax-Span-75\" style=\"font-family: MathJax_Main; padding-left: 0.278em;\"\u003e=\u003c/span\u003e\u003cspan class=\"mn\" id=\"MathJax-Span-76\" style=\"font-family: MathJax_Main; padding-left: 0.278em;\"\u003e2\u003c/span\u003e\u003c/span\u003e\u003c/span\u003e\u003c/span\u003e\u003c/span\u003e\u003c/nobr\u003e\u003c/span\u003e\u003cscript type=\"math/tex\" id=\"MathJax-Element-20\"\u003eK=2\u003c/script\u003e，区域的数量 \u003cspan class=\"MathJax_Preview\" style=\"color: inherit;\"\u003e\u003cspan class=\"MJXp-math\" id=\"MJXp-Span-57\"\u003e\u003cspan class=\"MJXp-mi MJXp-italic\" id=\"MJXp-Span-58\"\u003eL\u003c/span\u003e\u003cspan class=\"MJXp-mo\" id=\"MJXp-Span-59\" style=\"margin-left: 0.333em; margin-right: 0.333em;\"\u003e=\u003c/span\u003e\u003cspan class=\"MJXp-mn\" id=\"MJXp-Span-60\"\u003e8\u003c/span\u003e\u003c/span\u003e\u003c/span\u003e\u003cspan class=\"MathJax MathJax_Processed\" id=\"MathJax-Element-21-Frame\" tabindex=\"0\" style=\"\"\u003e\u003cnobr\u003e\u003cspan class=\"math\" id=\"MathJax-Span-77\"\u003e\u003cspan style=\"display: inline-block; position: relative; width: 0em; height: 0px; font-size: 106%;\"\u003e\u003cspan style=\"position: absolute;\"\u003e\u003cspan class=\"mrow\" id=\"MathJax-Span-78\"\u003e\u003cspan class=\"mi\" id=\"MathJax-Span-79\" style=\"font-family: MathJax_Math-italic;\"\u003eL\u003c/span\u003e\u003cspan class=\"mo\" id=\"MathJax-Span-80\" style=\"font-family: MathJax_Main; padding-left: 0.278em;\"\u003e=\u003c/span\u003e\u003cspan class=\"mn\" id=\"MathJax-Span-81\" style=\"font-family: MathJax_Main; padding-left: 0.278em;\"\u003e8\u003c/span\u003e\u003c/span\u003e\u003c/span\u003e\u003c/span\u003e\u003c/span\u003e\u003c/nobr\u003e\u003c/span\u003e\u003cscript type=\"math/tex\" id=\"MathJax-Element-21\"\u003eL=8\u003c/script\u003e。这些代表队分别位于区域 \u003cspan class=\"MathJax_Preview\" style=\"color: inherit;\"\u003e\u003cspan class=\"MJXp-math\" id=\"MJXp-Span-61\"\u003e\u003cspan class=\"MJXp-mn\" id=\"MJXp-Span-62\"\u003e1\u003c/span\u003e\u003c/span\u003e\u003c/span\u003e\u003cspan class=\"MathJax MathJax_Processed\" id=\"MathJax-Element-22-Frame\" tabindex=\"0\" style=\"\"\u003e\u003cnobr\u003e\u003cspan class=\"math\" id=\"MathJax-Span-82\"\u003e\u003cspan style=\"display: inline-block; position: relative; width: 0em; height: 0px; font-size: 106%;\"\u003e\u003cspan style=\"position: absolute;\"\u003e\u003cspan class=\"mrow\" id=\"MathJax-Span-83\"\u003e\u003cspan class=\"mn\" id=\"MathJax-Span-84\" style=\"font-family: MathJax_Main;\"\u003e1\u003c/span\u003e\u003c/span\u003e\u003c/span\u003e\u003c/span\u003e\u003c/span\u003e\u003c/nobr\u003e\u003c/span\u003e\u003cscript type=\"math/tex\" id=\"MathJax-Element-22\"\u003e1\u003c/script\u003e，\u003cspan class=\"MathJax_Preview\" style=\"color: inherit;\"\u003e\u003cspan class=\"MJXp-math\" id=\"MJXp-Span-63\"\u003e\u003cspan class=\"MJXp-mn\" id=\"MJXp-Span-64\"\u003e2\u003c/span\u003e\u003c/span\u003e\u003c/span\u003e\u003cspan class=\"MathJax MathJax_Processed\" id=\"MathJax-Element-23-Frame\" tabindex=\"0\" style=\"\"\u003e\u003cnobr\u003e\u003cspan class=\"math\" id=\"MathJax-Span-85\"\u003e\u003cspan style=\"display: inline-block; position: relative; width: 0em; height: 0px; font-size: 106%;\"\u003e\u003cspan style=\"position: absolute;\"\u003e\u003cspan class=\"mrow\" id=\"MathJax-Span-86\"\u003e\u003cspan class=\"mn\" id=\"MathJax-Span-87\" style=\"font-family: MathJax_Main;\"\u003e2\u003c/span\u003e\u003c/span\u003e\u003c/span\u003e\u003c/span\u003e\u003c/span\u003e\u003c/nobr\u003e\u003c/span\u003e\u003cscript type=\"math/tex\" id=\"MathJax-Element-23\"\u003e2\u003c/script\u003e和\u003cspan class=\"MathJax_Preview\" style=\"color: inherit;\"\u003e\u003cspan class=\"MJXp-math\" id=\"MJXp-Span-65\"\u003e\u003cspan class=\"MJXp-mn\" id=\"MJXp-Span-66\"\u003e5\u003c/span\u003e\u003c/span\u003e\u003c/span\u003e\u003cspan class=\"MathJax MathJax_Processed\" id=\"MathJax-Element-24-Frame\" tabindex=\"0\" style=\"\"\u003e\u003cnobr\u003e\u003cspan class=\"math\" id=\"MathJax-Span-88\"\u003e\u003cspan style=\"display: inline-block; position: relative; width: 0em; height: 0px; font-size: 106%;\"\u003e\u003cspan style=\"position: absolute;\"\u003e\u003cspan class=\"mrow\" id=\"MathJax-Span-89\"\u003e\u003cspan class=\"mn\" id=\"MathJax-Span-90\" style=\"font-family: MathJax_Main;\"\u003e5\u003c/span\u003e\u003c/span\u003e\u003c/span\u003e\u003c/span\u003e\u003c/span\u003e\u003c/nobr\u003e\u003c/span\u003e\u003cscript type=\"math/tex\" id=\"MathJax-Element-24\"\u003e5\u003c/script\u003e。\u003c/p\u003e\u003cp\u003e\u003cimg class=\"img-responsive center-block\" src=\"//img.uoj.ac/problem/229/boxes.png\" alt=\"样例\"\u003e\u003c/p\u003e\u003cp\u003e上图是最优解之一。\u003c/p\u003e\u003cp\u003e第一步：Aman 在起点拿走 \u003cspan class=\"MathJax_Preview\" style=\"color: inherit;\"\u003e\u003cspan class=\"MJXp-math\" id=\"MJXp-Span-67\"\u003e\u003cspan class=\"MJXp-mn\" id=\"MJXp-Span-68\"\u003e2\u003c/span\u003e\u003c/span\u003e\u003c/span\u003e\u003cspan class=\"MathJax MathJax_Processed\" id=\"MathJax-Element-25-Frame\" tabindex=\"0\" style=\"\"\u003e\u003cnobr\u003e\u003cspan class=\"math\" id=\"MathJax-Span-91\"\u003e\u003cspan style=\"display: inline-block; position: relative; width: 0em; height: 0px; font-size: 106%;\"\u003e\u003cspan style=\"position: absolute;\"\u003e\u003cspan class=\"mrow\" id=\"MathJax-Span-92\"\u003e\u003cspan class=\"mn\" id=\"MathJax-Span-93\" style=\"font-family: MathJax_Main;\"\u003e2\u003c/span\u003e\u003c/span\u003e\u003c/span\u003e\u003c/span\u003e\u003c/span\u003e\u003c/nobr\u003e\u003c/span\u003e\u003cscript type=\"math/tex\" id=\"MathJax-Element-25\"\u003e2\u003c/script\u003e 个纪念品，一个发给区域 \u003cspan class=\"MathJax_Preview\" style=\"color: inherit;\"\u003e\u003cspan class=\"MJXp-math\" id=\"MJXp-Span-69\"\u003e\u003cspan class=\"MJXp-mn\" id=\"MJXp-Span-70\"\u003e2\u003c/span\u003e\u003c/span\u003e\u003c/span\u003e\u003cspan class=\"MathJax MathJax_Processed\" id=\"MathJax-Element-26-Frame\" tabindex=\"0\" style=\"\"\u003e\u003cnobr\u003e\u003cspan class=\"math\" id=\"MathJax-Span-94\"\u003e\u003cspan style=\"display: inline-block; position: relative; width: 0em; height: 0px; font-size: 106%;\"\u003e\u003cspan style=\"position: absolute;\"\u003e\u003cspan class=\"mrow\" id=\"MathJax-Span-95\"\u003e\u003cspan class=\"mn\" id=\"MathJax-Span-96\" style=\"font-family: MathJax_Main;\"\u003e2\u003c/span\u003e\u003c/span\u003e\u003c/span\u003e\u003c/span\u003e\u003c/span\u003e\u003c/nobr\u003e\u003c/span\u003e\u003cscript type=\"math/tex\" id=\"MathJax-Element-26\"\u003e2\u003c/script\u003e，一个发给区域 \u003cspan class=\"MathJax_Preview\" style=\"color: inherit;\"\u003e\u003cspan class=\"MJXp-math\" id=\"MJXp-Span-71\"\u003e\u003cspan class=\"MJXp-mn\" id=\"MJXp-Span-72\"\u003e5\u003c/span\u003e\u003c/span\u003e\u003c/span\u003e\u003cspan class=\"MathJax MathJax_Processed\" id=\"MathJax-Element-27-Frame\" tabindex=\"0\" style=\"\"\u003e\u003cnobr\u003e\u003cspan class=\"math\" id=\"MathJax-Span-97\"\u003e\u003cspan style=\"display: inline-block; position: relative; width: 0em; height: 0px; font-size: 106%;\"\u003e\u003cspan style=\"position: absolute;\"\u003e\u003cspan class=\"mrow\" id=\"MathJax-Span-98\"\u003e\u003cspan class=\"mn\" id=\"MathJax-Span-99\" style=\"font-family: MathJax_Main;\"\u003e5\u003c/span\u003e\u003c/span\u003e\u003c/span\u003e\u003c/span\u003e\u003c/span\u003e\u003c/nobr\u003e\u003c/span\u003e\u003cscript type=\"math/tex\" id=\"MathJax-Element-27\"\u003e5\u003c/script\u003e，然后顺便绕回到起点，刚好走了一圈，花费了 \u003cspan class=\"MathJax_Preview\" style=\"color: inherit;\"\u003e\u003cspan class=\"MJXp-math\" id=\"MJXp-Span-73\"\u003e\u003cspan class=\"MJXp-mn\" id=\"MJXp-Span-74\"\u003e8\u003c/span\u003e\u003c/span\u003e\u003c/span\u003e\u003cspan class=\"MathJax MathJax_Processed\" id=\"MathJax-Element-28-Frame\" tabindex=\"0\" style=\"\"\u003e\u003cnobr\u003e\u003cspan class=\"math\" id=\"MathJax-Span-100\"\u003e\u003cspan style=\"display: inline-block; position: relative; width: 0em; height: 0px; font-size: 106%;\"\u003e\u003cspan style=\"position: absolute;\"\u003e\u003cspan class=\"mrow\" id=\"MathJax-Span-101\"\u003e\u003cspan class=\"mn\" id=\"MathJax-Span-102\" style=\"font-family: MathJax_Main;\"\u003e8\u003c/span\u003e\u003c/span\u003e\u003c/span\u003e\u003c/span\u003e\u003c/span\u003e\u003c/nobr\u003e\u003c/span\u003e\u003cscript type=\"math/tex\" id=\"MathJax-Element-28\"\u003e8\u003c/script\u003e 秒钟。\u003c/p\u003e\u003cp\u003e第二步：Aman 在起点拿走 \u003cspan class=\"MathJax_Preview\" style=\"color: inherit;\"\u003e\u003cspan class=\"MJXp-math\" id=\"MJXp-Span-75\"\u003e\u003cspan class=\"MJXp-mn\" id=\"MJXp-Span-76\"\u003e1\u003c/span\u003e\u003c/span\u003e\u003c/span\u003e\u003cspan class=\"MathJax MathJax_Processed\" id=\"MathJax-Element-29-Frame\" tabindex=\"0\" style=\"\"\u003e\u003cnobr\u003e\u003cspan class=\"math\" id=\"MathJax-Span-103\"\u003e\u003cspan style=\"display: inline-block; position: relative; width: 0em; height: 0px; font-size: 106%;\"\u003e\u003cspan style=\"position: absolute;\"\u003e\u003cspan class=\"mrow\" id=\"MathJax-Span-104\"\u003e\u003cspan class=\"mn\" id=\"MathJax-Span-105\" style=\"font-family: MathJax_Main;\"\u003e1\u003c/span\u003e\u003c/span\u003e\u003c/span\u003e\u003c/span\u003e\u003c/span\u003e\u003c/nobr\u003e\u003c/span\u003e\u003cscript type=\"math/tex\" id=\"MathJax-Element-29\"\u003e1\u003c/script\u003e 个纪念品，发给区域 \u003cspan class=\"MathJax_Preview\" style=\"color: inherit;\"\u003e\u003cspan class=\"MJXp-math\" id=\"MJXp-Span-77\"\u003e\u003cspan class=\"MJXp-mn\" id=\"MJXp-Span-78\"\u003e1\u003c/span\u003e\u003c/span\u003e\u003c/span\u003e\u003cspan class=\"MathJax MathJax_Processed\" id=\"MathJax-Element-30-Frame\" tabindex=\"0\" style=\"\"\u003e\u003cnobr\u003e\u003cspan class=\"math\" id=\"MathJax-Span-106\"\u003e\u003cspan style=\"display: inline-block; position: relative; width: 0em; height: 0px; font-size: 106%;\"\u003e\u003cspan style=\"position: absolute;\"\u003e\u003cspan class=\"mrow\" id=\"MathJax-Span-107\"\u003e\u003cspan class=\"mn\" id=\"MathJax-Span-108\" style=\"font-family: MathJax_Main;\"\u003e1\u003c/span\u003e\u003c/span\u003e\u003c/span\u003e\u003c/span\u003e\u003c/span\u003e\u003c/nobr\u003e\u003c/span\u003e\u003cscript type=\"math/tex\" id=\"MathJax-Element-30\"\u003e1\u003c/script\u003e，然后原路返回，花费了 \u003cspan class=\"MathJax_Preview\" style=\"color: inherit;\"\u003e\u003cspan class=\"MJXp-math\" id=\"MJXp-Span-79\"\u003e\u003cspan class=\"MJXp-mn\" id=\"MJXp-Span-80\"\u003e2\u003c/span\u003e\u003c/span\u003e\u003c/span\u003e\u003cspan class=\"MathJax MathJax_Processed\" id=\"MathJax-Element-31-Frame\" tabindex=\"0\" style=\"\"\u003e\u003cnobr\u003e\u003cspan class=\"math\" id=\"MathJax-Span-109\"\u003e\u003cspan style=\"display: inline-block; position: relative; width: 0em; height: 0px; font-size: 106%;\"\u003e\u003cspan style=\"position: absolute;\"\u003e\u003cspan class=\"mrow\" id=\"MathJax-Span-110\"\u003e\u003cspan class=\"mn\" id=\"MathJax-Span-111\" style=\"font-family: MathJax_Main;\"\u003e2\u003c/span\u003e\u003c/span\u003e\u003c/span\u003e\u003c/span\u003e\u003c/span\u003e\u003c/nobr\u003e\u003c/span\u003e\u003cscript type=\"math/tex\" id=\"MathJax-Element-31\"\u003e2\u003c/script\u003e 秒钟。\u003c/p\u003e\u003cp\u003e于是总用时是 \u003cspan class=\"MathJax_Preview\" style=\"color: inherit;\"\u003e\u003cspan class=\"MJXp-math\" id=\"MJXp-Span-81\"\u003e\u003cspan class=\"MJXp-mn\" id=\"MJXp-Span-82\"\u003e10\u003c/span\u003e\u003c/span\u003e\u003c/span\u003e\u003cspan class=\"MathJax MathJax_Processed\" id=\"MathJax-Element-32-Frame\" tabindex=\"0\" style=\"\"\u003e\u003cnobr\u003e\u003cspan class=\"math\" id=\"MathJax-Span-112\"\u003e\u003cspan style=\"display: inline-block; position: relative; width: 0em; height: 0px; font-size: 106%;\"\u003e\u003cspan style=\"position: absolute;\"\u003e\u003cspan class=\"mrow\" id=\"MathJax-Span-113\"\u003e\u003cspan class=\"mn\" id=\"MathJax-Span-114\" style=\"font-family: MathJax_Main;\"\u003e10\u003c/span\u003e\u003c/span\u003e\u003c/span\u003e\u003c/span\u003e\u003c/span\u003e\u003c/nobr\u003e\u003c/span\u003e\u003cscript type=\"math/tex\" id=\"MathJax-Element-32\"\u003e10\u003c/script\u003e 秒钟。\u003c/p\u003e",
      "misc": ""
    },
    {
      "title": "任务",
      "content": "\u003cp\u003e你需要实现函数 delivery，对于给定的 \u003cspan class=\"MathJax_Preview\" style=\"color: inherit;\"\u003e\u003cspan class=\"MJXp-math\" id=\"MJXp-Span-83\"\u003e\u003cspan class=\"MJXp-mi MJXp-italic\" id=\"MJXp-Span-84\"\u003eN\u003c/span\u003e\u003c/span\u003e\u003c/span\u003e\u003cspan class=\"MathJax MathJax_Processed\" id=\"MathJax-Element-33-Frame\" tabindex=\"0\" style=\"\"\u003e\u003cnobr\u003e\u003cspan class=\"math\" id=\"MathJax-Span-115\"\u003e\u003cspan style=\"display: inline-block; position: relative; width: 0em; height: 0px; font-size: 106%;\"\u003e\u003cspan style=\"position: absolute;\"\u003e\u003cspan class=\"mrow\" id=\"MathJax-Span-116\"\u003e\u003cspan class=\"mi\" id=\"MathJax-Span-117\" style=\"font-family: MathJax_Math-italic;\"\u003eN\u003cspan style=\"display: inline-block; overflow: hidden; height: 1px; width: 0.085em;\"\u003e\u003c/span\u003e\u003c/span\u003e\u003c/span\u003e\u003c/span\u003e\u003c/span\u003e\u003c/span\u003e\u003c/nobr\u003e\u003c/span\u003e\u003cscript type=\"math/tex\" id=\"MathJax-Element-33\"\u003eN\u003c/script\u003e，\u003cspan class=\"MathJax_Preview\" style=\"color: inherit;\"\u003e\u003cspan class=\"MJXp-math\" id=\"MJXp-Span-85\"\u003e\u003cspan class=\"MJXp-mi MJXp-italic\" id=\"MJXp-Span-86\"\u003eK\u003c/span\u003e\u003c/span\u003e\u003c/span\u003e\u003cspan class=\"MathJax MathJax_Processed\" id=\"MathJax-Element-34-Frame\" tabindex=\"0\" style=\"\"\u003e\u003cnobr\u003e\u003cspan class=\"math\" id=\"MathJax-Span-118\"\u003e\u003cspan style=\"display: inline-block; position: relative; width: 0em; height: 0px; font-size: 106%;\"\u003e\u003cspan style=\"position: absolute;\"\u003e\u003cspan class=\"mrow\" id=\"MathJax-Span-119\"\u003e\u003cspan class=\"mi\" id=\"MathJax-Span-120\" style=\"font-family: MathJax_Math-italic;\"\u003eK\u003cspan style=\"display: inline-block; overflow: hidden; height: 1px; width: 0.04em;\"\u003e\u003c/span\u003e\u003c/span\u003e\u003c/span\u003e\u003c/span\u003e\u003c/span\u003e\u003c/span\u003e\u003c/nobr\u003e\u003c/span\u003e\u003cscript type=\"math/tex\" id=\"MathJax-Element-34\"\u003eK\u003c/script\u003e，\u003cspan class=\"MathJax_Preview\" style=\"color: inherit;\"\u003e\u003cspan class=\"MJXp-math\" id=\"MJXp-Span-87\"\u003e\u003cspan class=\"MJXp-mi MJXp-italic\" id=\"MJXp-Span-88\"\u003eL\u003c/span\u003e\u003c/span\u003e\u003c/span\u003e\u003cspan class=\"MathJax MathJax_Processed\" id=\"MathJax-Element-35-Frame\" tabindex=\"0\" style=\"\"\u003e\u003cnobr\u003e\u003cspan class=\"math\" id=\"MathJax-Span-121\"\u003e\u003cspan style=\"display: inline-block; position: relative; width: 0em; height: 0px; font-size: 106%;\"\u003e\u003cspan style=\"position: absolute;\"\u003e\u003cspan class=\"mrow\" id=\"MathJax-Span-122\"\u003e\u003cspan class=\"mi\" id=\"MathJax-Span-123\" style=\"font-family: MathJax_Math-italic;\"\u003eL\u003c/span\u003e\u003c/span\u003e\u003c/span\u003e\u003c/span\u003e\u003c/span\u003e\u003c/nobr\u003e\u003c/span\u003e\u003cscript type=\"math/tex\" id=\"MathJax-Element-35\"\u003eL\u003c/script\u003e，以及所有代表队所在的区域，计算并返回 Aman 所需要的最短时间（秒钟）。\u003c/p\u003e\u003cul\u003e\u003cli\u003edelivery(N, K, L, positions)\u003cul\u003e\u003cli\u003eN：代表队的数目\u003c/li\u003e\n\u003cli\u003eK：Aman每次最多能携带的纪念品数量。\u003c/li\u003e\n\u003cli\u003eL：开幕式场地上的区域数目。\u003c/li\u003e\n\u003cli\u003epositions：一个长度为 N 的数组，positions[0],positions[1]...positions[N-1]给出了所有代表队所在的区域的编号，positions的元素按非递减排序。\u003c/li\u003e\n\u003cli\u003e该函数应当返回 Aman 所需要的最短时间（秒数）。\u003c/li\u003e\n\u003c/ul\u003e\u003c/li\u003e\n\u003c/ul\u003e",
      "misc": ""
    },
    {
      "title": "子任务",
      "content": "\u003cdiv class=\"table-responsive\"\u003e\n\u003ctable class=\"table table-bordered table-text-center table-vertical-middle\"\u003e\u003cthead\u003e\u003ctr\u003e\u003cth\u003e子任务\u003c/th\u003e\n\u003cth\u003e分值\u003c/th\u003e\n\u003cth\u003e\u003cspan class=\"MathJax_Preview\" style=\"color: inherit;\"\u003e\u003cspan class=\"MJXp-math\" id=\"MJXp-Span-89\"\u003e\u003cspan class=\"MJXp-mi MJXp-italic\" id=\"MJXp-Span-90\"\u003eN\u003c/span\u003e\u003c/span\u003e\u003c/span\u003e\u003cspan class=\"MathJax MathJax_Processed\" id=\"MathJax-Element-36-Frame\" tabindex=\"0\" style=\"\"\u003e\u003cnobr\u003e\u003cspan class=\"math\" id=\"MathJax-Span-124\"\u003e\u003cspan style=\"display: inline-block; position: relative; width: 0em; height: 0px; font-size: 106%;\"\u003e\u003cspan style=\"position: absolute;\"\u003e\u003cspan class=\"mrow\" id=\"MathJax-Span-125\"\u003e\u003cspan class=\"mi\" id=\"MathJax-Span-126\" style=\"font-family: MathJax_Math-italic;\"\u003eN\u003cspan style=\"display: inline-block; overflow: hidden; height: 1px; width: 0.085em;\"\u003e\u003c/span\u003e\u003c/span\u003e\u003c/span\u003e\u003c/span\u003e\u003c/span\u003e\u003c/span\u003e\u003c/nobr\u003e\u003c/span\u003e\u003cscript type=\"math/tex\" id=\"MathJax-Element-36\"\u003eN\u003c/script\u003e\u003c/th\u003e\n\u003cth\u003e\u003cspan class=\"MathJax_Preview\" style=\"color: inherit;\"\u003e\u003cspan class=\"MJXp-math\" id=\"MJXp-Span-91\"\u003e\u003cspan class=\"MJXp-mi MJXp-italic\" id=\"MJXp-Span-92\"\u003eK\u003c/span\u003e\u003c/span\u003e\u003c/span\u003e\u003cspan class=\"MathJax MathJax_Processed\" id=\"MathJax-Element-37-Frame\" tabindex=\"0\" style=\"\"\u003e\u003cnobr\u003e\u003cspan class=\"math\" id=\"MathJax-Span-127\"\u003e\u003cspan style=\"display: inline-block; position: relative; width: 0em; height: 0px; font-size: 106%;\"\u003e\u003cspan style=\"position: absolute;\"\u003e\u003cspan class=\"mrow\" id=\"MathJax-Span-128\"\u003e\u003cspan class=\"mi\" id=\"MathJax-Span-129\" style=\"font-family: MathJax_Math-italic;\"\u003eK\u003cspan style=\"display: inline-block; overflow: hidden; height: 1px; width: 0.04em;\"\u003e\u003c/span\u003e\u003c/span\u003e\u003c/span\u003e\u003c/span\u003e\u003c/span\u003e\u003c/span\u003e\u003c/nobr\u003e\u003c/span\u003e\u003cscript type=\"math/tex\" id=\"MathJax-Element-37\"\u003eK\u003c/script\u003e\u003c/th\u003e\n\u003cth\u003e\u003cspan class=\"MathJax_Preview\" style=\"color: inherit;\"\u003e\u003cspan class=\"MJXp-math\" id=\"MJXp-Span-93\"\u003e\u003cspan class=\"MJXp-mi MJXp-italic\" id=\"MJXp-Span-94\"\u003eL\u003c/span\u003e\u003c/span\u003e\u003c/span\u003e\u003cspan class=\"MathJax MathJax_Processed\" id=\"MathJax-Element-38-Frame\" tabindex=\"0\" style=\"\"\u003e\u003cnobr\u003e\u003cspan class=\"math\" id=\"MathJax-Span-130\"\u003e\u003cspan style=\"display: inline-block; position: relative; width: 0em; height: 0px; font-size: 106%;\"\u003e\u003cspan style=\"position: absolute;\"\u003e\u003cspan class=\"mrow\" id=\"MathJax-Span-131\"\u003e\u003cspan class=\"mi\" id=\"MathJax-Span-132\" style=\"font-family: MathJax_Math-italic;\"\u003eL\u003c/span\u003e\u003c/span\u003e\u003c/span\u003e\u003c/span\u003e\u003c/span\u003e\u003c/nobr\u003e\u003c/span\u003e\u003cscript type=\"math/tex\" id=\"MathJax-Element-38\"\u003eL\u003c/script\u003e\u003c/th\u003e\n\u003c/tr\u003e\u003c/thead\u003e\u003ctbody\u003e\u003ctr\u003e\u003ctd\u003e1\u003c/td\u003e\u003ctd\u003e10\u003c/td\u003e\u003ctd rowspan=\"2\"\u003e\u003cspan class=\"MathJax_Preview\" style=\"color: inherit;\"\u003e\u003cspan class=\"MJXp-math\" id=\"MJXp-Span-95\"\u003e\u003cspan class=\"MJXp-mn\" id=\"MJXp-Span-96\"\u003e1\u003c/span\u003e\u003cspan class=\"MJXp-mo\" id=\"MJXp-Span-97\" style=\"margin-left: 0.333em; margin-right: 0.333em;\"\u003e≤\u003c/span\u003e\u003cspan class=\"MJXp-mi MJXp-italic\" id=\"MJXp-Span-98\"\u003eN\u003c/span\u003e\u003cspan class=\"MJXp-mo\" id=\"MJXp-Span-99\" style=\"margin-left: 0.333em; margin-right: 0.333em;\"\u003e≤\u003c/span\u003e\u003cspan class=\"MJXp-mn\" id=\"MJXp-Span-100\"\u003e1000\u003c/span\u003e\u003c/span\u003e\u003c/span\u003e\u003cspan class=\"MathJax MathJax_Processed\" id=\"MathJax-Element-39-Frame\" tabindex=\"0\" style=\"\"\u003e\u003cnobr\u003e\u003cspan class=\"math\" id=\"MathJax-Span-133\"\u003e\u003cspan style=\"display: inline-block; position: relative; width: 0em; height: 0px; font-size: 106%;\"\u003e\u003cspan style=\"position: absolute;\"\u003e\u003cspan class=\"mrow\" id=\"MathJax-Span-134\"\u003e\u003cspan class=\"mn\" id=\"MathJax-Span-135\" style=\"font-family: MathJax_Main;\"\u003e1\u003c/span\u003e\u003cspan class=\"mo\" id=\"MathJax-Span-136\" style=\"font-family: MathJax_Main; padding-left: 0.278em;\"\u003e≤\u003c/span\u003e\u003cspan class=\"mi\" id=\"MathJax-Span-137\" style=\"font-family: MathJax_Math-italic; padding-left: 0.278em;\"\u003eN\u003cspan style=\"display: inline-block; overflow: hidden; height: 1px; width: 0.085em;\"\u003e\u003c/span\u003e\u003c/span\u003e\u003cspan class=\"mo\" id=\"MathJax-Span-138\" style=\"font-family: MathJax_Main; padding-left: 0.278em;\"\u003e≤\u003c/span\u003e\u003cspan class=\"mn\" id=\"MathJax-Span-139\" style=\"font-family: MathJax_Main; padding-left: 0.278em;\"\u003e1000\u003c/span\u003e\u003c/span\u003e\u003c/span\u003e\u003c/span\u003e\u003c/span\u003e\u003c/nobr\u003e\u003c/span\u003e\u003cscript type=\"math/tex\" id=\"MathJax-Element-39\"\u003e1 \\leq N \\leq 1000\u003c/script\u003e\u003c/td\u003e\u003ctd\u003e\u003cspan class=\"MathJax_Preview\" style=\"color: inherit;\"\u003e\u003cspan class=\"MJXp-math\" id=\"MJXp-Span-101\"\u003e\u003cspan class=\"MJXp-mi MJXp-italic\" id=\"MJXp-Span-102\"\u003eK\u003c/span\u003e\u003cspan class=\"MJXp-mo\" id=\"MJXp-Span-103\" style=\"margin-left: 0.333em; margin-right: 0.333em;\"\u003e=\u003c/span\u003e\u003cspan class=\"MJXp-mn\" id=\"MJXp-Span-104\"\u003e1\u003c/span\u003e\u003c/span\u003e\u003c/span\u003e\u003cspan class=\"MathJax MathJax_Processed\" id=\"MathJax-Element-40-Frame\" tabindex=\"0\" style=\"\"\u003e\u003cnobr\u003e\u003cspan class=\"math\" id=\"MathJax-Span-140\"\u003e\u003cspan style=\"display: inline-block; position: relative; width: 0em; height: 0px; font-size: 106%;\"\u003e\u003cspan style=\"position: absolute;\"\u003e\u003cspan class=\"mrow\" id=\"MathJax-Span-141\"\u003e\u003cspan class=\"mi\" id=\"MathJax-Span-142\" style=\"font-family: MathJax_Math-italic;\"\u003eK\u003cspan style=\"display: inline-block; overflow: hidden; height: 1px; width: 0.04em;\"\u003e\u003c/span\u003e\u003c/span\u003e\u003cspan class=\"mo\" id=\"MathJax-Span-143\" style=\"font-family: MathJax_Main; padding-left: 0.278em;\"\u003e=\u003c/span\u003e\u003cspan class=\"mn\" id=\"MathJax-Span-144\" style=\"font-family: MathJax_Main; padding-left: 0.278em;\"\u003e1\u003c/span\u003e\u003c/span\u003e\u003c/span\u003e\u003c/span\u003e\u003c/span\u003e\u003c/nobr\u003e\u003c/span\u003e\u003cscript type=\"math/tex\" id=\"MathJax-Element-40\"\u003eK=1\u003c/script\u003e\u003c/td\u003e\u003ctd rowspan=\"6\"\u003e\u003cspan class=\"MathJax_Preview\" style=\"color: inherit;\"\u003e\u003cspan class=\"MJXp-math\" id=\"MJXp-Span-105\"\u003e\u003cspan class=\"MJXp-mn\" id=\"MJXp-Span-106\"\u003e1\u003c/span\u003e\u003cspan class=\"MJXp-mo\" id=\"MJXp-Span-107\" style=\"margin-left: 0.333em; margin-right: 0.333em;\"\u003e≤\u003c/span\u003e\u003cspan class=\"MJXp-mi MJXp-italic\" id=\"MJXp-Span-108\"\u003eL\u003c/span\u003e\u003cspan class=\"MJXp-mo\" id=\"MJXp-Span-109\" style=\"margin-left: 0.333em; margin-right: 0.333em;\"\u003e≤\u003c/span\u003e\u003cspan class=\"MJXp-msubsup\" id=\"MJXp-Span-110\"\u003e\u003cspan class=\"MJXp-mn\" id=\"MJXp-Span-111\" style=\"margin-right: 0.05em;\"\u003e10\u003c/span\u003e\u003cspan class=\"MJXp-mn MJXp-script\" id=\"MJXp-Span-112\" style=\"vertical-align: 0.5em;\"\u003e9\u003c/span\u003e\u003c/span\u003e\u003c/span\u003e\u003c/span\u003e\u003cspan class=\"MathJax MathJax_Processed\" id=\"MathJax-Element-41-Frame\" tabindex=\"0\" style=\"\"\u003e\u003cnobr\u003e\u003cspan class=\"math\" id=\"MathJax-Span-145\"\u003e\u003cspan style=\"display: inline-block; position: relative; width: 0em; height: 0px; font-size: 106%;\"\u003e\u003cspan style=\"position: absolute;\"\u003e\u003cspan class=\"mrow\" id=\"MathJax-Span-146\"\u003e\u003cspan class=\"mn\" id=\"MathJax-Span-147\" style=\"font-family: MathJax_Main;\"\u003e1\u003c/span\u003e\u003cspan class=\"mo\" id=\"MathJax-Span-148\" style=\"font-family: MathJax_Main; padding-left: 0.278em;\"\u003e≤\u003c/span\u003e\u003cspan class=\"mi\" id=\"MathJax-Span-149\" style=\"font-family: MathJax_Math-italic; padding-left: 0.278em;\"\u003eL\u003c/span\u003e\u003cspan class=\"mo\" id=\"MathJax-Span-150\" style=\"font-family: MathJax_Main; padding-left: 0.278em;\"\u003e≤\u003c/span\u003e\u003cspan class=\"msubsup\" id=\"MathJax-Span-151\" style=\"padding-left: 0.278em;\"\u003e\u003cspan style=\"display: inline-block; position: relative; width: 1.429em; height: 0px;\"\u003e\u003cspan style=\"position: absolute; clip: rect(3.108em, 1000.96em, 4.2em, -1000em); top: -3.976em; left: 0em;\"\u003e\u003cspan class=\"mn\" id=\"MathJax-Span-152\" style=\"font-family: MathJax_Main;\"\u003e10\u003c/span\u003e\u003cspan style=\"display: inline-block; width: 0px; height: 3.976em;\"\u003e\u003c/span\u003e\u003c/span\u003e\u003cspan style=\"position: absolute; top: -4.369em; left: 1em;\"\u003e\u003cspan class=\"mn\" id=\"MathJax-Span-153\" style=\"font-size: 70.7%; font-family: MathJax_Main;\"\u003e9\u003c/span\u003e\u003cspan style=\"display: inline-block; width: 0px; height: 3.976em;\"\u003e\u003c/span\u003e\u003c/span\u003e\u003c/span\u003e\u003c/span\u003e\u003c/span\u003e\u003c/span\u003e\u003c/span\u003e\u003c/span\u003e\u003c/nobr\u003e\u003c/span\u003e\u003cscript type=\"math/tex\" id=\"MathJax-Element-41\"\u003e1 \\leq L \\leq 10^9\u003c/script\u003e\u003c/td\u003e\u003c/tr\u003e\u003ctr\u003e\u003ctd\u003e2\u003c/td\u003e\u003ctd\u003e10\u003c/td\u003e\u003ctd\u003e\u003cspan class=\"MathJax_Preview\" style=\"color: inherit;\"\u003e\u003cspan class=\"MJXp-math\" id=\"MJXp-Span-113\"\u003e\u003cspan class=\"MJXp-mi MJXp-italic\" id=\"MJXp-Span-114\"\u003eK\u003c/span\u003e\u003cspan class=\"MJXp-mo\" id=\"MJXp-Span-115\" style=\"margin-left: 0.333em; margin-right: 0.333em;\"\u003e=\u003c/span\u003e\u003cspan class=\"MJXp-mi MJXp-italic\" id=\"MJXp-Span-116\"\u003eN\u003c/span\u003e\u003c/span\u003e\u003c/span\u003e\u003cspan class=\"MathJax MathJax_Processed\" id=\"MathJax-Element-42-Frame\" tabindex=\"0\" style=\"\"\u003e\u003cnobr\u003e\u003cspan class=\"math\" id=\"MathJax-Span-154\"\u003e\u003cspan style=\"display: inline-block; position: relative; width: 0em; height: 0px; font-size: 106%;\"\u003e\u003cspan style=\"position: absolute;\"\u003e\u003cspan class=\"mrow\" id=\"MathJax-Span-155\"\u003e\u003cspan class=\"mi\" id=\"MathJax-Span-156\" style=\"font-family: MathJax_Math-italic;\"\u003eK\u003cspan style=\"display: inline-block; overflow: hidden; height: 1px; width: 0.04em;\"\u003e\u003c/span\u003e\u003c/span\u003e\u003cspan class=\"mo\" id=\"MathJax-Span-157\" style=\"font-family: MathJax_Main; padding-left: 0.278em;\"\u003e=\u003c/span\u003e\u003cspan class=\"mi\" id=\"MathJax-Span-158\" style=\"font-family: MathJax_Math-italic; padding-left: 0.278em;\"\u003eN\u003cspan style=\"display: inline-block; overflow: hidden; height: 1px; width: 0.085em;\"\u003e\u003c/span\u003e\u003c/span\u003e\u003c/span\u003e\u003c/span\u003e\u003c/span\u003e\u003c/span\u003e\u003c/nobr\u003e\u003c/span\u003e\u003cscript type=\"math/tex\" id=\"MathJax-Element-42\"\u003eK = N\u003c/script\u003e\u003c/td\u003e\u003c/tr\u003e\u003ctr\u003e\u003ctd\u003e3\u003c/td\u003e\u003ctd\u003e15\u003c/td\u003e\u003ctd\u003e\u003cspan class=\"MathJax_Preview\" style=\"color: inherit;\"\u003e\u003cspan class=\"MJXp-math\" id=\"MJXp-Span-117\"\u003e\u003cspan class=\"MJXp-mn\" id=\"MJXp-Span-118\"\u003e1\u003c/span\u003e\u003cspan class=\"MJXp-mo\" id=\"MJXp-Span-119\" style=\"margin-left: 0.333em; margin-right: 0.333em;\"\u003e≤\u003c/span\u003e\u003cspan class=\"MJXp-mi MJXp-italic\" id=\"MJXp-Span-120\"\u003eN\u003c/span\u003e\u003cspan class=\"MJXp-mo\" id=\"MJXp-Span-121\" style=\"margin-left: 0.333em; margin-right: 0.333em;\"\u003e≤\u003c/span\u003e\u003cspan class=\"MJXp-mn\" id=\"MJXp-Span-122\"\u003e10\u003c/span\u003e\u003c/span\u003e\u003c/span\u003e\u003cspan class=\"MathJax MathJax_Processed\" id=\"MathJax-Element-43-Frame\" tabindex=\"0\" style=\"\"\u003e\u003cnobr\u003e\u003cspan class=\"math\" id=\"MathJax-Span-159\"\u003e\u003cspan style=\"display: inline-block; position: relative; width: 0em; height: 0px; font-size: 106%;\"\u003e\u003cspan style=\"position: absolute;\"\u003e\u003cspan class=\"mrow\" id=\"MathJax-Span-160\"\u003e\u003cspan class=\"mn\" id=\"MathJax-Span-161\" style=\"font-family: MathJax_Main;\"\u003e1\u003c/span\u003e\u003cspan class=\"mo\" id=\"MathJax-Span-162\" style=\"font-family: MathJax_Main; padding-left: 0.278em;\"\u003e≤\u003c/span\u003e\u003cspan class=\"mi\" id=\"MathJax-Span-163\" style=\"font-family: MathJax_Math-italic; padding-left: 0.278em;\"\u003eN\u003cspan style=\"display: inline-block; overflow: hidden; height: 1px; width: 0.085em;\"\u003e\u003c/span\u003e\u003c/span\u003e\u003cspan class=\"mo\" id=\"MathJax-Span-164\" style=\"font-family: MathJax_Main; padding-left: 0.278em;\"\u003e≤\u003c/span\u003e\u003cspan class=\"mn\" id=\"MathJax-Span-165\" style=\"font-family: MathJax_Main; padding-left: 0.278em;\"\u003e10\u003c/span\u003e\u003c/span\u003e\u003c/span\u003e\u003c/span\u003e\u003c/span\u003e\u003c/nobr\u003e\u003c/span\u003e\u003cscript type=\"math/tex\" id=\"MathJax-Element-43\"\u003e1 \\leq N \\leq 10\u003c/script\u003e\u003c/td\u003e\u003ctd rowspan=\"2\"\u003e\u003cspan class=\"MathJax_Preview\" style=\"color: inherit;\"\u003e\u003cspan class=\"MJXp-math\" id=\"MJXp-Span-123\"\u003e\u003cspan class=\"MJXp-mn\" id=\"MJXp-Span-124\"\u003e1\u003c/span\u003e\u003cspan class=\"MJXp-mo\" id=\"MJXp-Span-125\" style=\"margin-left: 0.333em; margin-right: 0.333em;\"\u003e≤\u003c/span\u003e\u003cspan class=\"MJXp-mi MJXp-italic\" id=\"MJXp-Span-126\"\u003eK\u003c/span\u003e\u003cspan class=\"MJXp-mo\" id=\"MJXp-Span-127\" style=\"margin-left: 0.333em; margin-right: 0.333em;\"\u003e≤\u003c/span\u003e\u003cspan class=\"MJXp-mi MJXp-italic\" id=\"MJXp-Span-128\"\u003eN\u003c/span\u003e\u003c/span\u003e\u003c/span\u003e\u003cspan class=\"MathJax MathJax_Processed\" id=\"MathJax-Element-44-Frame\" tabindex=\"0\" style=\"\"\u003e\u003cnobr\u003e\u003cspan class=\"math\" id=\"MathJax-Span-166\"\u003e\u003cspan style=\"display: inline-block; position: relative; width: 0em; height: 0px; font-size: 106%;\"\u003e\u003cspan style=\"position: absolute;\"\u003e\u003cspan class=\"mrow\" id=\"MathJax-Span-167\"\u003e\u003cspan class=\"mn\" id=\"MathJax-Span-168\" style=\"font-family: MathJax_Main;\"\u003e1\u003c/span\u003e\u003cspan class=\"mo\" id=\"MathJax-Span-169\" style=\"font-family: MathJax_Main; padding-left: 0.278em;\"\u003e≤\u003c/span\u003e\u003cspan class=\"mi\" id=\"MathJax-Span-170\" style=\"font-family: MathJax_Math-italic; padding-left: 0.278em;\"\u003eK\u003cspan style=\"display: inline-block; overflow: hidden; height: 1px; width: 0.04em;\"\u003e\u003c/span\u003e\u003c/span\u003e\u003cspan class=\"mo\" id=\"MathJax-Span-171\" style=\"font-family: MathJax_Main; padding-left: 0.278em;\"\u003e≤\u003c/span\u003e\u003cspan class=\"mi\" id=\"MathJax-Span-172\" style=\"font-family: MathJax_Math-italic; padding-left: 0.278em;\"\u003eN\u003cspan style=\"display: inline-block; overflow: hidden; height: 1px; width: 0.085em;\"\u003e\u003c/span\u003e\u003c/span\u003e\u003c/span\u003e\u003c/span\u003e\u003c/span\u003e\u003c/span\u003e\u003c/nobr\u003e\u003c/span\u003e\u003cscript type=\"math/tex\" id=\"MathJax-Element-44\"\u003e1 \\leq K \\leq N\u003c/script\u003e\u003c/td\u003e\u003c/tr\u003e\u003ctr\u003e\u003ctd\u003e4\u003c/td\u003e\u003ctd\u003e15\u003c/td\u003e\u003ctd\u003e\u003cspan class=\"MathJax_Preview\" style=\"color: inherit;\"\u003e\u003cspan class=\"MJXp-math\" id=\"MJXp-Span-129\"\u003e\u003cspan class=\"MJXp-mn\" id=\"MJXp-Span-130\"\u003e1\u003c/span\u003e\u003cspan class=\"MJXp-mo\" id=\"MJXp-Span-131\" style=\"margin-left: 0.333em; margin-right: 0.333em;\"\u003e≤\u003c/span\u003e\u003cspan class=\"MJXp-mi MJXp-italic\" id=\"MJXp-Span-132\"\u003eN\u003c/span\u003e\u003cspan class=\"MJXp-mo\" id=\"MJXp-Span-133\" style=\"margin-left: 0.333em; margin-right: 0.333em;\"\u003e≤\u003c/span\u003e\u003cspan class=\"MJXp-mn\" id=\"MJXp-Span-134\"\u003e1000\u003c/span\u003e\u003c/span\u003e\u003c/span\u003e\u003cspan class=\"MathJax MathJax_Processed\" id=\"MathJax-Element-45-Frame\" tabindex=\"0\" style=\"\"\u003e\u003cnobr\u003e\u003cspan class=\"math\" id=\"MathJax-Span-173\"\u003e\u003cspan style=\"display: inline-block; position: relative; width: 0em; height: 0px; font-size: 106%;\"\u003e\u003cspan style=\"position: absolute;\"\u003e\u003cspan class=\"mrow\" id=\"MathJax-Span-174\"\u003e\u003cspan class=\"mn\" id=\"MathJax-Span-175\" style=\"font-family: MathJax_Main;\"\u003e1\u003c/span\u003e\u003cspan class=\"mo\" id=\"MathJax-Span-176\" style=\"font-family: MathJax_Main; padding-left: 0.278em;\"\u003e≤\u003c/span\u003e\u003cspan class=\"mi\" id=\"MathJax-Span-177\" style=\"font-family: MathJax_Math-italic; padding-left: 0.278em;\"\u003eN\u003cspan style=\"display: inline-block; overflow: hidden; height: 1px; width: 0.085em;\"\u003e\u003c/span\u003e\u003c/span\u003e\u003cspan class=\"mo\" id=\"MathJax-Span-178\" style=\"font-family: MathJax_Main; padding-left: 0.278em;\"\u003e≤\u003c/span\u003e\u003cspan class=\"mn\" id=\"MathJax-Span-179\" style=\"font-family: MathJax_Main; padding-left: 0.278em;\"\u003e1000\u003c/span\u003e\u003c/span\u003e\u003c/span\u003e\u003c/span\u003e\u003c/span\u003e\u003c/nobr\u003e\u003c/span\u003e\u003cscript type=\"math/tex\" id=\"MathJax-Element-45\"\u003e1 \\leq N \\leq 1000\u003c/script\u003e\u003c/td\u003e\u003c/tr\u003e\u003ctr\u003e\u003ctd\u003e5\u003c/td\u003e\u003ctd\u003e20\u003c/td\u003e\u003ctd\u003e\u003cspan class=\"MathJax_Preview\" style=\"color: inherit;\"\u003e\u003cspan class=\"MJXp-math\" id=\"MJXp-Span-135\"\u003e\u003cspan class=\"MJXp-mn\" id=\"MJXp-Span-136\"\u003e1\u003c/span\u003e\u003cspan class=\"MJXp-mo\" id=\"MJXp-Span-137\" style=\"margin-left: 0.333em; margin-right: 0.333em;\"\u003e≤\u003c/span\u003e\u003cspan class=\"MJXp-mi MJXp-italic\" id=\"MJXp-Span-138\"\u003eN\u003c/span\u003e\u003cspan class=\"MJXp-mo\" id=\"MJXp-Span-139\" style=\"margin-left: 0.333em; margin-right: 0.333em;\"\u003e≤\u003c/span\u003e\u003cspan class=\"MJXp-msubsup\" id=\"MJXp-Span-140\"\u003e\u003cspan class=\"MJXp-mn\" id=\"MJXp-Span-141\" style=\"margin-right: 0.05em;\"\u003e10\u003c/span\u003e\u003cspan class=\"MJXp-mn MJXp-script\" id=\"MJXp-Span-142\" style=\"vertical-align: 0.5em;\"\u003e6\u003c/span\u003e\u003c/span\u003e\u003c/span\u003e\u003c/span\u003e\u003cspan class=\"MathJax MathJax_Processed\" id=\"MathJax-Element-46-Frame\" tabindex=\"0\" style=\"\"\u003e\u003cnobr\u003e\u003cspan class=\"math\" id=\"MathJax-Span-180\"\u003e\u003cspan style=\"display: inline-block; position: relative; width: 0em; height: 0px; font-size: 106%;\"\u003e\u003cspan style=\"position: absolute;\"\u003e\u003cspan class=\"mrow\" id=\"MathJax-Span-181\"\u003e\u003cspan class=\"mn\" id=\"MathJax-Span-182\" style=\"font-family: MathJax_Main;\"\u003e1\u003c/span\u003e\u003cspan class=\"mo\" id=\"MathJax-Span-183\" style=\"font-family: MathJax_Main; padding-left: 0.278em;\"\u003e≤\u003c/span\u003e\u003cspan class=\"mi\" id=\"MathJax-Span-184\" style=\"font-family: MathJax_Math-italic; padding-left: 0.278em;\"\u003eN\u003cspan style=\"display: inline-block; overflow: hidden; height: 1px; width: 0.085em;\"\u003e\u003c/span\u003e\u003c/span\u003e\u003cspan class=\"mo\" id=\"MathJax-Span-185\" style=\"font-family: MathJax_Main; padding-left: 0.278em;\"\u003e≤\u003c/span\u003e\u003cspan class=\"msubsup\" id=\"MathJax-Span-186\" style=\"padding-left: 0.278em;\"\u003e\u003cspan style=\"display: inline-block; position: relative; width: 1.429em; height: 0px;\"\u003e\u003cspan style=\"position: absolute; clip: rect(3.108em, 1000.96em, 4.2em, -1000em); top: -3.976em; left: 0em;\"\u003e\u003cspan class=\"mn\" id=\"MathJax-Span-187\" style=\"font-family: MathJax_Main;\"\u003e10\u003c/span\u003e\u003cspan style=\"display: inline-block; width: 0px; height: 3.976em;\"\u003e\u003c/span\u003e\u003c/span\u003e\u003cspan style=\"position: absolute; top: -4.369em; left: 1em;\"\u003e\u003cspan class=\"mn\" id=\"MathJax-Span-188\" style=\"font-size: 70.7%; font-family: MathJax_Main;\"\u003e6\u003c/span\u003e\u003cspan style=\"display: inline-block; width: 0px; height: 3.976em;\"\u003e\u003c/span\u003e\u003c/span\u003e\u003c/span\u003e\u003c/span\u003e\u003c/span\u003e\u003c/span\u003e\u003c/span\u003e\u003c/span\u003e\u003c/nobr\u003e\u003c/span\u003e\u003cscript type=\"math/tex\" id=\"MathJax-Element-46\"\u003e1 \\leq N \\leq 10^6\u003c/script\u003e\u003c/td\u003e\u003ctd\u003e\u003cspan class=\"MathJax_Preview\" style=\"color: inherit;\"\u003e\u003cspan class=\"MJXp-math\" id=\"MJXp-Span-143\"\u003e\u003cspan class=\"MJXp-mn\" id=\"MJXp-Span-144\"\u003e1\u003c/span\u003e\u003cspan class=\"MJXp-mo\" id=\"MJXp-Span-145\" style=\"margin-left: 0.333em; margin-right: 0.333em;\"\u003e≤\u003c/span\u003e\u003cspan class=\"MJXp-mi MJXp-italic\" id=\"MJXp-Span-146\"\u003eK\u003c/span\u003e\u003cspan class=\"MJXp-mo\" id=\"MJXp-Span-147\" style=\"margin-left: 0.333em; margin-right: 0.333em;\"\u003e≤\u003c/span\u003e\u003cspan class=\"MJXp-mn\" id=\"MJXp-Span-148\"\u003e3000\u003c/span\u003e\u003c/span\u003e\u003c/span\u003e\u003cspan class=\"MathJax MathJax_Processed\" id=\"MathJax-Element-47-Frame\" tabindex=\"0\" style=\"\"\u003e\u003cnobr\u003e\u003cspan class=\"math\" id=\"MathJax-Span-189\"\u003e\u003cspan style=\"display: inline-block; position: relative; width: 0em; height: 0px; font-size: 106%;\"\u003e\u003cspan style=\"position: absolute;\"\u003e\u003cspan class=\"mrow\" id=\"MathJax-Span-190\"\u003e\u003cspan class=\"mn\" id=\"MathJax-Span-191\" style=\"font-family: MathJax_Main;\"\u003e1\u003c/span\u003e\u003cspan class=\"mo\" id=\"MathJax-Span-192\" style=\"font-family: MathJax_Main; padding-left: 0.278em;\"\u003e≤\u003c/span\u003e\u003cspan class=\"mi\" id=\"MathJax-Span-193\" style=\"font-family: MathJax_Math-italic; padding-left: 0.278em;\"\u003eK\u003cspan style=\"display: inline-block; overflow: hidden; height: 1px; width: 0.04em;\"\u003e\u003c/span\u003e\u003c/span\u003e\u003cspan class=\"mo\" id=\"MathJax-Span-194\" style=\"font-family: MathJax_Main; padding-left: 0.278em;\"\u003e≤\u003c/span\u003e\u003cspan class=\"mn\" id=\"MathJax-Span-195\" style=\"font-family: MathJax_Main; padding-left: 0.278em;\"\u003e3000\u003c/span\u003e\u003c/span\u003e\u003c/span\u003e\u003c/span\u003e\u003c/span\u003e\u003c/nobr\u003e\u003c/span\u003e\u003cscript type=\"math/tex\" id=\"MathJax-Element-47\"\u003e1 \\leq K \\leq 3000\u003c/script\u003e\u003c/td\u003e\u003c/tr\u003e\u003ctr\u003e\u003ctd\u003e6\u003c/td\u003e\u003ctd\u003e30\u003c/td\u003e\u003ctd\u003e\u003cspan class=\"MathJax_Preview\" style=\"color: inherit;\"\u003e\u003cspan class=\"MJXp-math\" id=\"MJXp-Span-149\"\u003e\u003cspan class=\"MJXp-mn\" id=\"MJXp-Span-150\"\u003e1\u003c/span\u003e\u003cspan class=\"MJXp-mo\" id=\"MJXp-Span-151\" style=\"margin-left: 0.333em; margin-right: 0.333em;\"\u003e≤\u003c/span\u003e\u003cspan class=\"MJXp-mi MJXp-italic\" id=\"MJXp-Span-152\"\u003eN\u003c/span\u003e\u003cspan class=\"MJXp-mo\" id=\"MJXp-Span-153\" style=\"margin-left: 0.333em; margin-right: 0.333em;\"\u003e≤\u003c/span\u003e\u003cspan class=\"MJXp-msubsup\" id=\"MJXp-Span-154\"\u003e\u003cspan class=\"MJXp-mn\" id=\"MJXp-Span-155\" style=\"margin-right: 0.05em;\"\u003e10\u003c/span\u003e\u003cspan class=\"MJXp-mn MJXp-script\" id=\"MJXp-Span-156\" style=\"vertical-align: 0.5em;\"\u003e7\u003c/span\u003e\u003c/span\u003e\u003c/span\u003e\u003c/span\u003e\u003cspan class=\"MathJax MathJax_Processed\" id=\"MathJax-Element-48-Frame\" tabindex=\"0\" style=\"\"\u003e\u003cnobr\u003e\u003cspan class=\"math\" id=\"MathJax-Span-196\"\u003e\u003cspan style=\"display: inline-block; position: relative; width: 0em; height: 0px; font-size: 106%;\"\u003e\u003cspan style=\"position: absolute;\"\u003e\u003cspan class=\"mrow\" id=\"MathJax-Span-197\"\u003e\u003cspan class=\"mn\" id=\"MathJax-Span-198\" style=\"font-family: MathJax_Main;\"\u003e1\u003c/span\u003e\u003cspan class=\"mo\" id=\"MathJax-Span-199\" style=\"font-family: MathJax_Main; padding-left: 0.278em;\"\u003e≤\u003c/span\u003e\u003cspan class=\"mi\" id=\"MathJax-Span-200\" style=\"font-family: MathJax_Math-italic; padding-left: 0.278em;\"\u003eN\u003cspan style=\"display: inline-block; overflow: hidden; height: 1px; width: 0.085em;\"\u003e\u003c/span\u003e\u003c/span\u003e\u003cspan class=\"mo\" id=\"MathJax-Span-201\" style=\"font-family: MathJax_Main; padding-left: 0.278em;\"\u003e≤\u003c/span\u003e\u003cspan class=\"msubsup\" id=\"MathJax-Span-202\" style=\"padding-left: 0.278em;\"\u003e\u003cspan style=\"display: inline-block; position: relative; width: 1.429em; height: 0px;\"\u003e\u003cspan style=\"position: absolute; clip: rect(3.108em, 1000.96em, 4.2em, -1000em); top: -3.976em; left: 0em;\"\u003e\u003cspan class=\"mn\" id=\"MathJax-Span-203\" style=\"font-family: MathJax_Main;\"\u003e10\u003c/span\u003e\u003cspan style=\"display: inline-block; width: 0px; height: 3.976em;\"\u003e\u003c/span\u003e\u003c/span\u003e\u003cspan style=\"position: absolute; top: -4.369em; left: 1em;\"\u003e\u003cspan class=\"mn\" id=\"MathJax-Span-204\" style=\"font-size: 70.7%; font-family: MathJax_Main;\"\u003e7\u003c/span\u003e\u003cspan style=\"display: inline-block; width: 0px; height: 3.976em;\"\u003e\u003c/span\u003e\u003c/span\u003e\u003c/span\u003e\u003c/span\u003e\u003c/span\u003e\u003c/span\u003e\u003c/span\u003e\u003c/span\u003e\u003c/nobr\u003e\u003c/span\u003e\u003cscript type=\"math/tex\" id=\"MathJax-Element-48\"\u003e1 \\leq N \\leq 10^7\u003c/script\u003e\u003c/td\u003e\u003ctd\u003e\u003cspan class=\"MathJax_Preview\" style=\"color: inherit;\"\u003e\u003cspan class=\"MJXp-math\" id=\"MJXp-Span-157\"\u003e\u003cspan class=\"MJXp-mn\" id=\"MJXp-Span-158\"\u003e1\u003c/span\u003e\u003cspan class=\"MJXp-mo\" id=\"MJXp-Span-159\" style=\"margin-left: 0.333em; margin-right: 0.333em;\"\u003e≤\u003c/span\u003e\u003cspan class=\"MJXp-mi MJXp-italic\" id=\"MJXp-Span-160\"\u003eK\u003c/span\u003e\u003cspan class=\"MJXp-mo\" id=\"MJXp-Span-161\" style=\"margin-left: 0.333em; margin-right: 0.333em;\"\u003e≤\u003c/span\u003e\u003cspan class=\"MJXp-mi MJXp-italic\" id=\"MJXp-Span-162\"\u003eN\u003c/span\u003e\u003c/span\u003e\u003c/span\u003e\u003cspan class=\"MathJax MathJax_Processed\" id=\"MathJax-Element-49-Frame\" tabindex=\"0\" style=\"\"\u003e\u003cnobr\u003e\u003cspan class=\"math\" id=\"MathJax-Span-205\"\u003e\u003cspan style=\"display: inline-block; position: relative; width: 0em; height: 0px; font-size: 106%;\"\u003e\u003cspan style=\"position: absolute;\"\u003e\u003cspan class=\"mrow\" id=\"MathJax-Span-206\"\u003e\u003cspan class=\"mn\" id=\"MathJax-Span-207\" style=\"font-family: MathJax_Main;\"\u003e1\u003c/span\u003e\u003cspan class=\"mo\" id=\"MathJax-Span-208\" style=\"font-family: MathJax_Main; padding-left: 0.278em;\"\u003e≤\u003c/span\u003e\u003cspan class=\"mi\" id=\"MathJax-Span-209\" style=\"font-family: MathJax_Math-italic; padding-left: 0.278em;\"\u003eK\u003cspan style=\"display: inline-block; overflow: hidden; height: 1px; width: 0.04em;\"\u003e\u003c/span\u003e\u003c/span\u003e\u003cspan class=\"mo\" id=\"MathJax-Span-210\" style=\"font-family: MathJax_Main; padding-left: 0.278em;\"\u003e≤\u003c/span\u003e\u003cspan class=\"mi\" id=\"MathJax-Span-211\" style=\"font-family: MathJax_Math-italic; padding-left: 0.278em;\"\u003eN\u003cspan style=\"display: inline-block; overflow: hidden; height: 1px; width: 0.085em;\"\u003e\u003c/span\u003e\u003c/span\u003e\u003c/span\u003e\u003c/span\u003e\u003c/span\u003e\u003c/span\u003e\u003c/nobr\u003e\u003c/span\u003e\u003cscript type=\"math/tex\" id=\"MathJax-Element-49\"\u003e1 \\leq K \\leq N\u003c/script\u003e\u003c/td\u003e\u003c/tr\u003e\u003c/tbody\u003e\u003c/table\u003e\u003c/div\u003e",
      "misc": ""
    },
    {
      "title": "实现细节",
      "content": "\u003cp\u003e本题只支持 C/C++。\u003c/p\u003e\u003cp\u003e你只能提交一个源文件实现如上所述的 delivery 函数，并且遵循下面的命名和接口。你需要包含头文件 boxes.h。\u003c/p\u003e\u003cpre class=\"sh_sourceCode\"\u003e\u003ccode class=\"sh_cpp\"\u003e\u003cspan class=\"sh_type\"\u003elong\u003c/span\u003e \u003cspan class=\"sh_type\"\u003elong\u003c/span\u003e \u003cspan class=\"sh_function\"\u003edelivery\u003c/span\u003e\u003cspan class=\"sh_symbol\"\u003e(\u003c/span\u003e\u003cspan class=\"sh_type\"\u003eint\u003c/span\u003e N\u003cspan class=\"sh_symbol\"\u003e,\u003c/span\u003e \u003cspan class=\"sh_type\"\u003eint\u003c/span\u003e K\u003cspan class=\"sh_symbol\"\u003e,\u003c/span\u003e \u003cspan class=\"sh_type\"\u003eint\u003c/span\u003e L\u003cspan class=\"sh_symbol\"\u003e,\u003c/span\u003e \u003cspan class=\"sh_type\"\u003eint\u003c/span\u003e positions\u003cspan class=\"sh_symbol\"\u003e[]);\u003c/span\u003e\u003c/code\u003e\u003c/pre\u003e",
      "misc": ""
    },
    {
      "title": "评测方式",
      "content": "\u003cp\u003e评测系统将读入如下格式的输入数据：\u003c/p\u003e\u003col\u003e\u003cli\u003e第 \u003cspan class=\"MathJax_Preview\" style=\"color: inherit;\"\u003e\u003c/span\u003e\u003cspan class=\"MathJax\" id=\"MathJax-Element-50-Frame\" tabindex=\"0\" style=\"\"\u003e\u003cnobr\u003e\u003cspan class=\"math\" id=\"MathJax-Span-212\" style=\"width: 0.542em; display: inline-block;\"\u003e\u003cspan style=\"display: inline-block; position: relative; width: 0.472em; height: 0px; font-size: 106%;\"\u003e\u003cspan style=\"position: absolute; clip: rect(1.288em, 1000.4em, 2.358em, -1000em); top: -2.156em; left: 0em;\"\u003e\u003cspan class=\"mrow\" id=\"MathJax-Span-213\"\u003e\u003cspan class=\"mn\" id=\"MathJax-Span-214\" style=\"font-family: MathJax_Main;\"\u003e1\u003c/span\u003e\u003c/span\u003e\u003cspan style=\"display: inline-block; width: 0px; height: 2.156em;\"\u003e\u003c/span\u003e\u003c/span\u003e\u003c/span\u003e\u003cspan style=\"display: inline-block; overflow: hidden; vertical-align: -0.071em; border-left: 0px solid; width: 0px; height: 0.849em;\"\u003e\u003c/span\u003e\u003c/span\u003e\u003c/nobr\u003e\u003c/span\u003e\u003cscript type=\"math/tex\" id=\"MathJax-Element-50\"\u003e1\u003c/script\u003e 行：\u003cspan class=\"MathJax_Preview\" style=\"color: inherit;\"\u003e\u003c/span\u003e\u003cspan class=\"MathJax\" id=\"MathJax-Element-51-Frame\" tabindex=\"0\" style=\"\"\u003e\u003cnobr\u003e\u003cspan class=\"math\" id=\"MathJax-Span-215\" style=\"width: 0.947em; display: inline-block;\"\u003e\u003cspan style=\"display: inline-block; position: relative; width: 0.876em; height: 0px; font-size: 106%;\"\u003e\u003cspan style=\"position: absolute; clip: rect(1.271em, 1000.88em, 2.358em, -1000em); top: -2.156em; left: 0em;\"\u003e\u003cspan class=\"mrow\" id=\"MathJax-Span-216\"\u003e\u003cspan class=\"mi\" id=\"MathJax-Span-217\" style=\"font-family: MathJax_Math-italic;\"\u003eN\u003cspan style=\"display: inline-block; overflow: hidden; height: 1px; width: 0.085em;\"\u003e\u003c/span\u003e\u003c/span\u003e\u003c/span\u003e\u003cspan style=\"display: inline-block; width: 0px; height: 2.156em;\"\u003e\u003c/span\u003e\u003c/span\u003e\u003c/span\u003e\u003cspan style=\"display: inline-block; overflow: hidden; vertical-align: -0.071em; border-left: 0px solid; width: 0px; height: 0.867em;\"\u003e\u003c/span\u003e\u003c/span\u003e\u003c/nobr\u003e\u003c/span\u003e\u003cscript type=\"math/tex\" id=\"MathJax-Element-51\"\u003eN\u003c/script\u003e \u003cspan class=\"MathJax_Preview\" style=\"color: inherit;\"\u003e\u003c/span\u003e\u003cspan class=\"MathJax\" id=\"MathJax-Element-52-Frame\" tabindex=\"0\" style=\"\"\u003e\u003cnobr\u003e\u003cspan class=\"math\" id=\"MathJax-Span-218\" style=\"width: 1.014em; display: inline-block;\"\u003e\u003cspan style=\"display: inline-block; position: relative; width: 0.943em; height: 0px; font-size: 106%;\"\u003e\u003cspan style=\"position: absolute; clip: rect(1.271em, 1000.94em, 2.358em, -1000em); top: -2.156em; left: 0em;\"\u003e\u003cspan class=\"mrow\" id=\"MathJax-Span-219\"\u003e\u003cspan class=\"mi\" id=\"MathJax-Span-220\" style=\"font-family: MathJax_Math-italic;\"\u003eK\u003cspan style=\"display: inline-block; overflow: hidden; height: 1px; width: 0.04em;\"\u003e\u003c/span\u003e\u003c/span\u003e\u003c/span\u003e\u003cspan style=\"display: inline-block; width: 0px; height: 2.156em;\"\u003e\u003c/span\u003e\u003c/span\u003e\u003c/span\u003e\u003cspan style=\"display: inline-block; overflow: hidden; vertical-align: -0.071em; border-left: 0px solid; width: 0px; height: 0.867em;\"\u003e\u003c/span\u003e\u003c/span\u003e\u003c/nobr\u003e\u003c/span\u003e\u003cscript type=\"math/tex\" id=\"MathJax-Element-52\"\u003eK\u003c/script\u003e \u003cspan class=\"MathJax_Preview\" style=\"color: inherit;\"\u003e\u003c/span\u003e\u003cspan class=\"MathJax\" id=\"MathJax-Element-53-Frame\" tabindex=\"0\" style=\"\"\u003e\u003cnobr\u003e\u003cspan class=\"math\" id=\"MathJax-Span-221\" style=\"width: 0.745em; display: inline-block;\"\u003e\u003cspan style=\"display: inline-block; position: relative; width: 0.674em; height: 0px; font-size: 106%;\"\u003e\u003cspan style=\"position: absolute; clip: rect(1.271em, 1000.64em, 2.358em, -1000em); top: -2.156em; left: 0em;\"\u003e\u003cspan class=\"mrow\" id=\"MathJax-Span-222\"\u003e\u003cspan class=\"mi\" id=\"MathJax-Span-223\" style=\"font-family: MathJax_Math-italic;\"\u003eL\u003c/span\u003e\u003c/span\u003e\u003cspan style=\"display: inline-block; width: 0px; height: 2.156em;\"\u003e\u003c/span\u003e\u003c/span\u003e\u003c/span\u003e\u003cspan style=\"display: inline-block; overflow: hidden; vertical-align: -0.071em; border-left: 0px solid; width: 0px; height: 0.867em;\"\u003e\u003c/span\u003e\u003c/span\u003e\u003c/nobr\u003e\u003c/span\u003e\u003cscript type=\"math/tex\" id=\"MathJax-Element-53\"\u003eL\u003c/script\u003e\u003c/li\u003e\n\u003cli\u003e第 \u003cspan class=\"MathJax_Preview\" style=\"color: inherit;\"\u003e\u003c/span\u003e\u003cspan class=\"MathJax\" id=\"MathJax-Element-54-Frame\" tabindex=\"0\" style=\"\"\u003e\u003cnobr\u003e\u003cspan class=\"math\" id=\"MathJax-Span-224\" style=\"width: 0.542em; display: inline-block;\"\u003e\u003cspan style=\"display: inline-block; position: relative; width: 0.472em; height: 0px; font-size: 106%;\"\u003e\u003cspan style=\"position: absolute; clip: rect(1.288em, 1000.42em, 2.358em, -1000em); top: -2.156em; left: 0em;\"\u003e\u003cspan class=\"mrow\" id=\"MathJax-Span-225\"\u003e\u003cspan class=\"mn\" id=\"MathJax-Span-226\" style=\"font-family: MathJax_Main;\"\u003e2\u003c/span\u003e\u003c/span\u003e\u003cspan style=\"display: inline-block; width: 0px; height: 2.156em;\"\u003e\u003c/span\u003e\u003c/span\u003e\u003c/span\u003e\u003cspan style=\"display: inline-block; overflow: hidden; vertical-align: -0.071em; border-left: 0px solid; width: 0px; height: 0.849em;\"\u003e\u003c/span\u003e\u003c/span\u003e\u003c/nobr\u003e\u003c/span\u003e\u003cscript type=\"math/tex\" id=\"MathJax-Element-54\"\u003e2\u003c/script\u003e 行：\u003cspan class=\"MathJax_Preview\" style=\"color: inherit;\"\u003e\u003c/span\u003e\u003cspan class=\"MathJax\" id=\"MathJax-Element-55-Frame\" tabindex=\"0\" style=\"\"\u003e\u003cnobr\u003e\u003cspan class=\"math\" id=\"MathJax-Span-227\" style=\"width: 14.222em; display: inline-block;\"\u003e\u003cspan style=\"display: inline-block; position: relative; width: 13.41em; height: 0px; font-size: 106%;\"\u003e\u003cspan style=\"position: absolute; clip: rect(1.204em, 1013.29em, 2.608em, -1000em); top: -2.156em; left: 0em;\"\u003e\u003cspan class=\"mrow\" id=\"MathJax-Span-228\"\u003e\u003cspan class=\"mi\" id=\"MathJax-Span-229\" style=\"font-family: MathJax_Math-italic;\"\u003ep\u003c/span\u003e\u003cspan class=\"mi\" id=\"MathJax-Span-230\" style=\"font-family: MathJax_Math-italic;\"\u003eo\u003c/span\u003e\u003cspan class=\"mi\" id=\"MathJax-Span-231\" style=\"font-family: MathJax_Math-italic;\"\u003es\u003c/span\u003e\u003cspan class=\"mi\" id=\"MathJax-Span-232\" style=\"font-family: MathJax_Math-italic;\"\u003ei\u003c/span\u003e\u003cspan class=\"mi\" id=\"MathJax-Span-233\" style=\"font-family: MathJax_Math-italic;\"\u003et\u003c/span\u003e\u003cspan class=\"mi\" id=\"MathJax-Span-234\" style=\"font-family: MathJax_Math-italic;\"\u003ei\u003c/span\u003e\u003cspan class=\"mi\" id=\"MathJax-Span-235\" style=\"font-family: MathJax_Math-italic;\"\u003eo\u003c/span\u003e\u003cspan class=\"mi\" id=\"MathJax-Span-236\" style=\"font-family: MathJax_Math-italic;\"\u003en\u003c/span\u003e\u003cspan class=\"mi\" id=\"MathJax-Span-237\" style=\"font-family: MathJax_Math-italic;\"\u003es\u003c/span\u003e\u003cspan class=\"mo\" id=\"MathJax-Span-238\" style=\"font-family: MathJax_Main;\"\u003e[\u003c/span\u003e\u003cspan class=\"mn\" id=\"MathJax-Span-239\" style=\"font-family: MathJax_Main;\"\u003e0\u003c/span\u003e\u003cspan class=\"mo\" id=\"MathJax-Span-240\" style=\"font-family: MathJax_Main;\"\u003e]\u003c/span\u003e\u003cspan class=\"mo\" id=\"MathJax-Span-241\" style=\"font-family: MathJax_Main;\"\u003e.\u003c/span\u003e\u003cspan class=\"mo\" id=\"MathJax-Span-242\" style=\"font-family: MathJax_Main; padding-left: 0.167em;\"\u003e.\u003c/span\u003e\u003cspan class=\"mo\" id=\"MathJax-Span-243\" style=\"font-family: MathJax_Main; padding-left: 0.167em;\"\u003e.\u003c/span\u003e\u003cspan class=\"mi\" id=\"MathJax-Span-244\" style=\"font-family: MathJax_Math-italic; padding-left: 0.167em;\"\u003ep\u003c/span\u003e\u003cspan class=\"mi\" id=\"MathJax-Span-245\" style=\"font-family: MathJax_Math-italic;\"\u003eo\u003c/span\u003e\u003cspan class=\"mi\" id=\"MathJax-Span-246\" style=\"font-family: MathJax_Math-italic;\"\u003es\u003c/span\u003e\u003cspan class=\"mi\" id=\"MathJax-Span-247\" style=\"font-family: MathJax_Math-italic;\"\u003ei\u003c/span\u003e\u003cspan class=\"mi\" id=\"MathJax-Span-248\" style=\"font-family: MathJax_Math-italic;\"\u003et\u003c/span\u003e\u003cspan class=\"mi\" id=\"MathJax-Span-249\" style=\"font-family: MathJax_Math-italic;\"\u003ei\u003c/span\u003e\u003cspan class=\"mi\" id=\"MathJax-Span-250\" style=\"font-family: MathJax_Math-italic;\"\u003eo\u003c/span\u003e\u003cspan class=\"mi\" id=\"MathJax-Span-251\" style=\"font-family: MathJax_Math-italic;\"\u003en\u003c/span\u003e\u003cspan class=\"mi\" id=\"MathJax-Span-252\" style=\"font-family: MathJax_Math-italic;\"\u003es\u003c/span\u003e\u003cspan class=\"mo\" id=\"MathJax-Span-253\" style=\"font-family: MathJax_Main;\"\u003e[\u003c/span\u003e\u003cspan class=\"mi\" id=\"MathJax-Span-254\" style=\"font-family: MathJax_Math-italic;\"\u003eN\u003cspan style=\"display: inline-block; overflow: hidden; height: 1px; width: 0.085em;\"\u003e\u003c/span\u003e\u003c/span\u003e\u003cspan class=\"mo\" id=\"MathJax-Span-255\" style=\"font-family: MathJax_Main; padding-left: 0.222em;\"\u003e−\u003c/span\u003e\u003cspan class=\"mn\" id=\"MathJax-Span-256\" style=\"font-family: MathJax_Main; padding-left: 0.222em;\"\u003e1\u003c/span\u003e\u003cspan class=\"mo\" id=\"MathJax-Span-257\" style=\"font-family: MathJax_Main;\"\u003e]\u003c/span\u003e\u003c/span\u003e\u003cspan style=\"display: inline-block; width: 0px; height: 2.156em;\"\u003e\u003c/span\u003e\u003c/span\u003e\u003c/span\u003e\u003cspan style=\"display: inline-block; overflow: hidden; vertical-align: -0.336em; border-left: 0px solid; width: 0px; height: 1.203em;\"\u003e\u003c/span\u003e\u003c/span\u003e\u003c/nobr\u003e\u003c/span\u003e\u003cscript type=\"math/tex\" id=\"MathJax-Element-55\"\u003epositions[0] ... positions[N-1]\u003c/script\u003e\u003c/li\u003e\n\u003c/ol\u003e\u003cp\u003e评测系统将调用 \u003cspan class=\"MathJax_Preview\" style=\"color: inherit;\"\u003e\u003c/span\u003e\u003cspan class=\"MathJax\" id=\"MathJax-Element-56-Frame\" tabindex=\"0\" style=\"\"\u003e\u003cnobr\u003e\u003cspan class=\"math\" id=\"MathJax-Span-258\" style=\"width: 3.71em; display: inline-block;\"\u003e\u003cspan style=\"display: inline-block; position: relative; width: 3.504em; height: 0px; font-size: 106%;\"\u003e\u003cspan style=\"position: absolute; clip: rect(1.26em, 1003.5em, 2.563em, -1000em); top: -2.156em; left: 0em;\"\u003e\u003cspan class=\"mrow\" id=\"MathJax-Span-259\"\u003e\u003cspan class=\"mi\" id=\"MathJax-Span-260\" style=\"font-family: MathJax_Math-italic;\"\u003ed\u003cspan style=\"display: inline-block; overflow: hidden; height: 1px; width: 0.003em;\"\u003e\u003c/span\u003e\u003c/span\u003e\u003cspan class=\"mi\" id=\"MathJax-Span-261\" style=\"font-family: MathJax_Math-italic;\"\u003ee\u003c/span\u003e\u003cspan class=\"mi\" id=\"MathJax-Span-262\" style=\"font-family: MathJax_Math-italic;\"\u003el\u003c/span\u003e\u003cspan class=\"mi\" id=\"MathJax-Span-263\" style=\"font-family: MathJax_Math-italic;\"\u003ei\u003c/span\u003e\u003cspan class=\"mi\" id=\"MathJax-Span-264\" style=\"font-family: MathJax_Math-italic;\"\u003ev\u003c/span\u003e\u003cspan class=\"mi\" id=\"MathJax-Span-265\" style=\"font-family: MathJax_Math-italic;\"\u003ee\u003c/span\u003e\u003cspan class=\"mi\" id=\"MathJax-Span-266\" style=\"font-family: MathJax_Math-italic;\"\u003er\u003c/span\u003e\u003cspan class=\"mi\" id=\"MathJax-Span-267\" style=\"font-family: MathJax_Math-italic;\"\u003ey\u003cspan style=\"display: inline-block; overflow: hidden; height: 1px; width: 0.006em;\"\u003e\u003c/span\u003e\u003c/span\u003e\u003c/span\u003e\u003cspan style=\"display: inline-block; width: 0px; height: 2.156em;\"\u003e\u003c/span\u003e\u003c/span\u003e\u003c/span\u003e\u003cspan style=\"display: inline-block; overflow: hidden; vertical-align: -0.289em; border-left: 0px solid; width: 0px; height: 1.096em;\"\u003e\u003c/span\u003e\u003c/span\u003e\u003c/nobr\u003e\u003c/span\u003e\u003cscript type=\"math/tex\" id=\"MathJax-Element-56\"\u003edelivery\u003c/script\u003e 并输出它的返回值。\u003c/p\u003e\u003cp\u003e\u003ca href=\"/faq\"\u003e交互式类型的题目怎么本地测试\u003c/a\u003e\u003c/p\u003e",
      "misc": ""
    },
    {
      "title": "下载",
      "content": "\u003cp\u003e\u003ca href=\"/download.php?type=problem\u0026amp;id=229\"\u003e样例及测评库下载\u003c/a\u003e\u003c/p\u003e",
      "misc": ""
    }
  ],
  "samples": [],
  "tags": [
    "UOJ",
    "IOI2015"
  ],
  "rules": {
    "runtime": "2000000000",
    "memory": "1572864000",
    "stack": "1572864000",
    "source": "51200"
  },
  "meta": {
    "created": "2021-04-09T21:35:25.469678573+08:00",
    "updated": "2021-04-09T21:35:25.469678573+08:00",
    "checked": "2021-04-09T21:35:25.469678573+08:00"
  },
  "misc": ""
}
