{
  "id": "30",
  "title": "Tourists",
  "type": "traditional",
  "sections": [
    {
      "title": "",
      "content": "\u003cp\u003eCyberland 有 \u003cspan class=\"MathJax_Preview\" style=\"color: inherit;\"\u003e\u003cspan class=\"MJXp-math\" id=\"MJXp-Span-1\"\u003e\u003cspan class=\"MJXp-mi MJXp-italic\" id=\"MJXp-Span-2\"\u003en\u003c/span\u003e\u003c/span\u003e\u003c/span\u003e\u003cscript type=\"math/tex\" id=\"MathJax-Element-1\"\u003en\u003c/script\u003e 座城市，编号从 \u003cspan class=\"MathJax_Preview\" style=\"color: inherit;\"\u003e\u003cspan class=\"MJXp-math\" id=\"MJXp-Span-3\"\u003e\u003cspan class=\"MJXp-mn\" id=\"MJXp-Span-4\"\u003e1\u003c/span\u003e\u003c/span\u003e\u003c/span\u003e\u003cscript type=\"math/tex\" id=\"MathJax-Element-2\"\u003e1\u003c/script\u003e 到 \u003cspan class=\"MathJax_Preview\" style=\"color: inherit;\"\u003e\u003cspan class=\"MJXp-math\" id=\"MJXp-Span-5\"\u003e\u003cspan class=\"MJXp-mi MJXp-italic\" id=\"MJXp-Span-6\"\u003en\u003c/span\u003e\u003c/span\u003e\u003c/span\u003e\u003cscript type=\"math/tex\" id=\"MathJax-Element-3\"\u003en\u003c/script\u003e，有 \u003cspan class=\"MathJax_Preview\" style=\"color: inherit;\"\u003e\u003cspan class=\"MJXp-math\" id=\"MJXp-Span-7\"\u003e\u003cspan class=\"MJXp-mi MJXp-italic\" id=\"MJXp-Span-8\"\u003em\u003c/span\u003e\u003c/span\u003e\u003c/span\u003e\u003cscript type=\"math/tex\" id=\"MathJax-Element-4\"\u003em\u003c/script\u003e 条双向道路连接这些城市。第 \u003cspan class=\"MathJax_Preview\" style=\"color: inherit;\"\u003e\u003cspan class=\"MJXp-math\" id=\"MJXp-Span-9\"\u003e\u003cspan class=\"MJXp-mi MJXp-italic\" id=\"MJXp-Span-10\"\u003ej\u003c/span\u003e\u003c/span\u003e\u003c/span\u003e\u003cscript type=\"math/tex\" id=\"MathJax-Element-5\"\u003ej\u003c/script\u003e 条路连接城市 \u003cspan class=\"MathJax_Preview\" style=\"color: inherit;\"\u003e\u003cspan class=\"MJXp-math\" id=\"MJXp-Span-11\"\u003e\u003cspan class=\"MJXp-msubsup\" id=\"MJXp-Span-12\"\u003e\u003cspan class=\"MJXp-mi MJXp-italic\" id=\"MJXp-Span-13\" style=\"margin-right: 0.05em;\"\u003ea\u003c/span\u003e\u003cspan class=\"MJXp-mi MJXp-italic MJXp-script\" id=\"MJXp-Span-14\" style=\"vertical-align: -0.4em;\"\u003ej\u003c/span\u003e\u003c/span\u003e\u003c/span\u003e\u003c/span\u003e\u003cscript type=\"math/tex\" id=\"MathJax-Element-6\"\u003ea_j\u003c/script\u003e 和 \u003cspan class=\"MathJax_Preview\" style=\"color: inherit;\"\u003e\u003cspan class=\"MJXp-math\" id=\"MJXp-Span-15\"\u003e\u003cspan class=\"MJXp-msubsup\" id=\"MJXp-Span-16\"\u003e\u003cspan class=\"MJXp-mi MJXp-italic\" id=\"MJXp-Span-17\" style=\"margin-right: 0.05em;\"\u003eb\u003c/span\u003e\u003cspan class=\"MJXp-mi MJXp-italic MJXp-script\" id=\"MJXp-Span-18\" style=\"vertical-align: -0.4em;\"\u003ej\u003c/span\u003e\u003c/span\u003e\u003c/span\u003e\u003c/span\u003e\u003cscript type=\"math/tex\" id=\"MathJax-Element-7\"\u003eb_j\u003c/script\u003e。每天，都有成千上万的游客来到 Cyberland 游玩。\u003c/p\u003e\u003cp\u003e在每一个城市，都有纪念品售卖，第 \u003cspan class=\"MathJax_Preview\" style=\"color: inherit;\"\u003e\u003cspan class=\"MJXp-math\" id=\"MJXp-Span-19\"\u003e\u003cspan class=\"MJXp-mi MJXp-italic\" id=\"MJXp-Span-20\"\u003ei\u003c/span\u003e\u003c/span\u003e\u003c/span\u003e\u003cscript type=\"math/tex\" id=\"MathJax-Element-8\"\u003ei\u003c/script\u003e 个城市售价为 \u003cspan class=\"MathJax_Preview\" style=\"color: inherit;\"\u003e\u003cspan class=\"MJXp-math\" id=\"MJXp-Span-21\"\u003e\u003cspan class=\"MJXp-msubsup\" id=\"MJXp-Span-22\"\u003e\u003cspan class=\"MJXp-mi MJXp-italic\" id=\"MJXp-Span-23\" style=\"margin-right: 0.05em;\"\u003ew\u003c/span\u003e\u003cspan class=\"MJXp-mi MJXp-italic MJXp-script\" id=\"MJXp-Span-24\" style=\"vertical-align: -0.4em;\"\u003ei\u003c/span\u003e\u003c/span\u003e\u003c/span\u003e\u003c/span\u003e\u003cscript type=\"math/tex\" id=\"MathJax-Element-9\"\u003ew_i\u003c/script\u003e。这个售价有时会变动。\u003c/p\u003e\u003cp\u003e每一个游客的游览路径都有固定起始城市和终止城市，且不会经过重复的城市。\u003c/p\u003e\u003cp\u003e他们会在路径上的城市中，售价最低的那个城市购买纪念品。\u003c/p\u003e\u003cp\u003e你能求出每一个游客在所有合法的路径中能购买的最低售价是多少吗？\u003c/p\u003e\u003cp\u003e你要处理 \u003cspan class=\"MathJax_Preview\" style=\"color: inherit;\"\u003e\u003cspan class=\"MJXp-math\" id=\"MJXp-Span-25\"\u003e\u003cspan class=\"MJXp-mi MJXp-italic\" id=\"MJXp-Span-26\"\u003eq\u003c/span\u003e\u003c/span\u003e\u003c/span\u003e\u003cscript type=\"math/tex\" id=\"MathJax-Element-10\"\u003eq\u003c/script\u003e 个操作：\u003c/p\u003e\u003cul\u003e\u003cli\u003e\u003ccode\u003eC a w\u003c/code\u003e： 表示 \u003cspan class=\"MathJax_Preview\" style=\"color: inherit;\"\u003e\u003cspan class=\"MJXp-math\" id=\"MJXp-Span-27\"\u003e\u003cspan class=\"MJXp-mi MJXp-italic\" id=\"MJXp-Span-28\"\u003ea\u003c/span\u003e\u003c/span\u003e\u003c/span\u003e\u003cscript type=\"math/tex\" id=\"MathJax-Element-11\"\u003ea\u003c/script\u003e 城市的纪念品售价变成 \u003cspan class=\"MathJax_Preview\" style=\"color: inherit;\"\u003e\u003cspan class=\"MJXp-math\" id=\"MJXp-Span-29\"\u003e\u003cspan class=\"MJXp-mi MJXp-italic\" id=\"MJXp-Span-30\"\u003ew\u003c/span\u003e\u003c/span\u003e\u003c/span\u003e\u003cscript type=\"math/tex\" id=\"MathJax-Element-12\"\u003ew\u003c/script\u003e。\u003c/li\u003e\n\u003cli\u003e\u003ccode\u003eA a b\u003c/code\u003e： 表示有一个游客要从 \u003cspan class=\"MathJax_Preview\" style=\"color: inherit;\"\u003e\u003cspan class=\"MJXp-math\" id=\"MJXp-Span-31\"\u003e\u003cspan class=\"MJXp-mi MJXp-italic\" id=\"MJXp-Span-32\"\u003ea\u003c/span\u003e\u003c/span\u003e\u003c/span\u003e\u003cscript type=\"math/tex\" id=\"MathJax-Element-13\"\u003ea\u003c/script\u003e 城市到 \u003cspan class=\"MathJax_Preview\" style=\"color: inherit;\"\u003e\u003cspan class=\"MJXp-math\" id=\"MJXp-Span-33\"\u003e\u003cspan class=\"MJXp-mi MJXp-italic\" id=\"MJXp-Span-34\"\u003eb\u003c/span\u003e\u003c/span\u003e\u003c/span\u003e\u003cscript type=\"math/tex\" id=\"MathJax-Element-14\"\u003eb\u003c/script\u003e 城市，你要回答在所有他的旅行路径中最低售价的最低可能值。\u003c/li\u003e\n\u003c/ul\u003e",
      "misc": ""
    },
    {
      "title": "输入格式",
      "content": "\u003cp\u003e第一行包含用一个空格隔开的三个数，\u003cspan class=\"MathJax_Preview\" style=\"color: inherit;\"\u003e\u003cspan class=\"MJXp-math\" id=\"MJXp-Span-35\"\u003e\u003cspan class=\"MJXp-mi MJXp-italic\" id=\"MJXp-Span-36\"\u003en\u003c/span\u003e\u003c/span\u003e\u003c/span\u003e\u003cscript type=\"math/tex\" id=\"MathJax-Element-15\"\u003en\u003c/script\u003e、\u003cspan class=\"MathJax_Preview\" style=\"color: inherit;\"\u003e\u003cspan class=\"MJXp-math\" id=\"MJXp-Span-37\"\u003e\u003cspan class=\"MJXp-mi MJXp-italic\" id=\"MJXp-Span-38\"\u003em\u003c/span\u003e\u003c/span\u003e\u003c/span\u003e\u003cscript type=\"math/tex\" id=\"MathJax-Element-16\"\u003em\u003c/script\u003e、\u003cspan class=\"MathJax_Preview\" style=\"color: inherit;\"\u003e\u003cspan class=\"MJXp-math\" id=\"MJXp-Span-39\"\u003e\u003cspan class=\"MJXp-mi MJXp-italic\" id=\"MJXp-Span-40\"\u003eq\u003c/span\u003e\u003c/span\u003e\u003c/span\u003e\u003cscript type=\"math/tex\" id=\"MathJax-Element-17\"\u003eq\u003c/script\u003e。\u003c/p\u003e\u003cp\u003e接下来 \u003cspan class=\"MathJax_Preview\" style=\"color: inherit;\"\u003e\u003cspan class=\"MJXp-math\" id=\"MJXp-Span-41\"\u003e\u003cspan class=\"MJXp-mi MJXp-italic\" id=\"MJXp-Span-42\"\u003en\u003c/span\u003e\u003c/span\u003e\u003c/span\u003e\u003cscript type=\"math/tex\" id=\"MathJax-Element-18\"\u003en\u003c/script\u003e 行，每行包含一个数 \u003cspan class=\"MathJax_Preview\" style=\"color: inherit;\"\u003e\u003cspan class=\"MJXp-math\" id=\"MJXp-Span-43\"\u003e\u003cspan class=\"MJXp-msubsup\" id=\"MJXp-Span-44\"\u003e\u003cspan class=\"MJXp-mi MJXp-italic\" id=\"MJXp-Span-45\" style=\"margin-right: 0.05em;\"\u003ew\u003c/span\u003e\u003cspan class=\"MJXp-mi MJXp-italic MJXp-script\" id=\"MJXp-Span-46\" style=\"vertical-align: -0.4em;\"\u003ei\u003c/span\u003e\u003c/span\u003e\u003c/span\u003e\u003c/span\u003e\u003cscript type=\"math/tex\" id=\"MathJax-Element-19\"\u003ew_i\u003c/script\u003e。\u003c/p\u003e\u003cp\u003e接下来 \u003cspan class=\"MathJax_Preview\" style=\"color: inherit;\"\u003e\u003cspan class=\"MJXp-math\" id=\"MJXp-Span-47\"\u003e\u003cspan class=\"MJXp-mi MJXp-italic\" id=\"MJXp-Span-48\"\u003em\u003c/span\u003e\u003c/span\u003e\u003c/span\u003e\u003cscript type=\"math/tex\" id=\"MathJax-Element-20\"\u003em\u003c/script\u003e 行，每行包含用一个空格隔开的两个数 \u003cspan class=\"MathJax_Preview\" style=\"color: inherit;\"\u003e\u003cspan class=\"MJXp-math\" id=\"MJXp-Span-49\"\u003e\u003cspan class=\"MJXp-msubsup\" id=\"MJXp-Span-50\"\u003e\u003cspan class=\"MJXp-mi MJXp-italic\" id=\"MJXp-Span-51\" style=\"margin-right: 0.05em;\"\u003ea\u003c/span\u003e\u003cspan class=\"MJXp-mi MJXp-italic MJXp-script\" id=\"MJXp-Span-52\" style=\"vertical-align: -0.4em;\"\u003ej\u003c/span\u003e\u003c/span\u003e\u003c/span\u003e\u003c/span\u003e\u003cscript type=\"math/tex\" id=\"MathJax-Element-21\"\u003ea_j\u003c/script\u003e, \u003cspan class=\"MathJax_Preview\" style=\"color: inherit;\"\u003e\u003cspan class=\"MJXp-math\" id=\"MJXp-Span-53\"\u003e\u003cspan class=\"MJXp-msubsup\" id=\"MJXp-Span-54\"\u003e\u003cspan class=\"MJXp-mi MJXp-italic\" id=\"MJXp-Span-55\" style=\"margin-right: 0.05em;\"\u003eb\u003c/span\u003e\u003cspan class=\"MJXp-mi MJXp-italic MJXp-script\" id=\"MJXp-Span-56\" style=\"vertical-align: -0.4em;\"\u003ej\u003c/span\u003e\u003c/span\u003e\u003c/span\u003e\u003c/span\u003e\u003cscript type=\"math/tex\" id=\"MathJax-Element-22\"\u003eb_j\u003c/script\u003e。（\u003cspan class=\"MathJax_Preview\" style=\"color: inherit;\"\u003e\u003cspan class=\"MJXp-math\" id=\"MJXp-Span-57\"\u003e\u003cspan class=\"MJXp-mn\" id=\"MJXp-Span-58\"\u003e1\u003c/span\u003e\u003cspan class=\"MJXp-mo\" id=\"MJXp-Span-59\" style=\"margin-left: 0.333em; margin-right: 0.333em;\"\u003e≤\u003c/span\u003e\u003cspan class=\"MJXp-msubsup\" id=\"MJXp-Span-60\"\u003e\u003cspan class=\"MJXp-mi MJXp-italic\" id=\"MJXp-Span-61\" style=\"margin-right: 0.05em;\"\u003ea\u003c/span\u003e\u003cspan class=\"MJXp-mi MJXp-italic MJXp-script\" id=\"MJXp-Span-62\" style=\"vertical-align: -0.4em;\"\u003ej\u003c/span\u003e\u003c/span\u003e\u003cspan class=\"MJXp-mo\" id=\"MJXp-Span-63\" style=\"margin-left: 0em; margin-right: 0.222em;\"\u003e,\u003c/span\u003e\u003cspan class=\"MJXp-msubsup\" id=\"MJXp-Span-64\"\u003e\u003cspan class=\"MJXp-mi MJXp-italic\" id=\"MJXp-Span-65\" style=\"margin-right: 0.05em;\"\u003eb\u003c/span\u003e\u003cspan class=\"MJXp-mi MJXp-italic MJXp-script\" id=\"MJXp-Span-66\" style=\"vertical-align: -0.4em;\"\u003ej\u003c/span\u003e\u003c/span\u003e\u003cspan class=\"MJXp-mo\" id=\"MJXp-Span-67\" style=\"margin-left: 0.333em; margin-right: 0.333em;\"\u003e≤\u003c/span\u003e\u003cspan class=\"MJXp-mi MJXp-italic\" id=\"MJXp-Span-68\"\u003en\u003c/span\u003e\u003cspan class=\"MJXp-mo\" id=\"MJXp-Span-69\" style=\"margin-left: 0em; margin-right: 0.222em;\"\u003e,\u003c/span\u003e\u003cspan class=\"MJXp-msubsup\" id=\"MJXp-Span-70\"\u003e\u003cspan class=\"MJXp-mi MJXp-italic\" id=\"MJXp-Span-71\" style=\"margin-right: 0.05em;\"\u003ea\u003c/span\u003e\u003cspan class=\"MJXp-mi MJXp-italic MJXp-script\" id=\"MJXp-Span-72\" style=\"vertical-align: -0.4em;\"\u003ej\u003c/span\u003e\u003c/span\u003e\u003cspan class=\"MJXp-mo\" id=\"MJXp-Span-73\" style=\"margin-left: 0.333em; margin-right: 0.333em;\"\u003e≠\u003c/span\u003e\u003cspan class=\"MJXp-msubsup\" id=\"MJXp-Span-74\"\u003e\u003cspan class=\"MJXp-mi MJXp-italic\" id=\"MJXp-Span-75\" style=\"margin-right: 0.05em;\"\u003eb\u003c/span\u003e\u003cspan class=\"MJXp-mi MJXp-italic MJXp-script\" id=\"MJXp-Span-76\" style=\"vertical-align: -0.4em;\"\u003ej\u003c/span\u003e\u003c/span\u003e\u003c/span\u003e\u003c/span\u003e\u003cscript type=\"math/tex\" id=\"MathJax-Element-23\"\u003e1 \\le a_j, b_j \\le n, a_j \\ne b_j\u003c/script\u003e）\u003c/p\u003e\u003cp\u003e\u003cstrong\u003e数据保证没有两条道路连接同样一对城市，也没有一条道路两端是相同的城市。并且任意两个城市都可以相互到达。\u003c/strong\u003e\u003c/p\u003e\u003cp\u003e接下来 \u003cspan class=\"MathJax_Preview\" style=\"color: inherit;\"\u003e\u003cspan class=\"MJXp-math\" id=\"MJXp-Span-77\"\u003e\u003cspan class=\"MJXp-mi MJXp-italic\" id=\"MJXp-Span-78\"\u003eq\u003c/span\u003e\u003c/span\u003e\u003c/span\u003e\u003cscript type=\"math/tex\" id=\"MathJax-Element-24\"\u003eq\u003c/script\u003e 行，每行是\u003ccode\u003eC a w\u003c/code\u003e 或 \u003ccode\u003eA a b\u003c/code\u003e ，描述了一个操作。\u003c/p\u003e",
      "misc": ""
    },
    {
      "title": "输出格式",
      "content": "\u003cp\u003e对于每一个\u003ccode\u003eA\u003c/code\u003e类操作，输出一行表示对应的答案。\u003c/p\u003e",
      "misc": ""
    },
    {
      "title": "限制与约定",
      "content": "\u003cp\u003e\u003cspan class=\"MathJax_Preview\" style=\"color: inherit;\"\u003e\u003cspan class=\"MJXp-math\" id=\"MJXp-Span-79\"\u003e\u003cspan class=\"MJXp-mn\" id=\"MJXp-Span-80\"\u003e1\u003c/span\u003e\u003cspan class=\"MJXp-mo\" id=\"MJXp-Span-81\" style=\"margin-left: 0.333em; margin-right: 0.333em;\"\u003e≤\u003c/span\u003e\u003cspan class=\"MJXp-mi MJXp-italic\" id=\"MJXp-Span-82\"\u003en\u003c/span\u003e\u003cspan class=\"MJXp-mo\" id=\"MJXp-Span-83\" style=\"margin-left: 0em; margin-right: 0.222em;\"\u003e,\u003c/span\u003e\u003cspan class=\"MJXp-mi MJXp-italic\" id=\"MJXp-Span-84\"\u003em\u003c/span\u003e\u003cspan class=\"MJXp-mo\" id=\"MJXp-Span-85\" style=\"margin-left: 0em; margin-right: 0.222em;\"\u003e,\u003c/span\u003e\u003cspan class=\"MJXp-mi MJXp-italic\" id=\"MJXp-Span-86\"\u003eq\u003c/span\u003e\u003cspan class=\"MJXp-mo\" id=\"MJXp-Span-87\" style=\"margin-left: 0.333em; margin-right: 0.333em;\"\u003e≤\u003c/span\u003e\u003cspan class=\"MJXp-msubsup\" id=\"MJXp-Span-88\"\u003e\u003cspan class=\"MJXp-mn\" id=\"MJXp-Span-89\" style=\"margin-right: 0.05em;\"\u003e10\u003c/span\u003e\u003cspan class=\"MJXp-mn MJXp-script\" id=\"MJXp-Span-90\" style=\"vertical-align: 0.5em;\"\u003e5\u003c/span\u003e\u003c/span\u003e\u003c/span\u003e\u003c/span\u003e\u003cscript type=\"math/tex\" id=\"MathJax-Element-25\"\u003e1 \\le n, m,q \\le 10^5\u003c/script\u003e，\u003cspan class=\"MathJax_Preview\" style=\"color: inherit;\"\u003e\u003cspan class=\"MJXp-math\" id=\"MJXp-Span-91\"\u003e\u003cspan class=\"MJXp-mn\" id=\"MJXp-Span-92\"\u003e1\u003c/span\u003e\u003cspan class=\"MJXp-mo\" id=\"MJXp-Span-93\" style=\"margin-left: 0.333em; margin-right: 0.333em;\"\u003e≤\u003c/span\u003e\u003cspan class=\"MJXp-msubsup\" id=\"MJXp-Span-94\"\u003e\u003cspan class=\"MJXp-mi MJXp-italic\" id=\"MJXp-Span-95\" style=\"margin-right: 0.05em;\"\u003ew\u003c/span\u003e\u003cspan class=\"MJXp-mi MJXp-italic MJXp-script\" id=\"MJXp-Span-96\" style=\"vertical-align: -0.4em;\"\u003ei\u003c/span\u003e\u003c/span\u003e\u003cspan class=\"MJXp-mo\" id=\"MJXp-Span-97\" style=\"margin-left: 0.333em; margin-right: 0.333em;\"\u003e≤\u003c/span\u003e\u003cspan class=\"MJXp-msubsup\" id=\"MJXp-Span-98\"\u003e\u003cspan class=\"MJXp-mn\" id=\"MJXp-Span-99\" style=\"margin-right: 0.05em;\"\u003e10\u003c/span\u003e\u003cspan class=\"MJXp-mn MJXp-script\" id=\"MJXp-Span-100\" style=\"vertical-align: 0.5em;\"\u003e9\u003c/span\u003e\u003c/span\u003e\u003c/span\u003e\u003c/span\u003e\u003cscript type=\"math/tex\" id=\"MathJax-Element-26\"\u003e 1 \\le w_i \\le 10^9\u003c/script\u003e\u003c/p\u003e",
      "misc": ""
    },
    {
      "title": "下载",
      "content": "\u003cp\u003e\u003ca href=\"/download.php?type=problem\u0026amp;id=30\"\u003e样例数据下载\u003c/a\u003e\u003c/p\u003e",
      "misc": ""
    }
  ],
  "samples": [
    {
      "title": "样例一",
      "input": "\u003cpre\u003e3 3 3\n1\n2\n3\n1 2\n2 3\n1 3\nA 2 3\nC 1 5\nA 2 3\n\n\u003c/pre\u003e",
      "output": "\u003cpre\u003e1\n2\n\n\u003c/pre\u003e",
      "explanation": "",
      "misc": ""
    },
    {
      "title": "样例二",
      "input": "\u003cpre\u003e7 9 4\n1\n2\n3\n4\n5\n6\n7\n1 2\n2 5\n1 5\n2 3\n3 4\n2 4\n5 6\n6 7\n5 7\nA 2 3\nA 6 4\nA 6 7\nA 3 3\n\n\u003c/pre\u003e",
      "output": "\u003cpre\u003e2\n1\n5\n3\n\n\u003c/pre\u003e",
      "explanation": "\u003cp\u003e一种可能的最优路径是：\u003c/p\u003e\u003cul\u003e\u003cli\u003e2, 3\u003c/li\u003e\n\u003cli\u003e6, 5, 1, 2, 4\u003c/li\u003e\n\u003cli\u003e6, 5, 7\u003c/li\u003e\n\u003cli\u003e3\u003c/li\u003e\n\u003c/ul\u003e",
      "misc": ""
    }
  ],
  "tags": [
    "UOJ",
    "CF Round #278"
  ],
  "rules": {
    "runtime": "2000000000",
    "memory": "268435456",
    "stack": "268435456",
    "source": "51200"
  },
  "meta": {
    "created": "2021-04-09T21:29:34.682428853+08:00",
    "updated": "2021-04-09T21:29:34.682428853+08:00",
    "checked": "2021-04-09T21:29:34.682428853+08:00"
  },
  "misc": ""
}
