{
  "id": "48",
  "title": "核聚变反应强度",
  "type": "traditional",
  "sections": [
    {
      "title": "",
      "content": "\u003cp\u003e著名核物理专家 Picks 提出了核聚变特征值这一重要概念。\u003c/p\u003e\u003cp\u003e核聚变特征值分别为 \u003cspan class=\"MathJax_Preview\" style=\"color: inherit;\"\u003e\u003cspan class=\"MJXp-math\" id=\"MJXp-Span-1\"\u003e\u003cspan class=\"MJXp-mi MJXp-italic\" id=\"MJXp-Span-2\"\u003ex\u003c/span\u003e\u003c/span\u003e\u003c/span\u003e\u003cscript type=\"math/tex\" id=\"MathJax-Element-1\"\u003ex\u003c/script\u003e 和 \u003cspan class=\"MathJax_Preview\" style=\"color: inherit;\"\u003e\u003cspan class=\"MJXp-math\" id=\"MJXp-Span-3\"\u003e\u003cspan class=\"MJXp-mi MJXp-italic\" id=\"MJXp-Span-4\"\u003ey\u003c/span\u003e\u003c/span\u003e\u003c/span\u003e\u003cscript type=\"math/tex\" id=\"MathJax-Element-2\"\u003ey\u003c/script\u003e 的两个原子进行核聚变，能产生数值为 \u003cspan class=\"MathJax_Preview\" style=\"color: inherit;\"\u003e\u003cspan class=\"MJXp-math\" id=\"MJXp-Span-5\"\u003e\u003cspan class=\"MJXp-mtext\" id=\"MJXp-Span-6\"\u003esgcd\u003c/span\u003e\u003cspan class=\"MJXp-mo\" id=\"MJXp-Span-7\" style=\"margin-left: 0em; margin-right: 0em;\"\u003e(\u003c/span\u003e\u003cspan class=\"MJXp-mi MJXp-italic\" id=\"MJXp-Span-8\"\u003ex\u003c/span\u003e\u003cspan class=\"MJXp-mo\" id=\"MJXp-Span-9\" style=\"margin-left: 0em; margin-right: 0.222em;\"\u003e,\u003c/span\u003e\u003cspan class=\"MJXp-mi MJXp-italic\" id=\"MJXp-Span-10\"\u003ey\u003c/span\u003e\u003cspan class=\"MJXp-mo\" id=\"MJXp-Span-11\" style=\"margin-left: 0em; margin-right: 0em;\"\u003e)\u003c/span\u003e\u003c/span\u003e\u003c/span\u003e\u003cscript type=\"math/tex\" id=\"MathJax-Element-3\"\u003e\\text{sgcd}(x, y)\u003c/script\u003e 的核聚变反应强度。\u003c/p\u003e\u003cp\u003e其中， \u003cspan class=\"MathJax_Preview\" style=\"color: inherit;\"\u003e\u003cspan class=\"MJXp-math\" id=\"MJXp-Span-12\"\u003e\u003cspan class=\"MJXp-mtext\" id=\"MJXp-Span-13\"\u003esgcd\u003c/span\u003e\u003cspan class=\"MJXp-mo\" id=\"MJXp-Span-14\" style=\"margin-left: 0em; margin-right: 0em;\"\u003e(\u003c/span\u003e\u003cspan class=\"MJXp-mi MJXp-italic\" id=\"MJXp-Span-15\"\u003ex\u003c/span\u003e\u003cspan class=\"MJXp-mo\" id=\"MJXp-Span-16\" style=\"margin-left: 0em; margin-right: 0.222em;\"\u003e,\u003c/span\u003e\u003cspan class=\"MJXp-mi MJXp-italic\" id=\"MJXp-Span-17\"\u003ey\u003c/span\u003e\u003cspan class=\"MJXp-mo\" id=\"MJXp-Span-18\" style=\"margin-left: 0em; margin-right: 0em;\"\u003e)\u003c/span\u003e\u003c/span\u003e\u003c/span\u003e\u003cscript type=\"math/tex\" id=\"MathJax-Element-4\"\u003e\\text{sgcd}(x, y)\u003c/script\u003e 表示 \u003cspan class=\"MathJax_Preview\" style=\"color: inherit;\"\u003e\u003cspan class=\"MJXp-math\" id=\"MJXp-Span-19\"\u003e\u003cspan class=\"MJXp-mi MJXp-italic\" id=\"MJXp-Span-20\"\u003ex\u003c/span\u003e\u003c/span\u003e\u003c/span\u003e\u003cscript type=\"math/tex\" id=\"MathJax-Element-5\"\u003ex\u003c/script\u003e 和 \u003cspan class=\"MathJax_Preview\" style=\"color: inherit;\"\u003e\u003cspan class=\"MJXp-math\" id=\"MJXp-Span-21\"\u003e\u003cspan class=\"MJXp-mi MJXp-italic\" id=\"MJXp-Span-22\"\u003ey\u003c/span\u003e\u003c/span\u003e\u003c/span\u003e\u003cscript type=\"math/tex\" id=\"MathJax-Element-6\"\u003ey\u003c/script\u003e 的次大公约数，即能同时整除 \u003cspan class=\"MathJax_Preview\" style=\"color: inherit;\"\u003e\u003cspan class=\"MJXp-math\" id=\"MJXp-Span-23\"\u003e\u003cspan class=\"MJXp-mi MJXp-italic\" id=\"MJXp-Span-24\"\u003ex\u003c/span\u003e\u003cspan class=\"MJXp-mo\" id=\"MJXp-Span-25\" style=\"margin-left: 0em; margin-right: 0.222em;\"\u003e,\u003c/span\u003e\u003cspan class=\"MJXp-mi MJXp-italic\" id=\"MJXp-Span-26\"\u003ey\u003c/span\u003e\u003c/span\u003e\u003c/span\u003e\u003cscript type=\"math/tex\" id=\"MathJax-Element-7\"\u003ex, y\u003c/script\u003e 的正整数中第二大的数。如果次大公约数不存在则说明无法核聚变， 此时 \u003cspan class=\"MathJax_Preview\" style=\"color: inherit;\"\u003e\u003cspan class=\"MJXp-math\" id=\"MJXp-Span-27\"\u003e\u003cspan class=\"MJXp-mtext\" id=\"MJXp-Span-28\"\u003esgcd\u003c/span\u003e\u003cspan class=\"MJXp-mo\" id=\"MJXp-Span-29\" style=\"margin-left: 0em; margin-right: 0em;\"\u003e(\u003c/span\u003e\u003cspan class=\"MJXp-mi MJXp-italic\" id=\"MJXp-Span-30\"\u003ex\u003c/span\u003e\u003cspan class=\"MJXp-mo\" id=\"MJXp-Span-31\" style=\"margin-left: 0em; margin-right: 0.222em;\"\u003e,\u003c/span\u003e\u003cspan class=\"MJXp-mi MJXp-italic\" id=\"MJXp-Span-32\"\u003ey\u003c/span\u003e\u003cspan class=\"MJXp-mo\" id=\"MJXp-Span-33\" style=\"margin-left: 0em; margin-right: 0em;\"\u003e)\u003c/span\u003e\u003cspan class=\"MJXp-mo\" id=\"MJXp-Span-34\" style=\"margin-left: 0.333em; margin-right: 0.333em;\"\u003e=\u003c/span\u003e\u003cspan class=\"MJXp-mo\" id=\"MJXp-Span-35\" style=\"margin-left: 0.267em; margin-right: 0.267em;\"\u003e−\u003c/span\u003e\u003cspan class=\"MJXp-mn\" id=\"MJXp-Span-36\"\u003e1\u003c/span\u003e\u003c/span\u003e\u003c/span\u003e\u003cscript type=\"math/tex\" id=\"MathJax-Element-8\"\u003e\\text{sgcd}(x, y) = -1\u003c/script\u003e。\u003c/p\u003e\u003cp\u003e现在有 \u003cspan class=\"MathJax_Preview\" style=\"color: inherit;\"\u003e\u003cspan class=\"MJXp-math\" id=\"MJXp-Span-37\"\u003e\u003cspan class=\"MJXp-mi MJXp-italic\" id=\"MJXp-Span-38\"\u003en\u003c/span\u003e\u003c/span\u003e\u003c/span\u003e\u003cscript type=\"math/tex\" id=\"MathJax-Element-9\"\u003en\u003c/script\u003e 个原子，核聚变特征值分别为 \u003cspan class=\"MathJax_Preview\" style=\"color: inherit;\"\u003e\u003cspan class=\"MJXp-math\" id=\"MJXp-Span-39\"\u003e\u003cspan class=\"MJXp-msubsup\" id=\"MJXp-Span-40\"\u003e\u003cspan class=\"MJXp-mi MJXp-italic\" id=\"MJXp-Span-41\" style=\"margin-right: 0.05em;\"\u003ea\u003c/span\u003e\u003cspan class=\"MJXp-mn MJXp-script\" id=\"MJXp-Span-42\" style=\"vertical-align: -0.4em;\"\u003e1\u003c/span\u003e\u003c/span\u003e\u003cspan class=\"MJXp-mo\" id=\"MJXp-Span-43\" style=\"margin-left: 0em; margin-right: 0.222em;\"\u003e,\u003c/span\u003e\u003cspan class=\"MJXp-msubsup\" id=\"MJXp-Span-44\"\u003e\u003cspan class=\"MJXp-mi MJXp-italic\" id=\"MJXp-Span-45\" style=\"margin-right: 0.05em;\"\u003ea\u003c/span\u003e\u003cspan class=\"MJXp-mn MJXp-script\" id=\"MJXp-Span-46\" style=\"vertical-align: -0.4em;\"\u003e2\u003c/span\u003e\u003c/span\u003e\u003cspan class=\"MJXp-mo\" id=\"MJXp-Span-47\" style=\"margin-left: 0em; margin-right: 0.222em;\"\u003e,\u003c/span\u003e\u003cspan class=\"MJXp-mo\" id=\"MJXp-Span-48\" style=\"margin-left: 0em; margin-right: 0em;\"\u003e…\u003c/span\u003e\u003cspan class=\"MJXp-mo\" id=\"MJXp-Span-49\" style=\"margin-left: 0em; margin-right: 0.222em;\"\u003e,\u003c/span\u003e\u003cspan class=\"MJXp-msubsup\" id=\"MJXp-Span-50\"\u003e\u003cspan class=\"MJXp-mi MJXp-italic\" id=\"MJXp-Span-51\" style=\"margin-right: 0.05em;\"\u003ea\u003c/span\u003e\u003cspan class=\"MJXp-mi MJXp-italic MJXp-script\" id=\"MJXp-Span-52\" style=\"vertical-align: -0.4em;\"\u003en\u003c/span\u003e\u003c/span\u003e\u003c/span\u003e\u003c/span\u003e\u003cscript type=\"math/tex\" id=\"MathJax-Element-10\"\u003ea_1, a_2, \\dots, a_n\u003c/script\u003e。然后 Picks 又从兜里掏出一个核聚变特征值为 \u003cspan class=\"MathJax_Preview\" style=\"color: inherit;\"\u003e\u003cspan class=\"MJXp-math\" id=\"MJXp-Span-53\"\u003e\u003cspan class=\"MJXp-msubsup\" id=\"MJXp-Span-54\"\u003e\u003cspan class=\"MJXp-mi MJXp-italic\" id=\"MJXp-Span-55\" style=\"margin-right: 0.05em;\"\u003ea\u003c/span\u003e\u003cspan class=\"MJXp-mn MJXp-script\" id=\"MJXp-Span-56\" style=\"vertical-align: -0.4em;\"\u003e1\u003c/span\u003e\u003c/span\u003e\u003c/span\u003e\u003c/span\u003e\u003cscript type=\"math/tex\" id=\"MathJax-Element-11\"\u003ea_1\u003c/script\u003e 的原子，你需要计算出这个原子与其它 \u003cspan class=\"MathJax_Preview\" style=\"color: inherit;\"\u003e\u003cspan class=\"MJXp-math\" id=\"MJXp-Span-57\"\u003e\u003cspan class=\"MJXp-mi MJXp-italic\" id=\"MJXp-Span-58\"\u003en\u003c/span\u003e\u003c/span\u003e\u003c/span\u003e\u003cscript type=\"math/tex\" id=\"MathJax-Element-12\"\u003en\u003c/script\u003e 个原子分别进行核聚变反应时的核聚变反应强度，即 \u003cspan class=\"MathJax_Preview\" style=\"color: inherit;\"\u003e\u003cspan class=\"MJXp-math\" id=\"MJXp-Span-59\"\u003e\u003cspan class=\"MJXp-mtext\" id=\"MJXp-Span-60\"\u003esgcd\u003c/span\u003e\u003cspan class=\"MJXp-mo\" id=\"MJXp-Span-61\" style=\"margin-left: 0em; margin-right: 0em;\"\u003e(\u003c/span\u003e\u003cspan class=\"MJXp-msubsup\" id=\"MJXp-Span-62\"\u003e\u003cspan class=\"MJXp-mi MJXp-italic\" id=\"MJXp-Span-63\" style=\"margin-right: 0.05em;\"\u003ea\u003c/span\u003e\u003cspan class=\"MJXp-mn MJXp-script\" id=\"MJXp-Span-64\" style=\"vertical-align: -0.4em;\"\u003e1\u003c/span\u003e\u003c/span\u003e\u003cspan class=\"MJXp-mo\" id=\"MJXp-Span-65\" style=\"margin-left: 0em; margin-right: 0.222em;\"\u003e,\u003c/span\u003e\u003cspan class=\"MJXp-msubsup\" id=\"MJXp-Span-66\"\u003e\u003cspan class=\"MJXp-mi MJXp-italic\" id=\"MJXp-Span-67\" style=\"margin-right: 0.05em;\"\u003ea\u003c/span\u003e\u003cspan class=\"MJXp-mn MJXp-script\" id=\"MJXp-Span-68\" style=\"vertical-align: -0.4em;\"\u003e1\u003c/span\u003e\u003c/span\u003e\u003cspan class=\"MJXp-mo\" id=\"MJXp-Span-69\" style=\"margin-left: 0em; margin-right: 0em;\"\u003e)\u003c/span\u003e\u003cspan class=\"MJXp-mo\" id=\"MJXp-Span-70\" style=\"margin-left: 0em; margin-right: 0.222em;\"\u003e,\u003c/span\u003e\u003cspan class=\"MJXp-mtext\" id=\"MJXp-Span-71\"\u003esgcd\u003c/span\u003e\u003cspan class=\"MJXp-mo\" id=\"MJXp-Span-72\" style=\"margin-left: 0em; margin-right: 0em;\"\u003e(\u003c/span\u003e\u003cspan class=\"MJXp-msubsup\" id=\"MJXp-Span-73\"\u003e\u003cspan class=\"MJXp-mi MJXp-italic\" id=\"MJXp-Span-74\" style=\"margin-right: 0.05em;\"\u003ea\u003c/span\u003e\u003cspan class=\"MJXp-mn MJXp-script\" id=\"MJXp-Span-75\" style=\"vertical-align: -0.4em;\"\u003e1\u003c/span\u003e\u003c/span\u003e\u003cspan class=\"MJXp-mo\" id=\"MJXp-Span-76\" style=\"margin-left: 0em; margin-right: 0.222em;\"\u003e,\u003c/span\u003e\u003cspan class=\"MJXp-msubsup\" id=\"MJXp-Span-77\"\u003e\u003cspan class=\"MJXp-mi MJXp-italic\" id=\"MJXp-Span-78\" style=\"margin-right: 0.05em;\"\u003ea\u003c/span\u003e\u003cspan class=\"MJXp-mn MJXp-script\" id=\"MJXp-Span-79\" style=\"vertical-align: -0.4em;\"\u003e2\u003c/span\u003e\u003c/span\u003e\u003cspan class=\"MJXp-mo\" id=\"MJXp-Span-80\" style=\"margin-left: 0em; margin-right: 0em;\"\u003e)\u003c/span\u003e\u003cspan class=\"MJXp-mo\" id=\"MJXp-Span-81\" style=\"margin-left: 0em; margin-right: 0.222em;\"\u003e,\u003c/span\u003e\u003cspan class=\"MJXp-mo\" id=\"MJXp-Span-82\" style=\"margin-left: 0em; margin-right: 0em;\"\u003e…\u003c/span\u003e\u003cspan class=\"MJXp-mo\" id=\"MJXp-Span-83\" style=\"margin-left: 0em; margin-right: 0.222em;\"\u003e,\u003c/span\u003e\u003cspan class=\"MJXp-mtext\" id=\"MJXp-Span-84\"\u003esgcd\u003c/span\u003e\u003cspan class=\"MJXp-mo\" id=\"MJXp-Span-85\" style=\"margin-left: 0em; margin-right: 0em;\"\u003e(\u003c/span\u003e\u003cspan class=\"MJXp-msubsup\" id=\"MJXp-Span-86\"\u003e\u003cspan class=\"MJXp-mi MJXp-italic\" id=\"MJXp-Span-87\" style=\"margin-right: 0.05em;\"\u003ea\u003c/span\u003e\u003cspan class=\"MJXp-mn MJXp-script\" id=\"MJXp-Span-88\" style=\"vertical-align: -0.4em;\"\u003e1\u003c/span\u003e\u003c/span\u003e\u003cspan class=\"MJXp-mo\" id=\"MJXp-Span-89\" style=\"margin-left: 0em; margin-right: 0.222em;\"\u003e,\u003c/span\u003e\u003cspan class=\"MJXp-msubsup\" id=\"MJXp-Span-90\"\u003e\u003cspan class=\"MJXp-mi MJXp-italic\" id=\"MJXp-Span-91\" style=\"margin-right: 0.05em;\"\u003ea\u003c/span\u003e\u003cspan class=\"MJXp-mi MJXp-italic MJXp-script\" id=\"MJXp-Span-92\" style=\"vertical-align: -0.4em;\"\u003en\u003c/span\u003e\u003c/span\u003e\u003cspan class=\"MJXp-mo\" id=\"MJXp-Span-93\" style=\"margin-left: 0em; margin-right: 0em;\"\u003e)\u003c/span\u003e\u003c/span\u003e\u003c/span\u003e\u003cscript type=\"math/tex\" id=\"MathJax-Element-13\"\u003e\\text{sgcd}(a_1, a_1), \\text{sgcd}(a_1, a_2), \\dots, \\text{sgcd}(a_1, a_n)\u003c/script\u003e。\u003c/p\u003e",
      "misc": ""
    },
    {
      "title": "输入格式",
      "content": "\u003cp\u003e第一行一个正整数 \u003cspan class=\"MathJax_Preview\" style=\"color: inherit;\"\u003e\u003cspan class=\"MJXp-math\" id=\"MJXp-Span-94\"\u003e\u003cspan class=\"MJXp-mi MJXp-italic\" id=\"MJXp-Span-95\"\u003en\u003c/span\u003e\u003c/span\u003e\u003c/span\u003e\u003cscript type=\"math/tex\" id=\"MathJax-Element-14\"\u003en\u003c/script\u003e。\u003c/p\u003e\u003cp\u003e第二行 \u003cspan class=\"MathJax_Preview\" style=\"color: inherit;\"\u003e\u003cspan class=\"MJXp-math\" id=\"MJXp-Span-96\"\u003e\u003cspan class=\"MJXp-mi MJXp-italic\" id=\"MJXp-Span-97\"\u003en\u003c/span\u003e\u003c/span\u003e\u003c/span\u003e\u003cscript type=\"math/tex\" id=\"MathJax-Element-15\"\u003en\u003c/script\u003e 个用空格隔开的正整数，第 \u003cspan class=\"MathJax_Preview\" style=\"color: inherit;\"\u003e\u003cspan class=\"MJXp-math\" id=\"MJXp-Span-98\"\u003e\u003cspan class=\"MJXp-mi MJXp-italic\" id=\"MJXp-Span-99\"\u003ei\u003c/span\u003e\u003c/span\u003e\u003c/span\u003e\u003cscript type=\"math/tex\" id=\"MathJax-Element-16\"\u003ei\u003c/script\u003e 个为 \u003cspan class=\"MathJax_Preview\" style=\"color: inherit;\"\u003e\u003cspan class=\"MJXp-math\" id=\"MJXp-Span-100\"\u003e\u003cspan class=\"MJXp-msubsup\" id=\"MJXp-Span-101\"\u003e\u003cspan class=\"MJXp-mi MJXp-italic\" id=\"MJXp-Span-102\" style=\"margin-right: 0.05em;\"\u003ea\u003c/span\u003e\u003cspan class=\"MJXp-mi MJXp-italic MJXp-script\" id=\"MJXp-Span-103\" style=\"vertical-align: -0.4em;\"\u003ei\u003c/span\u003e\u003c/span\u003e\u003c/span\u003e\u003c/span\u003e\u003cscript type=\"math/tex\" id=\"MathJax-Element-17\"\u003ea_i\u003c/script\u003e。\u003c/p\u003e",
      "misc": ""
    },
    {
      "title": "输出格式",
      "content": "\u003cp\u003e一行 \u003cspan class=\"MathJax_Preview\" style=\"color: inherit;\"\u003e\u003cspan class=\"MJXp-math\" id=\"MJXp-Span-104\"\u003e\u003cspan class=\"MJXp-mi MJXp-italic\" id=\"MJXp-Span-105\"\u003en\u003c/span\u003e\u003c/span\u003e\u003c/span\u003e\u003cscript type=\"math/tex\" id=\"MathJax-Element-18\"\u003en\u003c/script\u003e 个用空格隔开的整数，第 \u003cspan class=\"MathJax_Preview\" style=\"color: inherit;\"\u003e\u003cspan class=\"MJXp-math\" id=\"MJXp-Span-106\"\u003e\u003cspan class=\"MJXp-mi MJXp-italic\" id=\"MJXp-Span-107\"\u003ei\u003c/span\u003e\u003c/span\u003e\u003c/span\u003e\u003cscript type=\"math/tex\" id=\"MathJax-Element-19\"\u003ei\u003c/script\u003e 个表示 \u003cspan class=\"MathJax_Preview\" style=\"color: inherit;\"\u003e\u003cspan class=\"MJXp-math\" id=\"MJXp-Span-108\"\u003e\u003cspan class=\"MJXp-mtext\" id=\"MJXp-Span-109\"\u003esgcd\u003c/span\u003e\u003cspan class=\"MJXp-mo\" id=\"MJXp-Span-110\" style=\"margin-left: 0em; margin-right: 0em;\"\u003e(\u003c/span\u003e\u003cspan class=\"MJXp-msubsup\" id=\"MJXp-Span-111\"\u003e\u003cspan class=\"MJXp-mi MJXp-italic\" id=\"MJXp-Span-112\" style=\"margin-right: 0.05em;\"\u003ea\u003c/span\u003e\u003cspan class=\"MJXp-mn MJXp-script\" id=\"MJXp-Span-113\" style=\"vertical-align: -0.4em;\"\u003e1\u003c/span\u003e\u003c/span\u003e\u003cspan class=\"MJXp-mo\" id=\"MJXp-Span-114\" style=\"margin-left: 0em; margin-right: 0.222em;\"\u003e,\u003c/span\u003e\u003cspan class=\"MJXp-msubsup\" id=\"MJXp-Span-115\"\u003e\u003cspan class=\"MJXp-mi MJXp-italic\" id=\"MJXp-Span-116\" style=\"margin-right: 0.05em;\"\u003ea\u003c/span\u003e\u003cspan class=\"MJXp-mi MJXp-italic MJXp-script\" id=\"MJXp-Span-117\" style=\"vertical-align: -0.4em;\"\u003ei\u003c/span\u003e\u003c/span\u003e\u003cspan class=\"MJXp-mo\" id=\"MJXp-Span-118\" style=\"margin-left: 0em; margin-right: 0em;\"\u003e)\u003c/span\u003e\u003c/span\u003e\u003c/span\u003e\u003cscript type=\"math/tex\" id=\"MathJax-Element-20\"\u003e\\text{sgcd}(a_1, a_i)\u003c/script\u003e。\u003c/p\u003e\u003cp\u003eC/C++ 输入输出 long long 时请用 \u003ccode\u003e%lld\u003c/code\u003e。\u003cstrong\u003e由于本题数据量较大，建议不要使用 cin/cout 进行输入输出。\u003c/strong\u003e\u003c/p\u003e",
      "misc": ""
    },
    {
      "title": "限制与约定",
      "content": "\u003cdiv class=\"table-responsive\"\u003e\n\u003ctable class=\"table table-bordered table-text-center table-vertical-middle\"\u003e\u003cthead\u003e\u003ctr\u003e\u003cth\u003e测试点编号\u003c/th\u003e\n\u003cth\u003e\u003cspan class=\"MathJax_Preview\" style=\"color: inherit;\"\u003e\u003cspan class=\"MJXp-math\" id=\"MJXp-Span-119\"\u003e\u003cspan class=\"MJXp-mi MJXp-italic\" id=\"MJXp-Span-120\"\u003en\u003c/span\u003e\u003c/span\u003e\u003c/span\u003e\u003cscript type=\"math/tex\" id=\"MathJax-Element-21\"\u003en\u003c/script\u003e、\u003cspan class=\"MathJax_Preview\" style=\"color: inherit;\"\u003e\u003cspan class=\"MJXp-math\" id=\"MJXp-Span-121\"\u003e\u003cspan class=\"MJXp-msubsup\" id=\"MJXp-Span-122\"\u003e\u003cspan class=\"MJXp-mi MJXp-italic\" id=\"MJXp-Span-123\" style=\"margin-right: 0.05em;\"\u003ea\u003c/span\u003e\u003cspan class=\"MJXp-mi MJXp-italic MJXp-script\" id=\"MJXp-Span-124\" style=\"vertical-align: -0.4em;\"\u003ei\u003c/span\u003e\u003c/span\u003e\u003c/span\u003e\u003c/span\u003e\u003cscript type=\"math/tex\" id=\"MathJax-Element-22\"\u003ea_i\u003c/script\u003e的规模\u003c/th\u003e\n\u003c/tr\u003e\u003c/thead\u003e\u003ctbody\u003e\u003ctr\u003e\u003ctd\u003e1\u003c/td\u003e\u003ctd rowspan=\"2\"\u003e\u003cspan class=\"MathJax_Preview\" style=\"color: inherit;\"\u003e\u003cspan class=\"MJXp-math\" id=\"MJXp-Span-125\"\u003e\u003cspan class=\"MJXp-mi MJXp-italic\" id=\"MJXp-Span-126\"\u003en\u003c/span\u003e\u003cspan class=\"MJXp-mo\" id=\"MJXp-Span-127\" style=\"margin-left: 0.333em; margin-right: 0.333em;\"\u003e=\u003c/span\u003e\u003cspan class=\"MJXp-mn\" id=\"MJXp-Span-128\"\u003e1\u003c/span\u003e\u003c/span\u003e\u003c/span\u003e\u003cscript type=\"math/tex\" id=\"MathJax-Element-23\"\u003en = 1\u003c/script\u003e，\u003cspan class=\"MathJax_Preview\" style=\"color: inherit;\"\u003e\u003cspan class=\"MJXp-math\" id=\"MJXp-Span-129\"\u003e\u003cspan class=\"MJXp-msubsup\" id=\"MJXp-Span-130\"\u003e\u003cspan class=\"MJXp-mi MJXp-italic\" id=\"MJXp-Span-131\" style=\"margin-right: 0.05em;\"\u003ea\u003c/span\u003e\u003cspan class=\"MJXp-mi MJXp-italic MJXp-script\" id=\"MJXp-Span-132\" style=\"vertical-align: -0.4em;\"\u003ei\u003c/span\u003e\u003c/span\u003e\u003cspan class=\"MJXp-mo\" id=\"MJXp-Span-133\" style=\"margin-left: 0.333em; margin-right: 0.333em;\"\u003e≤\u003c/span\u003e\u003cspan class=\"MJXp-msubsup\" id=\"MJXp-Span-134\"\u003e\u003cspan class=\"MJXp-mn\" id=\"MJXp-Span-135\" style=\"margin-right: 0.05em;\"\u003e10\u003c/span\u003e\u003cspan class=\"MJXp-mn MJXp-script\" id=\"MJXp-Span-136\" style=\"vertical-align: 0.5em;\"\u003e9\u003c/span\u003e\u003c/span\u003e\u003c/span\u003e\u003c/span\u003e\u003cscript type=\"math/tex\" id=\"MathJax-Element-24\"\u003ea_i \\le 10^9\u003c/script\u003e\u003c/td\u003e\u003c/tr\u003e\u003ctr\u003e\u003ctd\u003e2\u003c/td\u003e\u003c/tr\u003e\u003ctr\u003e\u003ctd\u003e3\u003c/td\u003e\u003ctd rowspan=\"4\"\u003e\u003cspan class=\"MathJax_Preview\" style=\"color: inherit;\"\u003e\u003cspan class=\"MJXp-math\" id=\"MJXp-Span-137\"\u003e\u003cspan class=\"MJXp-mi MJXp-italic\" id=\"MJXp-Span-138\"\u003en\u003c/span\u003e\u003cspan class=\"MJXp-mo\" id=\"MJXp-Span-139\" style=\"margin-left: 0.333em; margin-right: 0.333em;\"\u003e≤\u003c/span\u003e\u003cspan class=\"MJXp-msubsup\" id=\"MJXp-Span-140\"\u003e\u003cspan class=\"MJXp-mn\" id=\"MJXp-Span-141\" style=\"margin-right: 0.05em;\"\u003e10\u003c/span\u003e\u003cspan class=\"MJXp-mn MJXp-script\" id=\"MJXp-Span-142\" style=\"vertical-align: 0.5em;\"\u003e4\u003c/span\u003e\u003c/span\u003e\u003c/span\u003e\u003c/span\u003e\u003cscript type=\"math/tex\" id=\"MathJax-Element-25\"\u003en \\le 10^4\u003c/script\u003e，\u003cspan class=\"MathJax_Preview\" style=\"color: inherit;\"\u003e\u003cspan class=\"MJXp-math\" id=\"MJXp-Span-143\"\u003e\u003cspan class=\"MJXp-msubsup\" id=\"MJXp-Span-144\"\u003e\u003cspan class=\"MJXp-mi MJXp-italic\" id=\"MJXp-Span-145\" style=\"margin-right: 0.05em;\"\u003ea\u003c/span\u003e\u003cspan class=\"MJXp-mi MJXp-italic MJXp-script\" id=\"MJXp-Span-146\" style=\"vertical-align: -0.4em;\"\u003ei\u003c/span\u003e\u003c/span\u003e\u003cspan class=\"MJXp-mo\" id=\"MJXp-Span-147\" style=\"margin-left: 0.333em; margin-right: 0.333em;\"\u003e≤\u003c/span\u003e\u003cspan class=\"MJXp-msubsup\" id=\"MJXp-Span-148\"\u003e\u003cspan class=\"MJXp-mn\" id=\"MJXp-Span-149\" style=\"margin-right: 0.05em;\"\u003e10\u003c/span\u003e\u003cspan class=\"MJXp-mn MJXp-script\" id=\"MJXp-Span-150\" style=\"vertical-align: 0.5em;\"\u003e9\u003c/span\u003e\u003c/span\u003e\u003c/span\u003e\u003c/span\u003e\u003cscript type=\"math/tex\" id=\"MathJax-Element-26\"\u003ea_i \\le 10^9\u003c/script\u003e\u003c/td\u003e\u003c/tr\u003e\u003ctr\u003e\u003ctd\u003e4\u003c/td\u003e\u003c/tr\u003e\u003ctr\u003e\u003ctd\u003e5\u003c/td\u003e\u003c/tr\u003e\u003ctr\u003e\u003ctd\u003e6\u003c/td\u003e\u003c/tr\u003e\u003ctr\u003e\u003ctd\u003e7\u003c/td\u003e\u003ctd rowspan=\"4\"\u003e\u003cspan class=\"MathJax_Preview\" style=\"color: inherit;\"\u003e\u003cspan class=\"MJXp-math\" id=\"MJXp-Span-151\"\u003e\u003cspan class=\"MJXp-mi MJXp-italic\" id=\"MJXp-Span-152\"\u003en\u003c/span\u003e\u003cspan class=\"MJXp-mo\" id=\"MJXp-Span-153\" style=\"margin-left: 0.333em; margin-right: 0.333em;\"\u003e≤\u003c/span\u003e\u003cspan class=\"MJXp-msubsup\" id=\"MJXp-Span-154\"\u003e\u003cspan class=\"MJXp-mn\" id=\"MJXp-Span-155\" style=\"margin-right: 0.05em;\"\u003e10\u003c/span\u003e\u003cspan class=\"MJXp-mn MJXp-script\" id=\"MJXp-Span-156\" style=\"vertical-align: 0.5em;\"\u003e5\u003c/span\u003e\u003c/span\u003e\u003c/span\u003e\u003c/span\u003e\u003cscript type=\"math/tex\" id=\"MathJax-Element-27\"\u003en \\le 10^5\u003c/script\u003e，\u003cspan class=\"MathJax_Preview\" style=\"color: inherit;\"\u003e\u003cspan class=\"MJXp-math\" id=\"MJXp-Span-157\"\u003e\u003cspan class=\"MJXp-msubsup\" id=\"MJXp-Span-158\"\u003e\u003cspan class=\"MJXp-mi MJXp-italic\" id=\"MJXp-Span-159\" style=\"margin-right: 0.05em;\"\u003ea\u003c/span\u003e\u003cspan class=\"MJXp-mi MJXp-italic MJXp-script\" id=\"MJXp-Span-160\" style=\"vertical-align: -0.4em;\"\u003ei\u003c/span\u003e\u003c/span\u003e\u003cspan class=\"MJXp-mo\" id=\"MJXp-Span-161\" style=\"margin-left: 0.333em; margin-right: 0.333em;\"\u003e≤\u003c/span\u003e\u003cspan class=\"MJXp-msubsup\" id=\"MJXp-Span-162\"\u003e\u003cspan class=\"MJXp-mn\" id=\"MJXp-Span-163\" style=\"margin-right: 0.05em;\"\u003e10\u003c/span\u003e\u003cspan class=\"MJXp-mrow MJXp-script\" id=\"MJXp-Span-164\" style=\"vertical-align: 0.5em;\"\u003e\u003cspan class=\"MJXp-mn\" id=\"MJXp-Span-165\"\u003e12\u003c/span\u003e\u003c/span\u003e\u003c/span\u003e\u003c/span\u003e\u003c/span\u003e\u003cscript type=\"math/tex\" id=\"MathJax-Element-28\"\u003ea_i \\le 10^{12}\u003c/script\u003e\u003c/td\u003e\u003c/tr\u003e\u003ctr\u003e\u003ctd\u003e8\u003c/td\u003e\u003c/tr\u003e\u003ctr\u003e\u003ctd\u003e9\u003c/td\u003e\u003c/tr\u003e\u003ctr\u003e\u003ctd\u003e10\u003c/td\u003e\u003c/tr\u003e\u003c/tbody\u003e\u003c/table\u003e\u003c/div\u003e",
      "misc": ""
    },
    {
      "title": "下载",
      "content": "\u003cp\u003e\u003ca href=\"/download.php?type=problem\u0026amp;id=48\"\u003e样例数据下载\u003c/a\u003e\u003c/p\u003e",
      "misc": ""
    }
  ],
  "samples": [
    {
      "title": "样例一",
      "input": "\u003cpre\u003e4\n12450 1 2 450\n\n\u003c/pre\u003e",
      "output": "\u003cpre\u003e6225 -1 1 75\n\n\u003c/pre\u003e",
      "explanation": "",
      "misc": ""
    },
    {
      "title": "样例二",
      "input": "\u003cpre\u003e8\n30030 6 10 12 55 36 450 666\n\n\u003c/pre\u003e",
      "output": "\u003cpre\u003e15015 3 5 3 11 3 15 3\n\n\u003c/pre\u003e",
      "explanation": "",
      "misc": ""
    },
    {
      "title": "样例三",
      "input": "",
      "output": "",
      "explanation": "",
      "misc": "\u003cp\u003e见样例数据下载。\u003c/p\u003e"
    }
  ],
  "tags": [
    "UOJ",
    "UR #3"
  ],
  "rules": {
    "runtime": "1000000000",
    "memory": "268435456",
    "stack": "268435456",
    "source": "51200"
  },
  "meta": {
    "created": "2021-04-09T21:30:05.021303505+08:00",
    "updated": "2021-04-09T21:30:05.021303505+08:00",
    "checked": "2021-04-09T21:30:05.021303505+08:00"
  },
  "misc": ""
}
