{
  "id": "62",
  "title": "怎样跑得更快",
  "type": "traditional",
  "sections": [
    {
      "title": "",
      "content": "\u003cdiv class=\"hide\"\u003e\n\u003cspan class=\"MathJax_Preview\"\u003e\\newcommand\\lcm{\\mathbin{\\mathrm{lcm}}}\u003c/span\u003e\u003cscript type=\"math/tex\"\u003e\\newcommand\\lcm{\\mathbin{\\mathrm{lcm}}}\u003c/script\u003e\n\u003c/div\u003e\u003cp\u003e大力水手问禅师：“大师，我觉得我光有力气是不够的。比如我吃菠菜可以让力气更大，但是却没有提升跑步的速度。请问怎样才能跑得更快？我试过吃白菜，没有效果。”\u003c/p\u003e\u003cp\u003e禅师浅笑，答：“方法很简单，不过若想我教你，你先看看这道UOJ Round的C题。”\u003c/p\u003e\u003cp\u003e令 \u003cspan class=\"MathJax_Preview\"\u003ep = 998244353\u003c/span\u003e\u003cscript type=\"math/tex\"\u003ep = 998244353\u003c/script\u003e（\u003cspan class=\"MathJax_Preview\"\u003e7 \\times 17 \\times 2^{23} + 1\u003c/span\u003e\u003cscript type=\"math/tex\"\u003e7 \\times 17 \\times 2^{23} + 1\u003c/script\u003e，一个质数）。\u003c/p\u003e\u003cp\u003e给你整数 \u003cspan class=\"MathJax_Preview\"\u003en, c, d\u003c/span\u003e\u003cscript type=\"math/tex\"\u003en, c, d\u003c/script\u003e。现在有整数 \u003cspan class=\"MathJax_Preview\"\u003ex_1, \\dots, x_n\u003c/span\u003e\u003cscript type=\"math/tex\"\u003ex_1, \\dots, x_n\u003c/script\u003e 和 \u003cspan class=\"MathJax_Preview\"\u003eb_1, \\dots, b_n\u003c/span\u003e\u003cscript type=\"math/tex\"\u003eb_1, \\dots, b_n\u003c/script\u003e 满足 \u003cspan class=\"MathJax_Preview\"\u003e0 \\leq x_1, \\dots, x_n, b_1, \\dots, b_n \u0026lt; p\u003c/span\u003e\u003cscript type=\"math/tex\"\u003e0 \\leq x_1, \\dots, x_n, b_1, \\dots, b_n \u003c p\u003c/script\u003e，且对于 \u003cspan class=\"MathJax_Preview\"\u003e1 \\leq i \\leq n\u003c/span\u003e\u003cscript type=\"math/tex\"\u003e1 \\leq i \\leq n\u003c/script\u003e 满足：\u003c/p\u003e\u003cp\u003e\u003cspan class=\"MathJax_Preview\"\u003e\\begin{equation}\n\\sum_{j = 1}^{n} \\gcd(i, j)^c \\cdot \\lcm(i, j)^d \\cdot x_j \\equiv b_i \\pmod{p}\n\\end{equation}\u003c/span\u003e\u003cscript type=\"math/tex; mode=display\"\u003e\\begin{equation}\n\\sum_{j = 1}^{n} \\gcd(i, j)^c \\cdot \\lcm(i, j)^d \\cdot x_j \\equiv b_i \\pmod{p}\n\\end{equation}\u003c/script\u003e\n其中 \u003cspan class=\"MathJax_Preview\"\u003ev \\equiv u \\pmod{p}\u003c/span\u003e\u003cscript type=\"math/tex\"\u003ev \\equiv u \\pmod{p}\u003c/script\u003e 表示 \u003cspan class=\"MathJax_Preview\"\u003ev\u003c/span\u003e\u003cscript type=\"math/tex\"\u003ev\u003c/script\u003e 和 \u003cspan class=\"MathJax_Preview\"\u003eu\u003c/span\u003e\u003cscript type=\"math/tex\"\u003eu\u003c/script\u003e 除以 \u003cspan class=\"MathJax_Preview\"\u003ep\u003c/span\u003e\u003cscript type=\"math/tex\"\u003ep\u003c/script\u003e 的余数相等。\u003cspan class=\"MathJax_Preview\"\u003e\\gcd(i, j)\u003c/span\u003e\u003cscript type=\"math/tex\"\u003e\\gcd(i, j)\u003c/script\u003e 表示 \u003cspan class=\"MathJax_Preview\"\u003ei\u003c/span\u003e\u003cscript type=\"math/tex\"\u003ei\u003c/script\u003e 和 \u003cspan class=\"MathJax_Preview\"\u003ej\u003c/span\u003e\u003cscript type=\"math/tex\"\u003ej\u003c/script\u003e 的最大公约数，\u003cspan class=\"MathJax_Preview\"\u003e\\lcm(i, j)\u003c/span\u003e\u003cscript type=\"math/tex\"\u003e\\lcm(i, j)\u003c/script\u003e 表示 \u003cspan class=\"MathJax_Preview\"\u003ei\u003c/span\u003e\u003cscript type=\"math/tex\"\u003ei\u003c/script\u003e 和 \u003cspan class=\"MathJax_Preview\"\u003ej\u003c/span\u003e\u003cscript type=\"math/tex\"\u003ej\u003c/script\u003e 的最小公倍数。\u003c/p\u003e\u003cp\u003e有 \u003cspan class=\"MathJax_Preview\"\u003eq\u003c/span\u003e\u003cscript type=\"math/tex\"\u003eq\u003c/script\u003e 个询问，每次给出 \u003cspan class=\"MathJax_Preview\"\u003eb_1, \\dots, b_n\u003c/span\u003e\u003cscript type=\"math/tex\"\u003eb_1, \\dots, b_n\u003c/script\u003e，请你解出 \u003cspan class=\"MathJax_Preview\"\u003ex_1, \\dots, x_n\u003c/span\u003e\u003cscript type=\"math/tex\"\u003ex_1, \\dots, x_n\u003c/script\u003e 的值。\u003c/p\u003e",
      "misc": ""
    },
    {
      "title": "输入格式",
      "content": "\u003cp\u003e第一行四个整数 \u003cspan class=\"MathJax_Preview\"\u003en, c, d, q\u003c/span\u003e\u003cscript type=\"math/tex\"\u003en, c, d, q\u003c/script\u003e。保证 \u003cspan class=\"MathJax_Preview\"\u003en, q \\geq 1\u003c/span\u003e\u003cscript type=\"math/tex\"\u003en, q \\geq 1\u003c/script\u003e。\u003c/p\u003e\u003cp\u003e接下来 \u003cspan class=\"MathJax_Preview\"\u003eq\u003c/span\u003e\u003cscript type=\"math/tex\"\u003eq\u003c/script\u003e 行，每行 \u003cspan class=\"MathJax_Preview\"\u003en\u003c/span\u003e\u003cscript type=\"math/tex\"\u003en\u003c/script\u003e 个整数依次表示 \u003cspan class=\"MathJax_Preview\"\u003eb_1, \\dots, b_n\u003c/span\u003e\u003cscript type=\"math/tex\"\u003eb_1, \\dots, b_n\u003c/script\u003e。保证 \u003cspan class=\"MathJax_Preview\"\u003e0 \\leq b_1, \\dots, b_n \u0026lt; p\u003c/span\u003e\u003cscript type=\"math/tex\"\u003e0 \\leq b_1, \\dots, b_n \u003c p\u003c/script\u003e。\u003c/p\u003e",
      "misc": ""
    },
    {
      "title": "输出格式",
      "content": "\u003cp\u003e共 \u003cspan class=\"MathJax_Preview\"\u003eq\u003c/span\u003e\u003cscript type=\"math/tex\"\u003eq\u003c/script\u003e 行，每行对给出的 \u003cspan class=\"MathJax_Preview\"\u003eb_1, \\dots, b_n\u003c/span\u003e\u003cscript type=\"math/tex\"\u003eb_1, \\dots, b_n\u003c/script\u003e，输出对应的 \u003cspan class=\"MathJax_Preview\"\u003ex_1, \\dots, x_n\u003c/span\u003e\u003cscript type=\"math/tex\"\u003ex_1, \\dots, x_n\u003c/script\u003e。如果有多组解输出任意一组即可。如果无解那么这一行只用输出一个整数 \u003cspan class=\"MathJax_Preview\"\u003e-1\u003c/span\u003e\u003cscript type=\"math/tex\"\u003e-1\u003c/script\u003e。\u003c/p\u003e",
      "misc": ""
    },
    {
      "title": "限制与约定",
      "content": "\u003cp\u003e对于所有数据，\u003cspan class=\"MathJax_Preview\"\u003enq \\leq 3 \\times 10^5\u003c/span\u003e\u003cscript type=\"math/tex\"\u003enq \\leq 3 \\times 10^5\u003c/script\u003e，\u003cspan class=\"MathJax_Preview\"\u003e0 \\leq c, d \\leq 10^9\u003c/span\u003e\u003cscript type=\"math/tex\"\u003e0 \\leq c, d \\leq 10^9\u003c/script\u003e。\u003c/p\u003e\u003cdiv class=\"table-responsive\"\u003e\n\u003ctable class=\"table table-bordered table-text-center table-vertical-middle\"\u003e\u003cthead\u003e\u003ctr\u003e\u003cth\u003e测试点编号\u003c/th\u003e\n\u003cth\u003e\u003cspan class=\"MathJax_Preview\"\u003en\u003c/span\u003e\u003cscript type=\"math/tex\"\u003en\u003c/script\u003e\u003c/th\u003e\n\u003cth\u003e\u003cspan class=\"MathJax_Preview\"\u003eq\u003c/span\u003e\u003cscript type=\"math/tex\"\u003eq\u003c/script\u003e\u003c/th\u003e\n\u003cth\u003e其他\u003c/th\u003e\n\u003c/tr\u003e\u003c/thead\u003e\u003ctbody\u003e\u003ctr\u003e\u003ctd\u003e1\u003c/td\u003e\u003ctd\u003e\u003cspan class=\"MathJax_Preview\"\u003e\\leq 3\u003c/span\u003e\u003cscript type=\"math/tex\"\u003e\\leq 3\u003c/script\u003e\u003c/td\u003e\u003ctd\u003e\u003cspan class=\"MathJax_Preview\"\u003e=1\u003c/span\u003e\u003cscript type=\"math/tex\"\u003e=1\u003c/script\u003e\u003c/td\u003e\u003ctd\u003e\u003cspan class=\"MathJax_Preview\"\u003ec, d \\leq 1000\u003c/span\u003e\u003cscript type=\"math/tex\"\u003ec, d \\leq 1000\u003c/script\u003e\u003c/td\u003e\u003c/tr\u003e\u003ctr\u003e\u003ctd\u003e2\u003c/td\u003e\u003ctd rowspan=\"7\"\u003e\u003cspan class=\"MathJax_Preview\"\u003e\\leq 100\u003c/span\u003e\u003cscript type=\"math/tex\"\u003e\\leq 100\u003c/script\u003e\u003c/td\u003e\u003ctd\u003e\u003cspan class=\"MathJax_Preview\"\u003e=1\u003c/span\u003e\u003cscript type=\"math/tex\"\u003e=1\u003c/script\u003e\u003c/td\u003e\u003ctd\u003e\u003cspan class=\"MathJax_Preview\"\u003ec = d\u003c/span\u003e\u003cscript type=\"math/tex\"\u003ec = d\u003c/script\u003e\u003c/td\u003e\u003c/tr\u003e\u003ctr\u003e\u003ctd\u003e3\u003c/td\u003e\u003ctd rowspan=\"2\"\u003e\u003cspan class=\"MathJax_Preview\"\u003e\\leq 10\u003c/span\u003e\u003cscript type=\"math/tex\"\u003e\\leq 10\u003c/script\u003e\u003c/td\u003e\u003ctd rowspan=\"2\"\u003e保证有唯一解\u003c/td\u003e\u003c/tr\u003e\u003ctr\u003e\u003ctd\u003e4\u003c/td\u003e\u003c/tr\u003e\u003ctr\u003e\u003ctd\u003e5\u003c/td\u003e\u003ctd rowspan=\"4\"\u003e\u003cspan class=\"MathJax_Preview\"\u003e\\leq 1000\u003c/span\u003e\u003cscript type=\"math/tex\"\u003e\\leq 1000\u003c/script\u003e\u003c/td\u003e\u003ctd\u003e\u003cspan class=\"MathJax_Preview\"\u003ec = 1, d = 0\u003c/span\u003e\u003cscript type=\"math/tex\"\u003ec = 1, d = 0\u003c/script\u003e\u003c/td\u003e\u003c/tr\u003e\u003ctr\u003e\u003ctd\u003e6\u003c/td\u003e\u003ctd rowspan=\"3\"\u003e保证有唯一解\u003c/td\u003e\u003c/tr\u003e\u003ctr\u003e\u003ctd\u003e7\u003c/td\u003e\u003c/tr\u003e\u003ctr\u003e\u003ctd\u003e8\u003c/td\u003e\u003c/tr\u003e\u003ctr\u003e\u003ctd\u003e9\u003c/td\u003e\u003ctd rowspan=\"6\"\u003e\u003cspan class=\"MathJax_Preview\"\u003e\\leq 1000\u003c/span\u003e\u003cscript type=\"math/tex\"\u003e\\leq 1000\u003c/script\u003e\u003c/td\u003e\u003ctd rowspan=\"3\"\u003e\u003cspan class=\"MathJax_Preview\"\u003e=1\u003c/span\u003e\u003cscript type=\"math/tex\"\u003e=1\u003c/script\u003e\u003c/td\u003e\u003ctd rowspan=\"3\"\u003e保证有唯一解\u003c/td\u003e\u003c/tr\u003e\u003ctr\u003e\u003ctd\u003e10\u003c/td\u003e\u003c/tr\u003e\u003ctr\u003e\u003ctd\u003e11\u003c/td\u003e\u003c/tr\u003e\u003ctr\u003e\u003ctd\u003e12\u003c/td\u003e\u003ctd rowspan=\"3\"\u003e\u003cspan class=\"MathJax_Preview\"\u003e\\leq 10\u003c/span\u003e\u003cscript type=\"math/tex\"\u003e\\leq 10\u003c/script\u003e\u003c/td\u003e\u003ctd\u003e\u003cspan class=\"MathJax_Preview\"\u003ec = d\u003c/span\u003e\u003cscript type=\"math/tex\"\u003ec = d\u003c/script\u003e\u003c/td\u003e\u003c/tr\u003e\u003ctr\u003e\u003ctd\u003e13\u003c/td\u003e\u003ctd rowspan=\"2\"\u003e保证有唯一解\u003c/td\u003e\u003c/tr\u003e\u003ctr\u003e\u003ctd\u003e14\u003c/td\u003e\u003c/tr\u003e\u003ctr\u003e\u003ctd\u003e15\u003c/td\u003e\u003ctd rowspan=\"6\"\u003e\u003cspan class=\"MathJax_Preview\"\u003e\\leq 10^5\u003c/span\u003e\u003cscript type=\"math/tex\"\u003e\\leq 10^5\u003c/script\u003e\u003c/td\u003e\u003ctd rowspan=\"6\"\u003e\u003cspan class=\"MathJax_Preview\"\u003e\\leq 3\u003c/span\u003e\u003cscript type=\"math/tex\"\u003e\\leq 3\u003c/script\u003e\u003c/td\u003e\u003ctd rowspan=\"2\"\u003e\u003cspan class=\"MathJax_Preview\"\u003ec = 1, d = 0\u003c/span\u003e\u003cscript type=\"math/tex\"\u003ec = 1, d = 0\u003c/script\u003e\u003c/td\u003e\u003c/tr\u003e\u003ctr\u003e\u003ctd\u003e16\u003c/td\u003e\u003c/tr\u003e\u003ctr\u003e\u003ctd\u003e17\u003c/td\u003e\u003ctd\u003e\u003cspan class=\"MathJax_Preview\"\u003ec = d\u003c/span\u003e\u003cscript type=\"math/tex\"\u003ec = d\u003c/script\u003e\u003c/td\u003e\u003c/tr\u003e\u003ctr\u003e\u003ctd\u003e18\u003c/td\u003e\u003ctd rowspan=\"3\"\u003e无\u003c/td\u003e\u003c/tr\u003e\u003ctr\u003e\u003ctd\u003e19\u003c/td\u003e\u003c/tr\u003e\u003ctr\u003e\u003ctd\u003e20\u003c/td\u003e\u003c/tr\u003e\u003c/tbody\u003e\u003c/table\u003e\u003c/div\u003e",
      "misc": ""
    },
    {
      "title": "后记",
      "content": "\u003cp\u003e还没听完题，大力水手就嘶吼着：“太难了我不会我不会！”，飞快地跑掉了。\u003c/p\u003e\u003cp\u003e禅师看着大力水手消失的背影，叹了口气说：“你们这些人啊，每天就想做些大水题，一碰到难题，跑得不知道比谁都快。”\u003c/p\u003e\u003cp\u003e后来大力水手把UOJ Round的C题题面贴在了汽车的后挡风玻璃上，人类从此掌握了光速旅行的正确方式。\u003c/p\u003e",
      "misc": ""
    },
    {
      "title": "下载",
      "content": "\u003cp\u003e\u003ca href=\"/download.php?type=problem\u0026amp;id=62\"\u003e样例数据下载\u003c/a\u003e\u003c/p\u003e",
      "misc": ""
    }
  ],
  "samples": [
    {
      "title": "样例一",
      "input": "\u003cpre\u003e3 1 0 2\n1 0 0\n1 2 3\n\n\u003c/pre\u003e",
      "output": "\u003cpre\u003e499122179 998244352 499122176\n998244352 1 1\n\n\u003c/pre\u003e",
      "explanation": "\u003cp\u003e对于第一个询问，要满足的等式为：\u003c/p\u003e\u003cp\u003e\u003cspan class=\"MathJax_Preview\"\u003e\\begin{eqnarray}\n\\begin{cases}\nx_1 + x_2 + x_3 \u0026amp; \\equiv \u0026amp; 1 \u0026amp; \\pmod{p}\\\\\nx_1 + 2x_2 + x_3 \u0026amp; \\equiv \u0026amp; 0 \u0026amp; \\pmod{p}\\\\\nx_1 + x_2 + 3x_3 \u0026amp; \\equiv \u0026amp; 0 \u0026amp; \\pmod{p}\n\\end{cases}\n\\end{eqnarray}\u003c/span\u003e\u003cscript type=\"math/tex; mode=display\"\u003e\\begin{eqnarray}\n\\begin{cases}\nx_1 + x_2 + x_3 \u0026 \\equiv \u0026 1 \u0026 \\pmod{p}\\\\\nx_1 + 2x_2 + x_3 \u0026 \\equiv \u0026 0 \u0026 \\pmod{p}\\\\\nx_1 + x_2 + 3x_3 \u0026 \\equiv \u0026 0 \u0026 \\pmod{p}\n\\end{cases}\n\\end{eqnarray}\u003c/script\u003e\u003c/p\u003e",
      "misc": ""
    },
    {
      "title": "样例二",
      "input": "",
      "output": "",
      "explanation": "",
      "misc": "\u003cp\u003e见样例数据下载。\u003c/p\u003e"
    }
  ],
  "tags": [
    "UOJ",
    "UR #5"
  ],
  "rules": {
    "runtime": "1000000000",
    "memory": "268435456",
    "stack": "268435456",
    "source": "51200"
  },
  "meta": {
    "created": "2021-04-09T21:30:29.358938324+08:00",
    "updated": "2021-04-09T21:30:29.358938324+08:00",
    "checked": "2021-04-09T21:30:29.358938324+08:00"
  },
  "misc": ""
}
