{
  "id": "70",
  "title": "新年的魔塔",
  "type": "answer_submission",
  "sections": [
    {
      "title": "",
      "content": "\u003cp\u003e甲午年即将过去，新的一年即将到来。此时此刻，不由得让人想起一些童年的回忆，比如说魔塔。\u003c/p\u003e\u003cp\u003e魔塔是一种固定数值RPG游戏。下面是一张游戏截图：\u003c/p\u003e\u003cp\u003e\u003cimg class=\"img-responsive center-block\" src=\"//img.uoj.ac/problem/70/mt-game.png\" alt=\"魔塔\"\u003e\u003c/p\u003e\u003cp\u003e这个游戏在一个 \u003cspan class=\"MathJax_Preview\" style=\"color: inherit;\"\u003e\u003cspan class=\"MJXp-math\" id=\"MJXp-Span-1\"\u003e\u003cspan class=\"MJXp-mi MJXp-italic\" id=\"MJXp-Span-2\"\u003en\u003c/span\u003e\u003cspan class=\"MJXp-mo\" id=\"MJXp-Span-3\" style=\"margin-left: 0.267em; margin-right: 0.267em;\"\u003e×\u003c/span\u003e\u003cspan class=\"MJXp-mi MJXp-italic\" id=\"MJXp-Span-4\"\u003em\u003c/span\u003e\u003c/span\u003e\u003c/span\u003e\u003cscript type=\"math/tex\" id=\"MathJax-Element-1\"\u003en \\times m\u003c/script\u003e 的棋盘上进行。行编号为 \u003cspan class=\"MathJax_Preview\" style=\"color: inherit;\"\u003e\u003cspan class=\"MJXp-math\" id=\"MJXp-Span-5\"\u003e\u003cspan class=\"MJXp-mn\" id=\"MJXp-Span-6\"\u003e1\u003c/span\u003e\u003cspan class=\"MJXp-mo\" id=\"MJXp-Span-7\" style=\"margin-left: 0em; margin-right: 0.222em;\"\u003e,\u003c/span\u003e\u003cspan class=\"MJXp-mo\" id=\"MJXp-Span-8\" style=\"margin-left: 0em; margin-right: 0em;\"\u003e…\u003c/span\u003e\u003cspan class=\"MJXp-mo\" id=\"MJXp-Span-9\" style=\"margin-left: 0em; margin-right: 0.222em;\"\u003e,\u003c/span\u003e\u003cspan class=\"MJXp-mi MJXp-italic\" id=\"MJXp-Span-10\"\u003en\u003c/span\u003e\u003c/span\u003e\u003c/span\u003e\u003cscript type=\"math/tex\" id=\"MathJax-Element-2\"\u003e1, \\dots, n\u003c/script\u003e，列编号为 \u003cspan class=\"MathJax_Preview\" style=\"color: inherit;\"\u003e\u003cspan class=\"MJXp-math\" id=\"MJXp-Span-11\"\u003e\u003cspan class=\"MJXp-mn\" id=\"MJXp-Span-12\"\u003e1\u003c/span\u003e\u003cspan class=\"MJXp-mo\" id=\"MJXp-Span-13\" style=\"margin-left: 0em; margin-right: 0.222em;\"\u003e,\u003c/span\u003e\u003cspan class=\"MJXp-mo\" id=\"MJXp-Span-14\" style=\"margin-left: 0em; margin-right: 0em;\"\u003e…\u003c/span\u003e\u003cspan class=\"MJXp-mo\" id=\"MJXp-Span-15\" style=\"margin-left: 0em; margin-right: 0.222em;\"\u003e,\u003c/span\u003e\u003cspan class=\"MJXp-mi MJXp-italic\" id=\"MJXp-Span-16\"\u003em\u003c/span\u003e\u003c/span\u003e\u003c/span\u003e\u003cscript type=\"math/tex\" id=\"MathJax-Element-3\"\u003e1, \\dots, m\u003c/script\u003e。\u003c/p\u003e\u003cp\u003e为了简单起见，我们假设这个魔塔只有一层。\u003c/p\u003e\u003cp\u003e我们用 \u003cspan class=\"MathJax_Preview\" style=\"color: inherit;\"\u003e\u003cspan class=\"MJXp-math\" id=\"MJXp-Span-17\"\u003e\u003cspan class=\"MJXp-mo\" id=\"MJXp-Span-18\" style=\"margin-left: 0em; margin-right: 0em;\"\u003e(\u003c/span\u003e\u003cspan class=\"MJXp-mi MJXp-italic\" id=\"MJXp-Span-19\"\u003ex\u003c/span\u003e\u003cspan class=\"MJXp-mo\" id=\"MJXp-Span-20\" style=\"margin-left: 0em; margin-right: 0.222em;\"\u003e,\u003c/span\u003e\u003cspan class=\"MJXp-mi MJXp-italic\" id=\"MJXp-Span-21\"\u003ey\u003c/span\u003e\u003cspan class=\"MJXp-mo\" id=\"MJXp-Span-22\" style=\"margin-left: 0em; margin-right: 0em;\"\u003e)\u003c/span\u003e\u003c/span\u003e\u003c/span\u003e\u003cscript type=\"math/tex\" id=\"MathJax-Element-4\"\u003e(x, y)\u003c/script\u003e 来表示第 \u003cspan class=\"MathJax_Preview\" style=\"color: inherit;\"\u003e\u003cspan class=\"MJXp-math\" id=\"MJXp-Span-23\"\u003e\u003cspan class=\"MJXp-mi MJXp-italic\" id=\"MJXp-Span-24\"\u003ex\u003c/span\u003e\u003c/span\u003e\u003c/span\u003e\u003cscript type=\"math/tex\" id=\"MathJax-Element-5\"\u003ex\u003c/script\u003e 行第 \u003cspan class=\"MathJax_Preview\" style=\"color: inherit;\"\u003e\u003cspan class=\"MJXp-math\" id=\"MJXp-Span-25\"\u003e\u003cspan class=\"MJXp-mi MJXp-italic\" id=\"MJXp-Span-26\"\u003ey\u003c/span\u003e\u003c/span\u003e\u003c/span\u003e\u003cscript type=\"math/tex\" id=\"MathJax-Element-6\"\u003ey\u003c/script\u003e 列的格子，\u003c/p\u003e\u003cp\u003e这个格子可能是空地或不可通行的墙壁，也可能有怪物，或者有宝物，或者是门。\u003c/p\u003e\u003cp\u003e玩家有以下几个属性：\u003c/p\u003e\u003cul\u003e\u003cli\u003e生命值 \u003cspan class=\"MathJax_Preview\" style=\"color: inherit;\"\u003e\u003cspan class=\"MJXp-math\" id=\"MJXp-Span-27\"\u003e\u003cspan class=\"MJXp-mrow\" id=\"MJXp-Span-28\"\u003e\u003cspan class=\"MJXp-mi\" id=\"MJXp-Span-29\"\u003eH\u003c/span\u003e\u003cspan class=\"MJXp-mi\" id=\"MJXp-Span-30\"\u003eP\u003c/span\u003e\u003c/span\u003e\u003c/span\u003e\u003c/span\u003e\u003cscript type=\"math/tex\" id=\"MathJax-Element-7\"\u003e\\mathrm{HP}\u003c/script\u003e，简称 “生命”。\u003c/li\u003e\n\u003cli\u003e攻击力 \u003cspan class=\"MathJax_Preview\" style=\"color: inherit;\"\u003e\u003cspan class=\"MJXp-math\" id=\"MJXp-Span-31\"\u003e\u003cspan class=\"MJXp-mrow\" id=\"MJXp-Span-32\"\u003e\u003cspan class=\"MJXp-mi\" id=\"MJXp-Span-33\"\u003eA\u003c/span\u003e\u003cspan class=\"MJXp-mi\" id=\"MJXp-Span-34\"\u003eT\u003c/span\u003e\u003cspan class=\"MJXp-mi\" id=\"MJXp-Span-35\"\u003eK\u003c/span\u003e\u003c/span\u003e\u003c/span\u003e\u003c/span\u003e\u003cscript type=\"math/tex\" id=\"MathJax-Element-8\"\u003e\\mathrm{ATK}\u003c/script\u003e，简称 “攻击”。\u003c/li\u003e\n\u003cli\u003e防御力 \u003cspan class=\"MathJax_Preview\" style=\"color: inherit;\"\u003e\u003cspan class=\"MJXp-math\" id=\"MJXp-Span-36\"\u003e\u003cspan class=\"MJXp-mrow\" id=\"MJXp-Span-37\"\u003e\u003cspan class=\"MJXp-mi\" id=\"MJXp-Span-38\"\u003eD\u003c/span\u003e\u003cspan class=\"MJXp-mi\" id=\"MJXp-Span-39\"\u003eE\u003c/span\u003e\u003cspan class=\"MJXp-mi\" id=\"MJXp-Span-40\"\u003eF\u003c/span\u003e\u003c/span\u003e\u003c/span\u003e\u003c/span\u003e\u003cscript type=\"math/tex\" id=\"MathJax-Element-9\"\u003e\\mathrm{DEF}\u003c/script\u003e，简称 “防御”。\u003c/li\u003e\n\u003cli\u003e魔法防御力 \u003cspan class=\"MathJax_Preview\" style=\"color: inherit;\"\u003e\u003cspan class=\"MJXp-math\" id=\"MJXp-Span-41\"\u003e\u003cspan class=\"MJXp-mrow\" id=\"MJXp-Span-42\"\u003e\u003cspan class=\"MJXp-mi\" id=\"MJXp-Span-43\"\u003eI\u003c/span\u003e\u003cspan class=\"MJXp-mi\" id=\"MJXp-Span-44\"\u003eN\u003c/span\u003e\u003cspan class=\"MJXp-mi\" id=\"MJXp-Span-45\"\u003eT\u003c/span\u003e\u003c/span\u003e\u003c/span\u003e\u003c/span\u003e\u003cscript type=\"math/tex\" id=\"MathJax-Element-10\"\u003e\\mathrm{INT}\u003c/script\u003e，简称 “魔防”。\u003c/li\u003e\n\u003c/ul\u003e\u003cp\u003e在任意时刻，玩家的属性都满足 \u003cspan class=\"MathJax_Preview\" style=\"color: inherit;\"\u003e\u003cspan class=\"MJXp-math\" id=\"MJXp-Span-46\"\u003e\u003cspan class=\"MJXp-mrow\" id=\"MJXp-Span-47\"\u003e\u003cspan class=\"MJXp-mi\" id=\"MJXp-Span-48\"\u003eH\u003c/span\u003e\u003cspan class=\"MJXp-mi\" id=\"MJXp-Span-49\"\u003eP\u003c/span\u003e\u003c/span\u003e\u003cspan class=\"MJXp-mo\" id=\"MJXp-Span-50\" style=\"margin-left: 0.333em; margin-right: 0.333em;\"\u003e\u0026gt;\u003c/span\u003e\u003cspan class=\"MJXp-mn\" id=\"MJXp-Span-51\"\u003e0\u003c/span\u003e\u003c/span\u003e\u003c/span\u003e\u003cscript type=\"math/tex\" id=\"MathJax-Element-11\"\u003e\\mathrm{HP} \u003e 0\u003c/script\u003e, \u003cspan class=\"MathJax_Preview\" style=\"color: inherit;\"\u003e\u003cspan class=\"MJXp-math\" id=\"MJXp-Span-52\"\u003e\u003cspan class=\"MJXp-mrow\" id=\"MJXp-Span-53\"\u003e\u003cspan class=\"MJXp-mi\" id=\"MJXp-Span-54\"\u003eA\u003c/span\u003e\u003cspan class=\"MJXp-mi\" id=\"MJXp-Span-55\"\u003eT\u003c/span\u003e\u003cspan class=\"MJXp-mi\" id=\"MJXp-Span-56\"\u003eK\u003c/span\u003e\u003c/span\u003e\u003cspan class=\"MJXp-mo\" id=\"MJXp-Span-57\" style=\"margin-left: 0.333em; margin-right: 0.333em;\"\u003e≥\u003c/span\u003e\u003cspan class=\"MJXp-mn\" id=\"MJXp-Span-58\"\u003e0\u003c/span\u003e\u003c/span\u003e\u003c/span\u003e\u003cscript type=\"math/tex\" id=\"MathJax-Element-12\"\u003e\\mathrm{ATK} \\ge 0\u003c/script\u003e, \u003cspan class=\"MathJax_Preview\" style=\"color: inherit;\"\u003e\u003cspan class=\"MJXp-math\" id=\"MJXp-Span-59\"\u003e\u003cspan class=\"MJXp-mrow\" id=\"MJXp-Span-60\"\u003e\u003cspan class=\"MJXp-mi\" id=\"MJXp-Span-61\"\u003eD\u003c/span\u003e\u003cspan class=\"MJXp-mi\" id=\"MJXp-Span-62\"\u003eE\u003c/span\u003e\u003cspan class=\"MJXp-mi\" id=\"MJXp-Span-63\"\u003eF\u003c/span\u003e\u003c/span\u003e\u003cspan class=\"MJXp-mo\" id=\"MJXp-Span-64\" style=\"margin-left: 0.333em; margin-right: 0.333em;\"\u003e≥\u003c/span\u003e\u003cspan class=\"MJXp-mn\" id=\"MJXp-Span-65\"\u003e0\u003c/span\u003e\u003c/span\u003e\u003c/span\u003e\u003cscript type=\"math/tex\" id=\"MathJax-Element-13\"\u003e\\mathrm{DEF} \\ge 0\u003c/script\u003e, \u003cspan class=\"MathJax_Preview\" style=\"color: inherit;\"\u003e\u003cspan class=\"MJXp-math\" id=\"MJXp-Span-66\"\u003e\u003cspan class=\"MJXp-mrow\" id=\"MJXp-Span-67\"\u003e\u003cspan class=\"MJXp-mi\" id=\"MJXp-Span-68\"\u003eI\u003c/span\u003e\u003cspan class=\"MJXp-mi\" id=\"MJXp-Span-69\"\u003eN\u003c/span\u003e\u003cspan class=\"MJXp-mi\" id=\"MJXp-Span-70\"\u003eT\u003c/span\u003e\u003c/span\u003e\u003cspan class=\"MJXp-mo\" id=\"MJXp-Span-71\" style=\"margin-left: 0.333em; margin-right: 0.333em;\"\u003e≥\u003c/span\u003e\u003cspan class=\"MJXp-mn\" id=\"MJXp-Span-72\"\u003e0\u003c/span\u003e\u003c/span\u003e\u003c/span\u003e\u003cscript type=\"math/tex\" id=\"MathJax-Element-14\"\u003e\\mathrm{INT} \\ge 0\u003c/script\u003e，且这些属性都是整数。\u003c/p\u003e\u003cp\u003e每一种怪物也有以下属性：\u003c/p\u003e\u003cul\u003e\u003cli\u003e生命值 \u003cspan class=\"MathJax_Preview\" style=\"color: inherit;\"\u003e\u003cspan class=\"MJXp-math\" id=\"MJXp-Span-73\"\u003e\u003cspan class=\"MJXp-mrow\" id=\"MJXp-Span-74\"\u003e\u003cspan class=\"MJXp-mi\" id=\"MJXp-Span-75\"\u003eH\u003c/span\u003e\u003cspan class=\"MJXp-mi\" id=\"MJXp-Span-76\"\u003eP\u003c/span\u003e\u003c/span\u003e\u003c/span\u003e\u003c/span\u003e\u003cscript type=\"math/tex\" id=\"MathJax-Element-15\"\u003e\\mathrm{HP}\u003c/script\u003e\u003c/li\u003e\n\u003cli\u003e攻击力 \u003cspan class=\"MathJax_Preview\" style=\"color: inherit;\"\u003e\u003cspan class=\"MJXp-math\" id=\"MJXp-Span-77\"\u003e\u003cspan class=\"MJXp-mrow\" id=\"MJXp-Span-78\"\u003e\u003cspan class=\"MJXp-mi\" id=\"MJXp-Span-79\"\u003eA\u003c/span\u003e\u003cspan class=\"MJXp-mi\" id=\"MJXp-Span-80\"\u003eT\u003c/span\u003e\u003cspan class=\"MJXp-mi\" id=\"MJXp-Span-81\"\u003eK\u003c/span\u003e\u003c/span\u003e\u003c/span\u003e\u003c/span\u003e\u003cscript type=\"math/tex\" id=\"MathJax-Element-16\"\u003e\\mathrm{ATK}\u003c/script\u003e\u003c/li\u003e\n\u003cli\u003e防御力 \u003cspan class=\"MathJax_Preview\" style=\"color: inherit;\"\u003e\u003cspan class=\"MJXp-math\" id=\"MJXp-Span-82\"\u003e\u003cspan class=\"MJXp-mrow\" id=\"MJXp-Span-83\"\u003e\u003cspan class=\"MJXp-mi\" id=\"MJXp-Span-84\"\u003eD\u003c/span\u003e\u003cspan class=\"MJXp-mi\" id=\"MJXp-Span-85\"\u003eE\u003c/span\u003e\u003cspan class=\"MJXp-mi\" id=\"MJXp-Span-86\"\u003eF\u003c/span\u003e\u003c/span\u003e\u003c/span\u003e\u003c/span\u003e\u003cscript type=\"math/tex\" id=\"MathJax-Element-17\"\u003e\\mathrm{DEF}\u003c/script\u003e\u003c/li\u003e\n\u003c/ul\u003e\u003cp\u003e这些属性也都是整数且 \u003cspan class=\"MathJax_Preview\" style=\"color: inherit;\"\u003e\u003cspan class=\"MJXp-math\" id=\"MJXp-Span-87\"\u003e\u003cspan class=\"MJXp-mrow\" id=\"MJXp-Span-88\"\u003e\u003cspan class=\"MJXp-mi\" id=\"MJXp-Span-89\"\u003eH\u003c/span\u003e\u003cspan class=\"MJXp-mi\" id=\"MJXp-Span-90\"\u003eP\u003c/span\u003e\u003c/span\u003e\u003cspan class=\"MJXp-mo\" id=\"MJXp-Span-91\" style=\"margin-left: 0.333em; margin-right: 0.333em;\"\u003e\u0026gt;\u003c/span\u003e\u003cspan class=\"MJXp-mn\" id=\"MJXp-Span-92\"\u003e0\u003c/span\u003e\u003c/span\u003e\u003c/span\u003e\u003cscript type=\"math/tex\" id=\"MathJax-Element-18\"\u003e\\mathrm{HP} \u003e 0\u003c/script\u003e, \u003cspan class=\"MathJax_Preview\" style=\"color: inherit;\"\u003e\u003cspan class=\"MJXp-math\" id=\"MJXp-Span-93\"\u003e\u003cspan class=\"MJXp-mrow\" id=\"MJXp-Span-94\"\u003e\u003cspan class=\"MJXp-mi\" id=\"MJXp-Span-95\"\u003eA\u003c/span\u003e\u003cspan class=\"MJXp-mi\" id=\"MJXp-Span-96\"\u003eT\u003c/span\u003e\u003cspan class=\"MJXp-mi\" id=\"MJXp-Span-97\"\u003eK\u003c/span\u003e\u003c/span\u003e\u003cspan class=\"MJXp-mo\" id=\"MJXp-Span-98\" style=\"margin-left: 0.333em; margin-right: 0.333em;\"\u003e≥\u003c/span\u003e\u003cspan class=\"MJXp-mn\" id=\"MJXp-Span-99\"\u003e0\u003c/span\u003e\u003c/span\u003e\u003c/span\u003e\u003cscript type=\"math/tex\" id=\"MathJax-Element-19\"\u003e\\mathrm{ATK} \\ge 0\u003c/script\u003e, \u003cspan class=\"MathJax_Preview\" style=\"color: inherit;\"\u003e\u003cspan class=\"MJXp-math\" id=\"MJXp-Span-100\"\u003e\u003cspan class=\"MJXp-mrow\" id=\"MJXp-Span-101\"\u003e\u003cspan class=\"MJXp-mi\" id=\"MJXp-Span-102\"\u003eD\u003c/span\u003e\u003cspan class=\"MJXp-mi\" id=\"MJXp-Span-103\"\u003eE\u003c/span\u003e\u003cspan class=\"MJXp-mi\" id=\"MJXp-Span-104\"\u003eF\u003c/span\u003e\u003c/span\u003e\u003cspan class=\"MJXp-mo\" id=\"MJXp-Span-105\" style=\"margin-left: 0.333em; margin-right: 0.333em;\"\u003e≥\u003c/span\u003e\u003cspan class=\"MJXp-mn\" id=\"MJXp-Span-106\"\u003e0\u003c/span\u003e\u003c/span\u003e\u003c/span\u003e\u003cscript type=\"math/tex\" id=\"MathJax-Element-20\"\u003e\\mathrm{DEF} \\ge 0\u003c/script\u003e。\u003c/p\u003e\u003cp\u003e玩家与一只怪物战斗时，首先玩家的 \u003cspan class=\"MathJax_Preview\" style=\"color: inherit;\"\u003e\u003cspan class=\"MJXp-math\" id=\"MJXp-Span-107\"\u003e\u003cspan class=\"MJXp-mrow\" id=\"MJXp-Span-108\"\u003e\u003cspan class=\"MJXp-mi\" id=\"MJXp-Span-109\"\u003eH\u003c/span\u003e\u003cspan class=\"MJXp-mi\" id=\"MJXp-Span-110\"\u003eP\u003c/span\u003e\u003c/span\u003e\u003c/span\u003e\u003c/span\u003e\u003cscript type=\"math/tex\" id=\"MathJax-Element-21\"\u003e\\mathrm{HP}\u003c/script\u003e 会加上玩家的魔防的值，然后玩家作为攻击方，怪物作为防御方。\u003c/p\u003e\u003cp\u003e攻击方的生命值记为 \u003cspan class=\"MathJax_Preview\" style=\"color: inherit;\"\u003e\u003cspan class=\"MJXp-math\" id=\"MJXp-Span-111\"\u003e\u003cspan class=\"MJXp-msubsup\" id=\"MJXp-Span-112\"\u003e\u003cspan class=\"MJXp-mrow\" id=\"MJXp-Span-113\" style=\"margin-right: 0.05em;\"\u003e\u003cspan class=\"MJXp-mi\" id=\"MJXp-Span-114\"\u003eH\u003c/span\u003e\u003cspan class=\"MJXp-mi\" id=\"MJXp-Span-115\"\u003eP\u003c/span\u003e\u003c/span\u003e\u003cspan class=\"MJXp-mn MJXp-script\" id=\"MJXp-Span-116\" style=\"vertical-align: -0.4em;\"\u003e0\u003c/span\u003e\u003c/span\u003e\u003c/span\u003e\u003c/span\u003e\u003cscript type=\"math/tex\" id=\"MathJax-Element-22\"\u003e\\mathrm{HP}_0\u003c/script\u003e，攻击力记为 \u003cspan class=\"MathJax_Preview\" style=\"color: inherit;\"\u003e\u003cspan class=\"MJXp-math\" id=\"MJXp-Span-117\"\u003e\u003cspan class=\"MJXp-msubsup\" id=\"MJXp-Span-118\"\u003e\u003cspan class=\"MJXp-mrow\" id=\"MJXp-Span-119\" style=\"margin-right: 0.05em;\"\u003e\u003cspan class=\"MJXp-mi\" id=\"MJXp-Span-120\"\u003eA\u003c/span\u003e\u003cspan class=\"MJXp-mi\" id=\"MJXp-Span-121\"\u003eT\u003c/span\u003e\u003cspan class=\"MJXp-mi\" id=\"MJXp-Span-122\"\u003eK\u003c/span\u003e\u003c/span\u003e\u003cspan class=\"MJXp-mn MJXp-script\" id=\"MJXp-Span-123\" style=\"vertical-align: -0.4em;\"\u003e0\u003c/span\u003e\u003c/span\u003e\u003c/span\u003e\u003c/span\u003e\u003cscript type=\"math/tex\" id=\"MathJax-Element-23\"\u003e\\mathrm{ATK}_0\u003c/script\u003e，防御力记为 \u003cspan class=\"MathJax_Preview\" style=\"color: inherit;\"\u003e\u003cspan class=\"MJXp-math\" id=\"MJXp-Span-124\"\u003e\u003cspan class=\"MJXp-msubsup\" id=\"MJXp-Span-125\"\u003e\u003cspan class=\"MJXp-mrow\" id=\"MJXp-Span-126\" style=\"margin-right: 0.05em;\"\u003e\u003cspan class=\"MJXp-mi\" id=\"MJXp-Span-127\"\u003eD\u003c/span\u003e\u003cspan class=\"MJXp-mi\" id=\"MJXp-Span-128\"\u003eE\u003c/span\u003e\u003cspan class=\"MJXp-mi\" id=\"MJXp-Span-129\"\u003eF\u003c/span\u003e\u003c/span\u003e\u003cspan class=\"MJXp-mn MJXp-script\" id=\"MJXp-Span-130\" style=\"vertical-align: -0.4em;\"\u003e0\u003c/span\u003e\u003c/span\u003e\u003c/span\u003e\u003c/span\u003e\u003cscript type=\"math/tex\" id=\"MathJax-Element-24\"\u003e\\mathrm{DEF}_0\u003c/script\u003e，\u003c/p\u003e\u003cp\u003e防御方的生命值记为 \u003cspan class=\"MathJax_Preview\" style=\"color: inherit;\"\u003e\u003cspan class=\"MJXp-math\" id=\"MJXp-Span-131\"\u003e\u003cspan class=\"MJXp-msubsup\" id=\"MJXp-Span-132\"\u003e\u003cspan class=\"MJXp-mrow\" id=\"MJXp-Span-133\" style=\"margin-right: 0.05em;\"\u003e\u003cspan class=\"MJXp-mi\" id=\"MJXp-Span-134\"\u003eH\u003c/span\u003e\u003cspan class=\"MJXp-mi\" id=\"MJXp-Span-135\"\u003eP\u003c/span\u003e\u003c/span\u003e\u003cspan class=\"MJXp-mn MJXp-script\" id=\"MJXp-Span-136\" style=\"vertical-align: -0.4em;\"\u003e1\u003c/span\u003e\u003c/span\u003e\u003c/span\u003e\u003c/span\u003e\u003cscript type=\"math/tex\" id=\"MathJax-Element-25\"\u003e\\mathrm{HP}_1\u003c/script\u003e，攻击力记为 \u003cspan class=\"MathJax_Preview\" style=\"color: inherit;\"\u003e\u003cspan class=\"MJXp-math\" id=\"MJXp-Span-137\"\u003e\u003cspan class=\"MJXp-msubsup\" id=\"MJXp-Span-138\"\u003e\u003cspan class=\"MJXp-mrow\" id=\"MJXp-Span-139\" style=\"margin-right: 0.05em;\"\u003e\u003cspan class=\"MJXp-mi\" id=\"MJXp-Span-140\"\u003eA\u003c/span\u003e\u003cspan class=\"MJXp-mi\" id=\"MJXp-Span-141\"\u003eT\u003c/span\u003e\u003cspan class=\"MJXp-mi\" id=\"MJXp-Span-142\"\u003eK\u003c/span\u003e\u003c/span\u003e\u003cspan class=\"MJXp-mn MJXp-script\" id=\"MJXp-Span-143\" style=\"vertical-align: -0.4em;\"\u003e1\u003c/span\u003e\u003c/span\u003e\u003c/span\u003e\u003c/span\u003e\u003cscript type=\"math/tex\" id=\"MathJax-Element-26\"\u003e\\mathrm{ATK}_1\u003c/script\u003e，防御力记为 \u003cspan class=\"MathJax_Preview\" style=\"color: inherit;\"\u003e\u003cspan class=\"MJXp-math\" id=\"MJXp-Span-144\"\u003e\u003cspan class=\"MJXp-msubsup\" id=\"MJXp-Span-145\"\u003e\u003cspan class=\"MJXp-mrow\" id=\"MJXp-Span-146\" style=\"margin-right: 0.05em;\"\u003e\u003cspan class=\"MJXp-mi\" id=\"MJXp-Span-147\"\u003eD\u003c/span\u003e\u003cspan class=\"MJXp-mi\" id=\"MJXp-Span-148\"\u003eE\u003c/span\u003e\u003cspan class=\"MJXp-mi\" id=\"MJXp-Span-149\"\u003eF\u003c/span\u003e\u003c/span\u003e\u003cspan class=\"MJXp-mn MJXp-script\" id=\"MJXp-Span-150\" style=\"vertical-align: -0.4em;\"\u003e1\u003c/span\u003e\u003c/span\u003e\u003c/span\u003e\u003c/span\u003e\u003cscript type=\"math/tex\" id=\"MathJax-Element-27\"\u003e\\mathrm{DEF}_1\u003c/script\u003e。\u003c/p\u003e\u003cpre class=\"sh_sourceCode\"\u003e\u003ccode class=\"sh_cpp\"\u003e\u003cspan class=\"sh_keyword\"\u003ewhile\u003c/span\u003e \u003cspan class=\"sh_symbol\"\u003e(\u003c/span\u003e\u003cspan class=\"sh_keyword\"\u003etrue\u003c/span\u003e\u003cspan class=\"sh_symbol\"\u003e)\u003c/span\u003e\n\u003cspan class=\"sh_cbracket\"\u003e{\u003c/span\u003e\n    damage \u003cspan class=\"sh_symbol\"\u003e=\u003c/span\u003e \u003cspan class=\"sh_function\"\u003emax\u003c/span\u003e\u003cspan class=\"sh_symbol\"\u003e(\u003c/span\u003e\u003cspan class=\"sh_number\"\u003e0\u003c/span\u003e\u003cspan class=\"sh_symbol\"\u003e,\u003c/span\u003e ATK_0 \u003cspan class=\"sh_symbol\"\u003e-\u003c/span\u003e DEF_1\u003cspan class=\"sh_symbol\"\u003e)\u003c/span\u003e\n    HP_1 \u003cspan class=\"sh_symbol\"\u003e=\u003c/span\u003e HP_1 \u003cspan class=\"sh_symbol\"\u003e-\u003c/span\u003e damage\n    \u003cspan class=\"sh_keyword\"\u003eif\u003c/span\u003e \u003cspan class=\"sh_symbol\"\u003e(\u003c/span\u003eHP_1 \u003cspan class=\"sh_symbol\"\u003e\u0026lt;=\u003c/span\u003e \u003cspan class=\"sh_number\"\u003e0\u003c/span\u003e\u003cspan class=\"sh_symbol\"\u003e)\u003c/span\u003e\n        \u003cspan class=\"sh_keyword\"\u003ebreak\u003c/span\u003e\n    \u003cspan class=\"sh_keyword\"\u003eelse\u003c/span\u003e\n        交换攻击方和防御方\n\u003cspan class=\"sh_cbracket\"\u003e}\u003c/span\u003e\u003c/code\u003e\u003c/pre\u003e\u003cp\u003e这段伪代码的意思是，每个回合防御方受到“攻击方攻击力”减“防御方防御力”的伤害（小于等于 \u003cspan class=\"MathJax_Preview\" style=\"color: inherit;\"\u003e\u003cspan class=\"MJXp-math\" id=\"MJXp-Span-151\"\u003e\u003cspan class=\"MJXp-mn\" id=\"MJXp-Span-152\"\u003e0\u003c/span\u003e\u003c/span\u003e\u003c/span\u003e\u003cscript type=\"math/tex\" id=\"MathJax-Element-28\"\u003e0\u003c/script\u003e 则不会受到伤害），然后如果双方 \u003cspan class=\"MathJax_Preview\" style=\"color: inherit;\"\u003e\u003cspan class=\"MJXp-math\" id=\"MJXp-Span-153\"\u003e\u003cspan class=\"MJXp-mrow\" id=\"MJXp-Span-154\"\u003e\u003cspan class=\"MJXp-mi\" id=\"MJXp-Span-155\"\u003eH\u003c/span\u003e\u003cspan class=\"MJXp-mi\" id=\"MJXp-Span-156\"\u003eP\u003c/span\u003e\u003c/span\u003e\u003c/span\u003e\u003c/span\u003e\u003cscript type=\"math/tex\" id=\"MathJax-Element-29\"\u003e\\mathrm{HP}\u003c/script\u003e 都大于 \u003cspan class=\"MathJax_Preview\" style=\"color: inherit;\"\u003e\u003cspan class=\"MJXp-math\" id=\"MJXp-Span-157\"\u003e\u003cspan class=\"MJXp-mn\" id=\"MJXp-Span-158\"\u003e0\u003c/span\u003e\u003c/span\u003e\u003c/span\u003e\u003cscript type=\"math/tex\" id=\"MathJax-Element-30\"\u003e0\u003c/script\u003e 则交换攻击方和防御方，否则战斗结束。\u003c/p\u003e\u003cp\u003e这时如果玩家的 \u003cspan class=\"MathJax_Preview\" style=\"color: inherit;\"\u003e\u003cspan class=\"MJXp-math\" id=\"MJXp-Span-159\"\u003e\u003cspan class=\"MJXp-mrow\" id=\"MJXp-Span-160\"\u003e\u003cspan class=\"MJXp-mi\" id=\"MJXp-Span-161\"\u003eH\u003c/span\u003e\u003cspan class=\"MJXp-mi\" id=\"MJXp-Span-162\"\u003eP\u003c/span\u003e\u003c/span\u003e\u003cspan class=\"MJXp-mo\" id=\"MJXp-Span-163\" style=\"margin-left: 0.333em; margin-right: 0.333em;\"\u003e≤\u003c/span\u003e\u003cspan class=\"MJXp-mn\" id=\"MJXp-Span-164\"\u003e0\u003c/span\u003e\u003c/span\u003e\u003c/span\u003e\u003cscript type=\"math/tex\" id=\"MathJax-Element-31\"\u003e\\mathrm{HP} \\le 0\u003c/script\u003e，则游戏结束。否则玩家的 \u003cspan class=\"MathJax_Preview\" style=\"color: inherit;\"\u003e\u003cspan class=\"MJXp-math\" id=\"MJXp-Span-165\"\u003e\u003cspan class=\"MJXp-mrow\" id=\"MJXp-Span-166\"\u003e\u003cspan class=\"MJXp-mi\" id=\"MJXp-Span-167\"\u003eH\u003c/span\u003e\u003cspan class=\"MJXp-mi\" id=\"MJXp-Span-168\"\u003eP\u003c/span\u003e\u003c/span\u003e\u003cspan class=\"MJXp-mo\" id=\"MJXp-Span-169\" style=\"margin-left: 0.333em; margin-right: 0.333em;\"\u003e=\u003c/span\u003e\u003cspan class=\"MJXp-mo\" id=\"MJXp-Span-170\"\u003emin\u003c/span\u003e\u003c/span\u003e\u003c/span\u003e\u003cscript type=\"math/tex\"\u003e\\mathrm{HP} = \\min(\\mathrm{HP}, \\text{战斗开始前玩家的 HP})\u003c/script\u003e。\u003c/p\u003e\u003cp\u003e有些怪物还有一个或两个特殊属性值 \u003cspan class=\"MathJax_Preview\"\u003ep, q\u003c/span\u003e\u003cscript type=\"math/tex\"\u003ep, q\u003c/script\u003e：\u003c/p\u003e\u003cdiv class=\"table-responsive\"\u003e\n\u003ctable class=\"table table-bordered table-text-center table-vertical-middle\"\u003e\u003cthead\u003e\u003ctr\u003e\u003cth\u003e\u003cspan class=\"MathJax_Preview\"\u003ep\u003c/span\u003e\u003cscript type=\"math/tex\"\u003ep\u003c/script\u003e 或 \u003cspan class=\"MathJax_Preview\"\u003eq\u003c/span\u003e\u003cscript type=\"math/tex\"\u003eq\u003c/script\u003e 的值\u003c/th\u003e\n\u003cth\u003e属性名称\u003c/th\u003e\n\u003cth\u003e属性效果\u003c/th\u003e\n\u003c/tr\u003e\u003c/thead\u003e\u003ctbody\u003e\u003ctr\u003e\u003ctd\u003e\u003cspan class=\"MathJax_Preview\"\u003e0\u003c/span\u003e\u003cscript type=\"math/tex\"\u003e0\u003c/script\u003e\u003c/td\u003e\u003ctd\u003e普通\u003c/td\u003e\u003ctd\u003e无\u003c/td\u003e\u003c/tr\u003e\u003ctr\u003e\u003ctd\u003e\u003cspan class=\"MathJax_Preview\"\u003e8\u003c/span\u003e\u003cscript type=\"math/tex\"\u003e8\u003c/script\u003e\u003c/td\u003e\u003ctd\u003e坚固\u003c/td\u003e\u003ctd\u003e玩家每回合对怪物造成最多 \u003cspan class=\"MathJax_Preview\"\u003e1\\mathrm{HP}\u003c/span\u003e\u003cscript type=\"math/tex\"\u003e1\\mathrm{HP}\u003c/script\u003e 的伤害（即每回合在原本对怪的伤害和 \u003cspan class=\"MathJax_Preview\"\u003e1\u003c/span\u003e\u003cscript type=\"math/tex\"\u003e1\u003c/script\u003e 之间取最小值作为伤害）\u003c/td\u003e\u003c/tr\u003e\u003ctr\u003e\u003ctd\u003e\u003cspan class=\"MathJax_Preview\"\u003e16\u003c/span\u003e\u003cscript type=\"math/tex\"\u003e16\u003c/script\u003e\u003c/td\u003e\u003ctd\u003e先攻\u003c/td\u003e\u003ctd\u003e第一个回合前，怪物先对玩家攻击一次\u003c/td\u003e\u003c/tr\u003e\u003ctr\u003e\u003ctd\u003e\u003cspan class=\"MathJax_Preview\"\u003e64\u003c/span\u003e\u003cscript type=\"math/tex\"\u003e64\u003c/script\u003e\u003c/td\u003e\u003ctd\u003e魔攻\u003c/td\u003e\u003ctd\u003e怪物的攻击无视玩家的防御（即把玩家的 \u003cspan class=\"MathJax_Preview\"\u003e\\mathrm{DEF}\u003c/span\u003e\u003cscript type=\"math/tex\"\u003e\\mathrm{DEF}\u003c/script\u003e 视为 \u003cspan class=\"MathJax_Preview\"\u003e0\u003c/span\u003e\u003cscript type=\"math/tex\"\u003e0\u003c/script\u003e）\u003c/td\u003e\u003c/tr\u003e\u003ctr\u003e\u003ctd\u003e\u003cspan class=\"MathJax_Preview\"\u003e-x\u003c/span\u003e\u003cscript type=\"math/tex\"\u003e-x\u003c/script\u003e\u003c/td\u003e\u003ctd\u003e连击\u003c/td\u003e\u003ctd\u003e怪物每回合攻击 \u003cspan class=\"MathJax_Preview\"\u003ex\u003c/span\u003e\u003cscript type=\"math/tex\"\u003ex\u003c/script\u003e 次 （\u003cspan class=\"MathJax_Preview\"\u003ex\u0026gt;1\u003c/span\u003e\u003cscript type=\"math/tex\"\u003ex\u003e1\u003c/script\u003e）\u003c/td\u003e\u003c/tr\u003e\u003c/tbody\u003e\u003c/table\u003e\u003c/div\u003e\u003cp\u003e保证 \u003cspan class=\"MathJax_Preview\"\u003ep\u003c/span\u003e\u003cscript type=\"math/tex\"\u003ep\u003c/script\u003e 和 \u003cspan class=\"MathJax_Preview\"\u003eq\u003c/span\u003e\u003cscript type=\"math/tex\"\u003eq\u003c/script\u003e 都不等于 \u003cspan class=\"MathJax_Preview\"\u003e0\u003c/span\u003e\u003cscript type=\"math/tex\"\u003e0\u003c/script\u003e 时，\u003cspan class=\"MathJax_Preview\"\u003ep\u003c/span\u003e\u003cscript type=\"math/tex\"\u003ep\u003c/script\u003e, \u003cspan class=\"MathJax_Preview\"\u003eq\u003c/span\u003e\u003cscript type=\"math/tex\"\u003eq\u003c/script\u003e 表示不同的属性，且不会有一种怪物同时有连击和先攻的属性。\u003c/p\u003e\u003cp\u003e宝物分为以下几种：\u003c/p\u003e\u003cul\u003e\u003cli\u003e血瓶：增加一定生命值\u003c/li\u003e\n\u003cli\u003e红宝石：增加一定攻击力\u003c/li\u003e\n\u003cli\u003e蓝宝石：增加一定防御力\u003c/li\u003e\n\u003cli\u003e绿宝石：增加一定魔防\u003c/li\u003e\n\u003cli\u003e钥匙：可以用来开门，开一扇门消耗一把钥匙，其中黄钥匙能开黄门，蓝钥匙能开蓝门，红钥匙能开红门。\u003c/li\u003e\n\u003c/ul\u003e\u003cp\u003e玩家从某个位置开始游戏，每次移动只能走到相邻（有公共边）且不是墙壁的格子上。\u003c/p\u003e\u003cul\u003e\u003cli\u003e如果这个格子上有怪物，则玩家与这只怪物战斗。\u003c/li\u003e\n\u003cli\u003e如果这个格子上有宝物，则玩家获得这个宝物。\u003c/li\u003e\n\u003cli\u003e如果这个格子是门，则玩家使用相应的钥匙开门。\u003c/li\u003e\n\u003c/ul\u003e\u003cp\u003e以上事件结束后，该格子变为空地。\u003c/p\u003e\u003cp\u003e给定玩家的初始状态（位置，\u003cspan class=\"MathJax_Preview\"\u003e\\mathrm{HP}\u003c/span\u003e\u003cscript type=\"math/tex\"\u003e\\mathrm{HP}\u003c/script\u003e，\u003cspan class=\"MathJax_Preview\"\u003e\\mathrm{ATK}\u003c/span\u003e\u003cscript type=\"math/tex\"\u003e\\mathrm{ATK}\u003c/script\u003e，\u003cspan class=\"MathJax_Preview\"\u003e\\mathrm{DEF}\u003c/span\u003e\u003cscript type=\"math/tex\"\u003e\\mathrm{DEF}\u003c/script\u003e，\u003cspan class=\"MathJax_Preview\"\u003e\\mathrm{INT}\u003c/span\u003e\u003cscript type=\"math/tex\"\u003e\\mathrm{INT}\u003c/script\u003e，各种钥匙的数量）和目标状态，要求给出一种玩法，使玩家能达到目标状态的位置且各项属性和钥匙的数量都\u003cstrong\u003e不小于\u003c/strong\u003e目标状态的属性和钥匙的数量。在这个条件下，玩家的 \u003cspan class=\"MathJax_Preview\"\u003e\\mathrm{HP}\u003c/span\u003e\u003cscript type=\"math/tex\"\u003e\\mathrm{HP}\u003c/script\u003e 越大越好。\u003c/p\u003e",
      "misc": ""
    },
    {
      "title": "输入格式",
      "content": "\u003cp\u003e该题为提交答案型试题，所有输入数据 tower1.in ~ tower10.in 见数据下载。\u003c/p\u003e\u003cp\u003e第一行两个正整数 \u003cspan class=\"MathJax_Preview\"\u003en, m\u003c/span\u003e\u003cscript type=\"math/tex\"\u003en, m\u003c/script\u003e。\u003c/p\u003e\u003cp\u003e接下来四行分别是每种血瓶、红宝石、蓝宝石、绿宝石增加的属性值，\u003c/p\u003e\u003cp\u003e每行第一个非负整数 \u003cspan class=\"MathJax_Preview\"\u003ek\u003c/span\u003e\u003cscript type=\"math/tex\"\u003ek\u003c/script\u003e 表示这种宝物的种类数，接下来 \u003cspan class=\"MathJax_Preview\"\u003ek\u003c/span\u003e\u003cscript type=\"math/tex\"\u003ek\u003c/script\u003e 个整数，第 \u003cspan class=\"MathJax_Preview\"\u003ei\u003c/span\u003e\u003cscript type=\"math/tex\"\u003ei\u003c/script\u003e 个整数表示第 \u003cspan class=\"MathJax_Preview\"\u003ei\u003c/span\u003e\u003cscript type=\"math/tex\"\u003ei\u003c/script\u003e 种这样的宝物增加的属性值。\u003c/p\u003e\u003cp\u003e接下来一行一个正整数 \u003cspan class=\"MathJax_Preview\"\u003em_c\u003c/span\u003e\u003cscript type=\"math/tex\"\u003em_c\u003c/script\u003e，表示一共有 \u003cspan class=\"MathJax_Preview\"\u003em_c\u003c/span\u003e\u003cscript type=\"math/tex\"\u003em_c\u003c/script\u003e 种怪物。\u003c/p\u003e\u003cp\u003e接下来 \u003cspan class=\"MathJax_Preview\"\u003em_c\u003c/span\u003e\u003cscript type=\"math/tex\"\u003em_c\u003c/script\u003e 行，每行五个整数 \u003cspan class=\"MathJax_Preview\"\u003eH_i\u003c/span\u003e\u003cscript type=\"math/tex\"\u003eH_i\u003c/script\u003e, \u003cspan class=\"MathJax_Preview\"\u003eA_i\u003c/span\u003e\u003cscript type=\"math/tex\"\u003eA_i\u003c/script\u003e, \u003cspan class=\"MathJax_Preview\"\u003eD_i\u003c/span\u003e\u003cscript type=\"math/tex\"\u003eD_i\u003c/script\u003e, \u003cspan class=\"MathJax_Preview\"\u003ep_i\u003c/span\u003e\u003cscript type=\"math/tex\"\u003ep_i\u003c/script\u003e, \u003cspan class=\"MathJax_Preview\"\u003eq_i\u003c/span\u003e\u003cscript type=\"math/tex\"\u003eq_i\u003c/script\u003e，分别表示第 \u003cspan class=\"MathJax_Preview\"\u003ei\u003c/span\u003e\u003cscript type=\"math/tex\"\u003ei\u003c/script\u003e 种怪物的 \u003cspan class=\"MathJax_Preview\"\u003e\\mathrm{HP}\u003c/span\u003e\u003cscript type=\"math/tex\"\u003e\\mathrm{HP}\u003c/script\u003e, \u003cspan class=\"MathJax_Preview\"\u003e\\mathrm{ATK}\u003c/span\u003e\u003cscript type=\"math/tex\"\u003e\\mathrm{ATK}\u003c/script\u003e, \u003cspan class=\"MathJax_Preview\"\u003e\\mathrm{DEF}\u003c/span\u003e\u003cscript type=\"math/tex\"\u003e\\mathrm{DEF}\u003c/script\u003e, \u003cspan class=\"MathJax_Preview\"\u003ep\u003c/span\u003e\u003cscript type=\"math/tex\"\u003ep\u003c/script\u003e, \u003cspan class=\"MathJax_Preview\"\u003eq\u003c/span\u003e\u003cscript type=\"math/tex\"\u003eq\u003c/script\u003e。\u003c/p\u003e\u003cp\u003e接下来 \u003cspan class=\"MathJax_Preview\"\u003en\u003c/span\u003e\u003cscript type=\"math/tex\"\u003en\u003c/script\u003e 行，每行 \u003cspan class=\"MathJax_Preview\"\u003em\u003c/span\u003e\u003cscript type=\"math/tex\"\u003em\u003c/script\u003e 个整数，第 \u003cspan class=\"MathJax_Preview\"\u003ei\u003c/span\u003e\u003cscript type=\"math/tex\"\u003ei\u003c/script\u003e 行第 \u003cspan class=\"MathJax_Preview\"\u003ej\u003c/span\u003e\u003cscript type=\"math/tex\"\u003ej\u003c/script\u003e 列的数表示 \u003cspan class=\"MathJax_Preview\"\u003e(i, j)\u003c/span\u003e\u003cscript type=\"math/tex\"\u003e(i, j)\u003c/script\u003e 这个格子，设这个数为 \u003cspan class=\"MathJax_Preview\"\u003ev\u003c/span\u003e\u003cscript type=\"math/tex\"\u003ev\u003c/script\u003e：\u003c/p\u003e\u003cul\u003e\u003cli\u003e如果 \u003cspan class=\"MathJax_Preview\"\u003ev = 0\u003c/span\u003e\u003cscript type=\"math/tex\"\u003ev = 0\u003c/script\u003e，则 \u003cspan class=\"MathJax_Preview\"\u003e(i, j)\u003c/span\u003e\u003cscript type=\"math/tex\"\u003e(i, j)\u003c/script\u003e 是一块空地。\u003c/li\u003e\n\u003cli\u003e如果 \u003cspan class=\"MathJax_Preview\"\u003ev = 1\u003c/span\u003e\u003cscript type=\"math/tex\"\u003ev = 1\u003c/script\u003e，则 \u003cspan class=\"MathJax_Preview\"\u003e(i, j)\u003c/span\u003e\u003cscript type=\"math/tex\"\u003e(i, j)\u003c/script\u003e 是一堵墙壁。\u003c/li\u003e\n\u003cli\u003e如果 \u003cspan class=\"MathJax_Preview\"\u003e11 \\le v \\le 13\u003c/span\u003e\u003cscript type=\"math/tex\"\u003e11 \\le v \\le 13\u003c/script\u003e，则 \u003cspan class=\"MathJax_Preview\"\u003e(i, j)\u003c/span\u003e\u003cscript type=\"math/tex\"\u003e(i, j)\u003c/script\u003e 上有一把钥匙，其中 \u003cspan class=\"MathJax_Preview\"\u003ev = 11\u003c/span\u003e\u003cscript type=\"math/tex\"\u003ev = 11\u003c/script\u003e 为黄钥匙，\u003cspan class=\"MathJax_Preview\"\u003ev = 12\u003c/span\u003e\u003cscript type=\"math/tex\"\u003ev = 12\u003c/script\u003e 为蓝钥匙，\u003cspan class=\"MathJax_Preview\"\u003ev = 13\u003c/span\u003e\u003cscript type=\"math/tex\"\u003ev = 13\u003c/script\u003e 为红钥匙。\u003c/li\u003e\n\u003cli\u003e如果 \u003cspan class=\"MathJax_Preview\"\u003e21 \\le v \\le 23\u003c/span\u003e\u003cscript type=\"math/tex\"\u003e21 \\le v \\le 23\u003c/script\u003e，则 \u003cspan class=\"MathJax_Preview\"\u003e(i, j)\u003c/span\u003e\u003cscript type=\"math/tex\"\u003e(i, j)\u003c/script\u003e 是一扇门，其中 \u003cspan class=\"MathJax_Preview\"\u003ev = 21\u003c/span\u003e\u003cscript type=\"math/tex\"\u003ev = 21\u003c/script\u003e 为黄门，\u003cspan class=\"MathJax_Preview\"\u003ev = 22\u003c/span\u003e\u003cscript type=\"math/tex\"\u003ev = 22\u003c/script\u003e 为蓝门，\u003cspan class=\"MathJax_Preview\"\u003ev = 23\u003c/span\u003e\u003cscript type=\"math/tex\"\u003ev = 23\u003c/script\u003e 为红门。\u003c/li\u003e\n\u003cli\u003e如果 \u003cspan class=\"MathJax_Preview\"\u003e100 \u0026lt; v \u0026lt; 200\u003c/span\u003e\u003cscript type=\"math/tex\"\u003e100 \u003c v \u003c 200\u003c/script\u003e，则 \u003cspan class=\"MathJax_Preview\"\u003e(i, j)\u003c/span\u003e\u003cscript type=\"math/tex\"\u003e(i, j)\u003c/script\u003e 上有一个第 \u003cspan class=\"MathJax_Preview\"\u003ev - 100\u003c/span\u003e\u003cscript type=\"math/tex\"\u003ev - 100\u003c/script\u003e 种的血瓶。\u003c/li\u003e\n\u003cli\u003e如果 \u003cspan class=\"MathJax_Preview\"\u003e200 \u0026lt; v \u0026lt; 300\u003c/span\u003e\u003cscript type=\"math/tex\"\u003e200 \u003c v \u003c 300\u003c/script\u003e，则 \u003cspan class=\"MathJax_Preview\"\u003e(i, j)\u003c/span\u003e\u003cscript type=\"math/tex\"\u003e(i, j)\u003c/script\u003e 上有一个第 \u003cspan class=\"MathJax_Preview\"\u003ev - 200\u003c/span\u003e\u003cscript type=\"math/tex\"\u003ev - 200\u003c/script\u003e 种的红宝石。\u003c/li\u003e\n\u003cli\u003e如果 \u003cspan class=\"MathJax_Preview\"\u003e300 \u0026lt; v \u0026lt; 400\u003c/span\u003e\u003cscript type=\"math/tex\"\u003e300 \u003c v \u003c 400\u003c/script\u003e，则 \u003cspan class=\"MathJax_Preview\"\u003e(i, j)\u003c/span\u003e\u003cscript type=\"math/tex\"\u003e(i, j)\u003c/script\u003e 上有一个第 \u003cspan class=\"MathJax_Preview\"\u003ev - 300\u003c/span\u003e\u003cscript type=\"math/tex\"\u003ev - 300\u003c/script\u003e 种的蓝宝石。\u003c/li\u003e\n\u003cli\u003e如果 \u003cspan class=\"MathJax_Preview\"\u003e400 \u0026lt; v \u0026lt; 500\u003c/span\u003e\u003cscript type=\"math/tex\"\u003e400 \u003c v \u003c 500\u003c/script\u003e，则 \u003cspan class=\"MathJax_Preview\"\u003e(i, j)\u003c/span\u003e\u003cscript type=\"math/tex\"\u003e(i, j)\u003c/script\u003e 上有一个第 \u003cspan class=\"MathJax_Preview\"\u003ev - 400\u003c/span\u003e\u003cscript type=\"math/tex\"\u003ev - 400\u003c/script\u003e 种的绿宝石。\u003c/li\u003e\n\u003cli\u003e如果 \u003cspan class=\"MathJax_Preview\"\u003e500 \u0026lt; v\u003c/span\u003e\u003cscript type=\"math/tex\"\u003e500 \u003c v\u003c/script\u003e，则 \u003cspan class=\"MathJax_Preview\"\u003e(i, j)\u003c/span\u003e\u003cscript type=\"math/tex\"\u003e(i, j)\u003c/script\u003e 上有一只第 \u003cspan class=\"MathJax_Preview\"\u003ev - 500\u003c/span\u003e\u003cscript type=\"math/tex\"\u003ev - 500\u003c/script\u003e 种的怪物。\u003c/li\u003e\n\u003c/ul\u003e\u003cp\u003e接下来一行九个整数 \u003cspan class=\"MathJax_Preview\"\u003ex, y, \\mathrm{HP}, \\mathrm{ATK}, \\mathrm{DEF}, \\mathrm{INT}, \\mathrm{key}_1, \\mathrm{key}_2, \\mathrm{key}_3\u003c/span\u003e\u003cscript type=\"math/tex\"\u003ex, y, \\mathrm{HP}, \\mathrm{ATK}, \\mathrm{DEF}, \\mathrm{INT}, \\mathrm{key}_1, \\mathrm{key}_2, \\mathrm{key}_3\u003c/script\u003e，表示初始状态的位置、各项属性和各种钥匙的个数。\u003c/p\u003e\u003cp\u003e接下来一行九个整数 \u003cspan class=\"MathJax_Preview\"\u003ex, y, \\mathrm{HP}, \\mathrm{ATK}, \\mathrm{DEF}, \\mathrm{INT}, \\mathrm{key}_1, \\mathrm{key}_2, \\mathrm{key}_3\u003c/span\u003e\u003cscript type=\"math/tex\"\u003ex, y, \\mathrm{HP}, \\mathrm{ATK}, \\mathrm{DEF}, \\mathrm{INT}, \\mathrm{key}_1, \\mathrm{key}_2, \\mathrm{key}_3\u003c/script\u003e，表示目标状态的位置、各项属性和各种钥匙的个数。\u003c/p\u003e\u003cp\u003e不保证输入中的所有宝物和怪物都会在地图中出现，但是保证地图上至少有一只怪物。\u003c/p\u003e\u003cp\u003e\u003cstrong\u003e请注意比赛中途提交上去后，对于每个测试点如果有分就会显示该测试点满分，比赛完后会进行重测给出真实的分数，请特别注意！\u003c/strong\u003e\u003c/p\u003e",
      "misc": ""
    },
    {
      "title": "输出格式",
      "content": "\u003cp\u003e针对给定的 10 个输入文件 tower1.in ~ tower10.in，你需要分别提交你的输出文件 tower1.out ~ tower10.out。\u003c/p\u003e\u003cp\u003e第一行一个整数 \u003cspan class=\"MathJax_Preview\"\u003eq\u003c/span\u003e\u003cscript type=\"math/tex\"\u003eq\u003c/script\u003e，表示你的玩法中操作的次数。\u003cspan class=\"MathJax_Preview\"\u003eq\u003c/span\u003e\u003cscript type=\"math/tex\"\u003eq\u003c/script\u003e 要满足 \u003cspan class=\"MathJax_Preview\"\u003e0 \\le q \\le 10^6\u003c/span\u003e\u003cscript type=\"math/tex\"\u003e0 \\le q \\le 10^6\u003c/script\u003e。\u003c/p\u003e\u003cp\u003e接下来 \u003cspan class=\"MathJax_Preview\"\u003eq\u003c/span\u003e\u003cscript type=\"math/tex\"\u003eq\u003c/script\u003e 行，每行两个整数 \u003cspan class=\"MathJax_Preview\"\u003ex, y\u003c/span\u003e\u003cscript type=\"math/tex\"\u003ex, y\u003c/script\u003e，表示这次操作你走到了 \u003cspan class=\"MathJax_Preview\"\u003e(x, y)\u003c/span\u003e\u003cscript type=\"math/tex\"\u003e(x, y)\u003c/script\u003e 位置，如果 \u003cspan class=\"MathJax_Preview\"\u003e(x, y)\u003c/span\u003e\u003cscript type=\"math/tex\"\u003e(x, y)\u003c/script\u003e 位置不是空地则会触发相应的事件。你需要保证从上次的位置能只经过空地格子走到 \u003cspan class=\"MathJax_Preview\"\u003e(x, y)\u003c/span\u003e\u003cscript type=\"math/tex\"\u003e(x, y)\u003c/script\u003e。\u003c/p\u003e\u003cp\u003e如果最后不在目标状态的位置，玩家的人物会自动走到目标状态的位置。同样，如果不是空地则会触发事件，你需要保证从上次的位置能只经过空地格子走到目标状态位置。\u003c/p\u003e\u003cp\u003e\u003cstrong\u003e请注意比赛中途提交上去后，对于每个测试点如果有分就会显示该测试点满分，比赛完后会进行重测给出真实的分数，请特别注意！（很重要所以说两遍）\u003c/strong\u003e\u003c/p\u003e",
      "misc": ""
    },
    {
      "title": "评分方式",
      "content": "\u003cp\u003e对每组数据，我们设置了 \u003cspan class=\"MathJax_Preview\"\u003e3\u003c/span\u003e\u003cscript type=\"math/tex\"\u003e3\u003c/script\u003e 个参数 \u003cspan class=\"MathJax_Preview\"\u003eH_{10}\u003c/span\u003e\u003cscript type=\"math/tex\"\u003eH_{10}\u003c/script\u003e, \u003cspan class=\"MathJax_Preview\"\u003eH_7\u003c/span\u003e\u003cscript type=\"math/tex\"\u003eH_7\u003c/script\u003e, \u003cspan class=\"MathJax_Preview\"\u003eH_5\u003c/span\u003e\u003cscript type=\"math/tex\"\u003eH_5\u003c/script\u003e。\u003c/p\u003e\u003cp\u003e如果你的输出不合法（如走到不能走到的格子上，或 \u003cspan class=\"MathJax_Preview\"\u003e\\mathrm{HP} \\le 0\u003c/span\u003e\u003cscript type=\"math/tex\"\u003e\\mathrm{HP} \\le 0\u003c/script\u003e 即玩家死亡）或没有打败任何一只怪物，得 \u003cspan class=\"MathJax_Preview\"\u003e0\u003c/span\u003e\u003cscript type=\"math/tex\"\u003e0\u003c/script\u003e 分。\u003c/p\u003e\u003cp\u003e如果最后玩家的人物在自动走到目标状态的位置的过程中出错，比如根本无法到达目标位置，被怪打死等，或者未能达到目标状态的其它参数要求，而其余部分均合法则得 \u003cspan class=\"MathJax_Preview\"\u003e1\u003c/span\u003e\u003cscript type=\"math/tex\"\u003e1\u003c/script\u003e 分。\u003c/p\u003e\u003cp\u003e否则，设你最后 \u003cspan class=\"MathJax_Preview\"\u003e\\mathrm{HP}\u003c/span\u003e\u003cscript type=\"math/tex\"\u003e\\mathrm{HP}\u003c/script\u003e 值为\u003cspan class=\"MathJax_Preview\"\u003eH_u\u003c/span\u003e\u003cscript type=\"math/tex\"\u003eH_u\u003c/script\u003e：\u003c/p\u003e\u003cul\u003e\u003cli\u003e若 \u003cspan class=\"MathJax_Preview\"\u003eH_u \\ge H_{10}\u003c/span\u003e\u003cscript type=\"math/tex\"\u003eH_u \\ge H_{10}\u003c/script\u003e，得 \u003cspan class=\"MathJax_Preview\"\u003e10\u003c/span\u003e\u003cscript type=\"math/tex\"\u003e10\u003c/script\u003e 分，\u003c/li\u003e\n\u003cli\u003e若 \u003cspan class=\"MathJax_Preview\"\u003eH_{10} \u0026gt; H_u \\ge H_7\u003c/span\u003e\u003cscript type=\"math/tex\"\u003eH_{10} \u003e H_u \\ge H_7\u003c/script\u003e，得 \u003cspan class=\"MathJax_Preview\"\u003e7\u003c/span\u003e\u003cscript type=\"math/tex\"\u003e7\u003c/script\u003e 分，\u003c/li\u003e\n\u003cli\u003e若 \u003cspan class=\"MathJax_Preview\"\u003eH_7 \u0026gt; H_u \\ge H_5\u003c/span\u003e\u003cscript type=\"math/tex\"\u003eH_7 \u003e H_u \\ge H_5\u003c/script\u003e，得 \u003cspan class=\"MathJax_Preview\"\u003e5\u003c/span\u003e\u003cscript type=\"math/tex\"\u003e5\u003c/script\u003e 分，\u003c/li\u003e\n\u003cli\u003e若 \u003cspan class=\"MathJax_Preview\"\u003eH_5 \u0026gt; H_u\u003c/span\u003e\u003cscript type=\"math/tex\"\u003eH_5 \u003e H_u\u003c/script\u003e，得 \u003cspan class=\"MathJax_Preview\"\u003e3\u003c/span\u003e\u003cscript type=\"math/tex\"\u003e3\u003c/script\u003e 分。\u003c/li\u003e\n\u003c/ul\u003e\u003cp\u003e\u003cstrong\u003e请注意比赛中途提交上去后，对于每个测试点如果有分就会显示该测试点满分，比赛完后会进行重测给出真实的分数，请特别注意！（很重要所以说三遍）\u003c/strong\u003e\u003c/p\u003e",
      "misc": ""
    },
    {
      "title": "如何测试你的输出",
      "content": "\u003cp\u003e在终端中先切换到该试题的目录下：（windows用户请使用cmd）（假设你把输入输出文件、checker什么的都放在了tower这个文件夹下）\u003c/p\u003e\u003cp\u003e\u003ccode\u003ecd tower\u003c/code\u003e\u003c/p\u003e\u003cp\u003e我们提供checker这个工具来测试你的输出文件是否是可接受的。使用这个工具的方法是，在终端中运行\u003c/p\u003e\u003cp\u003e\u003ccode\u003e./checker_linux64 \u0026lt;case_no\u0026gt;\u003c/code\u003e\u003c/p\u003e\u003cp\u003e其中\u003ccode\u003ecase_no\u003c/code\u003e是测试数据的编号。例如\u003c/p\u003e\u003cp\u003e\u003ccode\u003e./checker_linux64 3\u003c/code\u003e\u003c/p\u003e\u003cp\u003e将测试tower3.out是否可以接受。（windows用户请使用\u003ccode\u003echecker_win32 3\u003c/code\u003e）（什么你是windows 64位？放心吧可以运行win32应用程序的。）\u003c/p\u003e\u003cp\u003e当然我们有对应的linux 32位版本：\u003ccode\u003echecker_linux32\u003c/code\u003e。如果linux用户发现无法运行程序，请尝试执行\u003ccode\u003echmod +x checker_linux64\u003c/code\u003e或\u003ccode\u003echmod +x checker_linux32\u003c/code\u003e后重试。\u003c/p\u003e\u003cp\u003e其它操作系统请安装 \u003ca href=\"//nodejs.org/\"\u003enode.js\u003c/a\u003e 然后使用 \u003ccode\u003enode checker.js \u0026lt;case_no\u0026gt;\u003c/code\u003e 运行checker。\u003c/p\u003e\u003cp\u003e在你调用这个程序后，checker将根据你给出的输出文件给出测试的结果。\u003c/p\u003e\u003ch4\u003ewindows小白特别篇\u003c/h4\u003e\u003cp\u003e首先你要下载数据和checker并解压，放在某个文件夹下。比如 D:\\wahaha\\tower。\u003c/p\u003e\u003cp\u003e然后你需要打开 cmd。如果是XP，点击开始，运行，然后打 cmd 三个字，然后确定，cmd 就出来了。如果是其它的 windows，实在找不到就用windows的搜索功能找，还找不到就上网搜一下“cmd在哪里”。\u003c/p\u003e\u003cp\u003e好，打开了之后默认位置应该在 C 盘，如果你下载的数据和checker放在了C盘那不要紧，如果放在了D盘请在cmd中输入\u003c/p\u003e\u003cp\u003e\u003ccode\u003eD:\u003c/code\u003e\u003c/p\u003e\u003cp\u003e然后回车，来切换所在盘。\u003c/p\u003e\u003cp\u003e然后再 \u003ccode\u003ecd D:\\wahaha\\tower\u003c/code\u003e 来切换所在目录。\u003c/p\u003e\u003cp\u003e接下来的事情就如前所述了。\u003c/p\u003e\u003cp\u003e听说有人用记事本打开输入文件后发现是一堆乱码？由于linux下换行符跟windows下不同，请使用其它编辑器，比如GUIDE、Dev-C++、写字板、vim、Emacs等打开。\u003c/p\u003e\u003ch4\u003elinux小白特别篇\u003c/h4\u003e\u003cp\u003e感觉应该没有不会用终端的linux选手。\u003c/p\u003e\u003cp\u003elinux的文件分为可读，可写，可执行三种，下载下来的文件一般并不是可执行的，这就是为什么之前我们要 \u003ccode\u003echmod +x checker_linux64\u003c/code\u003e，这是赋予这个文件可执行的权限。请注意这只是赋予可执行权限而不是执行这个文件，不要搞错意思了。\u003c/p\u003e\u003cp\u003e然后就可以开心地玩耍啦！\u003c/p\u003e\u003ch4\u003e我还是不会用！\u003c/h4\u003e\u003cp\u003e参见 FAQ 里我们的联系方式。\u003c/p\u003e\u003cp\u003e\u003cstrong\u003e请注意比赛中途提交上去后，对于每个测试点如果有分就会显示该测试点满分，比赛完后会进行重测给出真实的分数，请特别注意！（我写了四遍，如果你还看不见我就给你跪了）\u003c/strong\u003e\u003c/p\u003e",
      "misc": ""
    },
    {
      "title": "来源",
      "content": "\u003cp\u003eUOJ Goodbye Jiawu\u003c/p\u003e",
      "misc": ""
    },
    {
      "title": "下载",
      "content": "\u003cp\u003e\u003ca href=\"/download.php?type=problem\u0026amp;id=70\"\u003e输入数据及checker下载\u003c/a\u003e\u003c/p\u003e",
      "misc": ""
    }
  ],
  "samples": [
    {
      "title": "样例一",
      "input": "\u003cpre\u003e4 5\n0\n1 2\n1 2\n0\n3\n50 20 0 0 0\n60 22 1 0 0\n70 25 1 0 0\n0 0 0 0 0\n1 1 503 1 1\n301 501 0 502 201\n1 1 0 1 1\n4 3 200 10 10 0 0 0 0\n1 3 1 12 12 0 0 0 0\n\n\u003c/pre\u003e",
      "output": "\u003cpre\u003e5\n3 2\n3 1\n3 4\n3 5\n2 3\n\n\u003c/pre\u003e",
      "explanation": "\u003cp\u003e这个样例玩家的玩法如下：\u003c/p\u003e\u003cp\u003e一开始的属性为 \u003cspan class=\"MathJax_Preview\"\u003e\\mathrm{HP} = 200\u003c/span\u003e\u003cscript type=\"math/tex\"\u003e\\mathrm{HP} = 200\u003c/script\u003e，\u003cspan class=\"MathJax_Preview\"\u003e\\mathrm{ATK} = 10\u003c/span\u003e\u003cscript type=\"math/tex\"\u003e\\mathrm{ATK} = 10\u003c/script\u003e，\u003cspan class=\"MathJax_Preview\"\u003e\\mathrm{DEF} = 10\u003c/span\u003e\u003cscript type=\"math/tex\"\u003e\\mathrm{DEF} = 10\u003c/script\u003e。\u003c/p\u003e\u003cp\u003e走到 \u003cspan class=\"MathJax_Preview\"\u003e(3, 2)\u003c/span\u003e\u003cscript type=\"math/tex\"\u003e(3, 2)\u003c/script\u003e，杀死一只第一种类型的怪物，状态变为 \u003cspan class=\"MathJax_Preview\"\u003e\\mathrm{HP} = 160\u003c/span\u003e\u003cscript type=\"math/tex\"\u003e\\mathrm{HP} = 160\u003c/script\u003e，\u003cspan class=\"MathJax_Preview\"\u003e\\mathrm{ATK} = 10\u003c/span\u003e\u003cscript type=\"math/tex\"\u003e\\mathrm{ATK} = 10\u003c/script\u003e，\u003cspan class=\"MathJax_Preview\"\u003e\\mathrm{DEF} = 10\u003c/span\u003e\u003cscript type=\"math/tex\"\u003e\\mathrm{DEF} = 10\u003c/script\u003e。\u003c/p\u003e\u003cp\u003e走到 \u003cspan class=\"MathJax_Preview\"\u003e(3, 1)\u003c/span\u003e\u003cscript type=\"math/tex\"\u003e(3, 1)\u003c/script\u003e，得到一个蓝宝石，状态变为 \u003cspan class=\"MathJax_Preview\"\u003e\\mathrm{HP} = 160\u003c/span\u003e\u003cscript type=\"math/tex\"\u003e\\mathrm{HP} = 160\u003c/script\u003e，\u003cspan class=\"MathJax_Preview\"\u003e\\mathrm{ATK} = 10\u003c/span\u003e\u003cscript type=\"math/tex\"\u003e\\mathrm{ATK} = 10\u003c/script\u003e，\u003cspan class=\"MathJax_Preview\"\u003e\\mathrm{DEF} = 12\u003c/span\u003e\u003cscript type=\"math/tex\"\u003e\\mathrm{DEF} = 12\u003c/script\u003e。\u003c/p\u003e\u003cp\u003e走到 \u003cspan class=\"MathJax_Preview\"\u003e(3, 4)\u003c/span\u003e\u003cscript type=\"math/tex\"\u003e(3, 4)\u003c/script\u003e，杀死一只第二种类型的怪物，状态变为 \u003cspan class=\"MathJax_Preview\"\u003e\\mathrm{HP} = 100\u003c/span\u003e\u003cscript type=\"math/tex\"\u003e\\mathrm{HP} = 100\u003c/script\u003e，\u003cspan class=\"MathJax_Preview\"\u003e\\mathrm{ATK} = 10\u003c/span\u003e\u003cscript type=\"math/tex\"\u003e\\mathrm{ATK} = 10\u003c/script\u003e，\u003cspan class=\"MathJax_Preview\"\u003e\\mathrm{DEF} = 12\u003c/span\u003e\u003cscript type=\"math/tex\"\u003e\\mathrm{DEF} = 12\u003c/script\u003e。\u003c/p\u003e\u003cp\u003e走到 \u003cspan class=\"MathJax_Preview\"\u003e(3, 5)\u003c/span\u003e\u003cscript type=\"math/tex\"\u003e(3, 5)\u003c/script\u003e，得到一个红宝石，状态变为 \u003cspan class=\"MathJax_Preview\"\u003e\\mathrm{HP} = 160\u003c/span\u003e\u003cscript type=\"math/tex\"\u003e\\mathrm{HP} = 160\u003c/script\u003e，\u003cspan class=\"MathJax_Preview\"\u003e\\mathrm{ATK} = 12\u003c/span\u003e\u003cscript type=\"math/tex\"\u003e\\mathrm{ATK} = 12\u003c/script\u003e，\u003cspan class=\"MathJax_Preview\"\u003e\\mathrm{DEF} = 12\u003c/span\u003e\u003cscript type=\"math/tex\"\u003e\\mathrm{DEF} = 12\u003c/script\u003e。\u003c/p\u003e\u003cp\u003e走到 \u003cspan class=\"MathJax_Preview\"\u003e(2, 3)\u003c/span\u003e\u003cscript type=\"math/tex\"\u003e(2, 3)\u003c/script\u003e，杀死一只第三种类型的怪物，状态变为 \u003cspan class=\"MathJax_Preview\"\u003e\\mathrm{HP} = 22\u003c/span\u003e\u003cscript type=\"math/tex\"\u003e\\mathrm{HP} = 22\u003c/script\u003e，\u003cspan class=\"MathJax_Preview\"\u003e\\mathrm{ATK} = 12\u003c/span\u003e\u003cscript type=\"math/tex\"\u003e\\mathrm{ATK} = 12\u003c/script\u003e，\u003cspan class=\"MathJax_Preview\"\u003e\\mathrm{DEF} = 12\u003c/span\u003e\u003cscript type=\"math/tex\"\u003e\\mathrm{DEF} = 12\u003c/script\u003e。\u003c/p\u003e\u003cp\u003e最后走到 \u003cspan class=\"MathJax_Preview\"\u003e(1, 3)\u003c/span\u003e\u003cscript type=\"math/tex\"\u003e(1, 3)\u003c/script\u003e，达到目标状态，最终的 \u003cspan class=\"MathJax_Preview\"\u003e\\mathrm{HP}\u003c/span\u003e\u003cscript type=\"math/tex\"\u003e\\mathrm{HP}\u003c/script\u003e 值为 \u003cspan class=\"MathJax_Preview\"\u003e22\u003c/span\u003e\u003cscript type=\"math/tex\"\u003e22\u003c/script\u003e。\u003c/p\u003e",
      "misc": ""
    }
  ],
  "tags": [
    "UOJ"
  ],
  "rules": {
    "runtime": "0",
    "memory": "0",
    "stack": "0",
    "source": "51200"
  },
  "meta": {
    "created": "2021-04-09T21:30:42.765555937+08:00",
    "updated": "2021-04-09T21:30:42.765555937+08:00",
    "checked": "2021-04-09T21:30:42.765555937+08:00"
  },
  "misc": ""
}
