{
  "id": "109",
  "title": "TASKSAUTHOR",
  "type": "answer_submission",
  "sections": [
    {
      "title": "",
      "content": "\u003cp\u003e当今世界上各类程序设计竞赛层出不穷。而设计一场好比赛绝非易事，比如给题目设计测试数据就是一项挑战。一组好的测试数据需要对不同的程序有区分度：满足所有要求的程序自然应该得到满分，而那些貌似正确的程序则会在某些特殊数据上出错。\u003c/p\u003e\u003cp\u003e在本题中，你在比赛中的角色反转啦！作为一名久经百战的程序员，你将帮助 Happy Programmer Contest 的命题委员会设计这次比赛的测试数据。本次比赛命题委员会选择了两个图论问题，分为 \u003cspan class=\"MathJax_Preview\" style=\"color: inherit;\"\u003e\u003cspan class=\"MJXp-math\" id=\"MJXp-Span-1\"\u003e\u003cspan class=\"MJXp-mn\" id=\"MJXp-Span-2\"\u003e8\u003c/span\u003e\u003c/span\u003e\u003c/span\u003e\u003cscript type=\"math/tex\" id=\"MathJax-Element-1\"\u003e8\u003c/script\u003e 个子任务。委员会写了一些貌似可以解决这些子任务的代码。在给任务设计数据的时候，命题委员会期望其中的一些源程序能够得到满分，而另外的一些则只能得到 \u003cspan class=\"MathJax_Preview\" style=\"color: inherit;\"\u003e\u003cspan class=\"MJXp-math\" id=\"MJXp-Span-3\"\u003e\u003cspan class=\"MJXp-mn\" id=\"MJXp-Span-4\"\u003e0\u003c/span\u003e\u003c/span\u003e\u003c/span\u003e\u003cscript type=\"math/tex\" id=\"MathJax-Element-2\"\u003e0\u003c/script\u003e 分或者少许的部分分。现在你将会获得这些源程序（C, C++, Pascal 版本）。对于每个子任务，你需要去产生一组数据 \u003cspan class=\"MathJax_Preview\" style=\"color: inherit;\"\u003e\u003cspan class=\"MJXp-math\" id=\"MJXp-Span-5\"\u003e\u003cspan class=\"MJXp-mi MJXp-italic\" id=\"MJXp-Span-6\"\u003eX\u003c/span\u003e\u003c/span\u003e\u003c/span\u003e\u003cscript type=\"math/tex\" id=\"MathJax-Element-3\"\u003eX\u003c/script\u003e 使得它能将该任务给定的 \u003cspan class=\"MathJax_Preview\" style=\"color: inherit;\"\u003e\u003cspan class=\"MJXp-math\" id=\"MJXp-Span-7\"\u003e\u003cspan class=\"MJXp-mn\" id=\"MJXp-Span-8\"\u003e2\u003c/span\u003e\u003c/span\u003e\u003c/span\u003e\u003cscript type=\"math/tex\" id=\"MathJax-Element-4\"\u003e2\u003c/script\u003e 种源程序 \u003cspan class=\"MathJax_Preview\" style=\"color: inherit;\"\u003e\u003cspan class=\"MJXp-math\" id=\"MJXp-Span-9\"\u003e\u003cspan class=\"MJXp-mi MJXp-italic\" id=\"MJXp-Span-10\"\u003eA\u003c/span\u003e\u003c/span\u003e\u003c/span\u003e\u003cscript type=\"math/tex\" id=\"MathJax-Element-5\"\u003eA\u003c/script\u003e 和 \u003cspan class=\"MathJax_Preview\" style=\"color: inherit;\"\u003e\u003cspan class=\"MJXp-math\" id=\"MJXp-Span-11\"\u003e\u003cspan class=\"MJXp-mi MJXp-italic\" id=\"MJXp-Span-12\"\u003eB\u003c/span\u003e\u003c/span\u003e\u003c/span\u003e\u003cscript type=\"math/tex\" id=\"MathJax-Element-6\"\u003eB\u003c/script\u003e 区分开来。更具体地说，生成的数据必须满足如下两个条件:\u003c/p\u003e\u003col\u003e\u003cli\u003e输入 \u003cspan class=\"MathJax_Preview\" style=\"color: inherit;\"\u003e\u003cspan class=\"MJXp-math\" id=\"MJXp-Span-13\"\u003e\u003cspan class=\"MJXp-mi MJXp-italic\" id=\"MJXp-Span-14\"\u003eX\u003c/span\u003e\u003c/span\u003e\u003c/span\u003e\u003cscript type=\"math/tex\" id=\"MathJax-Element-7\"\u003eX\u003c/script\u003e 对于源程序 \u003cspan class=\"MathJax_Preview\" style=\"color: inherit;\"\u003e\u003cspan class=\"MJXp-math\" id=\"MJXp-Span-15\"\u003e\u003cspan class=\"MJXp-mi MJXp-italic\" id=\"MJXp-Span-16\"\u003eA\u003c/span\u003e\u003c/span\u003e\u003c/span\u003e\u003cscript type=\"math/tex\" id=\"MathJax-Element-8\"\u003eA\u003c/script\u003e 一定不会出现超出时间限制（TLE）的问题。\u003c/li\u003e\n\u003cli\u003e输入 \u003cspan class=\"MathJax_Preview\" style=\"color: inherit;\"\u003e\u003cspan class=\"MJXp-math\" id=\"MJXp-Span-17\"\u003e\u003cspan class=\"MJXp-mi MJXp-italic\" id=\"MJXp-Span-18\"\u003eX\u003c/span\u003e\u003c/span\u003e\u003c/span\u003e\u003cscript type=\"math/tex\" id=\"MathJax-Element-9\"\u003eX\u003c/script\u003e 一定会导致源程序 \u003cspan class=\"MathJax_Preview\" style=\"color: inherit;\"\u003e\u003cspan class=\"MJXp-math\" id=\"MJXp-Span-19\"\u003e\u003cspan class=\"MJXp-mi MJXp-italic\" id=\"MJXp-Span-20\"\u003eB\u003c/span\u003e\u003c/span\u003e\u003c/span\u003e\u003cscript type=\"math/tex\" id=\"MathJax-Element-10\"\u003eB\u003c/script\u003e 产生超出时间限制的问题。\u003c/li\u003e\n\u003c/ol\u003e\u003cp\u003e此外,命题委员喜欢较小规模的测试数据，希望测试数据最好能够包含不超过 \u003cspan class=\"MathJax_Preview\" style=\"color: inherit;\"\u003e\u003cspan class=\"MJXp-math\" id=\"MJXp-Span-21\"\u003e\u003cspan class=\"MJXp-mi MJXp-italic\" id=\"MJXp-Span-22\"\u003eT\u003c/span\u003e\u003c/span\u003e\u003c/span\u003e\u003cscript type=\"math/tex\" id=\"MathJax-Element-11\"\u003eT\u003c/script\u003e 个整数。\u003c/p\u003e\u003cp\u003e本题中只关心源程序 \u003cspan class=\"MathJax_Preview\" style=\"color: inherit;\"\u003e\u003cspan class=\"MJXp-math\" id=\"MJXp-Span-23\"\u003e\u003cspan class=\"MJXp-mi MJXp-italic\" id=\"MJXp-Span-24\"\u003eA\u003c/span\u003e\u003c/span\u003e\u003c/span\u003e\u003cscript type=\"math/tex\" id=\"MathJax-Element-12\"\u003eA\u003c/script\u003e 和 \u003cspan class=\"MathJax_Preview\" style=\"color: inherit;\"\u003e\u003cspan class=\"MJXp-math\" id=\"MJXp-Span-25\"\u003e\u003cspan class=\"MJXp-mi MJXp-italic\" id=\"MJXp-Span-26\"\u003eB\u003c/span\u003e\u003c/span\u003e\u003c/span\u003e\u003cscript type=\"math/tex\" id=\"MathJax-Element-13\"\u003eB\u003c/script\u003e 是否超时，不关心是否结果正确。\u003c/p\u003e\u003cp\u003e命题委员会选择了单源最短路（SSSP）以及一个被称之为神秘问题（Mystery）的两个图论问题来作为比赛的题目。我们将命题委员会完成的伪代码列在了附录中，而具体的 C、C++ 和 Pascal 源程序见源程序下载。\u003c/p\u003e",
      "misc": ""
    },
    {
      "title": "子任务",
      "content": "\u003cp\u003e参见下表。表中每一行描述了一个子任务。其中前六个子任务与单源最短路相关，子任务 7,8 与神秘问题相关。每个任务所占分数见下表。\u003c/p\u003e\u003cdiv class=\"table-responsive\"\u003e\n\u003ctable class=\"table table-bordered table-text-center table-vertical-middle\"\u003e\u003cthead\u003e\u003ctr\u003e\u003cth\u003e测试点编号\u003c/th\u003e\n\u003cth\u003e分数 \u003cspan class=\"MathJax_Preview\" style=\"color: inherit;\"\u003e\u003cspan class=\"MJXp-math\" id=\"MJXp-Span-27\"\u003e\u003cspan class=\"MJXp-mi MJXp-italic\" id=\"MJXp-Span-28\"\u003eS\u003c/span\u003e\u003c/span\u003e\u003c/span\u003e\u003cscript type=\"math/tex\" id=\"MathJax-Element-14\"\u003eS\u003c/script\u003e\u003c/th\u003e\n\u003cth\u003e目标 \u003cspan class=\"MathJax_Preview\" style=\"color: inherit;\"\u003e\u003cspan class=\"MJXp-math\" id=\"MJXp-Span-29\"\u003e\u003cspan class=\"MJXp-mi MJXp-italic\" id=\"MJXp-Span-30\"\u003eT\u003c/span\u003e\u003c/span\u003e\u003c/span\u003e\u003cscript type=\"math/tex\" id=\"MathJax-Element-15\"\u003eT\u003c/script\u003e\u003c/th\u003e\n\u003cth\u003e问题\u003c/th\u003e\n\u003cth\u003e源程序 \u003cspan class=\"MathJax_Preview\" style=\"color: inherit;\"\u003e\u003cspan class=\"MJXp-math\" id=\"MJXp-Span-31\"\u003e\u003cspan class=\"MJXp-mi MJXp-italic\" id=\"MJXp-Span-32\"\u003eA\u003c/span\u003e\u003c/span\u003e\u003c/span\u003e\u003cscript type=\"math/tex\" id=\"MathJax-Element-16\"\u003eA\u003c/script\u003e\u003c/th\u003e\n\u003cth\u003e源程序 \u003cspan class=\"MathJax_Preview\" style=\"color: inherit;\"\u003e\u003cspan class=\"MJXp-math\" id=\"MJXp-Span-33\"\u003e\u003cspan class=\"MJXp-mi MJXp-italic\" id=\"MJXp-Span-34\"\u003eB\u003c/span\u003e\u003c/span\u003e\u003c/span\u003e\u003cscript type=\"math/tex\" id=\"MathJax-Element-17\"\u003eB\u003c/script\u003e\u003c/th\u003e\n\u003c/tr\u003e\u003c/thead\u003e\u003ctbody\u003e\u003ctr\u003e\u003ctd\u003e1\u003c/td\u003e\u003ctd\u003e3\u003c/td\u003e\u003ctd\u003e\u003cspan class=\"MathJax_Preview\" style=\"color: inherit;\"\u003e\u003cspan class=\"MJXp-math\" id=\"MJXp-Span-35\"\u003e\u003cspan class=\"MJXp-mn\" id=\"MJXp-Span-36\"\u003e107\u003c/span\u003e\u003c/span\u003e\u003c/span\u003e\u003cscript type=\"math/tex\" id=\"MathJax-Element-18\"\u003e107\u003c/script\u003e\u003c/td\u003e\u003ctd\u003eSSSP\u003c/td\u003e\u003ctd\u003eModifiedDijkstra\u003c/td\u003e\u003ctd\u003eFloydWarshall\u003c/td\u003e\u003c/tr\u003e\u003ctr\u003e\u003ctd\u003e2\u003c/td\u003e\u003ctd\u003e7\u003c/td\u003e\u003ctd\u003e\u003cspan class=\"MathJax_Preview\" style=\"color: inherit;\"\u003e\u003cspan class=\"MJXp-math\" id=\"MJXp-Span-37\"\u003e\u003cspan class=\"MJXp-mn\" id=\"MJXp-Span-38\"\u003e2222\u003c/span\u003e\u003c/span\u003e\u003c/span\u003e\u003cscript type=\"math/tex\" id=\"MathJax-Element-19\"\u003e2222\u003c/script\u003e\u003c/td\u003e\u003ctd\u003eSSSP\u003c/td\u003e\u003ctd\u003eFloydWarshall\u003c/td\u003e\u003ctd\u003eOptimizedBellmanFord\u003c/td\u003e\u003c/tr\u003e\u003ctr\u003e\u003ctd\u003e3\u003c/td\u003e\u003ctd\u003e8\u003c/td\u003e\u003ctd\u003e\u003cspan class=\"MathJax_Preview\" style=\"color: inherit;\"\u003e\u003cspan class=\"MJXp-math\" id=\"MJXp-Span-39\"\u003e\u003cspan class=\"MJXp-mn\" id=\"MJXp-Span-40\"\u003e105\u003c/span\u003e\u003c/span\u003e\u003c/span\u003e\u003cscript type=\"math/tex\" id=\"MathJax-Element-20\"\u003e105\u003c/script\u003e\u003c/td\u003e\u003ctd\u003eSSSP\u003c/td\u003e\u003ctd\u003eOptimizedBellmanFord\u003c/td\u003e\u003ctd\u003eFloydWarshall\u003c/td\u003e\u003c/tr\u003e\u003ctr\u003e\u003ctd\u003e4\u003c/td\u003e\u003ctd\u003e17\u003c/td\u003e\u003ctd\u003e\u003cspan class=\"MathJax_Preview\" style=\"color: inherit;\"\u003e\u003cspan class=\"MJXp-math\" id=\"MJXp-Span-41\"\u003e\u003cspan class=\"MJXp-mn\" id=\"MJXp-Span-42\"\u003e157\u003c/span\u003e\u003c/span\u003e\u003c/span\u003e\u003cscript type=\"math/tex\" id=\"MathJax-Element-21\"\u003e157\u003c/script\u003e\u003c/td\u003e\u003ctd\u003eSSSP\u003c/td\u003e\u003ctd\u003eFloydWarshall\u003c/td\u003e\u003ctd\u003eModifiedDijkstra\u003c/td\u003e\u003c/tr\u003e\u003ctr\u003e\u003ctd\u003e5\u003c/td\u003e\u003ctd\u003e10\u003c/td\u003e\u003ctd\u003e\u003cspan class=\"MathJax_Preview\" style=\"color: inherit;\"\u003e\u003cspan class=\"MJXp-math\" id=\"MJXp-Span-43\"\u003e\u003cspan class=\"MJXp-mn\" id=\"MJXp-Span-44\"\u003e1016\u003c/span\u003e\u003c/span\u003e\u003c/span\u003e\u003cscript type=\"math/tex\" id=\"MathJax-Element-22\"\u003e1016\u003c/script\u003e\u003c/td\u003e\u003ctd\u003eSSSP\u003c/td\u003e\u003ctd\u003eModifiedDijkstra\u003c/td\u003e\u003ctd\u003eOptimizedBellmanFord\u003c/td\u003e\u003c/tr\u003e\u003ctr\u003e\u003ctd\u003e6\u003c/td\u003e\u003ctd\u003e19\u003c/td\u003e\u003ctd\u003e\u003cspan class=\"MathJax_Preview\" style=\"color: inherit;\"\u003e\u003cspan class=\"MJXp-math\" id=\"MJXp-Span-45\"\u003e\u003cspan class=\"MJXp-mn\" id=\"MJXp-Span-46\"\u003e143\u003c/span\u003e\u003c/span\u003e\u003c/span\u003e\u003cscript type=\"math/tex\" id=\"MathJax-Element-23\"\u003e143\u003c/script\u003e\u003c/td\u003e\u003ctd\u003eSSSP\u003c/td\u003e\u003ctd\u003eOptimizedBellmanFord\u003c/td\u003e\u003ctd\u003eModifiedDijkstra\u003c/td\u003e\u003c/tr\u003e\u003ctr\u003e\u003ctd\u003e7\u003c/td\u003e\u003ctd\u003e11\u003c/td\u003e\u003ctd\u003e\u003cspan class=\"MathJax_Preview\" style=\"color: inherit;\"\u003e\u003cspan class=\"MJXp-math\" id=\"MJXp-Span-47\"\u003e\u003cspan class=\"MJXp-mn\" id=\"MJXp-Span-48\"\u003e3004\u003c/span\u003e\u003c/span\u003e\u003c/span\u003e\u003cscript type=\"math/tex\" id=\"MathJax-Element-24\"\u003e3004\u003c/script\u003e\u003c/td\u003e\u003ctd\u003eMystery\u003c/td\u003e\u003ctd\u003eGamble1\u003c/td\u003e\u003ctd\u003eRecursiveBacktracking\u003c/td\u003e\u003c/tr\u003e\u003ctr\u003e\u003ctd\u003e8\u003c/td\u003e\u003ctd\u003e25\u003c/td\u003e\u003ctd\u003e\u003cspan class=\"MathJax_Preview\" style=\"color: inherit;\"\u003e\u003cspan class=\"MJXp-math\" id=\"MJXp-Span-49\"\u003e\u003cspan class=\"MJXp-mn\" id=\"MJXp-Span-50\"\u003e3004\u003c/span\u003e\u003c/span\u003e\u003c/span\u003e\u003cscript type=\"math/tex\" id=\"MathJax-Element-25\"\u003e3004\u003c/script\u003e\u003c/td\u003e\u003ctd\u003eMystery\u003c/td\u003e\u003ctd\u003eRecursiveBacktracking\u003c/td\u003e\u003ctd\u003eGamble2\u003c/td\u003e\u003c/tr\u003e\u003c/tbody\u003e\u003c/table\u003e\u003c/div\u003e\u003cp\u003e对于每个子任务，你的程序给出的输入 \u003cspan class=\"MathJax_Preview\" style=\"color: inherit;\"\u003e\u003cspan class=\"MJXp-math\" id=\"MJXp-Span-51\"\u003e\u003cspan class=\"MJXp-mi MJXp-italic\" id=\"MJXp-Span-52\"\u003eX\u003c/span\u003e\u003c/span\u003e\u003c/span\u003e\u003cscript type=\"math/tex\" id=\"MathJax-Element-26\"\u003eX\u003c/script\u003e 需要能够将源程序 \u003cspan class=\"MathJax_Preview\" style=\"color: inherit;\"\u003e\u003cspan class=\"MJXp-math\" id=\"MJXp-Span-53\"\u003e\u003cspan class=\"MJXp-mi MJXp-italic\" id=\"MJXp-Span-54\"\u003eA\u003c/span\u003e\u003c/span\u003e\u003c/span\u003e\u003cscript type=\"math/tex\" id=\"MathJax-Element-27\"\u003eA\u003c/script\u003e 和 \u003cspan class=\"MathJax_Preview\" style=\"color: inherit;\"\u003e\u003cspan class=\"MJXp-math\" id=\"MJXp-Span-55\"\u003e\u003cspan class=\"MJXp-mi MJXp-italic\" id=\"MJXp-Span-56\"\u003eB\u003c/span\u003e\u003c/span\u003e\u003c/span\u003e\u003cscript type=\"math/tex\" id=\"MathJax-Element-28\"\u003eB\u003c/script\u003e 区分开来，这有这样你才能够得到相应的分数。具体说来，你的分数将由输入 \u003cspan class=\"MathJax_Preview\" style=\"color: inherit;\"\u003e\u003cspan class=\"MJXp-math\" id=\"MJXp-Span-57\"\u003e\u003cspan class=\"MJXp-mi MJXp-italic\" id=\"MJXp-Span-58\"\u003eX\u003c/span\u003e\u003c/span\u003e\u003c/span\u003e\u003cscript type=\"math/tex\" id=\"MathJax-Element-29\"\u003eX\u003c/script\u003e 中数的个数决定。假设 \u003cspan class=\"MathJax_Preview\" style=\"color: inherit;\"\u003e\u003cspan class=\"MJXp-math\" id=\"MJXp-Span-59\"\u003e\u003cspan class=\"MJXp-mi MJXp-italic\" id=\"MJXp-Span-60\"\u003eX\u003c/span\u003e\u003c/span\u003e\u003c/span\u003e\u003cscript type=\"math/tex\" id=\"MathJax-Element-30\"\u003eX\u003c/script\u003e 中包含了 \u003cspan class=\"MathJax_Preview\" style=\"color: inherit;\"\u003e\u003cspan class=\"MJXp-math\" id=\"MJXp-Span-61\"\u003e\u003cspan class=\"MJXp-mi MJXp-italic\" id=\"MJXp-Span-62\"\u003eF\u003c/span\u003e\u003c/span\u003e\u003c/span\u003e\u003cscript type=\"math/tex\" id=\"MathJax-Element-31\"\u003eF\u003c/script\u003e 个整数，子任务的满分为 \u003cspan class=\"MathJax_Preview\" style=\"color: inherit;\"\u003e\u003cspan class=\"MJXp-math\" id=\"MJXp-Span-63\"\u003e\u003cspan class=\"MJXp-mi MJXp-italic\" id=\"MJXp-Span-64\"\u003eS\u003c/span\u003e\u003cspan class=\"MJXp-mo\" id=\"MJXp-Span-65\" style=\"margin-left: 0em; margin-right: 0.222em;\"\u003e,\u003c/span\u003e\u003cspan class=\"MJXp-mi MJXp-italic\" id=\"MJXp-Span-66\"\u003eT\u003c/span\u003e\u003c/span\u003e\u003c/span\u003e\u003cscript type=\"math/tex\" id=\"MathJax-Element-32\"\u003eS,T\u003c/script\u003e 是该任务的目标大小，则该测试点的分数将由下式给出:\n\u003cspan class=\"MathJax_Preview\" style=\"color: inherit;\"\u003e\u003cspan class=\"MJXp-math MJXp-display\" id=\"MJXp-Span-74\"\u003e\u003cspan class=\"MJXp-mo\" id=\"MJXp-Span-75\" style=\"margin-left: 0em; margin-right: 0em;\"\u003e⌊\u003c/span\u003e\u003cspan class=\"MJXp-mn\" id=\"MJXp-Span-76\"\u003e0.5\u003c/span\u003e\u003cspan class=\"MJXp-mo\" id=\"MJXp-Span-77\" style=\"margin-left: 0.267em; margin-right: 0.267em;\"\u003e+\u003c/span\u003e\u003cspan class=\"MJXp-mi MJXp-italic\" id=\"MJXp-Span-78\"\u003eS\u003c/span\u003e\u003cspan class=\"MJXp-mo\" id=\"MJXp-Span-79\" style=\"margin-left: 0.267em; margin-right: 0.267em;\"\u003e×\u003c/span\u003e\u003cspan class=\"MJXp-mo\" id=\"MJXp-Span-80\" style=\"margin-left: 0.333em; margin-right: 0.333em;\"\u003emin\u003c/span\u003e\u003cspan class=\"MJXp-mo\" id=\"MJXp-Span-81\" style=\"margin-left: 0em; margin-right: 0em;\"\u003e{\u003c/span\u003e\u003cspan class=\"MJXp-mi MJXp-italic\" id=\"MJXp-Span-82\"\u003eT\u003c/span\u003e\u003cspan class=\"MJXp-mrow\" id=\"MJXp-Span-83\"\u003e\u003cspan class=\"MJXp-mo\" id=\"MJXp-Span-84\" style=\"margin-left: 0.111em; margin-right: 0.111em;\"\u003e/\u003c/span\u003e\u003c/span\u003e\u003cspan class=\"MJXp-mi MJXp-italic\" id=\"MJXp-Span-85\"\u003eF\u003c/span\u003e\u003cspan class=\"MJXp-mo\" id=\"MJXp-Span-86\" style=\"margin-left: 0em; margin-right: 0.222em;\"\u003e,\u003c/span\u003e\u003cspan class=\"MJXp-mn\" id=\"MJXp-Span-87\"\u003e1\u003c/span\u003e\u003cspan class=\"MJXp-mo\" id=\"MJXp-Span-88\" style=\"margin-left: 0em; margin-right: 0em;\"\u003e}\u003c/span\u003e\u003cspan class=\"MJXp-mo\" id=\"MJXp-Span-89\" style=\"margin-left: 0em; margin-right: 0em;\"\u003e⌋\u003c/span\u003e\u003c/span\u003e\u003c/span\u003e\u003cscript type=\"math/tex; mode=display\" id=\"MathJax-Element-33\"\u003e\\begin{equation}\n\\lfloor 0.5 + S \\times \\min\\{T / F, 1\\} \\rfloor\n\\end{equation}\u003c/script\u003e\u003c/p\u003e\u003cp\u003e也就是说，如果你的测试数据 \u003cspan class=\"MathJax_Preview\" style=\"color: inherit;\"\u003e\u003cspan class=\"MJXp-math\" id=\"MJXp-Span-90\"\u003e\u003cspan class=\"MJXp-mi MJXp-italic\" id=\"MJXp-Span-91\"\u003eX\u003c/span\u003e\u003c/span\u003e\u003c/span\u003e\u003cscript type=\"math/tex\" id=\"MathJax-Element-34\"\u003eX\u003c/script\u003e 中含有不超过 \u003cspan class=\"MathJax_Preview\" style=\"color: inherit;\"\u003e\u003cspan class=\"MJXp-math\" id=\"MJXp-Span-92\"\u003e\u003cspan class=\"MJXp-mi MJXp-italic\" id=\"MJXp-Span-93\"\u003eT\u003c/span\u003e\u003c/span\u003e\u003c/span\u003e\u003cscript type=\"math/tex\" id=\"MathJax-Element-35\"\u003eT\u003c/script\u003e 个整数，则你将得到该任务的全部得分。\u003c/p\u003e\u003cp\u003e你需要把你的 \u003cspan class=\"MathJax_Preview\" style=\"color: inherit;\"\u003e\u003cspan class=\"MJXp-math\" id=\"MJXp-Span-94\"\u003e\u003cspan class=\"MJXp-mn\" id=\"MJXp-Span-95\"\u003e8\u003c/span\u003e\u003c/span\u003e\u003c/span\u003e\u003cscript type=\"math/tex\" id=\"MathJax-Element-36\"\u003e8\u003c/script\u003e 个测试数据命名为 tasksauthor1.out ~ tasksauthor8.out。对于每个子任务 \u003cspan class=\"MathJax_Preview\" style=\"color: inherit;\"\u003e\u003cspan class=\"MJXp-math\" id=\"MJXp-Span-96\"\u003e\u003cspan class=\"MJXp-mi MJXp-italic\" id=\"MJXp-Span-97\"\u003eX\u003c/span\u003e\u003c/span\u003e\u003c/span\u003e\u003cscript type=\"math/tex\" id=\"MathJax-Element-37\"\u003eX\u003c/script\u003e，评测系统将根据如下步骤来确定你将会得到多少分:\u003c/p\u003e\u003col\u003e\u003cli\u003e如果未提交数据，则不得分\u003c/li\u003e\n\u003cli\u003e若数据不满足输入格式要求，则不得分\u003c/li\u003e\n\u003cli\u003e对源程序 \u003cspan class=\"MathJax_Preview\" style=\"color: inherit;\"\u003e\u003cspan class=\"MJXp-math\" id=\"MJXp-Span-98\"\u003e\u003cspan class=\"MJXp-mi MJXp-italic\" id=\"MJXp-Span-99\"\u003eA\u003c/span\u003e\u003c/span\u003e\u003c/span\u003e\u003cscript type=\"math/tex\" id=\"MathJax-Element-38\"\u003eA\u003c/script\u003e 运行输入，若发生超时现象，则不得分\u003c/li\u003e\n\u003cli\u003e对源程序 \u003cspan class=\"MathJax_Preview\" style=\"color: inherit;\"\u003e\u003cspan class=\"MJXp-math\" id=\"MJXp-Span-100\"\u003e\u003cspan class=\"MJXp-mi MJXp-italic\" id=\"MJXp-Span-101\"\u003eB\u003c/span\u003e\u003c/span\u003e\u003c/span\u003e\u003cscript type=\"math/tex\" id=\"MathJax-Element-39\"\u003eB\u003c/script\u003e 运行输入，若发生超时现象，则按照前文所述的公式给出该测试点的分数。\u003c/li\u003e\n\u003c/ol\u003e\u003cp\u003e题目提供的所有源代码均会维护一个计数器来统计程序的操作次数。在源程序的运行过程中，当该计数器超过了 \u003cspan class=\"MathJax_Preview\" style=\"color: inherit;\"\u003e\u003cspan class=\"MJXp-math\" id=\"MJXp-Span-102\"\u003e\u003cspan class=\"MJXp-msubsup\" id=\"MJXp-Span-103\"\u003e\u003cspan class=\"MJXp-mn\" id=\"MJXp-Span-104\" style=\"margin-right: 0.05em;\"\u003e10\u003c/span\u003e\u003cspan class=\"MJXp-mn MJXp-script\" id=\"MJXp-Span-105\" style=\"vertical-align: 0.5em;\"\u003e6\u003c/span\u003e\u003c/span\u003e\u003c/span\u003e\u003c/span\u003e\u003cscript type=\"math/tex\" id=\"MathJax-Element-40\"\u003e10^6\u003c/script\u003e 次时，那么我们认为程序运行超时。\u003c/p\u003e",
      "misc": ""
    },
    {
      "title": "问题 1：单源最短路(SSSP)",
      "content": "\u003cp\u003e给定一个带权有向图 \u003cspan class=\"MathJax_Preview\" style=\"color: inherit;\"\u003e\u003cspan class=\"MJXp-math\" id=\"MJXp-Span-106\"\u003e\u003cspan class=\"MJXp-mi MJXp-italic\" id=\"MJXp-Span-107\"\u003eG\u003c/span\u003e\u003c/span\u003e\u003c/span\u003e\u003cscript type=\"math/tex\" id=\"MathJax-Element-41\"\u003eG\u003c/script\u003e，以及 \u003cspan class=\"MathJax_Preview\" style=\"color: inherit;\"\u003e\u003cspan class=\"MJXp-math\" id=\"MJXp-Span-108\"\u003e\u003cspan class=\"MJXp-mi MJXp-italic\" id=\"MJXp-Span-109\"\u003eG\u003c/span\u003e\u003c/span\u003e\u003c/span\u003e\u003cscript type=\"math/tex\" id=\"MathJax-Element-42\"\u003eG\u003c/script\u003e 中的两个节点 \u003cspan class=\"MathJax_Preview\" style=\"color: inherit;\"\u003e\u003cspan class=\"MJXp-math\" id=\"MJXp-Span-110\"\u003e\u003cspan class=\"MJXp-mi MJXp-italic\" id=\"MJXp-Span-111\"\u003es\u003c/span\u003e\u003c/span\u003e\u003c/span\u003e\u003cscript type=\"math/tex\" id=\"MathJax-Element-43\"\u003es\u003c/script\u003e 与 \u003cspan class=\"MathJax_Preview\" style=\"color: inherit;\"\u003e\u003cspan class=\"MJXp-math\" id=\"MJXp-Span-112\"\u003e\u003cspan class=\"MJXp-mi MJXp-italic\" id=\"MJXp-Span-113\"\u003et\u003c/span\u003e\u003c/span\u003e\u003c/span\u003e\u003cscript type=\"math/tex\" id=\"MathJax-Element-44\"\u003et\u003c/script\u003e，令 \u003cspan class=\"MathJax_Preview\" style=\"color: inherit;\"\u003e\u003cspan class=\"MJXp-math\" id=\"MJXp-Span-114\"\u003e\u003cspan class=\"MJXp-mi MJXp-italic\" id=\"MJXp-Span-115\"\u003ep\u003c/span\u003e\u003cspan class=\"MJXp-mo\" id=\"MJXp-Span-116\" style=\"margin-left: 0em; margin-right: 0em;\"\u003e(\u003c/span\u003e\u003cspan class=\"MJXp-mi MJXp-italic\" id=\"MJXp-Span-117\"\u003es\u003c/span\u003e\u003cspan class=\"MJXp-mo\" id=\"MJXp-Span-118\" style=\"margin-left: 0em; margin-right: 0.222em;\"\u003e,\u003c/span\u003e\u003cspan class=\"MJXp-mi MJXp-italic\" id=\"MJXp-Span-119\"\u003et\u003c/span\u003e\u003cspan class=\"MJXp-mo\" id=\"MJXp-Span-120\" style=\"margin-left: 0em; margin-right: 0em;\"\u003e)\u003c/span\u003e\u003c/span\u003e\u003c/span\u003e\u003cscript type=\"math/tex\" id=\"MathJax-Element-45\"\u003ep(s, t)\u003c/script\u003e 为 \u003cspan class=\"MathJax_Preview\" style=\"color: inherit;\"\u003e\u003cspan class=\"MJXp-math\" id=\"MJXp-Span-121\"\u003e\u003cspan class=\"MJXp-mi MJXp-italic\" id=\"MJXp-Span-122\"\u003eG\u003c/span\u003e\u003c/span\u003e\u003c/span\u003e\u003cscript type=\"math/tex\" id=\"MathJax-Element-46\"\u003eG\u003c/script\u003e 中从 \u003cspan class=\"MathJax_Preview\" style=\"color: inherit;\"\u003e\u003cspan class=\"MJXp-math\" id=\"MJXp-Span-123\"\u003e\u003cspan class=\"MJXp-mi MJXp-italic\" id=\"MJXp-Span-124\"\u003es\u003c/span\u003e\u003c/span\u003e\u003c/span\u003e\u003cscript type=\"math/tex\" id=\"MathJax-Element-47\"\u003es\u003c/script\u003e 至 \u003cspan class=\"MathJax_Preview\" style=\"color: inherit;\"\u003e\u003cspan class=\"MJXp-math\" id=\"MJXp-Span-125\"\u003e\u003cspan class=\"MJXp-mi MJXp-italic\" id=\"MJXp-Span-126\"\u003et\u003c/span\u003e\u003c/span\u003e\u003c/span\u003e\u003cscript type=\"math/tex\" id=\"MathJax-Element-48\"\u003et\u003c/script\u003e 的最短路长度。如果 \u003cspan class=\"MathJax_Preview\" style=\"color: inherit;\"\u003e\u003cspan class=\"MJXp-math\" id=\"MJXp-Span-127\"\u003e\u003cspan class=\"MJXp-mi MJXp-italic\" id=\"MJXp-Span-128\"\u003es\u003c/span\u003e\u003c/span\u003e\u003c/span\u003e\u003cscript type=\"math/tex\" id=\"MathJax-Element-49\"\u003es\u003c/script\u003e 与 \u003cspan class=\"MathJax_Preview\" style=\"color: inherit;\"\u003e\u003cspan class=\"MJXp-math\" id=\"MJXp-Span-129\"\u003e\u003cspan class=\"MJXp-mi MJXp-italic\" id=\"MJXp-Span-130\"\u003et\u003c/span\u003e\u003c/span\u003e\u003c/span\u003e\u003cscript type=\"math/tex\" id=\"MathJax-Element-50\"\u003et\u003c/script\u003e 不连通，则认为 \u003cspan class=\"MathJax_Preview\" style=\"color: inherit;\"\u003e\u003cspan class=\"MJXp-math\" id=\"MJXp-Span-131\"\u003e\u003cspan class=\"MJXp-mi MJXp-italic\" id=\"MJXp-Span-132\"\u003ep\u003c/span\u003e\u003cspan class=\"MJXp-mo\" id=\"MJXp-Span-133\" style=\"margin-left: 0em; margin-right: 0em;\"\u003e(\u003c/span\u003e\u003cspan class=\"MJXp-mi MJXp-italic\" id=\"MJXp-Span-134\"\u003es\u003c/span\u003e\u003cspan class=\"MJXp-mo\" id=\"MJXp-Span-135\" style=\"margin-left: 0em; margin-right: 0.222em;\"\u003e,\u003c/span\u003e\u003cspan class=\"MJXp-mi MJXp-italic\" id=\"MJXp-Span-136\"\u003et\u003c/span\u003e\u003cspan class=\"MJXp-mo\" id=\"MJXp-Span-137\" style=\"margin-left: 0em; margin-right: 0em;\"\u003e)\u003c/span\u003e\u003cspan class=\"MJXp-mo\" id=\"MJXp-Span-138\" style=\"margin-left: 0.333em; margin-right: 0.333em;\"\u003e=\u003c/span\u003e\u003cspan class=\"MJXp-msubsup\" id=\"MJXp-Span-139\"\u003e\u003cspan class=\"MJXp-mn\" id=\"MJXp-Span-140\" style=\"margin-right: 0.05em;\"\u003e10\u003c/span\u003e\u003cspan class=\"MJXp-mn MJXp-script\" id=\"MJXp-Span-141\" style=\"vertical-align: 0.5em;\"\u003e9\u003c/span\u003e\u003c/span\u003e\u003c/span\u003e\u003c/span\u003e\u003cscript type=\"math/tex\" id=\"MathJax-Element-51\"\u003ep(s, t)=10^9\u003c/script\u003e。在本题中，输入为图 \u003cspan class=\"MathJax_Preview\" style=\"color: inherit;\"\u003e\u003cspan class=\"MJXp-math\" id=\"MJXp-Span-142\"\u003e\u003cspan class=\"MJXp-mi MJXp-italic\" id=\"MJXp-Span-143\"\u003eG\u003c/span\u003e\u003c/span\u003e\u003c/span\u003e\u003cscript type=\"math/tex\" id=\"MathJax-Element-52\"\u003eG\u003c/script\u003e 以及 \u003cspan class=\"MathJax_Preview\" style=\"color: inherit;\"\u003e\u003cspan class=\"MJXp-math\" id=\"MJXp-Span-144\"\u003e\u003cspan class=\"MJXp-mi MJXp-italic\" id=\"MJXp-Span-145\"\u003eQ\u003c/span\u003e\u003c/span\u003e\u003c/span\u003e\u003cscript type=\"math/tex\" id=\"MathJax-Element-53\"\u003eQ\u003c/script\u003e 个询问 \u003cspan class=\"MathJax_Preview\" style=\"color: inherit;\"\u003e\u003cspan class=\"MJXp-math\" id=\"MJXp-Span-146\"\u003e\u003cspan class=\"MJXp-mo\" id=\"MJXp-Span-147\" style=\"margin-left: 0em; margin-right: 0em;\"\u003e(\u003c/span\u003e\u003cspan class=\"MJXp-msubsup\" id=\"MJXp-Span-148\"\u003e\u003cspan class=\"MJXp-mi MJXp-italic\" id=\"MJXp-Span-149\" style=\"margin-right: 0.05em;\"\u003es\u003c/span\u003e\u003cspan class=\"MJXp-mn MJXp-script\" id=\"MJXp-Span-150\" style=\"vertical-align: -0.4em;\"\u003e1\u003c/span\u003e\u003c/span\u003e\u003cspan class=\"MJXp-mo\" id=\"MJXp-Span-151\" style=\"margin-left: 0em; margin-right: 0.222em;\"\u003e,\u003c/span\u003e\u003cspan class=\"MJXp-msubsup\" id=\"MJXp-Span-152\"\u003e\u003cspan class=\"MJXp-mi MJXp-italic\" id=\"MJXp-Span-153\" style=\"margin-right: 0.05em;\"\u003et\u003c/span\u003e\u003cspan class=\"MJXp-mn MJXp-script\" id=\"MJXp-Span-154\" style=\"vertical-align: -0.4em;\"\u003e1\u003c/span\u003e\u003c/span\u003e\u003cspan class=\"MJXp-mo\" id=\"MJXp-Span-155\" style=\"margin-left: 0em; margin-right: 0em;\"\u003e)\u003c/span\u003e\u003cspan class=\"MJXp-mo\" id=\"MJXp-Span-156\" style=\"margin-left: 0em; margin-right: 0.222em;\"\u003e,\u003c/span\u003e\u003cspan class=\"MJXp-mo\" id=\"MJXp-Span-157\" style=\"margin-left: 0em; margin-right: 0em;\"\u003e(\u003c/span\u003e\u003cspan class=\"MJXp-msubsup\" id=\"MJXp-Span-158\"\u003e\u003cspan class=\"MJXp-mi MJXp-italic\" id=\"MJXp-Span-159\" style=\"margin-right: 0.05em;\"\u003es\u003c/span\u003e\u003cspan class=\"MJXp-mn MJXp-script\" id=\"MJXp-Span-160\" style=\"vertical-align: -0.4em;\"\u003e2\u003c/span\u003e\u003c/span\u003e\u003cspan class=\"MJXp-mo\" id=\"MJXp-Span-161\" style=\"margin-left: 0em; margin-right: 0.222em;\"\u003e,\u003c/span\u003e\u003cspan class=\"MJXp-msubsup\" id=\"MJXp-Span-162\"\u003e\u003cspan class=\"MJXp-mi MJXp-italic\" id=\"MJXp-Span-163\" style=\"margin-right: 0.05em;\"\u003et\u003c/span\u003e\u003cspan class=\"MJXp-mn MJXp-script\" id=\"MJXp-Span-164\" style=\"vertical-align: -0.4em;\"\u003e2\u003c/span\u003e\u003c/span\u003e\u003cspan class=\"MJXp-mo\" id=\"MJXp-Span-165\" style=\"margin-left: 0em; margin-right: 0em;\"\u003e)\u003c/span\u003e\u003cspan class=\"MJXp-mo\" id=\"MJXp-Span-166\" style=\"margin-left: 0em; margin-right: 0.222em;\"\u003e,\u003c/span\u003e\u003cspan class=\"MJXp-mo\" id=\"MJXp-Span-167\" style=\"margin-left: 0em; margin-right: 0em;\"\u003e…\u003c/span\u003e\u003cspan class=\"MJXp-mo\" id=\"MJXp-Span-168\" style=\"margin-left: 0em; margin-right: 0.222em;\"\u003e,\u003c/span\u003e\u003cspan class=\"MJXp-mo\" id=\"MJXp-Span-169\" style=\"margin-left: 0em; margin-right: 0em;\"\u003e(\u003c/span\u003e\u003cspan class=\"MJXp-msubsup\" id=\"MJXp-Span-170\"\u003e\u003cspan class=\"MJXp-mi MJXp-italic\" id=\"MJXp-Span-171\" style=\"margin-right: 0.05em;\"\u003es\u003c/span\u003e\u003cspan class=\"MJXp-mi MJXp-italic MJXp-script\" id=\"MJXp-Span-172\" style=\"vertical-align: -0.4em;\"\u003eQ\u003c/span\u003e\u003c/span\u003e\u003cspan class=\"MJXp-mo\" id=\"MJXp-Span-173\" style=\"margin-left: 0em; margin-right: 0.222em;\"\u003e,\u003c/span\u003e\u003cspan class=\"MJXp-msubsup\" id=\"MJXp-Span-174\"\u003e\u003cspan class=\"MJXp-mi MJXp-italic\" id=\"MJXp-Span-175\" style=\"margin-right: 0.05em;\"\u003et\u003c/span\u003e\u003cspan class=\"MJXp-mi MJXp-italic MJXp-script\" id=\"MJXp-Span-176\" style=\"vertical-align: -0.4em;\"\u003eQ\u003c/span\u003e\u003c/span\u003e\u003cspan class=\"MJXp-mo\" id=\"MJXp-Span-177\" style=\"margin-left: 0em; margin-right: 0em;\"\u003e)\u003c/span\u003e\u003c/span\u003e\u003c/span\u003e\u003cscript type=\"math/tex\" id=\"MathJax-Element-54\"\u003e(s_1, t_1), (s_2, t_2), \\dots, (s_Q, t_Q)\u003c/script\u003e。输出则是对这 \u003cspan class=\"MathJax_Preview\" style=\"color: inherit;\"\u003e\u003cspan class=\"MJXp-math\" id=\"MJXp-Span-178\"\u003e\u003cspan class=\"MJXp-mi MJXp-italic\" id=\"MJXp-Span-179\"\u003eQ\u003c/span\u003e\u003c/span\u003e\u003c/span\u003e\u003cscript type=\"math/tex\" id=\"MathJax-Element-55\"\u003eQ\u003c/script\u003e 个询问的相应输出 \u003cspan class=\"MathJax_Preview\" style=\"color: inherit;\"\u003e\u003cspan class=\"MJXp-math\" id=\"MJXp-Span-180\"\u003e\u003cspan class=\"MJXp-mi MJXp-italic\" id=\"MJXp-Span-181\"\u003ep\u003c/span\u003e\u003cspan class=\"MJXp-mo\" id=\"MJXp-Span-182\" style=\"margin-left: 0em; margin-right: 0em;\"\u003e(\u003c/span\u003e\u003cspan class=\"MJXp-msubsup\" id=\"MJXp-Span-183\"\u003e\u003cspan class=\"MJXp-mi MJXp-italic\" id=\"MJXp-Span-184\" style=\"margin-right: 0.05em;\"\u003es\u003c/span\u003e\u003cspan class=\"MJXp-mn MJXp-script\" id=\"MJXp-Span-185\" style=\"vertical-align: -0.4em;\"\u003e1\u003c/span\u003e\u003c/span\u003e\u003cspan class=\"MJXp-mo\" id=\"MJXp-Span-186\" style=\"margin-left: 0em; margin-right: 0.222em;\"\u003e,\u003c/span\u003e\u003cspan class=\"MJXp-msubsup\" id=\"MJXp-Span-187\"\u003e\u003cspan class=\"MJXp-mi MJXp-italic\" id=\"MJXp-Span-188\" style=\"margin-right: 0.05em;\"\u003et\u003c/span\u003e\u003cspan class=\"MJXp-mn MJXp-script\" id=\"MJXp-Span-189\" style=\"vertical-align: -0.4em;\"\u003e1\u003c/span\u003e\u003c/span\u003e\u003cspan class=\"MJXp-mo\" id=\"MJXp-Span-190\" style=\"margin-left: 0em; margin-right: 0em;\"\u003e)\u003c/span\u003e\u003cspan class=\"MJXp-mo\" id=\"MJXp-Span-191\" style=\"margin-left: 0em; margin-right: 0.222em;\"\u003e,\u003c/span\u003e\u003cspan class=\"MJXp-mi MJXp-italic\" id=\"MJXp-Span-192\"\u003ep\u003c/span\u003e\u003cspan class=\"MJXp-mo\" id=\"MJXp-Span-193\" style=\"margin-left: 0em; margin-right: 0em;\"\u003e(\u003c/span\u003e\u003cspan class=\"MJXp-msubsup\" id=\"MJXp-Span-194\"\u003e\u003cspan class=\"MJXp-mi MJXp-italic\" id=\"MJXp-Span-195\" style=\"margin-right: 0.05em;\"\u003es\u003c/span\u003e\u003cspan class=\"MJXp-mn MJXp-script\" id=\"MJXp-Span-196\" style=\"vertical-align: -0.4em;\"\u003e2\u003c/span\u003e\u003c/span\u003e\u003cspan class=\"MJXp-mo\" id=\"MJXp-Span-197\" style=\"margin-left: 0em; margin-right: 0.222em;\"\u003e,\u003c/span\u003e\u003cspan class=\"MJXp-msubsup\" id=\"MJXp-Span-198\"\u003e\u003cspan class=\"MJXp-mi MJXp-italic\" id=\"MJXp-Span-199\" style=\"margin-right: 0.05em;\"\u003et\u003c/span\u003e\u003cspan class=\"MJXp-mn MJXp-script\" id=\"MJXp-Span-200\" style=\"vertical-align: -0.4em;\"\u003e2\u003c/span\u003e\u003c/span\u003e\u003cspan class=\"MJXp-mo\" id=\"MJXp-Span-201\" style=\"margin-left: 0em; margin-right: 0em;\"\u003e)\u003c/span\u003e\u003cspan class=\"MJXp-mo\" id=\"MJXp-Span-202\" style=\"margin-left: 0em; margin-right: 0.222em;\"\u003e,\u003c/span\u003e\u003cspan class=\"MJXp-mo\" id=\"MJXp-Span-203\" style=\"margin-left: 0em; margin-right: 0em;\"\u003e…\u003c/span\u003e\u003cspan class=\"MJXp-mo\" id=\"MJXp-Span-204\" style=\"margin-left: 0em; margin-right: 0.222em;\"\u003e,\u003c/span\u003e\u003cspan class=\"MJXp-mi MJXp-italic\" id=\"MJXp-Span-205\"\u003ep\u003c/span\u003e\u003cspan class=\"MJXp-mo\" id=\"MJXp-Span-206\" style=\"margin-left: 0em; margin-right: 0em;\"\u003e(\u003c/span\u003e\u003cspan class=\"MJXp-msubsup\" id=\"MJXp-Span-207\"\u003e\u003cspan class=\"MJXp-mi MJXp-italic\" id=\"MJXp-Span-208\" style=\"margin-right: 0.05em;\"\u003es\u003c/span\u003e\u003cspan class=\"MJXp-mi MJXp-italic MJXp-script\" id=\"MJXp-Span-209\" style=\"vertical-align: -0.4em;\"\u003eQ\u003c/span\u003e\u003c/span\u003e\u003cspan class=\"MJXp-mo\" id=\"MJXp-Span-210\" style=\"margin-left: 0em; margin-right: 0.222em;\"\u003e,\u003c/span\u003e\u003cspan class=\"MJXp-msubsup\" id=\"MJXp-Span-211\"\u003e\u003cspan class=\"MJXp-mi MJXp-italic\" id=\"MJXp-Span-212\" style=\"margin-right: 0.05em;\"\u003et\u003c/span\u003e\u003cspan class=\"MJXp-mi MJXp-italic MJXp-script\" id=\"MJXp-Span-213\" style=\"vertical-align: -0.4em;\"\u003eQ\u003c/span\u003e\u003c/span\u003e\u003cspan class=\"MJXp-mo\" id=\"MJXp-Span-214\" style=\"margin-left: 0em; margin-right: 0em;\"\u003e)\u003c/span\u003e\u003c/span\u003e\u003c/span\u003e\u003cscript type=\"math/tex\" id=\"MathJax-Element-56\"\u003ep(s_1, t_1), p(s_2 , t_2), \\dots, p(s_Q, t_Q)\u003c/script\u003e。\u003c/p\u003e",
      "misc": ""
    },
    {
      "title": "问题 1 输入输出格式",
      "content": "\u003cp\u003e输入数据包含两部分，其中第一部分使用邻接表来描述带权有向图 \u003cspan class=\"MathJax_Preview\" style=\"color: inherit;\"\u003e\u003cspan class=\"MJXp-math\" id=\"MJXp-Span-215\"\u003e\u003cspan class=\"MJXp-mi MJXp-italic\" id=\"MJXp-Span-216\"\u003eG\u003c/span\u003e\u003c/span\u003e\u003c/span\u003e\u003cscript type=\"math/tex\" id=\"MathJax-Element-57\"\u003eG\u003c/script\u003e。第二部分则描述对 \u003cspan class=\"MathJax_Preview\" style=\"color: inherit;\"\u003e\u003cspan class=\"MJXp-math\" id=\"MJXp-Span-217\"\u003e\u003cspan class=\"MJXp-mi MJXp-italic\" id=\"MJXp-Span-218\"\u003eG\u003c/span\u003e\u003c/span\u003e\u003c/span\u003e\u003cscript type=\"math/tex\" id=\"MathJax-Element-58\"\u003eG\u003c/script\u003e 的最短路径的查询。\u003c/p\u003e\u003cp\u003e数据第一部分的第一行包含一个整数 \u003cspan class=\"MathJax_Preview\" style=\"color: inherit;\"\u003e\u003cspan class=\"MJXp-math\" id=\"MJXp-Span-219\"\u003e\u003cspan class=\"MJXp-mi MJXp-italic\" id=\"MJXp-Span-220\"\u003eV\u003c/span\u003e\u003c/span\u003e\u003c/span\u003e\u003cscript type=\"math/tex\" id=\"MathJax-Element-59\"\u003eV\u003c/script\u003e，表示 \u003cspan class=\"MathJax_Preview\" style=\"color: inherit;\"\u003e\u003cspan class=\"MJXp-math\" id=\"MJXp-Span-221\"\u003e\u003cspan class=\"MJXp-mi MJXp-italic\" id=\"MJXp-Span-222\"\u003eG\u003c/span\u003e\u003c/span\u003e\u003c/span\u003e\u003cscript type=\"math/tex\" id=\"MathJax-Element-60\"\u003eG\u003c/script\u003e 中点的个数，所有点的编号为 \u003cspan class=\"MathJax_Preview\"\u003e0, 1, \\dots, V – 1\u003c/span\u003e\u003cscript type=\"math/tex\"\u003e0, 1, \\dots, V – 1\u003c/script\u003e。\u003c/p\u003e\u003cp\u003e接下来 \u003cspan class=\"MathJax_Preview\"\u003eV\u003c/span\u003e\u003cscript type=\"math/tex\"\u003eV\u003c/script\u003e 行，每行描述一个点的所有边。行中的第一个整数 \u003cspan class=\"MathJax_Preview\"\u003en_i\u003c/span\u003e\u003cscript type=\"math/tex\"\u003en_i\u003c/script\u003e 描述了节点 \u003cspan class=\"MathJax_Preview\"\u003ei\u003c/span\u003e\u003cscript type=\"math/tex\"\u003ei\u003c/script\u003e 的出边数量，接下来有 \u003cspan class=\"MathJax_Preview\"\u003en_i\u003c/span\u003e\u003cscript type=\"math/tex\"\u003en_i\u003c/script\u003e 个整数对 \u003cspan class=\"MathJax_Preview\"\u003e(j, w)\u003c/span\u003e\u003cscript type=\"math/tex\"\u003e(j, w)\u003c/script\u003e 表示有一条从 \u003cspan class=\"MathJax_Preview\"\u003ei\u003c/span\u003e\u003cscript type=\"math/tex\"\u003ei\u003c/script\u003e 到 \u003cspan class=\"MathJax_Preview\"\u003ej\u003c/span\u003e\u003cscript type=\"math/tex\"\u003ej\u003c/script\u003e，边权为 \u003cspan class=\"MathJax_Preview\"\u003ew\u003c/span\u003e\u003cscript type=\"math/tex\"\u003ew\u003c/script\u003e 的边。\u003c/p\u003e\u003cp\u003e数据第二部分的第一行包含一个整数 \u003cspan class=\"MathJax_Preview\"\u003eQ\u003c/span\u003e\u003cscript type=\"math/tex\"\u003eQ\u003c/script\u003e，表示询问的组数。\u003c/p\u003e\u003cp\u003e接下来 \u003cspan class=\"MathJax_Preview\"\u003eQ\u003c/span\u003e\u003cscript type=\"math/tex\"\u003eQ\u003c/script\u003e 行，第 \u003cspan class=\"MathJax_Preview\"\u003ek\u003c/span\u003e\u003cscript type=\"math/tex\"\u003ek\u003c/script\u003e 行包含两个整数 \u003cspan class=\"MathJax_Preview\"\u003es_k, t_k\u003c/span\u003e\u003cscript type=\"math/tex\"\u003es_k, t_k\u003c/script\u003e，为该询问对应的起点与终点位置。\u003c/p\u003e\u003cp\u003e同一行中任意两个相邻的整数均需要至少一个空格将他们分开。除此之外，数据还需满足如下条件:\u003c/p\u003e\u003col\u003e\u003cli\u003e\u003cspan class=\"MathJax_Preview\"\u003e0 \u0026lt; V \\leq 300\u003c/span\u003e\u003cscript type=\"math/tex\"\u003e0 \u003c V \\leq 300\u003c/script\u003e\u003c/li\u003e\n\u003cli\u003e\u003cspan class=\"MathJax_Preview\"\u003en_i\u003c/span\u003e\u003cscript type=\"math/tex\"\u003en_i\u003c/script\u003e 是一个非负整数\u003c/li\u003e\n\u003cli\u003e\u003cspan class=\"MathJax_Preview\"\u003e0 \\leq j \u0026lt; V\u003c/span\u003e\u003cscript type=\"math/tex\"\u003e0 \\leq j \u003c V\u003c/script\u003e\u003c/li\u003e\n\u003cli\u003e\u003cspan class=\"MathJax_Preview\"\u003e\\lvert w \\rvert \u0026lt; 10^6\u003c/span\u003e\u003cscript type=\"math/tex\"\u003e\\lvert w \\rvert \u003c 10^6\u003c/script\u003e\u003c/li\u003e\n\u003cli\u003e\u003cspan class=\"MathJax_Preview\"\u003e0 \\leq \\sum_{i = 0}^{V−1} n_i \\leq 5000\u003c/span\u003e\u003cscript type=\"math/tex\"\u003e0 \\leq \\sum_{i = 0}^{V−1} n_i \\leq 5000\u003c/script\u003e\u003c/li\u003e\n\u003cli\u003e\u003cspan class=\"MathJax_Preview\"\u003e0 \u0026lt; Q ≤ 10\u003c/span\u003e\u003cscript type=\"math/tex\"\u003e0 \u003c Q ≤ 10\u003c/script\u003e\u003c/li\u003e\n\u003cli\u003e\u003cspan class=\"MathJax_Preview\"\u003e0 \\leq s_k \u0026lt; V, 0 \\leq t_k \u0026lt; V\u003c/span\u003e\u003cscript type=\"math/tex\"\u003e0 \\leq s_k \u003c V, 0 \\leq t_k \u003c V\u003c/script\u003e\u003c/li\u003e\n\u003cli\u003e所有询问中的起点 \u003cspan class=\"MathJax_Preview\"\u003es_k\u003c/span\u003e\u003cscript type=\"math/tex\"\u003es_k\u003c/script\u003e 都不能达到任何一个负权圈。\u003c/li\u003e\n\u003c/ol\u003e\u003cp\u003e程序将会输出 \u003cspan class=\"MathJax_Preview\"\u003eQ\u003c/span\u003e\u003cscript type=\"math/tex\"\u003eQ\u003c/script\u003e 行，每行一个整数，表示对应的 \u003cspan class=\"MathJax_Preview\"\u003ep(s_k , t_k)\u003c/span\u003e\u003cscript type=\"math/tex\"\u003ep(s_k , t_k)\u003c/script\u003e。而在输出的最后，所有提供的程序都会给出计数器对此输入的数值。\u003c/p\u003e",
      "misc": ""
    },
    {
      "title": "问题 1 样例",
      "content": "\u003ch4\u003einput\u003c/h4\u003e\u003cpre\u003e3\n2 1 4 2 1\n0\n1 1 2\n2\n0 1\n1 0\n\n\u003c/pre\u003e\u003ch4\u003eoutput\u003c/h4\u003e\u003cpre\u003e3\n1000000000\nThe value of counter is: 5\n\n\u003c/pre\u003e",
      "misc": ""
    },
    {
      "title": "问题 2：神秘问题",
      "content": "\u003cp\u003e给定一个包含 \u003cspan class=\"MathJax_Preview\"\u003eV\u003c/span\u003e\u003cscript type=\"math/tex\"\u003eV\u003c/script\u003e 个节点 \u003cspan class=\"MathJax_Preview\"\u003eE\u003c/span\u003e\u003cscript type=\"math/tex\"\u003eE\u003c/script\u003e 条边的无向图 \u003cspan class=\"MathJax_Preview\"\u003eG\u003c/span\u003e\u003cscript type=\"math/tex\"\u003eG\u003c/script\u003e，要求将所有的节点进行编号（编号范围为 \u003cspan class=\"MathJax_Preview\"\u003e[0, X-1]\u003c/span\u003e\u003cscript type=\"math/tex\"\u003e[0, X-1]\u003c/script\u003e），使得所有直接相连的节点均有不同的编号。找出符合题意的最小的 \u003cspan class=\"MathJax_Preview\"\u003eX\u003c/span\u003e\u003cscript type=\"math/tex\"\u003eX\u003c/script\u003e。\u003c/p\u003e",
      "misc": ""
    },
    {
      "title": "问题 2 输入输出格式",
      "content": "\u003cp\u003e输入数据的第一行包含两个整数 \u003cspan class=\"MathJax_Preview\" style=\"color: inherit;\"\u003e\u003cspan class=\"MJXp-math\" id=\"MJXp-Span-368\"\u003e\u003cspan class=\"MJXp-mi MJXp-italic\" id=\"MJXp-Span-369\"\u003eV\u003c/span\u003e\u003c/span\u003e\u003c/span\u003e\u003cscript type=\"math/tex\" id=\"MathJax-Element-89\"\u003eV\u003c/script\u003e 和 \u003cspan class=\"MathJax_Preview\" style=\"color: inherit;\"\u003e\u003cspan class=\"MJXp-math\" id=\"MJXp-Span-370\"\u003e\u003cspan class=\"MJXp-mi MJXp-italic\" id=\"MJXp-Span-371\"\u003eE\u003c/span\u003e\u003c/span\u003e\u003c/span\u003e\u003cscript type=\"math/tex\" id=\"MathJax-Element-90\"\u003eE\u003c/script\u003e。\u003c/p\u003e\u003cp\u003e接下来 \u003cspan class=\"MathJax_Preview\" style=\"color: inherit;\"\u003e\u003cspan class=\"MJXp-math\" id=\"MJXp-Span-372\"\u003e\u003cspan class=\"MJXp-mi MJXp-italic\" id=\"MJXp-Span-373\"\u003eE\u003c/span\u003e\u003c/span\u003e\u003c/span\u003e\u003cscript type=\"math/tex\" id=\"MathJax-Element-91\"\u003eE\u003c/script\u003e 行,每行两个整数 \u003cspan class=\"MathJax_Preview\" style=\"color: inherit;\"\u003e\u003cspan class=\"MJXp-math\" id=\"MJXp-Span-374\"\u003e\u003cspan class=\"MJXp-mi MJXp-italic\" id=\"MJXp-Span-375\"\u003ea\u003c/span\u003e\u003cspan class=\"MJXp-mo\" id=\"MJXp-Span-376\" style=\"margin-left: 0em; margin-right: 0.222em;\"\u003e,\u003c/span\u003e\u003cspan class=\"MJXp-mi MJXp-italic\" id=\"MJXp-Span-377\"\u003eb\u003c/span\u003e\u003c/span\u003e\u003c/span\u003e\u003cscript type=\"math/tex\" id=\"MathJax-Element-92\"\u003ea, b\u003c/script\u003e，表示 \u003cspan class=\"MathJax_Preview\" style=\"color: inherit;\"\u003e\u003cspan class=\"MJXp-math\" id=\"MJXp-Span-378\"\u003e\u003cspan class=\"MJXp-mi MJXp-italic\" id=\"MJXp-Span-379\"\u003ea\u003c/span\u003e\u003c/span\u003e\u003c/span\u003e\u003cscript type=\"math/tex\" id=\"MathJax-Element-93\"\u003ea\u003c/script\u003e 与 \u003cspan class=\"MathJax_Preview\" style=\"color: inherit;\"\u003e\u003cspan class=\"MJXp-math\" id=\"MJXp-Span-380\"\u003e\u003cspan class=\"MJXp-mi MJXp-italic\" id=\"MJXp-Span-381\"\u003eb\u003c/span\u003e\u003c/span\u003e\u003c/span\u003e\u003cscript type=\"math/tex\" id=\"MathJax-Element-94\"\u003eb\u003c/script\u003e 在 \u003cspan class=\"MathJax_Preview\" style=\"color: inherit;\"\u003e\u003cspan class=\"MJXp-math\" id=\"MJXp-Span-382\"\u003e\u003cspan class=\"MJXp-mi MJXp-italic\" id=\"MJXp-Span-383\"\u003eG\u003c/span\u003e\u003c/span\u003e\u003c/span\u003e\u003cscript type=\"math/tex\" id=\"MathJax-Element-95\"\u003eG\u003c/script\u003e 中直接相连。此外,输入数据应满足如下限制条件:\u003c/p\u003e\u003col\u003e\u003cli\u003e\u003cspan class=\"MathJax_Preview\" style=\"color: inherit;\"\u003e\u003cspan class=\"MJXp-math\" id=\"MJXp-Span-384\"\u003e\u003cspan class=\"MJXp-mn\" id=\"MJXp-Span-385\"\u003e70\u003c/span\u003e\u003cspan class=\"MJXp-mo\" id=\"MJXp-Span-386\" style=\"margin-left: 0.333em; margin-right: 0.333em;\"\u003e\u0026lt;\u003c/span\u003e\u003cspan class=\"MJXp-mi MJXp-italic\" id=\"MJXp-Span-387\"\u003eV\u003c/span\u003e\u003cspan class=\"MJXp-mo\" id=\"MJXp-Span-388\" style=\"margin-left: 0.333em; margin-right: 0.333em;\"\u003e\u0026lt;\u003c/span\u003e\u003cspan class=\"MJXp-mn\" id=\"MJXp-Span-389\"\u003e1000\u003c/span\u003e\u003c/span\u003e\u003c/span\u003e\u003cscript type=\"math/tex\" id=\"MathJax-Element-96\"\u003e70 \u003c V \u003c 1000\u003c/script\u003e\u003c/li\u003e\n\u003cli\u003e\u003cspan class=\"MathJax_Preview\" style=\"color: inherit;\"\u003e\u003cspan class=\"MJXp-math\" id=\"MJXp-Span-390\"\u003e\u003cspan class=\"MJXp-mn\" id=\"MJXp-Span-391\"\u003e1500\u003c/span\u003e\u003cspan class=\"MJXp-mo\" id=\"MJXp-Span-392\" style=\"margin-left: 0.333em; margin-right: 0.333em;\"\u003e\u0026lt;\u003c/span\u003e\u003cspan class=\"MJXp-mi MJXp-italic\" id=\"MJXp-Span-393\"\u003eE\u003c/span\u003e\u003cspan class=\"MJXp-mo\" id=\"MJXp-Span-394\" style=\"margin-left: 0.333em; margin-right: 0.333em;\"\u003e\u0026lt;\u003c/span\u003e\u003cspan class=\"MJXp-msubsup\" id=\"MJXp-Span-395\"\u003e\u003cspan class=\"MJXp-mn\" id=\"MJXp-Span-396\" style=\"margin-right: 0.05em;\"\u003e10\u003c/span\u003e\u003cspan class=\"MJXp-mn MJXp-script\" id=\"MJXp-Span-397\" style=\"vertical-align: 0.5em;\"\u003e6\u003c/span\u003e\u003c/span\u003e\u003c/span\u003e\u003c/span\u003e\u003cscript type=\"math/tex\" id=\"MathJax-Element-97\"\u003e1500 \u003c E \u003c 10^6\u003c/script\u003e\u003c/li\u003e\n\u003cli\u003e对于所有的边 \u003cspan class=\"MathJax_Preview\" style=\"color: inherit;\"\u003e\u003cspan class=\"MJXp-math\" id=\"MJXp-Span-398\"\u003e\u003cspan class=\"MJXp-mo\" id=\"MJXp-Span-399\" style=\"margin-left: 0em; margin-right: 0em;\"\u003e(\u003c/span\u003e\u003cspan class=\"MJXp-mi MJXp-italic\" id=\"MJXp-Span-400\"\u003ea\u003c/span\u003e\u003cspan class=\"MJXp-mo\" id=\"MJXp-Span-401\" style=\"margin-left: 0em; margin-right: 0.222em;\"\u003e,\u003c/span\u003e\u003cspan class=\"MJXp-mi MJXp-italic\" id=\"MJXp-Span-402\"\u003eb\u003c/span\u003e\u003cspan class=\"MJXp-mo\" id=\"MJXp-Span-403\" style=\"margin-left: 0em; margin-right: 0em;\"\u003e)\u003c/span\u003e\u003c/span\u003e\u003c/span\u003e\u003cscript type=\"math/tex\" id=\"MathJax-Element-98\"\u003e(a, b)\u003c/script\u003e，有 \u003cspan class=\"MathJax_Preview\" style=\"color: inherit;\"\u003e\u003cspan class=\"MJXp-math\" id=\"MJXp-Span-404\"\u003e\u003cspan class=\"MJXp-mi MJXp-italic\" id=\"MJXp-Span-405\"\u003ea\u003c/span\u003e\u003cspan class=\"MJXp-mo\" id=\"MJXp-Span-406\" style=\"margin-left: 0.333em; margin-right: 0.333em;\"\u003e≠\u003c/span\u003e\u003cspan class=\"MJXp-mi MJXp-italic\" id=\"MJXp-Span-407\"\u003eb\u003c/span\u003e\u003cspan class=\"MJXp-mo\" id=\"MJXp-Span-408\" style=\"margin-left: 0em; margin-right: 0.222em;\"\u003e,\u003c/span\u003e\u003cspan class=\"MJXp-mn\" id=\"MJXp-Span-409\"\u003e0\u003c/span\u003e\u003cspan class=\"MJXp-mo\" id=\"MJXp-Span-410\" style=\"margin-left: 0.333em; margin-right: 0.333em;\"\u003e≤\u003c/span\u003e\u003cspan class=\"MJXp-mi MJXp-italic\" id=\"MJXp-Span-411\"\u003ea\u003c/span\u003e\u003cspan class=\"MJXp-mo\" id=\"MJXp-Span-412\" style=\"margin-left: 0.333em; margin-right: 0.333em;\"\u003e\u0026lt;\u003c/span\u003e\u003cspan class=\"MJXp-mi MJXp-italic\" id=\"MJXp-Span-413\"\u003eV\u003c/span\u003e\u003cspan class=\"MJXp-mo\" id=\"MJXp-Span-414\" style=\"margin-left: 0em; margin-right: 0.222em;\"\u003e,\u003c/span\u003e\u003cspan class=\"MJXp-mn\" id=\"MJXp-Span-415\"\u003e0\u003c/span\u003e\u003cspan class=\"MJXp-mo\" id=\"MJXp-Span-416\" style=\"margin-left: 0.333em; margin-right: 0.333em;\"\u003e≤\u003c/span\u003e\u003cspan class=\"MJXp-mi MJXp-italic\" id=\"MJXp-Span-417\"\u003eb\u003c/span\u003e\u003cspan class=\"MJXp-mo\" id=\"MJXp-Span-418\" style=\"margin-left: 0.333em; margin-right: 0.333em;\"\u003e\u0026lt;\u003c/span\u003e\u003cspan class=\"MJXp-mi MJXp-italic\" id=\"MJXp-Span-419\"\u003eV\u003c/span\u003e\u003c/span\u003e\u003c/span\u003e\u003cscript type=\"math/tex\" id=\"MathJax-Element-99\"\u003ea \\neq b, 0 \\leq a \u003c V, 0 \\leq b \u003c V\u003c/script\u003e，不会重复描述一条边。\u003c/li\u003e\n\u003c/ol\u003e\u003cp\u003e程序将在第一行输出 \u003cspan class=\"MathJax_Preview\" style=\"color: inherit;\"\u003e\u003cspan class=\"MJXp-math\" id=\"MJXp-Span-420\"\u003e\u003cspan class=\"MJXp-mi MJXp-italic\" id=\"MJXp-Span-421\"\u003eX\u003c/span\u003e\u003c/span\u003e\u003c/span\u003e\u003cscript type=\"math/tex\" id=\"MathJax-Element-100\"\u003eX\u003c/script\u003e，即最小的编号范围，接下来在第二行中给出 \u003cspan class=\"MathJax_Preview\" style=\"color: inherit;\"\u003e\u003cspan class=\"MJXp-math\" id=\"MJXp-Span-422\"\u003e\u003cspan class=\"MJXp-mi MJXp-italic\" id=\"MJXp-Span-423\"\u003eV\u003c/span\u003e\u003c/span\u003e\u003c/span\u003e\u003cscript type=\"math/tex\" id=\"MathJax-Element-101\"\u003eV\u003c/script\u003e 个整\n数，依次描述节点 \u003cspan class=\"MathJax_Preview\" style=\"color: inherit;\"\u003e\u003cspan class=\"MJXp-math\" id=\"MJXp-Span-424\"\u003e\u003cspan class=\"MJXp-mn\" id=\"MJXp-Span-425\"\u003e0\u003c/span\u003e\u003c/span\u003e\u003c/span\u003e\u003cscript type=\"math/tex\" id=\"MathJax-Element-102\"\u003e0\u003c/script\u003e 至 \u003cspan class=\"MathJax_Preview\" style=\"color: inherit;\"\u003e\u003cspan class=\"MJXp-math\" id=\"MJXp-Span-426\"\u003e\u003cspan class=\"MJXp-mi MJXp-italic\" id=\"MJXp-Span-427\"\u003eV\u003c/span\u003e\u003cspan class=\"MJXp-mo\" id=\"MJXp-Span-428\" style=\"margin-left: 0em; margin-right: 0.222em;\"\u003e–\u003c/span\u003e\u003cspan class=\"MJXp-mn\" id=\"MJXp-Span-429\"\u003e1\u003c/span\u003e\u003c/span\u003e\u003c/span\u003e\u003cscript type=\"math/tex\" id=\"MathJax-Element-103\"\u003eV – 1\u003c/script\u003e 的编号。在输出的最后，所有提供的程序都会给出计数器对此输入的数值。\u003c/p\u003e",
      "misc": ""
    },
    {
      "title": "问题 2 样例",
      "content": "\u003ch4\u003einput\u003c/h4\u003e\u003cpre\u003e4 5\n0 1\n0 2\n0 3\n1 2\n2 3\n\n\u003c/pre\u003e\u003ch4\u003eoutput\u003c/h4\u003e\u003cpre\u003e3\n0 1 2 1\nThe value of counter is: 18\n\n\u003c/pre\u003e",
      "misc": ""
    },
    {
      "title": "附录：伪代码",
      "content": "\u003cp\u003e接下来是我们提供的所有程序的伪代码；变量 \u003csamp\u003ecounter\u003c/samp\u003e 近似描述出了程序的运行时间。评测时将会使用这些伪代码的 C++ 版本来进行评测。\u003c/p\u003e\u003ch4\u003eFloydWarshall\u003c/h4\u003e\u003cpre class=\"sh_sourceCode\"\u003e\u003ccode class=\"sh_cpp\"\u003e\u003cspan class=\"sh_comment\"\u003e// pre-condition: the graph is stored in an adjacency matrix M\u003c/span\u003e\ncounter \u003cspan class=\"sh_symbol\"\u003e=\u003c/span\u003e \u003cspan class=\"sh_number\"\u003e0\u003c/span\u003e\n\u003cspan class=\"sh_keyword\"\u003efor\u003c/span\u003e k \u003cspan class=\"sh_symbol\"\u003e=\u003c/span\u003e \u003cspan class=\"sh_number\"\u003e0\u003c/span\u003e \u003cspan class=\"sh_usertype\"\u003eto\u003c/span\u003e\u003cspan class=\"sh_normal\"\u003e \u003c/span\u003eV\u003cspan class=\"sh_number\"\u003e-1\u003c/span\u003e\n    \u003cspan class=\"sh_keyword\"\u003efor\u003c/span\u003e i \u003cspan class=\"sh_symbol\"\u003e=\u003c/span\u003e \u003cspan class=\"sh_number\"\u003e0\u003c/span\u003e \u003cspan class=\"sh_usertype\"\u003eto\u003c/span\u003e\u003cspan class=\"sh_normal\"\u003e \u003c/span\u003eV\u003cspan class=\"sh_number\"\u003e-1\u003c/span\u003e\n        \u003cspan class=\"sh_keyword\"\u003efor\u003c/span\u003e j \u003cspan class=\"sh_symbol\"\u003e=\u003c/span\u003e \u003cspan class=\"sh_number\"\u003e0\u003c/span\u003e \u003cspan class=\"sh_usertype\"\u003eto\u003c/span\u003e\u003cspan class=\"sh_normal\"\u003e \u003c/span\u003eV\u003cspan class=\"sh_number\"\u003e-1\u003c/span\u003e\n            increase counter by \u003cspan class=\"sh_number\"\u003e1\u003c/span\u003e\u003cspan class=\"sh_symbol\"\u003e;\u003c/span\u003e\n            M\u003cspan class=\"sh_symbol\"\u003e[\u003c/span\u003ei\u003cspan class=\"sh_symbol\"\u003e][\u003c/span\u003ej\u003cspan class=\"sh_symbol\"\u003e]\u003c/span\u003e \u003cspan class=\"sh_symbol\"\u003e=\u003c/span\u003e \u003cspan class=\"sh_function\"\u003emin\u003c/span\u003e\u003cspan class=\"sh_symbol\"\u003e(\u003c/span\u003eM\u003cspan class=\"sh_symbol\"\u003e[\u003c/span\u003ei\u003cspan class=\"sh_symbol\"\u003e][\u003c/span\u003ej\u003cspan class=\"sh_symbol\"\u003e],\u003c/span\u003e M\u003cspan class=\"sh_symbol\"\u003e[\u003c/span\u003ei\u003cspan class=\"sh_symbol\"\u003e][\u003c/span\u003ek\u003cspan class=\"sh_symbol\"\u003e]\u003c/span\u003e \u003cspan class=\"sh_symbol\"\u003e+\u003c/span\u003e M\u003cspan class=\"sh_symbol\"\u003e[\u003c/span\u003ek\u003cspan class=\"sh_symbol\"\u003e][\u003c/span\u003ej\u003cspan class=\"sh_symbol\"\u003e]);\u003c/span\u003e\n\u003cspan class=\"sh_keyword\"\u003efor\u003c/span\u003e each \u003cspan class=\"sh_usertype\"\u003equery\u003c/span\u003e\u003cspan class=\"sh_normal\"\u003e \u003c/span\u003e\u003cspan class=\"sh_function\"\u003ep\u003c/span\u003e\u003cspan class=\"sh_symbol\"\u003e(\u003c/span\u003es\u003cspan class=\"sh_symbol\"\u003e,\u003c/span\u003et\u003cspan class=\"sh_symbol\"\u003e)\u003c/span\u003e\n    \u003cspan class=\"sh_usertype\"\u003eoutput\u003c/span\u003e\u003cspan class=\"sh_normal\"\u003e \u003c/span\u003eM\u003cspan class=\"sh_symbol\"\u003e[\u003c/span\u003es\u003cspan class=\"sh_symbol\"\u003e][\u003c/span\u003et\u003cspan class=\"sh_symbol\"\u003e];\u003c/span\u003e\u003c/code\u003e\u003c/pre\u003e\u003ch4\u003eOptimizedBellmanFord\u003c/h4\u003e\u003cpre class=\"sh_sourceCode\"\u003e\u003ccode class=\"sh_cpp\"\u003e\u003cspan class=\"sh_comment\"\u003e// pre-condition: the graph is stored in an adjacency list L\u003c/span\u003e\ncounter \u003cspan class=\"sh_symbol\"\u003e=\u003c/span\u003e \u003cspan class=\"sh_number\"\u003e0\u003c/span\u003e\n\u003cspan class=\"sh_keyword\"\u003efor\u003c/span\u003e each \u003cspan class=\"sh_usertype\"\u003equery\u003c/span\u003e\u003cspan class=\"sh_normal\"\u003e \u003c/span\u003e\u003cspan class=\"sh_function\"\u003ep\u003c/span\u003e\u003cspan class=\"sh_symbol\"\u003e(\u003c/span\u003es\u003cspan class=\"sh_symbol\"\u003e,\u003c/span\u003et\u003cspan class=\"sh_symbol\"\u003e);\u003c/span\u003e\n    dist\u003cspan class=\"sh_symbol\"\u003e[\u003c/span\u003es\u003cspan class=\"sh_symbol\"\u003e]\u003c/span\u003e \u003cspan class=\"sh_symbol\"\u003e=\u003c/span\u003e \u003cspan class=\"sh_number\"\u003e0\u003c/span\u003e\u003cspan class=\"sh_symbol\"\u003e;\u003c/span\u003e \u003cspan class=\"sh_comment\"\u003e// s is the source vertex\u003c/span\u003e\n    \u003cspan class=\"sh_usertype\"\u003eloop\u003c/span\u003e\u003cspan class=\"sh_normal\"\u003e \u003c/span\u003eV\u003cspan class=\"sh_number\"\u003e-1\u003c/span\u003e times\n        change \u003cspan class=\"sh_symbol\"\u003e=\u003c/span\u003e \u003cspan class=\"sh_keyword\"\u003efalse\u003c/span\u003e\u003cspan class=\"sh_symbol\"\u003e;\u003c/span\u003e\n        \u003cspan class=\"sh_keyword\"\u003efor\u003c/span\u003e \u003cspan class=\"sh_usertype\"\u003eeach\u003c/span\u003e\u003cspan class=\"sh_normal\"\u003e \u003c/span\u003e\u003cspan class=\"sh_function\"\u003eedge\u003c/span\u003e \u003cspan class=\"sh_symbol\"\u003e(\u003c/span\u003eu\u003cspan class=\"sh_symbol\"\u003e,\u003c/span\u003ev\u003cspan class=\"sh_symbol\"\u003e)\u003c/span\u003e in L\n            increase counter by \u003cspan class=\"sh_number\"\u003e1\u003c/span\u003e\u003cspan class=\"sh_symbol\"\u003e;\u003c/span\u003e\n            \u003cspan class=\"sh_keyword\"\u003eif\u003c/span\u003e dist\u003cspan class=\"sh_symbol\"\u003e[\u003c/span\u003eu\u003cspan class=\"sh_symbol\"\u003e]\u003c/span\u003e \u003cspan class=\"sh_symbol\"\u003e+\u003c/span\u003e \u003cspan class=\"sh_function\"\u003eweight\u003c/span\u003e\u003cspan class=\"sh_symbol\"\u003e(\u003c/span\u003eu\u003cspan class=\"sh_symbol\"\u003e,\u003c/span\u003ev\u003cspan class=\"sh_symbol\"\u003e)\u003c/span\u003e \u003cspan class=\"sh_symbol\"\u003e\u0026lt;\u003c/span\u003e dist\u003cspan class=\"sh_symbol\"\u003e[\u003c/span\u003ev\u003cspan class=\"sh_symbol\"\u003e]\u003c/span\u003e\n                dist\u003cspan class=\"sh_symbol\"\u003e[\u003c/span\u003ev\u003cspan class=\"sh_symbol\"\u003e]\u003c/span\u003e \u003cspan class=\"sh_symbol\"\u003e=\u003c/span\u003e dist\u003cspan class=\"sh_symbol\"\u003e[\u003c/span\u003eu\u003cspan class=\"sh_symbol\"\u003e]\u003c/span\u003e \u003cspan class=\"sh_symbol\"\u003e+\u003c/span\u003e \u003cspan class=\"sh_function\"\u003eweight\u003c/span\u003e\u003cspan class=\"sh_symbol\"\u003e(\u003c/span\u003eu\u003cspan class=\"sh_symbol\"\u003e,\u003c/span\u003ev\u003cspan class=\"sh_symbol\"\u003e);\u003c/span\u003e\n                change \u003cspan class=\"sh_symbol\"\u003e=\u003c/span\u003e \u003cspan class=\"sh_keyword\"\u003etrue\u003c/span\u003e\u003cspan class=\"sh_symbol\"\u003e;\u003c/span\u003e\n        \u003cspan class=\"sh_keyword\"\u003eif\u003c/span\u003e change \u003cspan class=\"sh_usertype\"\u003eis\u003c/span\u003e\u003cspan class=\"sh_normal\"\u003e \u003c/span\u003e\u003cspan class=\"sh_keyword\"\u003efalse\u003c/span\u003e \u003cspan class=\"sh_comment\"\u003e// this is the ’optimized’ Bellman Ford\u003c/span\u003e\n            \u003cspan class=\"sh_keyword\"\u003ebreak\u003c/span\u003e from the \u003cspan class=\"sh_usertype\"\u003eoutermost\u003c/span\u003e\u003cspan class=\"sh_normal\"\u003e \u003c/span\u003eloop\u003cspan class=\"sh_symbol\"\u003e;\u003c/span\u003e\n    \u003cspan class=\"sh_usertype\"\u003eoutput\u003c/span\u003e\u003cspan class=\"sh_normal\"\u003e \u003c/span\u003edist\u003cspan class=\"sh_symbol\"\u003e[\u003c/span\u003et\u003cspan class=\"sh_symbol\"\u003e];\u003c/span\u003e\u003c/code\u003e\u003c/pre\u003e\u003ch4\u003eModifiedDijkstra\u003c/h4\u003e\u003cpre class=\"sh_sourceCode\"\u003e\u003ccode class=\"sh_cpp\"\u003e\u003cspan class=\"sh_comment\"\u003e// pre-condition: the graph is stored in an adjacency list L\u003c/span\u003e\ncounter \u003cspan class=\"sh_symbol\"\u003e=\u003c/span\u003e \u003cspan class=\"sh_number\"\u003e0\u003c/span\u003e\u003cspan class=\"sh_symbol\"\u003e;\u003c/span\u003e\n\u003cspan class=\"sh_keyword\"\u003efor\u003c/span\u003e each \u003cspan class=\"sh_usertype\"\u003equery\u003c/span\u003e\u003cspan class=\"sh_normal\"\u003e \u003c/span\u003e\u003cspan class=\"sh_function\"\u003ep\u003c/span\u003e\u003cspan class=\"sh_symbol\"\u003e(\u003c/span\u003es\u003cspan class=\"sh_symbol\"\u003e,\u003c/span\u003et\u003cspan class=\"sh_symbol\"\u003e)\u003c/span\u003e\n    dist\u003cspan class=\"sh_symbol\"\u003e[\u003c/span\u003es\u003cspan class=\"sh_symbol\"\u003e]\u003c/span\u003e \u003cspan class=\"sh_symbol\"\u003e=\u003c/span\u003e \u003cspan class=\"sh_number\"\u003e0\u003c/span\u003e\u003cspan class=\"sh_symbol\"\u003e;\u003c/span\u003e\n    pq\u003cspan class=\"sh_symbol\"\u003e.\u003c/span\u003e\u003cspan class=\"sh_function\"\u003epush\u003c/span\u003e\u003cspan class=\"sh_symbol\"\u003e(\u003c/span\u003e\u003cspan class=\"sh_function\"\u003epair\u003c/span\u003e\u003cspan class=\"sh_symbol\"\u003e(\u003c/span\u003e\u003cspan class=\"sh_number\"\u003e0\u003c/span\u003e\u003cspan class=\"sh_symbol\"\u003e,\u003c/span\u003e s\u003cspan class=\"sh_symbol\"\u003e));\u003c/span\u003e \u003cspan class=\"sh_comment\"\u003e// pq is a priority queue\u003c/span\u003e\n    \u003cspan class=\"sh_keyword\"\u003ewhile\u003c/span\u003e pq is not empty\n        increase counter by \u003cspan class=\"sh_number\"\u003e1\u003c/span\u003e\u003cspan class=\"sh_symbol\"\u003e;\u003c/span\u003e\n        \u003cspan class=\"sh_symbol\"\u003e(\u003c/span\u003ed\u003cspan class=\"sh_symbol\"\u003e,\u003c/span\u003e u\u003cspan class=\"sh_symbol\"\u003e)\u003c/span\u003e \u003cspan class=\"sh_symbol\"\u003e=\u003c/span\u003e the top element \u003cspan class=\"sh_usertype\"\u003eof\u003c/span\u003e\u003cspan class=\"sh_normal\"\u003e \u003c/span\u003epq\u003cspan class=\"sh_symbol\"\u003e;\u003c/span\u003e\n        remove the top element \u003cspan class=\"sh_usertype\"\u003efrom\u003c/span\u003e\u003cspan class=\"sh_normal\"\u003e \u003c/span\u003epq\u003cspan class=\"sh_symbol\"\u003e;\u003c/span\u003e\n        \u003cspan class=\"sh_keyword\"\u003eif\u003c/span\u003e \u003cspan class=\"sh_symbol\"\u003e(\u003c/span\u003ed \u003cspan class=\"sh_symbol\"\u003e==\u003c/span\u003e dist\u003cspan class=\"sh_symbol\"\u003e[\u003c/span\u003eu\u003cspan class=\"sh_symbol\"\u003e])\u003c/span\u003e\n            \u003cspan class=\"sh_keyword\"\u003efor\u003c/span\u003e \u003cspan class=\"sh_usertype\"\u003eeach\u003c/span\u003e\u003cspan class=\"sh_normal\"\u003e \u003c/span\u003e\u003cspan class=\"sh_function\"\u003eedge\u003c/span\u003e \u003cspan class=\"sh_symbol\"\u003e(\u003c/span\u003eu\u003cspan class=\"sh_symbol\"\u003e,\u003c/span\u003ev\u003cspan class=\"sh_symbol\"\u003e)\u003c/span\u003e in L\n                \u003cspan class=\"sh_keyword\"\u003eif\u003c/span\u003e \u003cspan class=\"sh_symbol\"\u003e(\u003c/span\u003edist\u003cspan class=\"sh_symbol\"\u003e[\u003c/span\u003eu\u003cspan class=\"sh_symbol\"\u003e]\u003c/span\u003e \u003cspan class=\"sh_symbol\"\u003e+\u003c/span\u003e \u003cspan class=\"sh_function\"\u003eweight\u003c/span\u003e\u003cspan class=\"sh_symbol\"\u003e(\u003c/span\u003eu\u003cspan class=\"sh_symbol\"\u003e,\u003c/span\u003ev\u003cspan class=\"sh_symbol\"\u003e)\u003c/span\u003e \u003cspan class=\"sh_symbol\"\u003e)\u003c/span\u003e \u003cspan class=\"sh_symbol\"\u003e\u0026lt;\u003c/span\u003e dist\u003cspan class=\"sh_symbol\"\u003e[\u003c/span\u003ev\u003cspan class=\"sh_symbol\"\u003e]\u003c/span\u003e\n                    dist\u003cspan class=\"sh_symbol\"\u003e[\u003c/span\u003ev\u003cspan class=\"sh_symbol\"\u003e]\u003c/span\u003e \u003cspan class=\"sh_symbol\"\u003e=\u003c/span\u003e dist\u003cspan class=\"sh_symbol\"\u003e[\u003c/span\u003eu\u003cspan class=\"sh_symbol\"\u003e]\u003c/span\u003e \u003cspan class=\"sh_symbol\"\u003e+\u003c/span\u003e \u003cspan class=\"sh_function\"\u003eweight\u003c/span\u003e\u003cspan class=\"sh_symbol\"\u003e(\u003c/span\u003eu\u003cspan class=\"sh_symbol\"\u003e,\u003c/span\u003ev\u003cspan class=\"sh_symbol\"\u003e);\u003c/span\u003e\n                    \u003cspan class=\"sh_usertype\"\u003einsert\u003c/span\u003e\u003cspan class=\"sh_normal\"\u003e \u003c/span\u003e\u003cspan class=\"sh_function\"\u003epair\u003c/span\u003e \u003cspan class=\"sh_symbol\"\u003e(\u003c/span\u003edist\u003cspan class=\"sh_symbol\"\u003e[\u003c/span\u003ev\u003cspan class=\"sh_symbol\"\u003e],\u003c/span\u003e v\u003cspan class=\"sh_symbol\"\u003e)\u003c/span\u003e into \u003cspan class=\"sh_usertype\"\u003ethe\u003c/span\u003e\u003cspan class=\"sh_normal\"\u003e \u003c/span\u003epq\u003cspan class=\"sh_symbol\"\u003e;\u003c/span\u003e\n    \u003cspan class=\"sh_usertype\"\u003eoutput\u003c/span\u003e\u003cspan class=\"sh_normal\"\u003e \u003c/span\u003edist\u003cspan class=\"sh_symbol\"\u003e[\u003c/span\u003et\u003cspan class=\"sh_symbol\"\u003e];\u003c/span\u003e\u003c/code\u003e\u003c/pre\u003e\u003ch4\u003eGamble1\u003c/h4\u003e\u003cpre class=\"sh_sourceCode\"\u003e\u003ccode class=\"sh_cpp\"\u003e\u003cspan class=\"sh_usertype\"\u003eSets\u003c/span\u003e\u003cspan class=\"sh_normal\"\u003e \u003c/span\u003eX \u003cspan class=\"sh_symbol\"\u003e=\u003c/span\u003e V\u003cspan class=\"sh_symbol\"\u003e;\u003c/span\u003e\nlabels vertex \u003cspan class=\"sh_usertype\"\u003ei\u003c/span\u003e\u003cspan class=\"sh_normal\"\u003e \u003c/span\u003ein \u003cspan class=\"sh_symbol\"\u003e[\u003c/span\u003e\u003cspan class=\"sh_number\"\u003e0\u003c/span\u003e\u003cspan class=\"sh_symbol\"\u003e..\u003c/span\u003eV\u003cspan class=\"sh_number\"\u003e-1\u003c/span\u003e\u003cspan class=\"sh_symbol\"\u003e]\u003c/span\u003e \u003cspan class=\"sh_usertype\"\u003ewith\u003c/span\u003e\u003cspan class=\"sh_normal\"\u003e \u003c/span\u003ei\u003cspan class=\"sh_symbol\"\u003e;\u003c/span\u003e\n\u003cspan class=\"sh_usertype\"\u003eSets\u003c/span\u003e\u003cspan class=\"sh_normal\"\u003e \u003c/span\u003ecounter \u003cspan class=\"sh_symbol\"\u003e=\u003c/span\u003e \u003cspan class=\"sh_number\"\u003e0\u003c/span\u003e\u003cspan class=\"sh_symbol\"\u003e;\u003c/span\u003e \u003cspan class=\"sh_comment\"\u003e// will never get TLE\u003c/span\u003e\u003c/code\u003e\u003c/pre\u003e\u003ch4\u003eGamble2\u003c/h4\u003e\u003cpre class=\"sh_sourceCode\"\u003e\u003ccode class=\"sh_cpp\"\u003e\u003cspan class=\"sh_usertype\"\u003eSets\u003c/span\u003e\u003cspan class=\"sh_normal\"\u003e \u003c/span\u003eX \u003cspan class=\"sh_symbol\"\u003e=\u003c/span\u003e V\u003cspan class=\"sh_symbol\"\u003e;\u003c/span\u003e\nlabels vertex \u003cspan class=\"sh_usertype\"\u003ei\u003c/span\u003e\u003cspan class=\"sh_normal\"\u003e \u003c/span\u003ein \u003cspan class=\"sh_symbol\"\u003e[\u003c/span\u003e\u003cspan class=\"sh_number\"\u003e0\u003c/span\u003e\u003cspan class=\"sh_symbol\"\u003e..\u003c/span\u003eV\u003cspan class=\"sh_number\"\u003e-1\u003c/span\u003e\u003cspan class=\"sh_symbol\"\u003e]\u003c/span\u003e \u003cspan class=\"sh_usertype\"\u003ewith\u003c/span\u003e\u003cspan class=\"sh_normal\"\u003e \u003c/span\u003ei\u003cspan class=\"sh_symbol\"\u003e;\u003c/span\u003e\n\u003cspan class=\"sh_usertype\"\u003eSets\u003c/span\u003e\u003cspan class=\"sh_normal\"\u003e \u003c/span\u003ecounter \u003cspan class=\"sh_symbol\"\u003e=\u003c/span\u003e \u003cspan class=\"sh_number\"\u003e1000001\u003c/span\u003e\u003cspan class=\"sh_symbol\"\u003e;\u003c/span\u003e \u003cspan class=\"sh_comment\"\u003e// force this to get TLE\u003c/span\u003e\u003c/code\u003e\u003c/pre\u003e\u003ch4\u003eRecursiveBacktracking\u003c/h4\u003e\u003cp\u003eThis algorithm tries \u003cspan class=\"MathJax_Preview\" style=\"color: inherit;\"\u003e\u003cspan class=\"MJXp-math\" id=\"MJXp-Span-430\"\u003e\u003cspan class=\"MJXp-mi MJXp-italic\" id=\"MJXp-Span-431\"\u003eX\u003c/span\u003e\u003c/span\u003e\u003c/span\u003e\u003cscript type=\"math/tex\" id=\"MathJax-Element-104\"\u003eX\u003c/script\u003e from \u003cspan class=\"MathJax_Preview\" style=\"color: inherit;\"\u003e\u003cspan class=\"MJXp-math\" id=\"MJXp-Span-432\"\u003e\u003cspan class=\"MJXp-mn\" id=\"MJXp-Span-433\"\u003e2\u003c/span\u003e\u003c/span\u003e\u003c/span\u003e\u003cscript type=\"math/tex\" id=\"MathJax-Element-105\"\u003e2\u003c/script\u003e to \u003cspan class=\"MathJax_Preview\" style=\"color: inherit;\"\u003e\u003cspan class=\"MJXp-math\" id=\"MJXp-Span-434\"\u003e\u003cspan class=\"MJXp-mi MJXp-italic\" id=\"MJXp-Span-435\"\u003eV\u003c/span\u003e\u003c/span\u003e\u003c/span\u003e\u003cscript type=\"math/tex\" id=\"MathJax-Element-106\"\u003eV\u003c/script\u003e one by one and stops at the first valid \u003cspan class=\"MathJax_Preview\" style=\"color: inherit;\"\u003e\u003cspan class=\"MJXp-math\" id=\"MJXp-Span-436\"\u003e\u003cspan class=\"MJXp-mi MJXp-italic\" id=\"MJXp-Span-437\"\u003eX\u003c/span\u003e\u003c/span\u003e\u003c/span\u003e\u003cscript type=\"math/tex\" id=\"MathJax-Element-107\"\u003eX\u003c/script\u003e.\u003c/p\u003e\u003cp\u003eFor each \u003cspan class=\"MathJax_Preview\" style=\"color: inherit;\"\u003e\u003cspan class=\"MJXp-math\" id=\"MJXp-Span-438\"\u003e\u003cspan class=\"MJXp-mi MJXp-italic\" id=\"MJXp-Span-439\"\u003eX\u003c/span\u003e\u003c/span\u003e\u003c/span\u003e\u003cscript type=\"math/tex\" id=\"MathJax-Element-108\"\u003eX\u003c/script\u003e, the backtracking routine label vertex \u003cspan class=\"MathJax_Preview\" style=\"color: inherit;\"\u003e\u003cspan class=\"MJXp-math\" id=\"MJXp-Span-440\"\u003e\u003cspan class=\"MJXp-mn\" id=\"MJXp-Span-441\"\u003e0\u003c/span\u003e\u003c/span\u003e\u003c/span\u003e\u003cscript type=\"math/tex\" id=\"MathJax-Element-109\"\u003e0\u003c/script\u003e with \u003cspan class=\"MathJax_Preview\" style=\"color: inherit;\"\u003e\u003cspan class=\"MJXp-math\" id=\"MJXp-Span-442\"\u003e\u003cspan class=\"MJXp-mn\" id=\"MJXp-Span-443\"\u003e0\u003c/span\u003e\u003c/span\u003e\u003c/span\u003e\u003cscript type=\"math/tex\" id=\"MathJax-Element-110\"\u003e0\u003c/script\u003e, then for each vertex \u003cspan class=\"MathJax_Preview\" style=\"color: inherit;\"\u003e\u003cspan class=\"MJXp-math\" id=\"MJXp-Span-444\"\u003e\u003cspan class=\"MJXp-mi MJXp-italic\" id=\"MJXp-Span-445\"\u003eu\u003c/span\u003e\u003c/span\u003e\u003c/span\u003e\u003cscript type=\"math/tex\" id=\"MathJax-Element-111\"\u003eu\u003c/script\u003e that has been assigned a label, the backtracking routine tries to assign the smallest possible label up to label \u003cspan class=\"MathJax_Preview\" style=\"color: inherit;\"\u003e\u003cspan class=\"MJXp-math\" id=\"MJXp-Span-446\"\u003e\u003cspan class=\"MJXp-mi MJXp-italic\" id=\"MJXp-Span-447\"\u003eX\u003c/span\u003e\u003cspan class=\"MJXp-mo\" id=\"MJXp-Span-448\" style=\"margin-left: 0.267em; margin-right: 0.267em;\"\u003e−\u003c/span\u003e\u003cspan class=\"MJXp-mn\" id=\"MJXp-Span-449\"\u003e1\u003c/span\u003e\u003c/span\u003e\u003c/span\u003e\u003cscript type=\"math/tex\" id=\"MathJax-Element-112\"\u003eX-1\u003c/script\u003e to its neighbor \u003cspan class=\"MathJax_Preview\" style=\"color: inherit;\"\u003e\u003cspan class=\"MJXp-math\" id=\"MJXp-Span-450\"\u003e\u003cspan class=\"MJXp-mi MJXp-italic\" id=\"MJXp-Span-451\"\u003ev\u003c/span\u003e\u003c/span\u003e\u003c/span\u003e\u003cscript type=\"math/tex\" id=\"MathJax-Element-113\"\u003ev\u003c/script\u003e, and backtracks if necessary.\u003c/p\u003e\u003cp\u003ePlease check RecursiveBacktracking.cpp/pas to see the exact lines where the iteration counter is increased by \u003cspan class=\"MathJax_Preview\" style=\"color: inherit;\"\u003e\u003cspan class=\"MJXp-math\" id=\"MJXp-Span-452\"\u003e\u003cspan class=\"MJXp-mn\" id=\"MJXp-Span-453\"\u003e1\u003c/span\u003e\u003c/span\u003e\u003c/span\u003e\u003cscript type=\"math/tex\" id=\"MathJax-Element-114\"\u003e1\u003c/script\u003e.\u003c/p\u003e",
      "misc": ""
    },
    {
      "title": "下载",
      "content": "\u003cp\u003e\u003ca href=\"/download.php?type=problem\u0026amp;id=109\"\u003e源程序下载\u003c/a\u003e\u003c/p\u003e",
      "misc": ""
    }
  ],
  "samples": [],
  "tags": [
    "UOJ",
    "APIO2013"
  ],
  "rules": {
    "runtime": "0",
    "memory": "0",
    "stack": "0",
    "source": "51200"
  },
  "meta": {
    "created": "2021-04-09T21:31:48.833157167+08:00",
    "updated": "2021-04-09T21:31:48.833157167+08:00",
    "checked": "2021-04-09T21:31:48.833157167+08:00"
  },
  "misc": ""
}
