{
  "id": "135",
  "title": "包子晚宴",
  "type": "answer_submission",
  "sections": [
    {
      "title": "",
      "content": "\u003cp\u003e为了庆祝 UOJ Round #9 的成功开赛，主办方为大家准备了一桌包子晚宴。NOI出题人也被邀请参加了包子晚宴。\u003c/p\u003e\u003cp\u003e谁知包子晚宴吃到一半，突然主办方把面具一摘，露出他的真身 —— 奸笑熊：“还记得我吗？我就是因为你的寿司晚宴才没拿金牌的！”\u003c/p\u003e\u003cp\u003eNOI出题人大惊失色，原来这是鸿门宴！\u003c/p\u003e\u003cp\u003e奸笑熊一挥手，所有的门窗都被关闭了。奸笑熊掌心朝上，所有的包子都悬浮在了空中，再那么一指，所有的包子形成了一张大幕，朝NOI出题人飞去。\u003c/p\u003e\u003cp\u003e还好还好，NOI出题人玩过东方 Project，熟悉躲子弹的那一套理论。\u003c/p\u003e\u003cp\u003e\u0026nbsp;\u003c/p\u003e\u003cp\u003e我们假设晚宴所在的房间是二维的，是一个宽度为 \u003cspan class=\"MathJax_Preview\" style=\"color: inherit;\"\u003e\u003cspan class=\"MJXp-math\" id=\"MJXp-Span-1\"\u003e\u003cspan class=\"MJXp-mi MJXp-italic\" id=\"MJXp-Span-2\"\u003ew\u003c/span\u003e\u003c/span\u003e\u003c/span\u003e\u003cscript type=\"math/tex\" id=\"MathJax-Element-1\"\u003ew\u003c/script\u003e 高度为 \u003cspan class=\"MathJax_Preview\" style=\"color: inherit;\"\u003e\u003cspan class=\"MJXp-math\" id=\"MJXp-Span-3\"\u003e\u003cspan class=\"MJXp-mi MJXp-italic\" id=\"MJXp-Span-4\"\u003eh\u003c/span\u003e\u003c/span\u003e\u003c/span\u003e\u003cscript type=\"math/tex\" id=\"MathJax-Element-2\"\u003eh\u003c/script\u003e 的矩形，NOI出题人可以抽象为一个\u003cstrong\u003e\u003cu\u003e没有大小的点\u003c/u\u003e\u003c/strong\u003e，包子可以抽象为一个圆。\u003c/p\u003e\u003cp\u003e我们以\u003cstrong\u003e\u003cu\u003e矩形左上角\u003c/u\u003e\u003c/strong\u003e为原点，宽为 \u003cspan class=\"MathJax_Preview\" style=\"color: inherit;\"\u003e\u003cspan class=\"MJXp-math\" id=\"MJXp-Span-5\"\u003e\u003cspan class=\"MJXp-mi MJXp-italic\" id=\"MJXp-Span-6\"\u003ex\u003c/span\u003e\u003c/span\u003e\u003c/span\u003e\u003cscript type=\"math/tex\" id=\"MathJax-Element-3\"\u003ex\u003c/script\u003e 轴（\u003cstrong\u003e\u003cu\u003e正方向向右\u003c/u\u003e\u003c/strong\u003e）高为 \u003cspan class=\"MathJax_Preview\" style=\"color: inherit;\"\u003e\u003cspan class=\"MJXp-math\" id=\"MJXp-Span-7\"\u003e\u003cspan class=\"MJXp-mi MJXp-italic\" id=\"MJXp-Span-8\"\u003ey\u003c/span\u003e\u003c/span\u003e\u003c/span\u003e\u003cscript type=\"math/tex\" id=\"MathJax-Element-4\"\u003ey\u003c/script\u003e 轴（\u003cstrong\u003e\u003cu\u003e正方向向下\u003c/u\u003e\u003c/strong\u003e）建立平面直角坐标系。\u003c/p\u003e\u003cp\u003e假设NOI出题人的位置在 \u003cspan class=\"MathJax_Preview\" style=\"color: inherit;\"\u003e\u003cspan class=\"MJXp-math\" id=\"MJXp-Span-9\"\u003e\u003cspan class=\"MJXp-mo\" id=\"MJXp-Span-10\" style=\"margin-left: 0em; margin-right: 0em;\"\u003e(\u003c/span\u003e\u003cspan class=\"MJXp-mi MJXp-italic\" id=\"MJXp-Span-11\"\u003ex\u003c/span\u003e\u003cspan class=\"MJXp-mo\" id=\"MJXp-Span-12\" style=\"margin-left: 0em; margin-right: 0.222em;\"\u003e,\u003c/span\u003e\u003cspan class=\"MJXp-mi MJXp-italic\" id=\"MJXp-Span-13\"\u003ey\u003c/span\u003e\u003cspan class=\"MJXp-mo\" id=\"MJXp-Span-14\" style=\"margin-left: 0em; margin-right: 0em;\"\u003e)\u003c/span\u003e\u003c/span\u003e\u003c/span\u003e\u003cscript type=\"math/tex\" id=\"MathJax-Element-5\"\u003e(x, y)\u003c/script\u003e，那么NOI出题人的\u003cstrong\u003e\u003cu\u003e中弹范围\u003c/u\u003e\u003c/strong\u003e是一个以 \u003cspan class=\"MathJax_Preview\" style=\"color: inherit;\"\u003e\u003cspan class=\"MJXp-math\" id=\"MJXp-Span-15\"\u003e\u003cspan class=\"MJXp-mo\" id=\"MJXp-Span-16\" style=\"margin-left: 0em; margin-right: 0em;\"\u003e(\u003c/span\u003e\u003cspan class=\"MJXp-mi MJXp-italic\" id=\"MJXp-Span-17\"\u003ex\u003c/span\u003e\u003cspan class=\"MJXp-mo\" id=\"MJXp-Span-18\" style=\"margin-left: 0em; margin-right: 0.222em;\"\u003e,\u003c/span\u003e\u003cspan class=\"MJXp-mi MJXp-italic\" id=\"MJXp-Span-19\"\u003ey\u003c/span\u003e\u003cspan class=\"MJXp-mo\" id=\"MJXp-Span-20\" style=\"margin-left: 0em; margin-right: 0em;\"\u003e)\u003c/span\u003e\u003c/span\u003e\u003c/span\u003e\u003cscript type=\"math/tex\" id=\"MathJax-Element-6\"\u003e(x, y)\u003c/script\u003e 为圆心，半径为 \u003cspan class=\"MathJax_Preview\" style=\"color: inherit;\"\u003e\u003cspan class=\"MJXp-math\" id=\"MJXp-Span-21\"\u003e\u003cspan class=\"MJXp-mi MJXp-italic\" id=\"MJXp-Span-22\"\u003er\u003c/span\u003e\u003c/span\u003e\u003c/span\u003e\u003cscript type=\"math/tex\" id=\"MathJax-Element-7\"\u003er\u003c/script\u003e 的圆；NOI出题人的\u003cstrong\u003e\u003cu\u003e擦弹范围\u003c/u\u003e\u003c/strong\u003e是一个以 \u003cspan class=\"MathJax_Preview\" style=\"color: inherit;\"\u003e\u003cspan class=\"MJXp-math\" id=\"MJXp-Span-23\"\u003e\u003cspan class=\"MJXp-mo\" id=\"MJXp-Span-24\" style=\"margin-left: 0em; margin-right: 0em;\"\u003e(\u003c/span\u003e\u003cspan class=\"MJXp-mi MJXp-italic\" id=\"MJXp-Span-25\"\u003ex\u003c/span\u003e\u003cspan class=\"MJXp-mo\" id=\"MJXp-Span-26\" style=\"margin-left: 0em; margin-right: 0.222em;\"\u003e,\u003c/span\u003e\u003cspan class=\"MJXp-mi MJXp-italic\" id=\"MJXp-Span-27\"\u003ey\u003c/span\u003e\u003cspan class=\"MJXp-mo\" id=\"MJXp-Span-28\" style=\"margin-left: 0em; margin-right: 0em;\"\u003e)\u003c/span\u003e\u003c/span\u003e\u003c/span\u003e\u003cscript type=\"math/tex\" id=\"MathJax-Element-8\"\u003e(x, y)\u003c/script\u003e 为圆心，半径为 \u003cspan class=\"MathJax_Preview\" style=\"color: inherit;\"\u003e\u003cspan class=\"MJXp-math\" id=\"MJXp-Span-29\"\u003e\u003cspan class=\"MJXp-mi MJXp-italic\" id=\"MJXp-Span-30\"\u003eR\u003c/span\u003e\u003c/span\u003e\u003c/span\u003e\u003cscript type=\"math/tex\" id=\"MathJax-Element-9\"\u003eR\u003c/script\u003e 的圆。保证 \u003cspan class=\"MathJax_Preview\" style=\"color: inherit;\"\u003e\u003cspan class=\"MJXp-math\" id=\"MJXp-Span-31\"\u003e\u003cspan class=\"MJXp-mi MJXp-italic\" id=\"MJXp-Span-32\"\u003eR\u003c/span\u003e\u003cspan class=\"MJXp-mo\" id=\"MJXp-Span-33\" style=\"margin-left: 0.333em; margin-right: 0.333em;\"\u003e\u0026gt;\u003c/span\u003e\u003cspan class=\"MJXp-mi MJXp-italic\" id=\"MJXp-Span-34\"\u003er\u003c/span\u003e\u003c/span\u003e\u003c/span\u003e\u003cscript type=\"math/tex\" id=\"MathJax-Element-10\"\u003eR \u003e r\u003c/script\u003e。\u003c/p\u003e\u003cp\u003e一共 \u003cspan class=\"MathJax_Preview\" style=\"color: inherit;\"\u003e\u003cspan class=\"MJXp-math\" id=\"MJXp-Span-35\"\u003e\u003cspan class=\"MJXp-mi MJXp-italic\" id=\"MJXp-Span-36\"\u003en\u003c/span\u003e\u003c/span\u003e\u003c/span\u003e\u003cscript type=\"math/tex\" id=\"MathJax-Element-11\"\u003en\u003c/script\u003e 个子弹，编号为 \u003cspan class=\"MathJax_Preview\" style=\"color: inherit;\"\u003e\u003cspan class=\"MJXp-math\" id=\"MJXp-Span-37\"\u003e\u003cspan class=\"MJXp-mn\" id=\"MJXp-Span-38\"\u003e1\u003c/span\u003e\u003c/span\u003e\u003c/span\u003e\u003cscript type=\"math/tex\" id=\"MathJax-Element-12\"\u003e1\u003c/script\u003e 到 \u003cspan class=\"MathJax_Preview\" style=\"color: inherit;\"\u003e\u003cspan class=\"MJXp-math\" id=\"MJXp-Span-39\"\u003e\u003cspan class=\"MJXp-mi MJXp-italic\" id=\"MJXp-Span-40\"\u003en\u003c/span\u003e\u003c/span\u003e\u003c/span\u003e\u003cscript type=\"math/tex\" id=\"MathJax-Element-13\"\u003en\u003c/script\u003e，其中第 \u003cspan class=\"MathJax_Preview\" style=\"color: inherit;\"\u003e\u003cspan class=\"MJXp-math\" id=\"MJXp-Span-41\"\u003e\u003cspan class=\"MJXp-mi MJXp-italic\" id=\"MJXp-Span-42\"\u003ei\u003c/span\u003e\u003c/span\u003e\u003c/span\u003e\u003cscript type=\"math/tex\" id=\"MathJax-Element-14\"\u003ei\u003c/script\u003e 个子弹在 \u003cspan class=\"MathJax_Preview\" style=\"color: inherit;\"\u003e\u003cspan class=\"MJXp-math\" id=\"MJXp-Span-43\"\u003e\u003cspan class=\"MJXp-msubsup\" id=\"MJXp-Span-44\"\u003e\u003cspan class=\"MJXp-mi MJXp-italic\" id=\"MJXp-Span-45\" style=\"margin-right: 0.05em;\"\u003et\u003c/span\u003e\u003cspan class=\"MJXp-mrow MJXp-script\" id=\"MJXp-Span-46\" style=\"vertical-align: -0.4em;\"\u003e\u003cspan class=\"MJXp-msubsup\" id=\"MJXp-Span-47\"\u003e\u003cspan class=\"MJXp-mi MJXp-italic\" id=\"MJXp-Span-48\" style=\"margin-right: 0.05em;\"\u003ea\u003c/span\u003e\u003cspan class=\"MJXp-mi MJXp-italic MJXp-script\" id=\"MJXp-Span-49\" style=\"vertical-align: -0.4em;\"\u003ei\u003c/span\u003e\u003c/span\u003e\u003c/span\u003e\u003c/span\u003e\u003c/span\u003e\u003c/span\u003e\u003cscript type=\"math/tex\" id=\"MathJax-Element-15\"\u003et_{a_i}\u003c/script\u003e 时刻出现，在 \u003cspan class=\"MathJax_Preview\" style=\"color: inherit;\"\u003e\u003cspan class=\"MJXp-math\" id=\"MJXp-Span-50\"\u003e\u003cspan class=\"MJXp-msubsup\" id=\"MJXp-Span-51\"\u003e\u003cspan class=\"MJXp-mi MJXp-italic\" id=\"MJXp-Span-52\" style=\"margin-right: 0.05em;\"\u003et\u003c/span\u003e\u003cspan class=\"MJXp-mrow MJXp-script\" id=\"MJXp-Span-53\" style=\"vertical-align: -0.4em;\"\u003e\u003cspan class=\"MJXp-msubsup\" id=\"MJXp-Span-54\"\u003e\u003cspan class=\"MJXp-mi MJXp-italic\" id=\"MJXp-Span-55\" style=\"margin-right: 0.05em;\"\u003eb\u003c/span\u003e\u003cspan class=\"MJXp-mi MJXp-italic MJXp-script\" id=\"MJXp-Span-56\" style=\"vertical-align: -0.4em;\"\u003ei\u003c/span\u003e\u003c/span\u003e\u003c/span\u003e\u003c/span\u003e\u003c/span\u003e\u003c/span\u003e\u003cscript type=\"math/tex\" id=\"MathJax-Element-16\"\u003et_{b_i}\u003c/script\u003e 时刻后消失。出现时位置为 \u003cspan class=\"MathJax_Preview\" style=\"color: inherit;\"\u003e\u003cspan class=\"MJXp-math\" id=\"MJXp-Span-57\"\u003e\u003cspan class=\"MJXp-mo\" id=\"MJXp-Span-58\" style=\"margin-left: 0em; margin-right: 0em;\"\u003e(\u003c/span\u003e\u003cspan class=\"MJXp-msubsup\" id=\"MJXp-Span-59\"\u003e\u003cspan class=\"MJXp-mi MJXp-italic\" id=\"MJXp-Span-60\" style=\"margin-right: 0.05em;\"\u003ex\u003c/span\u003e\u003cspan class=\"MJXp-mi MJXp-italic MJXp-script\" id=\"MJXp-Span-61\" style=\"vertical-align: -0.4em;\"\u003ei\u003c/span\u003e\u003c/span\u003e\u003cspan class=\"MJXp-mo\" id=\"MJXp-Span-62\" style=\"margin-left: 0em; margin-right: 0.222em;\"\u003e,\u003c/span\u003e\u003cspan class=\"MJXp-msubsup\" id=\"MJXp-Span-63\"\u003e\u003cspan class=\"MJXp-mi MJXp-italic\" id=\"MJXp-Span-64\" style=\"margin-right: 0.05em;\"\u003ey\u003c/span\u003e\u003cspan class=\"MJXp-mi MJXp-italic MJXp-script\" id=\"MJXp-Span-65\" style=\"vertical-align: -0.4em;\"\u003ei\u003c/span\u003e\u003c/span\u003e\u003cspan class=\"MJXp-mo\" id=\"MJXp-Span-66\" style=\"margin-left: 0em; margin-right: 0em;\"\u003e)\u003c/span\u003e\u003c/span\u003e\u003c/span\u003e\u003cscript type=\"math/tex\" id=\"MathJax-Element-17\"\u003e(x_i, y_i)\u003c/script\u003e，速度为 \u003cspan class=\"MathJax_Preview\" style=\"color: inherit;\"\u003e\u003cspan class=\"MJXp-math\" id=\"MJXp-Span-67\"\u003e\u003cspan class=\"MJXp-mo\" id=\"MJXp-Span-68\" style=\"margin-left: 0em; margin-right: 0em;\"\u003e(\u003c/span\u003e\u003cspan class=\"MJXp-msubsup\" id=\"MJXp-Span-69\"\u003e\u003cspan class=\"MJXp-mi MJXp-italic\" id=\"MJXp-Span-70\" style=\"margin-right: 0.05em;\"\u003ev\u003c/span\u003e\u003cspan class=\"MJXp-mrow MJXp-script\" id=\"MJXp-Span-71\" style=\"vertical-align: -0.4em;\"\u003e\u003cspan class=\"MJXp-msubsup\" id=\"MJXp-Span-72\"\u003e\u003cspan class=\"MJXp-mi MJXp-italic\" id=\"MJXp-Span-73\" style=\"margin-right: 0.05em;\"\u003ex\u003c/span\u003e\u003cspan class=\"MJXp-mi MJXp-italic MJXp-script\" id=\"MJXp-Span-74\" style=\"vertical-align: -0.4em;\"\u003ei\u003c/span\u003e\u003c/span\u003e\u003c/span\u003e\u003c/span\u003e\u003cspan class=\"MJXp-mo\" id=\"MJXp-Span-75\" style=\"margin-left: 0em; margin-right: 0.222em;\"\u003e,\u003c/span\u003e\u003cspan class=\"MJXp-msubsup\" id=\"MJXp-Span-76\"\u003e\u003cspan class=\"MJXp-mi MJXp-italic\" id=\"MJXp-Span-77\" style=\"margin-right: 0.05em;\"\u003ev\u003c/span\u003e\u003cspan class=\"MJXp-mrow MJXp-script\" id=\"MJXp-Span-78\" style=\"vertical-align: -0.4em;\"\u003e\u003cspan class=\"MJXp-msubsup\" id=\"MJXp-Span-79\"\u003e\u003cspan class=\"MJXp-mi MJXp-italic\" id=\"MJXp-Span-80\" style=\"margin-right: 0.05em;\"\u003ey\u003c/span\u003e\u003cspan class=\"MJXp-mi MJXp-italic MJXp-script\" id=\"MJXp-Span-81\" style=\"vertical-align: -0.4em;\"\u003ei\u003c/span\u003e\u003c/span\u003e\u003c/span\u003e\u003c/span\u003e\u003cspan class=\"MJXp-mo\" id=\"MJXp-Span-82\" style=\"margin-left: 0em; margin-right: 0em;\"\u003e)\u003c/span\u003e\u003c/span\u003e\u003c/span\u003e\u003cscript type=\"math/tex\" id=\"MathJax-Element-18\"\u003e(v_{x_i}, v_{y_i})\u003c/script\u003e（表示一个单位时间内横向移动 \u003cspan class=\"MathJax_Preview\" style=\"color: inherit;\"\u003e\u003cspan class=\"MJXp-math\" id=\"MJXp-Span-83\"\u003e\u003cspan class=\"MJXp-msubsup\" id=\"MJXp-Span-84\"\u003e\u003cspan class=\"MJXp-mi MJXp-italic\" id=\"MJXp-Span-85\" style=\"margin-right: 0.05em;\"\u003ev\u003c/span\u003e\u003cspan class=\"MJXp-mrow MJXp-script\" id=\"MJXp-Span-86\" style=\"vertical-align: -0.4em;\"\u003e\u003cspan class=\"MJXp-msubsup\" id=\"MJXp-Span-87\"\u003e\u003cspan class=\"MJXp-mi MJXp-italic\" id=\"MJXp-Span-88\" style=\"margin-right: 0.05em;\"\u003ex\u003c/span\u003e\u003cspan class=\"MJXp-mi MJXp-italic MJXp-script\" id=\"MJXp-Span-89\" style=\"vertical-align: -0.4em;\"\u003ei\u003c/span\u003e\u003c/span\u003e\u003c/span\u003e\u003c/span\u003e\u003c/span\u003e\u003c/span\u003e\u003cscript type=\"math/tex\" id=\"MathJax-Element-19\"\u003ev_{x_i}\u003c/script\u003e，纵向移动 \u003cspan class=\"MathJax_Preview\" style=\"color: inherit;\"\u003e\u003cspan class=\"MJXp-math\" id=\"MJXp-Span-90\"\u003e\u003cspan class=\"MJXp-msubsup\" id=\"MJXp-Span-91\"\u003e\u003cspan class=\"MJXp-mi MJXp-italic\" id=\"MJXp-Span-92\" style=\"margin-right: 0.05em;\"\u003ev\u003c/span\u003e\u003cspan class=\"MJXp-mrow MJXp-script\" id=\"MJXp-Span-93\" style=\"vertical-align: -0.4em;\"\u003e\u003cspan class=\"MJXp-msubsup\" id=\"MJXp-Span-94\"\u003e\u003cspan class=\"MJXp-mi MJXp-italic\" id=\"MJXp-Span-95\" style=\"margin-right: 0.05em;\"\u003ey\u003c/span\u003e\u003cspan class=\"MJXp-mi MJXp-italic MJXp-script\" id=\"MJXp-Span-96\" style=\"vertical-align: -0.4em;\"\u003ei\u003c/span\u003e\u003c/span\u003e\u003c/span\u003e\u003c/span\u003e\u003c/span\u003e\u003c/span\u003e\u003cscript type=\"math/tex\" id=\"MathJax-Element-20\"\u003ev_{y_i}\u003c/script\u003e）。子弹将保持这一速度移动直至消失。\u003c/p\u003e\u003cp\u003e得分有两种途径：\u003c/p\u003e\u003col\u003e\u003cli\u003e不中弹得分：有 \u003cspan class=\"MathJax_Preview\" style=\"color: inherit;\"\u003e\u003cspan class=\"MJXp-math\" id=\"MJXp-Span-97\"\u003e\u003cspan class=\"MJXp-mi MJXp-italic\" id=\"MJXp-Span-98\"\u003ek\u003c/span\u003e\u003c/span\u003e\u003c/span\u003e\u003cscript type=\"math/tex\" id=\"MathJax-Element-21\"\u003ek\u003c/script\u003e 个时间区间 \u003cspan class=\"MathJax_Preview\" style=\"color: inherit;\"\u003e\u003cspan class=\"MJXp-math\" id=\"MJXp-Span-99\"\u003e\u003cspan class=\"MJXp-mo\" id=\"MJXp-Span-100\" style=\"margin-left: 0em; margin-right: 0em;\"\u003e[\u003c/span\u003e\u003cspan class=\"MJXp-msubsup\" id=\"MJXp-Span-101\"\u003e\u003cspan class=\"MJXp-mi MJXp-italic\" id=\"MJXp-Span-102\" style=\"margin-right: 0.05em;\"\u003et\u003c/span\u003e\u003cspan class=\"MJXp-mrow MJXp-script\" id=\"MJXp-Span-103\" style=\"vertical-align: -0.4em;\"\u003e\u003cspan class=\"MJXp-msubsup\" id=\"MJXp-Span-104\"\u003e\u003cspan class=\"MJXp-mi MJXp-italic\" id=\"MJXp-Span-105\" style=\"margin-right: 0.05em;\"\u003es\u003c/span\u003e\u003cspan class=\"MJXp-mi MJXp-italic MJXp-script\" id=\"MJXp-Span-106\" style=\"vertical-align: -0.4em;\"\u003ei\u003c/span\u003e\u003c/span\u003e\u003c/span\u003e\u003c/span\u003e\u003cspan class=\"MJXp-mo\" id=\"MJXp-Span-107\" style=\"margin-left: 0em; margin-right: 0.222em;\"\u003e,\u003c/span\u003e\u003cspan class=\"MJXp-msubsup\" id=\"MJXp-Span-108\"\u003e\u003cspan class=\"MJXp-mi MJXp-italic\" id=\"MJXp-Span-109\" style=\"margin-right: 0.05em;\"\u003et\u003c/span\u003e\u003cspan class=\"MJXp-mrow MJXp-script\" id=\"MJXp-Span-110\" style=\"vertical-align: -0.4em;\"\u003e\u003cspan class=\"MJXp-msubsup\" id=\"MJXp-Span-111\"\u003e\u003cspan class=\"MJXp-mi MJXp-italic\" id=\"MJXp-Span-112\" style=\"margin-right: 0.05em;\"\u003ee\u003c/span\u003e\u003cspan class=\"MJXp-mi MJXp-italic MJXp-script\" id=\"MJXp-Span-113\" style=\"vertical-align: -0.4em;\"\u003ei\u003c/span\u003e\u003c/span\u003e\u003c/span\u003e\u003c/span\u003e\u003cspan class=\"MJXp-mo\" id=\"MJXp-Span-114\" style=\"margin-left: 0em; margin-right: 0em;\"\u003e]\u003c/span\u003e\u003c/span\u003e\u003c/span\u003e\u003cscript type=\"math/tex\" id=\"MathJax-Element-22\"\u003e[t_{s_i}, t_{e_i}]\u003c/script\u003e。如果在 \u003cspan class=\"MathJax_Preview\" style=\"color: inherit;\"\u003e\u003cspan class=\"MJXp-math\" id=\"MJXp-Span-115\"\u003e\u003cspan class=\"MJXp-msubsup\" id=\"MJXp-Span-116\"\u003e\u003cspan class=\"MJXp-mi MJXp-italic\" id=\"MJXp-Span-117\" style=\"margin-right: 0.05em;\"\u003et\u003c/span\u003e\u003cspan class=\"MJXp-mrow MJXp-script\" id=\"MJXp-Span-118\" style=\"vertical-align: -0.4em;\"\u003e\u003cspan class=\"MJXp-msubsup\" id=\"MJXp-Span-119\"\u003e\u003cspan class=\"MJXp-mi MJXp-italic\" id=\"MJXp-Span-120\" style=\"margin-right: 0.05em;\"\u003es\u003c/span\u003e\u003cspan class=\"MJXp-mi MJXp-italic MJXp-script\" id=\"MJXp-Span-121\" style=\"vertical-align: -0.4em;\"\u003ei\u003c/span\u003e\u003c/span\u003e\u003c/span\u003e\u003c/span\u003e\u003cspan class=\"MJXp-mo\" id=\"MJXp-Span-122\" style=\"margin-left: 0.333em; margin-right: 0.333em;\"\u003e∼\u003c/span\u003e\u003cspan class=\"MJXp-msubsup\" id=\"MJXp-Span-123\"\u003e\u003cspan class=\"MJXp-mi MJXp-italic\" id=\"MJXp-Span-124\" style=\"margin-right: 0.05em;\"\u003et\u003c/span\u003e\u003cspan class=\"MJXp-mrow MJXp-script\" id=\"MJXp-Span-125\" style=\"vertical-align: -0.4em;\"\u003e\u003cspan class=\"MJXp-msubsup\" id=\"MJXp-Span-126\"\u003e\u003cspan class=\"MJXp-mi MJXp-italic\" id=\"MJXp-Span-127\" style=\"margin-right: 0.05em;\"\u003ee\u003c/span\u003e\u003cspan class=\"MJXp-mi MJXp-italic MJXp-script\" id=\"MJXp-Span-128\" style=\"vertical-align: -0.4em;\"\u003ei\u003c/span\u003e\u003c/span\u003e\u003c/span\u003e\u003c/span\u003e\u003c/span\u003e\u003c/span\u003e\u003cscript type=\"math/tex\" id=\"MathJax-Element-23\"\u003et_{s_i} \\sim t_{e_i}\u003c/script\u003e 这段时间内（包括首尾）没有任何一个子弹的圆与NOI出题人的\u003cstrong\u003e\u003cu\u003e中弹范围\u003c/u\u003e\u003c/strong\u003e相交（包括外切、内切、内含），则获得 \u003cspan class=\"MathJax_Preview\" style=\"color: inherit;\"\u003e\u003cspan class=\"MJXp-math\" id=\"MJXp-Span-129\"\u003e\u003cspan class=\"MJXp-msubsup\" id=\"MJXp-Span-130\"\u003e\u003cspan class=\"MJXp-mi MJXp-italic\" id=\"MJXp-Span-131\" style=\"margin-right: 0.05em;\"\u003es\u003c/span\u003e\u003cspan class=\"MJXp-mi MJXp-italic MJXp-script\" id=\"MJXp-Span-132\" style=\"vertical-align: -0.4em;\"\u003ei\u003c/span\u003e\u003c/span\u003e\u003c/span\u003e\u003c/span\u003e\u003cscript type=\"math/tex\" id=\"MathJax-Element-24\"\u003es_i\u003c/script\u003e 的分数；\u003c/li\u003e\n\u003cli\u003e擦弹得分：每个子弹有一个擦弹得分 \u003cspan class=\"MathJax_Preview\" style=\"color: inherit;\"\u003e\u003cspan class=\"MJXp-math\" id=\"MJXp-Span-133\"\u003e\u003cspan class=\"MJXp-msubsup\" id=\"MJXp-Span-134\"\u003e\u003cspan class=\"MJXp-mi MJXp-italic\" id=\"MJXp-Span-135\" style=\"margin-right: 0.05em;\"\u003eg\u003c/span\u003e\u003cspan class=\"MJXp-mi MJXp-italic MJXp-script\" id=\"MJXp-Span-136\" style=\"vertical-align: -0.4em;\"\u003ei\u003c/span\u003e\u003c/span\u003e\u003c/span\u003e\u003c/span\u003e\u003cscript type=\"math/tex\" id=\"MathJax-Element-25\"\u003eg_i\u003c/script\u003e，如果一个子弹的圆与NOI出题人的\u003cstrong\u003e\u003cu\u003e擦弹范围\u003c/u\u003e\u003c/strong\u003e在某个时刻相交（包括外切、内切、内含），则获得 \u003cspan class=\"MathJax_Preview\" style=\"color: inherit;\"\u003e\u003cspan class=\"MJXp-math\" id=\"MJXp-Span-137\"\u003e\u003cspan class=\"MJXp-msubsup\" id=\"MJXp-Span-138\"\u003e\u003cspan class=\"MJXp-mi MJXp-italic\" id=\"MJXp-Span-139\" style=\"margin-right: 0.05em;\"\u003eg\u003c/span\u003e\u003cspan class=\"MJXp-mi MJXp-italic MJXp-script\" id=\"MJXp-Span-140\" style=\"vertical-align: -0.4em;\"\u003ei\u003c/span\u003e\u003c/span\u003e\u003c/span\u003e\u003c/span\u003e\u003cscript type=\"math/tex\" id=\"MathJax-Element-26\"\u003eg_i\u003c/script\u003e 的分数。\u003cstrong\u003e\u003cu\u003e若对同一个子弹多次擦弹，则只记一次\u003c/u\u003e\u003c/strong\u003e。\u003c/li\u003e\n\u003c/ol\u003e\u003cp\u003e一个子弹的中弹和擦弹判定\u003cstrong\u003e\u003cu\u003e只在整数时刻\u003c/u\u003e\u003c/strong\u003e进行，即时刻 \u003cspan class=\"MathJax_Preview\" style=\"color: inherit;\"\u003e\u003cspan class=\"MJXp-math\" id=\"MJXp-Span-141\"\u003e\u003cspan class=\"MJXp-msubsup\" id=\"MJXp-Span-142\"\u003e\u003cspan class=\"MJXp-mi MJXp-italic\" id=\"MJXp-Span-143\" style=\"margin-right: 0.05em;\"\u003et\u003c/span\u003e\u003cspan class=\"MJXp-mrow MJXp-script\" id=\"MJXp-Span-144\" style=\"vertical-align: -0.4em;\"\u003e\u003cspan class=\"MJXp-msubsup\" id=\"MJXp-Span-145\"\u003e\u003cspan class=\"MJXp-mi MJXp-italic\" id=\"MJXp-Span-146\" style=\"margin-right: 0.05em;\"\u003ea\u003c/span\u003e\u003cspan class=\"MJXp-mi MJXp-italic MJXp-script\" id=\"MJXp-Span-147\" style=\"vertical-align: -0.4em;\"\u003ei\u003c/span\u003e\u003c/span\u003e\u003c/span\u003e\u003c/span\u003e\u003cspan class=\"MJXp-mo\" id=\"MJXp-Span-148\" style=\"margin-left: 0em; margin-right: 0.222em;\"\u003e,\u003c/span\u003e\u003cspan class=\"MJXp-msubsup\" id=\"MJXp-Span-149\"\u003e\u003cspan class=\"MJXp-mi MJXp-italic\" id=\"MJXp-Span-150\" style=\"margin-right: 0.05em;\"\u003et\u003c/span\u003e\u003cspan class=\"MJXp-mrow MJXp-script\" id=\"MJXp-Span-151\" style=\"vertical-align: -0.4em;\"\u003e\u003cspan class=\"MJXp-msubsup\" id=\"MJXp-Span-152\"\u003e\u003cspan class=\"MJXp-mi MJXp-italic\" id=\"MJXp-Span-153\" style=\"margin-right: 0.05em;\"\u003ea\u003c/span\u003e\u003cspan class=\"MJXp-mi MJXp-italic MJXp-script\" id=\"MJXp-Span-154\" style=\"vertical-align: -0.4em;\"\u003ei\u003c/span\u003e\u003c/span\u003e\u003c/span\u003e\u003c/span\u003e\u003cspan class=\"MJXp-mo\" id=\"MJXp-Span-155\" style=\"margin-left: 0.267em; margin-right: 0.267em;\"\u003e+\u003c/span\u003e\u003cspan class=\"MJXp-mn\" id=\"MJXp-Span-156\"\u003e1\u003c/span\u003e\u003cspan class=\"MJXp-mo\" id=\"MJXp-Span-157\" style=\"margin-left: 0em; margin-right: 0.222em;\"\u003e,\u003c/span\u003e\u003cspan class=\"MJXp-mo\" id=\"MJXp-Span-158\" style=\"margin-left: 0em; margin-right: 0em;\"\u003e…\u003c/span\u003e\u003cspan class=\"MJXp-mo\" id=\"MJXp-Span-159\" style=\"margin-left: 0em; margin-right: 0.222em;\"\u003e,\u003c/span\u003e\u003cspan class=\"MJXp-msubsup\" id=\"MJXp-Span-160\"\u003e\u003cspan class=\"MJXp-mi MJXp-italic\" id=\"MJXp-Span-161\" style=\"margin-right: 0.05em;\"\u003et\u003c/span\u003e\u003cspan class=\"MJXp-mrow MJXp-script\" id=\"MJXp-Span-162\" style=\"vertical-align: -0.4em;\"\u003e\u003cspan class=\"MJXp-msubsup\" id=\"MJXp-Span-163\"\u003e\u003cspan class=\"MJXp-mi MJXp-italic\" id=\"MJXp-Span-164\" style=\"margin-right: 0.05em;\"\u003eb\u003c/span\u003e\u003cspan class=\"MJXp-mi MJXp-italic MJXp-script\" id=\"MJXp-Span-165\" style=\"vertical-align: -0.4em;\"\u003ei\u003c/span\u003e\u003c/span\u003e\u003c/span\u003e\u003c/span\u003e\u003c/span\u003e\u003c/span\u003e\u003cscript type=\"math/tex\" id=\"MathJax-Element-27\"\u003et_{a_i}, t_{a_i} + 1, \\dots, t_{b_i}\u003c/script\u003e。\u003c/p\u003e\u003cp\u003e在时刻 \u003cspan class=\"MathJax_Preview\" style=\"color: inherit;\"\u003e\u003cspan class=\"MJXp-math\" id=\"MJXp-Span-166\"\u003e\u003cspan class=\"MJXp-mi MJXp-italic\" id=\"MJXp-Span-167\"\u003ei\u003c/span\u003e\u003c/span\u003e\u003c/span\u003e\u003cscript type=\"math/tex\" id=\"MathJax-Element-28\"\u003ei\u003c/script\u003e，NOI出题人可以决定他时刻 \u003cspan class=\"MathJax_Preview\" style=\"color: inherit;\"\u003e\u003cspan class=\"MJXp-math\" id=\"MJXp-Span-168\"\u003e\u003cspan class=\"MJXp-mi MJXp-italic\" id=\"MJXp-Span-169\"\u003ei\u003c/span\u003e\u003c/span\u003e\u003c/span\u003e\u003cscript type=\"math/tex\" id=\"MathJax-Element-29\"\u003ei\u003c/script\u003e 到时刻 \u003cspan class=\"MathJax_Preview\" style=\"color: inherit;\"\u003e\u003cspan class=\"MJXp-math\" id=\"MJXp-Span-170\"\u003e\u003cspan class=\"MJXp-mi MJXp-italic\" id=\"MJXp-Span-171\"\u003ei\u003c/span\u003e\u003cspan class=\"MJXp-mo\" id=\"MJXp-Span-172\" style=\"margin-left: 0.267em; margin-right: 0.267em;\"\u003e+\u003c/span\u003e\u003cspan class=\"MJXp-mn\" id=\"MJXp-Span-173\"\u003e1\u003c/span\u003e\u003c/span\u003e\u003c/span\u003e\u003cscript type=\"math/tex\" id=\"MathJax-Element-30\"\u003ei + 1\u003c/script\u003e 这段时间内向哪一个方向移动，也可以选择不动（“\u003csamp\u003eS\u003c/samp\u003e”）。可以选择的方向有 \u003cspan class=\"MathJax_Preview\" style=\"color: inherit;\"\u003e\u003cspan class=\"MJXp-math\" id=\"MJXp-Span-174\"\u003e\u003cspan class=\"MJXp-mn\" id=\"MJXp-Span-175\"\u003e8\u003c/span\u003e\u003c/span\u003e\u003c/span\u003e\u003cscript type=\"math/tex\" id=\"MathJax-Element-31\"\u003e8\u003c/script\u003e 种：上（“\u003csamp\u003eW\u003c/samp\u003e”）、下（“\u003csamp\u003eX\u003c/samp\u003e”）、左（“\u003csamp\u003eA\u003c/samp\u003e”）、右（“\u003csamp\u003eD\u003c/samp\u003e”）、左上（“\u003csamp\u003eQ\u003c/samp\u003e”）、左下（“\u003csamp\u003eZ\u003c/samp\u003e”）、右上（“\u003csamp\u003eE\u003c/samp\u003e”）、右下（“\u003csamp\u003eC\u003c/samp\u003e”）（后四种方向夹角均为 \u003cspan class=\"MathJax_Preview\" style=\"color: inherit;\"\u003e\u003cspan class=\"MJXp-math\" id=\"MJXp-Span-176\"\u003e\u003cspan class=\"MJXp-msubsup\" id=\"MJXp-Span-177\"\u003e\u003cspan class=\"MJXp-mn\" id=\"MJXp-Span-178\" style=\"margin-right: 0.05em;\"\u003e45\u003c/span\u003e\u003cspan class=\"MJXp-mrow MJXp-script\" id=\"MJXp-Span-179\" style=\"vertical-align: 0.5em;\"\u003e\u003cspan class=\"MJXp-mo\" id=\"MJXp-Span-180\"\u003e∘\u003c/span\u003e\u003c/span\u003e\u003c/span\u003e\u003c/span\u003e\u003c/span\u003e\u003cscript type=\"math/tex\" id=\"MathJax-Element-32\"\u003e45^{\\circ}\u003c/script\u003e）。NOI出题人在一个单位时间内移动的距离为定值 \u003cspan class=\"MathJax_Preview\" style=\"color: inherit;\"\u003e\u003cspan class=\"MJXp-math\" id=\"MJXp-Span-181\"\u003e\u003cspan class=\"MJXp-mi MJXp-italic\" id=\"MJXp-Span-182\"\u003ed\u003c/span\u003e\u003c/span\u003e\u003c/span\u003e\u003cscript type=\"math/tex\" id=\"MathJax-Element-33\"\u003ed\u003c/script\u003e。\u003c/p\u003e\u003cp\u003eNOI出题人\u003cstrong\u003e\u003cu\u003e不允许出房间\u003c/u\u003e\u003c/strong\u003e，即NOI出题人的位置要在矩形内。\u003c/p\u003e\u003cp\u003e奸笑熊说只要NOI出题人获得的分数足够高就放他一马，于是现在NOI出题人想获得尽量高的得分。\u003c/p\u003e",
      "misc": ""
    },
    {
      "title": "输入格式",
      "content": "\u003cp\u003e本题为提交答案题。所有输入数据 \u003csamp\u003etouhou1.in～touhou10.in\u003c/samp\u003e 见数据下载。\u003c/p\u003e\u003cp\u003e对于每组数据，输入文件的第一行有七个数 \u003cspan class=\"MathJax_Preview\" style=\"color: inherit;\"\u003e\u003cspan class=\"MJXp-math\" id=\"MJXp-Span-183\"\u003e\u003cspan class=\"MJXp-mi MJXp-italic\" id=\"MJXp-Span-184\"\u003ew\u003c/span\u003e\u003cspan class=\"MJXp-mo\" id=\"MJXp-Span-185\" style=\"margin-left: 0em; margin-right: 0.222em;\"\u003e,\u003c/span\u003e\u003cspan class=\"MJXp-mi MJXp-italic\" id=\"MJXp-Span-186\"\u003eh\u003c/span\u003e\u003cspan class=\"MJXp-mo\" id=\"MJXp-Span-187\" style=\"margin-left: 0em; margin-right: 0.222em;\"\u003e,\u003c/span\u003e\u003cspan class=\"MJXp-msubsup\" id=\"MJXp-Span-188\"\u003e\u003cspan class=\"MJXp-mi MJXp-italic\" id=\"MJXp-Span-189\" style=\"margin-right: 0.05em;\"\u003ex\u003c/span\u003e\u003cspan class=\"MJXp-mn MJXp-script\" id=\"MJXp-Span-190\" style=\"vertical-align: -0.4em;\"\u003e0\u003c/span\u003e\u003c/span\u003e\u003cspan class=\"MJXp-mo\" id=\"MJXp-Span-191\" style=\"margin-left: 0em; margin-right: 0.222em;\"\u003e,\u003c/span\u003e\u003cspan class=\"MJXp-msubsup\" id=\"MJXp-Span-192\"\u003e\u003cspan class=\"MJXp-mi MJXp-italic\" id=\"MJXp-Span-193\" style=\"margin-right: 0.05em;\"\u003ey\u003c/span\u003e\u003cspan class=\"MJXp-mn MJXp-script\" id=\"MJXp-Span-194\" style=\"vertical-align: -0.4em;\"\u003e0\u003c/span\u003e\u003c/span\u003e\u003cspan class=\"MJXp-mo\" id=\"MJXp-Span-195\" style=\"margin-left: 0em; margin-right: 0.222em;\"\u003e,\u003c/span\u003e\u003cspan class=\"MJXp-mi MJXp-italic\" id=\"MJXp-Span-196\"\u003ed\u003c/span\u003e\u003cspan class=\"MJXp-mo\" id=\"MJXp-Span-197\" style=\"margin-left: 0em; margin-right: 0.222em;\"\u003e,\u003c/span\u003e\u003cspan class=\"MJXp-mi MJXp-italic\" id=\"MJXp-Span-198\"\u003er\u003c/span\u003e\u003cspan class=\"MJXp-mo\" id=\"MJXp-Span-199\" style=\"margin-left: 0em; margin-right: 0.222em;\"\u003e,\u003c/span\u003e\u003cspan class=\"MJXp-mi MJXp-italic\" id=\"MJXp-Span-200\"\u003eR\u003c/span\u003e\u003c/span\u003e\u003c/span\u003e\u003cscript type=\"math/tex\" id=\"MathJax-Element-34\"\u003ew, h, x_0, y_0, d, r, R\u003c/script\u003e，分别表示矩形的宽度和高度、NOI出题人在时刻 \u003cspan class=\"MathJax_Preview\" style=\"color: inherit;\"\u003e\u003cspan class=\"MJXp-math\" id=\"MJXp-Span-201\"\u003e\u003cspan class=\"MJXp-mn\" id=\"MJXp-Span-202\"\u003e0\u003c/span\u003e\u003c/span\u003e\u003c/span\u003e\u003cscript type=\"math/tex\" id=\"MathJax-Element-35\"\u003e0\u003c/script\u003e 的初始位置、一个时刻内移动的距离、中弹和擦弹判定圆的半径。\u003c/p\u003e\u003cp\u003e第二行有一个正整数 \u003cspan class=\"MathJax_Preview\" style=\"color: inherit;\"\u003e\u003cspan class=\"MJXp-math\" id=\"MJXp-Span-203\"\u003e\u003cspan class=\"MJXp-mi MJXp-italic\" id=\"MJXp-Span-204\"\u003en\u003c/span\u003e\u003c/span\u003e\u003c/span\u003e\u003cscript type=\"math/tex\" id=\"MathJax-Element-36\"\u003en\u003c/script\u003e，表示出现的总子弹数。\u003c/p\u003e\u003cp\u003e接下来 \u003cspan class=\"MathJax_Preview\" style=\"color: inherit;\"\u003e\u003cspan class=\"MJXp-math\" id=\"MJXp-Span-205\"\u003e\u003cspan class=\"MJXp-mi MJXp-italic\" id=\"MJXp-Span-206\"\u003en\u003c/span\u003e\u003c/span\u003e\u003c/span\u003e\u003cscript type=\"math/tex\" id=\"MathJax-Element-37\"\u003en\u003c/script\u003e 行，每行有八个数 \u003cspan class=\"MathJax_Preview\" style=\"color: inherit;\"\u003e\u003cspan class=\"MJXp-math\" id=\"MJXp-Span-207\"\u003e\u003cspan class=\"MJXp-msubsup\" id=\"MJXp-Span-208\"\u003e\u003cspan class=\"MJXp-mi MJXp-italic\" id=\"MJXp-Span-209\" style=\"margin-right: 0.05em;\"\u003et\u003c/span\u003e\u003cspan class=\"MJXp-mrow MJXp-script\" id=\"MJXp-Span-210\" style=\"vertical-align: -0.4em;\"\u003e\u003cspan class=\"MJXp-msubsup\" id=\"MJXp-Span-211\"\u003e\u003cspan class=\"MJXp-mi MJXp-italic\" id=\"MJXp-Span-212\" style=\"margin-right: 0.05em;\"\u003ea\u003c/span\u003e\u003cspan class=\"MJXp-mi MJXp-italic MJXp-script\" id=\"MJXp-Span-213\" style=\"vertical-align: -0.4em;\"\u003ei\u003c/span\u003e\u003c/span\u003e\u003c/span\u003e\u003c/span\u003e\u003cspan class=\"MJXp-mo\" id=\"MJXp-Span-214\" style=\"margin-left: 0em; margin-right: 0.222em;\"\u003e,\u003c/span\u003e\u003cspan class=\"MJXp-msubsup\" id=\"MJXp-Span-215\"\u003e\u003cspan class=\"MJXp-mi MJXp-italic\" id=\"MJXp-Span-216\" style=\"margin-right: 0.05em;\"\u003et\u003c/span\u003e\u003cspan class=\"MJXp-mrow MJXp-script\" id=\"MJXp-Span-217\" style=\"vertical-align: -0.4em;\"\u003e\u003cspan class=\"MJXp-msubsup\" id=\"MJXp-Span-218\"\u003e\u003cspan class=\"MJXp-mi MJXp-italic\" id=\"MJXp-Span-219\" style=\"margin-right: 0.05em;\"\u003eb\u003c/span\u003e\u003cspan class=\"MJXp-mi MJXp-italic MJXp-script\" id=\"MJXp-Span-220\" style=\"vertical-align: -0.4em;\"\u003ei\u003c/span\u003e\u003c/span\u003e\u003c/span\u003e\u003c/span\u003e\u003cspan class=\"MJXp-mo\" id=\"MJXp-Span-221\" style=\"margin-left: 0em; margin-right: 0.222em;\"\u003e,\u003c/span\u003e\u003cspan class=\"MJXp-msubsup\" id=\"MJXp-Span-222\"\u003e\u003cspan class=\"MJXp-mi MJXp-italic\" id=\"MJXp-Span-223\" style=\"margin-right: 0.05em;\"\u003ex\u003c/span\u003e\u003cspan class=\"MJXp-mi MJXp-italic MJXp-script\" id=\"MJXp-Span-224\" style=\"vertical-align: -0.4em;\"\u003ei\u003c/span\u003e\u003c/span\u003e\u003cspan class=\"MJXp-mo\" id=\"MJXp-Span-225\" style=\"margin-left: 0em; margin-right: 0.222em;\"\u003e,\u003c/span\u003e\u003cspan class=\"MJXp-msubsup\" id=\"MJXp-Span-226\"\u003e\u003cspan class=\"MJXp-mi MJXp-italic\" id=\"MJXp-Span-227\" style=\"margin-right: 0.05em;\"\u003ey\u003c/span\u003e\u003cspan class=\"MJXp-mi MJXp-italic MJXp-script\" id=\"MJXp-Span-228\" style=\"vertical-align: -0.4em;\"\u003ei\u003c/span\u003e\u003c/span\u003e\u003cspan class=\"MJXp-mo\" id=\"MJXp-Span-229\" style=\"margin-left: 0em; margin-right: 0.222em;\"\u003e,\u003c/span\u003e\u003cspan class=\"MJXp-msubsup\" id=\"MJXp-Span-230\"\u003e\u003cspan class=\"MJXp-mi MJXp-italic\" id=\"MJXp-Span-231\" style=\"margin-right: 0.05em;\"\u003ev\u003c/span\u003e\u003cspan class=\"MJXp-mrow MJXp-script\" id=\"MJXp-Span-232\" style=\"vertical-align: -0.4em;\"\u003e\u003cspan class=\"MJXp-msubsup\" id=\"MJXp-Span-233\"\u003e\u003cspan class=\"MJXp-mi MJXp-italic\" id=\"MJXp-Span-234\" style=\"margin-right: 0.05em;\"\u003ex\u003c/span\u003e\u003cspan class=\"MJXp-mi MJXp-italic MJXp-script\" id=\"MJXp-Span-235\" style=\"vertical-align: -0.4em;\"\u003ei\u003c/span\u003e\u003c/span\u003e\u003c/span\u003e\u003c/span\u003e\u003cspan class=\"MJXp-mo\" id=\"MJXp-Span-236\" style=\"margin-left: 0em; margin-right: 0.222em;\"\u003e,\u003c/span\u003e\u003cspan class=\"MJXp-msubsup\" id=\"MJXp-Span-237\"\u003e\u003cspan class=\"MJXp-mi MJXp-italic\" id=\"MJXp-Span-238\" style=\"margin-right: 0.05em;\"\u003ev\u003c/span\u003e\u003cspan class=\"MJXp-mrow MJXp-script\" id=\"MJXp-Span-239\" style=\"vertical-align: -0.4em;\"\u003e\u003cspan class=\"MJXp-msubsup\" id=\"MJXp-Span-240\"\u003e\u003cspan class=\"MJXp-mi MJXp-italic\" id=\"MJXp-Span-241\" style=\"margin-right: 0.05em;\"\u003ey\u003c/span\u003e\u003cspan class=\"MJXp-mi MJXp-italic MJXp-script\" id=\"MJXp-Span-242\" style=\"vertical-align: -0.4em;\"\u003ei\u003c/span\u003e\u003c/span\u003e\u003c/span\u003e\u003c/span\u003e\u003cspan class=\"MJXp-mo\" id=\"MJXp-Span-243\" style=\"margin-left: 0em; margin-right: 0.222em;\"\u003e,\u003c/span\u003e\u003cspan class=\"MJXp-msubsup\" id=\"MJXp-Span-244\"\u003e\u003cspan class=\"MJXp-mi MJXp-italic\" id=\"MJXp-Span-245\" style=\"margin-right: 0.05em;\"\u003er\u003c/span\u003e\u003cspan class=\"MJXp-mi MJXp-italic MJXp-script\" id=\"MJXp-Span-246\" style=\"vertical-align: -0.4em;\"\u003ei\u003c/span\u003e\u003c/span\u003e\u003cspan class=\"MJXp-mo\" id=\"MJXp-Span-247\" style=\"margin-left: 0em; margin-right: 0.222em;\"\u003e,\u003c/span\u003e\u003cspan class=\"MJXp-msubsup\" id=\"MJXp-Span-248\"\u003e\u003cspan class=\"MJXp-mi MJXp-italic\" id=\"MJXp-Span-249\" style=\"margin-right: 0.05em;\"\u003eg\u003c/span\u003e\u003cspan class=\"MJXp-mi MJXp-italic MJXp-script\" id=\"MJXp-Span-250\" style=\"vertical-align: -0.4em;\"\u003ei\u003c/span\u003e\u003c/span\u003e\u003c/span\u003e\u003c/span\u003e\u003cscript type=\"math/tex\" id=\"MathJax-Element-38\"\u003et_{a_i}, t_{b_i}, x_i, y_i, v_{x_i}, v_{y_i}, r_i, g_i\u003c/script\u003e，分别表示每个子弹的出现和消失时间、出现时的位置、移动速度、半径和擦弹得分。\u003c/p\u003e\u003cp\u003e接下来一行有一个非负整数 \u003cspan class=\"MathJax_Preview\" style=\"color: inherit;\"\u003e\u003cspan class=\"MJXp-math\" id=\"MJXp-Span-251\"\u003e\u003cspan class=\"MJXp-mi MJXp-italic\" id=\"MJXp-Span-252\"\u003ek\u003c/span\u003e\u003c/span\u003e\u003c/span\u003e\u003cscript type=\"math/tex\" id=\"MathJax-Element-39\"\u003ek\u003c/script\u003e，表示结算分数的时间区间的数量。\u003c/p\u003e\u003cp\u003e接下来 \u003cspan class=\"MathJax_Preview\" style=\"color: inherit;\"\u003e\u003cspan class=\"MJXp-math\" id=\"MJXp-Span-253\"\u003e\u003cspan class=\"MJXp-mi MJXp-italic\" id=\"MJXp-Span-254\"\u003ek\u003c/span\u003e\u003c/span\u003e\u003c/span\u003e\u003cscript type=\"math/tex\" id=\"MathJax-Element-40\"\u003ek\u003c/script\u003e 行，每行有三个数 \u003cspan class=\"MathJax_Preview\" style=\"color: inherit;\"\u003e\u003cspan class=\"MJXp-math\" id=\"MJXp-Span-255\"\u003e\u003cspan class=\"MJXp-msubsup\" id=\"MJXp-Span-256\"\u003e\u003cspan class=\"MJXp-mi MJXp-italic\" id=\"MJXp-Span-257\" style=\"margin-right: 0.05em;\"\u003et\u003c/span\u003e\u003cspan class=\"MJXp-mrow MJXp-script\" id=\"MJXp-Span-258\" style=\"vertical-align: -0.4em;\"\u003e\u003cspan class=\"MJXp-msubsup\" id=\"MJXp-Span-259\"\u003e\u003cspan class=\"MJXp-mi MJXp-italic\" id=\"MJXp-Span-260\" style=\"margin-right: 0.05em;\"\u003es\u003c/span\u003e\u003cspan class=\"MJXp-mi MJXp-italic MJXp-script\" id=\"MJXp-Span-261\" style=\"vertical-align: -0.4em;\"\u003ei\u003c/span\u003e\u003c/span\u003e\u003c/span\u003e\u003c/span\u003e\u003cspan class=\"MJXp-mo\" id=\"MJXp-Span-262\" style=\"margin-left: 0em; margin-right: 0.222em;\"\u003e,\u003c/span\u003e\u003cspan class=\"MJXp-msubsup\" id=\"MJXp-Span-263\"\u003e\u003cspan class=\"MJXp-mi MJXp-italic\" id=\"MJXp-Span-264\" style=\"margin-right: 0.05em;\"\u003et\u003c/span\u003e\u003cspan class=\"MJXp-mrow MJXp-script\" id=\"MJXp-Span-265\" style=\"vertical-align: -0.4em;\"\u003e\u003cspan class=\"MJXp-msubsup\" id=\"MJXp-Span-266\"\u003e\u003cspan class=\"MJXp-mi MJXp-italic\" id=\"MJXp-Span-267\" style=\"margin-right: 0.05em;\"\u003ee\u003c/span\u003e\u003cspan class=\"MJXp-mi MJXp-italic MJXp-script\" id=\"MJXp-Span-268\" style=\"vertical-align: -0.4em;\"\u003ei\u003c/span\u003e\u003c/span\u003e\u003c/span\u003e\u003c/span\u003e\u003cspan class=\"MJXp-mo\" id=\"MJXp-Span-269\" style=\"margin-left: 0em; margin-right: 0.222em;\"\u003e,\u003c/span\u003e\u003cspan class=\"MJXp-msubsup\" id=\"MJXp-Span-270\"\u003e\u003cspan class=\"MJXp-mi MJXp-italic\" id=\"MJXp-Span-271\" style=\"margin-right: 0.05em;\"\u003es\u003c/span\u003e\u003cspan class=\"MJXp-mi MJXp-italic MJXp-script\" id=\"MJXp-Span-272\" style=\"vertical-align: -0.4em;\"\u003ei\u003c/span\u003e\u003c/span\u003e\u003c/span\u003e\u003c/span\u003e\u003cscript type=\"math/tex\" id=\"MathJax-Element-41\"\u003et_{s_i}, t_{e_i}, s_i\u003c/script\u003e，分别表示每个时间区间的开始时刻、结束时刻和不中弹得分。\u003c/p\u003e\u003cp\u003e最后一行有一个数 \u003cspan class=\"MathJax_Preview\" style=\"color: inherit;\"\u003e\u003cspan class=\"MJXp-math\" id=\"MJXp-Span-273\"\u003e\u003cspan class=\"MJXp-mi MJXp-italic\" id=\"MJXp-Span-274\"\u003eT\u003c/span\u003e\u003c/span\u003e\u003c/span\u003e\u003cscript type=\"math/tex\" id=\"MathJax-Element-42\"\u003eT\u003c/script\u003e，表示游戏持续的总时间。\u003c/p\u003e",
      "misc": ""
    },
    {
      "title": "输出格式",
      "content": "\u003cp\u003e针对给定的 \u003cspan class=\"MathJax_Preview\" style=\"color: inherit;\"\u003e\u003cspan class=\"MJXp-math\" id=\"MJXp-Span-275\"\u003e\u003cspan class=\"MJXp-mn\" id=\"MJXp-Span-276\"\u003e10\u003c/span\u003e\u003c/span\u003e\u003c/span\u003e\u003cscript type=\"math/tex\" id=\"MathJax-Element-43\"\u003e10\u003c/script\u003e 个输入文件 \u003csamp\u003etouhou1.in～touhou10.in\u003c/samp\u003e，你需要分别给出你的输出文件 \u003csamp\u003etouhou1.out～touhou10.out\u003c/samp\u003e。\u003c/p\u003e\u003cp\u003e对于每组数据，输出文件只有一行 \u003cspan class=\"MathJax_Preview\" style=\"color: inherit;\"\u003e\u003cspan class=\"MJXp-math\" id=\"MJXp-Span-277\"\u003e\u003cspan class=\"MJXp-mi MJXp-italic\" id=\"MJXp-Span-278\"\u003eT\u003c/span\u003e\u003c/span\u003e\u003c/span\u003e\u003cscript type=\"math/tex\" id=\"MathJax-Element-44\"\u003eT\u003c/script\u003e 个字符，第 \u003cspan class=\"MathJax_Preview\" style=\"color: inherit;\"\u003e\u003cspan class=\"MJXp-math\" id=\"MJXp-Span-279\"\u003e\u003cspan class=\"MJXp-mi MJXp-italic\" id=\"MJXp-Span-280\"\u003ei\u003c/span\u003e\u003c/span\u003e\u003c/span\u003e\u003cscript type=\"math/tex\" id=\"MathJax-Element-45\"\u003ei\u003c/script\u003e 个字符表示NOI出题人在时刻 \u003cspan class=\"MathJax_Preview\" style=\"color: inherit;\"\u003e\u003cspan class=\"MJXp-math\" id=\"MJXp-Span-281\"\u003e\u003cspan class=\"MJXp-mi MJXp-italic\" id=\"MJXp-Span-282\"\u003ei\u003c/span\u003e\u003cspan class=\"MJXp-mo\" id=\"MJXp-Span-283\" style=\"margin-left: 0.267em; margin-right: 0.267em;\"\u003e−\u003c/span\u003e\u003cspan class=\"MJXp-mn\" id=\"MJXp-Span-284\"\u003e1\u003c/span\u003e\u003c/span\u003e\u003c/span\u003e\u003cscript type=\"math/tex\" id=\"MathJax-Element-46\"\u003ei − 1\u003c/script\u003e 到时刻 \u003cspan class=\"MathJax_Preview\" style=\"color: inherit;\"\u003e\u003cspan class=\"MJXp-math\" id=\"MJXp-Span-285\"\u003e\u003cspan class=\"MJXp-mi MJXp-italic\" id=\"MJXp-Span-286\"\u003ei\u003c/span\u003e\u003c/span\u003e\u003c/span\u003e\u003cscript type=\"math/tex\" id=\"MathJax-Element-47\"\u003ei\u003c/script\u003e 的移动方向。\u003c/p\u003e",
      "misc": ""
    },
    {
      "title": "评分方式",
      "content": "\u003cp\u003e对于每组测试数据，我们设置了 \u003cspan class=\"MathJax_Preview\" style=\"color: inherit;\"\u003e\u003cspan class=\"MJXp-math\" id=\"MJXp-Span-363\"\u003e\u003cspan class=\"MJXp-mn\" id=\"MJXp-Span-364\"\u003e9\u003c/span\u003e\u003c/span\u003e\u003c/span\u003e\u003cscript type=\"math/tex\" id=\"MathJax-Element-68\"\u003e9\u003c/script\u003e 个评分参数 \u003cspan class=\"MathJax_Preview\" style=\"color: inherit;\"\u003e\u003cspan class=\"MJXp-math\" id=\"MJXp-Span-365\"\u003e\u003cspan class=\"MJXp-msubsup\" id=\"MJXp-Span-366\"\u003e\u003cspan class=\"MJXp-mi MJXp-italic\" id=\"MJXp-Span-367\" style=\"margin-right: 0.05em;\"\u003ea\u003c/span\u003e\u003cspan class=\"MJXp-mrow MJXp-script\" id=\"MJXp-Span-368\" style=\"vertical-align: -0.4em;\"\u003e\u003cspan class=\"MJXp-mn\" id=\"MJXp-Span-369\"\u003e10\u003c/span\u003e\u003c/span\u003e\u003c/span\u003e\u003cspan class=\"MJXp-mo\" id=\"MJXp-Span-370\" style=\"margin-left: 0em; margin-right: 0.222em;\"\u003e,\u003c/span\u003e\u003cspan class=\"MJXp-msubsup\" id=\"MJXp-Span-371\"\u003e\u003cspan class=\"MJXp-mi MJXp-italic\" id=\"MJXp-Span-372\" style=\"margin-right: 0.05em;\"\u003ea\u003c/span\u003e\u003cspan class=\"MJXp-mn MJXp-script\" id=\"MJXp-Span-373\" style=\"vertical-align: -0.4em;\"\u003e9\u003c/span\u003e\u003c/span\u003e\u003cspan class=\"MJXp-mo\" id=\"MJXp-Span-374\" style=\"margin-left: 0em; margin-right: 0.222em;\"\u003e,\u003c/span\u003e\u003cspan class=\"MJXp-msubsup\" id=\"MJXp-Span-375\"\u003e\u003cspan class=\"MJXp-mi MJXp-italic\" id=\"MJXp-Span-376\" style=\"margin-right: 0.05em;\"\u003ea\u003c/span\u003e\u003cspan class=\"MJXp-mn MJXp-script\" id=\"MJXp-Span-377\" style=\"vertical-align: -0.4em;\"\u003e8\u003c/span\u003e\u003c/span\u003e\u003cspan class=\"MJXp-mo\" id=\"MJXp-Span-378\" style=\"margin-left: 0em; margin-right: 0.222em;\"\u003e,\u003c/span\u003e\u003cspan class=\"MJXp-mo\" id=\"MJXp-Span-379\" style=\"margin-left: 0em; margin-right: 0em;\"\u003e…\u003c/span\u003e\u003cspan class=\"MJXp-mo\" id=\"MJXp-Span-380\" style=\"margin-left: 0em; margin-right: 0.222em;\"\u003e,\u003c/span\u003e\u003cspan class=\"MJXp-msubsup\" id=\"MJXp-Span-381\"\u003e\u003cspan class=\"MJXp-mi MJXp-italic\" id=\"MJXp-Span-382\" style=\"margin-right: 0.05em;\"\u003ea\u003c/span\u003e\u003cspan class=\"MJXp-mn MJXp-script\" id=\"MJXp-Span-383\" style=\"vertical-align: -0.4em;\"\u003e2\u003c/span\u003e\u003c/span\u003e\u003c/span\u003e\u003c/span\u003e\u003cscript type=\"math/tex\" id=\"MathJax-Element-69\"\u003ea_{10}, a_9, a_8, \\dots, a_2\u003c/script\u003e。如果你的输出不合法，则得 \u003cspan class=\"MathJax_Preview\" style=\"color: inherit;\"\u003e\u003cspan class=\"MJXp-math\" id=\"MJXp-Span-384\"\u003e\u003cspan class=\"MJXp-mn\" id=\"MJXp-Span-385\"\u003e0\u003c/span\u003e\u003c/span\u003e\u003c/span\u003e\u003cscript type=\"math/tex\" id=\"MathJax-Element-70\"\u003e0\u003c/script\u003e 分。否则，在你的方案中，若游戏得分为 \u003cspan class=\"MathJax_Preview\" style=\"color: inherit;\"\u003e\u003cspan class=\"MJXp-math\" id=\"MJXp-Span-386\"\u003e\u003cspan class=\"MJXp-msubsup\" id=\"MJXp-Span-387\"\u003e\u003cspan class=\"MJXp-mi MJXp-italic\" id=\"MJXp-Span-388\" style=\"margin-right: 0.05em;\"\u003ew\u003c/span\u003e\u003cspan class=\"MJXp-mrow MJXp-script\" id=\"MJXp-Span-389\" style=\"vertical-align: -0.4em;\"\u003e\u003cspan class=\"MJXp-mi MJXp-italic\" id=\"MJXp-Span-390\"\u003eu\u003c/span\u003e\u003cspan class=\"MJXp-mi MJXp-italic\" id=\"MJXp-Span-391\"\u003es\u003c/span\u003e\u003cspan class=\"MJXp-mi MJXp-italic\" id=\"MJXp-Span-392\"\u003ee\u003c/span\u003e\u003cspan class=\"MJXp-mi MJXp-italic\" id=\"MJXp-Span-393\"\u003er\u003c/span\u003e\u003c/span\u003e\u003c/span\u003e\u003c/span\u003e\u003c/span\u003e\u003cscript type=\"math/tex\" id=\"MathJax-Element-71\"\u003ew_{user}\u003c/script\u003e，你的分数将会由下表给出：\u003c/p\u003e\u003cdiv class=\"table-responsive\"\u003e\n\u003ctable class=\"table table-bordered table-text-center table-vertical-middle\"\u003e\u003cthead\u003e\u003ctr\u003e\u003cth\u003e得分\u003c/th\u003e\u003cth\u003e条件\u003c/th\u003e\u003cth\u003e得分\u003c/th\u003e\u003cth\u003e条件\u003c/th\u003e\u003c/tr\u003e\u003c/thead\u003e\u003ctbody\u003e\u003ctr\u003e\u003ctd\u003e10\u003c/td\u003e\u003ctd\u003e\u003cspan class=\"MathJax_Preview\" style=\"color: inherit;\"\u003e\u003cspan class=\"MJXp-math\" id=\"MJXp-Span-394\"\u003e\u003cspan class=\"MJXp-msubsup\" id=\"MJXp-Span-395\"\u003e\u003cspan class=\"MJXp-mi MJXp-italic\" id=\"MJXp-Span-396\" style=\"margin-right: 0.05em;\"\u003ew\u003c/span\u003e\u003cspan class=\"MJXp-mrow MJXp-script\" id=\"MJXp-Span-397\" style=\"vertical-align: -0.4em;\"\u003e\u003cspan class=\"MJXp-mi MJXp-italic\" id=\"MJXp-Span-398\"\u003eu\u003c/span\u003e\u003cspan class=\"MJXp-mi MJXp-italic\" id=\"MJXp-Span-399\"\u003es\u003c/span\u003e\u003cspan class=\"MJXp-mi MJXp-italic\" id=\"MJXp-Span-400\"\u003ee\u003c/span\u003e\u003cspan class=\"MJXp-mi MJXp-italic\" id=\"MJXp-Span-401\"\u003er\u003c/span\u003e\u003c/span\u003e\u003c/span\u003e\u003cspan class=\"MJXp-mo\" id=\"MJXp-Span-402\" style=\"margin-left: 0.333em; margin-right: 0.333em;\"\u003e≥\u003c/span\u003e\u003cspan class=\"MJXp-msubsup\" id=\"MJXp-Span-403\"\u003e\u003cspan class=\"MJXp-mi MJXp-italic\" id=\"MJXp-Span-404\" style=\"margin-right: 0.05em;\"\u003ea\u003c/span\u003e\u003cspan class=\"MJXp-mrow MJXp-script\" id=\"MJXp-Span-405\" style=\"vertical-align: -0.4em;\"\u003e\u003cspan class=\"MJXp-mn\" id=\"MJXp-Span-406\"\u003e10\u003c/span\u003e\u003c/span\u003e\u003c/span\u003e\u003c/span\u003e\u003c/span\u003e\u003cscript type=\"math/tex\" id=\"MathJax-Element-72\"\u003ew_{user} \\geq a_{10}\u003c/script\u003e\u003c/td\u003e\u003ctd\u003e5\u003c/td\u003e\u003ctd\u003e\u003cspan class=\"MathJax_Preview\" style=\"color: inherit;\"\u003e\u003cspan class=\"MJXp-math\" id=\"MJXp-Span-407\"\u003e\u003cspan class=\"MJXp-msubsup\" id=\"MJXp-Span-408\"\u003e\u003cspan class=\"MJXp-mi MJXp-italic\" id=\"MJXp-Span-409\" style=\"margin-right: 0.05em;\"\u003ew\u003c/span\u003e\u003cspan class=\"MJXp-mrow MJXp-script\" id=\"MJXp-Span-410\" style=\"vertical-align: -0.4em;\"\u003e\u003cspan class=\"MJXp-mi MJXp-italic\" id=\"MJXp-Span-411\"\u003eu\u003c/span\u003e\u003cspan class=\"MJXp-mi MJXp-italic\" id=\"MJXp-Span-412\"\u003es\u003c/span\u003e\u003cspan class=\"MJXp-mi MJXp-italic\" id=\"MJXp-Span-413\"\u003ee\u003c/span\u003e\u003cspan class=\"MJXp-mi MJXp-italic\" id=\"MJXp-Span-414\"\u003er\u003c/span\u003e\u003c/span\u003e\u003c/span\u003e\u003cspan class=\"MJXp-mo\" id=\"MJXp-Span-415\" style=\"margin-left: 0.333em; margin-right: 0.333em;\"\u003e≥\u003c/span\u003e\u003cspan class=\"MJXp-msubsup\" id=\"MJXp-Span-416\"\u003e\u003cspan class=\"MJXp-mi MJXp-italic\" id=\"MJXp-Span-417\" style=\"margin-right: 0.05em;\"\u003ea\u003c/span\u003e\u003cspan class=\"MJXp-mn MJXp-script\" id=\"MJXp-Span-418\" style=\"vertical-align: -0.4em;\"\u003e5\u003c/span\u003e\u003c/span\u003e\u003c/span\u003e\u003c/span\u003e\u003cscript type=\"math/tex\" id=\"MathJax-Element-73\"\u003ew_{user} \\geq a_5\u003c/script\u003e\u003c/td\u003e\u003c/tr\u003e\u003ctr\u003e\u003ctd\u003e9\u003c/td\u003e\u003ctd\u003e\u003cspan class=\"MathJax_Preview\" style=\"color: inherit;\"\u003e\u003cspan class=\"MJXp-math\" id=\"MJXp-Span-419\"\u003e\u003cspan class=\"MJXp-msubsup\" id=\"MJXp-Span-420\"\u003e\u003cspan class=\"MJXp-mi MJXp-italic\" id=\"MJXp-Span-421\" style=\"margin-right: 0.05em;\"\u003ew\u003c/span\u003e\u003cspan class=\"MJXp-mrow MJXp-script\" id=\"MJXp-Span-422\" style=\"vertical-align: -0.4em;\"\u003e\u003cspan class=\"MJXp-mi MJXp-italic\" id=\"MJXp-Span-423\"\u003eu\u003c/span\u003e\u003cspan class=\"MJXp-mi MJXp-italic\" id=\"MJXp-Span-424\"\u003es\u003c/span\u003e\u003cspan class=\"MJXp-mi MJXp-italic\" id=\"MJXp-Span-425\"\u003ee\u003c/span\u003e\u003cspan class=\"MJXp-mi MJXp-italic\" id=\"MJXp-Span-426\"\u003er\u003c/span\u003e\u003c/span\u003e\u003c/span\u003e\u003cspan class=\"MJXp-mo\" id=\"MJXp-Span-427\" style=\"margin-left: 0.333em; margin-right: 0.333em;\"\u003e≥\u003c/span\u003e\u003cspan class=\"MJXp-msubsup\" id=\"MJXp-Span-428\"\u003e\u003cspan class=\"MJXp-mi MJXp-italic\" id=\"MJXp-Span-429\" style=\"margin-right: 0.05em;\"\u003ea\u003c/span\u003e\u003cspan class=\"MJXp-mn MJXp-script\" id=\"MJXp-Span-430\" style=\"vertical-align: -0.4em;\"\u003e9\u003c/span\u003e\u003c/span\u003e\u003c/span\u003e\u003c/span\u003e\u003cscript type=\"math/tex\" id=\"MathJax-Element-74\"\u003ew_{user} \\geq a_9\u003c/script\u003e\u003c/td\u003e\u003ctd\u003e4\u003c/td\u003e\u003ctd\u003e\u003cspan class=\"MathJax_Preview\" style=\"color: inherit;\"\u003e\u003cspan class=\"MJXp-math\" id=\"MJXp-Span-431\"\u003e\u003cspan class=\"MJXp-msubsup\" id=\"MJXp-Span-432\"\u003e\u003cspan class=\"MJXp-mi MJXp-italic\" id=\"MJXp-Span-433\" style=\"margin-right: 0.05em;\"\u003ew\u003c/span\u003e\u003cspan class=\"MJXp-mrow MJXp-script\" id=\"MJXp-Span-434\" style=\"vertical-align: -0.4em;\"\u003e\u003cspan class=\"MJXp-mi MJXp-italic\" id=\"MJXp-Span-435\"\u003eu\u003c/span\u003e\u003cspan class=\"MJXp-mi MJXp-italic\" id=\"MJXp-Span-436\"\u003es\u003c/span\u003e\u003cspan class=\"MJXp-mi MJXp-italic\" id=\"MJXp-Span-437\"\u003ee\u003c/span\u003e\u003cspan class=\"MJXp-mi MJXp-italic\" id=\"MJXp-Span-438\"\u003er\u003c/span\u003e\u003c/span\u003e\u003c/span\u003e\u003cspan class=\"MJXp-mo\" id=\"MJXp-Span-439\" style=\"margin-left: 0.333em; margin-right: 0.333em;\"\u003e≥\u003c/span\u003e\u003cspan class=\"MJXp-msubsup\" id=\"MJXp-Span-440\"\u003e\u003cspan class=\"MJXp-mi MJXp-italic\" id=\"MJXp-Span-441\" style=\"margin-right: 0.05em;\"\u003ea\u003c/span\u003e\u003cspan class=\"MJXp-mn MJXp-script\" id=\"MJXp-Span-442\" style=\"vertical-align: -0.4em;\"\u003e4\u003c/span\u003e\u003c/span\u003e\u003c/span\u003e\u003c/span\u003e\u003cscript type=\"math/tex\" id=\"MathJax-Element-75\"\u003ew_{user} \\geq a_4\u003c/script\u003e\u003c/td\u003e\u003c/tr\u003e\u003ctr\u003e\u003ctd\u003e8\u003c/td\u003e\u003ctd\u003e\u003cspan class=\"MathJax_Preview\" style=\"color: inherit;\"\u003e\u003cspan class=\"MJXp-math\" id=\"MJXp-Span-443\"\u003e\u003cspan class=\"MJXp-msubsup\" id=\"MJXp-Span-444\"\u003e\u003cspan class=\"MJXp-mi MJXp-italic\" id=\"MJXp-Span-445\" style=\"margin-right: 0.05em;\"\u003ew\u003c/span\u003e\u003cspan class=\"MJXp-mrow MJXp-script\" id=\"MJXp-Span-446\" style=\"vertical-align: -0.4em;\"\u003e\u003cspan class=\"MJXp-mi MJXp-italic\" id=\"MJXp-Span-447\"\u003eu\u003c/span\u003e\u003cspan class=\"MJXp-mi MJXp-italic\" id=\"MJXp-Span-448\"\u003es\u003c/span\u003e\u003cspan class=\"MJXp-mi MJXp-italic\" id=\"MJXp-Span-449\"\u003ee\u003c/span\u003e\u003cspan class=\"MJXp-mi MJXp-italic\" id=\"MJXp-Span-450\"\u003er\u003c/span\u003e\u003c/span\u003e\u003c/span\u003e\u003cspan class=\"MJXp-mo\" id=\"MJXp-Span-451\" style=\"margin-left: 0.333em; margin-right: 0.333em;\"\u003e≥\u003c/span\u003e\u003cspan class=\"MJXp-msubsup\" id=\"MJXp-Span-452\"\u003e\u003cspan class=\"MJXp-mi MJXp-italic\" id=\"MJXp-Span-453\" style=\"margin-right: 0.05em;\"\u003ea\u003c/span\u003e\u003cspan class=\"MJXp-mn MJXp-script\" id=\"MJXp-Span-454\" style=\"vertical-align: -0.4em;\"\u003e8\u003c/span\u003e\u003c/span\u003e\u003c/span\u003e\u003c/span\u003e\u003cscript type=\"math/tex\" id=\"MathJax-Element-76\"\u003ew_{user} \\geq a_8\u003c/script\u003e\u003c/td\u003e\u003ctd\u003e3\u003c/td\u003e\u003ctd\u003e\u003cspan class=\"MathJax_Preview\" style=\"color: inherit;\"\u003e\u003cspan class=\"MJXp-math\" id=\"MJXp-Span-455\"\u003e\u003cspan class=\"MJXp-msubsup\" id=\"MJXp-Span-456\"\u003e\u003cspan class=\"MJXp-mi MJXp-italic\" id=\"MJXp-Span-457\" style=\"margin-right: 0.05em;\"\u003ew\u003c/span\u003e\u003cspan class=\"MJXp-mrow MJXp-script\" id=\"MJXp-Span-458\" style=\"vertical-align: -0.4em;\"\u003e\u003cspan class=\"MJXp-mi MJXp-italic\" id=\"MJXp-Span-459\"\u003eu\u003c/span\u003e\u003cspan class=\"MJXp-mi MJXp-italic\" id=\"MJXp-Span-460\"\u003es\u003c/span\u003e\u003cspan class=\"MJXp-mi MJXp-italic\" id=\"MJXp-Span-461\"\u003ee\u003c/span\u003e\u003cspan class=\"MJXp-mi MJXp-italic\" id=\"MJXp-Span-462\"\u003er\u003c/span\u003e\u003c/span\u003e\u003c/span\u003e\u003cspan class=\"MJXp-mo\" id=\"MJXp-Span-463\" style=\"margin-left: 0.333em; margin-right: 0.333em;\"\u003e≥\u003c/span\u003e\u003cspan class=\"MJXp-msubsup\" id=\"MJXp-Span-464\"\u003e\u003cspan class=\"MJXp-mi MJXp-italic\" id=\"MJXp-Span-465\" style=\"margin-right: 0.05em;\"\u003ea\u003c/span\u003e\u003cspan class=\"MJXp-mn MJXp-script\" id=\"MJXp-Span-466\" style=\"vertical-align: -0.4em;\"\u003e3\u003c/span\u003e\u003c/span\u003e\u003c/span\u003e\u003c/span\u003e\u003cscript type=\"math/tex\" id=\"MathJax-Element-77\"\u003ew_{user} \\geq a_3\u003c/script\u003e\u003c/td\u003e\u003c/tr\u003e\u003ctr\u003e\u003ctd\u003e7\u003c/td\u003e\u003ctd\u003e\u003cspan class=\"MathJax_Preview\" style=\"color: inherit;\"\u003e\u003cspan class=\"MJXp-math\" id=\"MJXp-Span-467\"\u003e\u003cspan class=\"MJXp-msubsup\" id=\"MJXp-Span-468\"\u003e\u003cspan class=\"MJXp-mi MJXp-italic\" id=\"MJXp-Span-469\" style=\"margin-right: 0.05em;\"\u003ew\u003c/span\u003e\u003cspan class=\"MJXp-mrow MJXp-script\" id=\"MJXp-Span-470\" style=\"vertical-align: -0.4em;\"\u003e\u003cspan class=\"MJXp-mi MJXp-italic\" id=\"MJXp-Span-471\"\u003eu\u003c/span\u003e\u003cspan class=\"MJXp-mi MJXp-italic\" id=\"MJXp-Span-472\"\u003es\u003c/span\u003e\u003cspan class=\"MJXp-mi MJXp-italic\" id=\"MJXp-Span-473\"\u003ee\u003c/span\u003e\u003cspan class=\"MJXp-mi MJXp-italic\" id=\"MJXp-Span-474\"\u003er\u003c/span\u003e\u003c/span\u003e\u003c/span\u003e\u003cspan class=\"MJXp-mo\" id=\"MJXp-Span-475\" style=\"margin-left: 0.333em; margin-right: 0.333em;\"\u003e≥\u003c/span\u003e\u003cspan class=\"MJXp-msubsup\" id=\"MJXp-Span-476\"\u003e\u003cspan class=\"MJXp-mi MJXp-italic\" id=\"MJXp-Span-477\" style=\"margin-right: 0.05em;\"\u003ea\u003c/span\u003e\u003cspan class=\"MJXp-mn MJXp-script\" id=\"MJXp-Span-478\" style=\"vertical-align: -0.4em;\"\u003e7\u003c/span\u003e\u003c/span\u003e\u003c/span\u003e\u003c/span\u003e\u003cscript type=\"math/tex\" id=\"MathJax-Element-78\"\u003ew_{user} \\geq a_7\u003c/script\u003e\u003c/td\u003e\u003ctd\u003e2\u003c/td\u003e\u003ctd\u003e\u003cspan class=\"MathJax_Preview\" style=\"color: inherit;\"\u003e\u003cspan class=\"MJXp-math\" id=\"MJXp-Span-479\"\u003e\u003cspan class=\"MJXp-msubsup\" id=\"MJXp-Span-480\"\u003e\u003cspan class=\"MJXp-mi MJXp-italic\" id=\"MJXp-Span-481\" style=\"margin-right: 0.05em;\"\u003ew\u003c/span\u003e\u003cspan class=\"MJXp-mrow MJXp-script\" id=\"MJXp-Span-482\" style=\"vertical-align: -0.4em;\"\u003e\u003cspan class=\"MJXp-mi MJXp-italic\" id=\"MJXp-Span-483\"\u003eu\u003c/span\u003e\u003cspan class=\"MJXp-mi MJXp-italic\" id=\"MJXp-Span-484\"\u003es\u003c/span\u003e\u003cspan class=\"MJXp-mi MJXp-italic\" id=\"MJXp-Span-485\"\u003ee\u003c/span\u003e\u003cspan class=\"MJXp-mi MJXp-italic\" id=\"MJXp-Span-486\"\u003er\u003c/span\u003e\u003c/span\u003e\u003c/span\u003e\u003cspan class=\"MJXp-mo\" id=\"MJXp-Span-487\" style=\"margin-left: 0.333em; margin-right: 0.333em;\"\u003e≥\u003c/span\u003e\u003cspan class=\"MJXp-msubsup\" id=\"MJXp-Span-488\"\u003e\u003cspan class=\"MJXp-mi MJXp-italic\" id=\"MJXp-Span-489\" style=\"margin-right: 0.05em;\"\u003ea\u003c/span\u003e\u003cspan class=\"MJXp-mn MJXp-script\" id=\"MJXp-Span-490\" style=\"vertical-align: -0.4em;\"\u003e2\u003c/span\u003e\u003c/span\u003e\u003c/span\u003e\u003c/span\u003e\u003cscript type=\"math/tex\" id=\"MathJax-Element-79\"\u003ew_{user} \\geq a_2\u003c/script\u003e\u003c/td\u003e\u003c/tr\u003e\u003ctr\u003e\u003ctd\u003e6\u003c/td\u003e\u003ctd\u003e\u003cspan class=\"MathJax_Preview\" style=\"color: inherit;\"\u003e\u003cspan class=\"MJXp-math\" id=\"MJXp-Span-491\"\u003e\u003cspan class=\"MJXp-msubsup\" id=\"MJXp-Span-492\"\u003e\u003cspan class=\"MJXp-mi MJXp-italic\" id=\"MJXp-Span-493\" style=\"margin-right: 0.05em;\"\u003ew\u003c/span\u003e\u003cspan class=\"MJXp-mrow MJXp-script\" id=\"MJXp-Span-494\" style=\"vertical-align: -0.4em;\"\u003e\u003cspan class=\"MJXp-mi MJXp-italic\" id=\"MJXp-Span-495\"\u003eu\u003c/span\u003e\u003cspan class=\"MJXp-mi MJXp-italic\" id=\"MJXp-Span-496\"\u003es\u003c/span\u003e\u003cspan class=\"MJXp-mi MJXp-italic\" id=\"MJXp-Span-497\"\u003ee\u003c/span\u003e\u003cspan class=\"MJXp-mi MJXp-italic\" id=\"MJXp-Span-498\"\u003er\u003c/span\u003e\u003c/span\u003e\u003c/span\u003e\u003cspan class=\"MJXp-mo\" id=\"MJXp-Span-499\" style=\"margin-left: 0.333em; margin-right: 0.333em;\"\u003e≥\u003c/span\u003e\u003cspan class=\"MJXp-msubsup\" id=\"MJXp-Span-500\"\u003e\u003cspan class=\"MJXp-mi MJXp-italic\" id=\"MJXp-Span-501\" style=\"margin-right: 0.05em;\"\u003ea\u003c/span\u003e\u003cspan class=\"MJXp-mn MJXp-script\" id=\"MJXp-Span-502\" style=\"vertical-align: -0.4em;\"\u003e6\u003c/span\u003e\u003c/span\u003e\u003c/span\u003e\u003c/span\u003e\u003cscript type=\"math/tex\" id=\"MathJax-Element-80\"\u003ew_{user} \\geq a_6\u003c/script\u003e\u003c/td\u003e\u003ctd\u003e1\u003c/td\u003e\u003ctd\u003e\u003cspan class=\"MathJax_Preview\" style=\"color: inherit;\"\u003e\u003cspan class=\"MJXp-math\" id=\"MJXp-Span-503\"\u003e\u003cspan class=\"MJXp-msubsup\" id=\"MJXp-Span-504\"\u003e\u003cspan class=\"MJXp-mi MJXp-italic\" id=\"MJXp-Span-505\" style=\"margin-right: 0.05em;\"\u003ew\u003c/span\u003e\u003cspan class=\"MJXp-mrow MJXp-script\" id=\"MJXp-Span-506\" style=\"vertical-align: -0.4em;\"\u003e\u003cspan class=\"MJXp-mi MJXp-italic\" id=\"MJXp-Span-507\"\u003eu\u003c/span\u003e\u003cspan class=\"MJXp-mi MJXp-italic\" id=\"MJXp-Span-508\"\u003es\u003c/span\u003e\u003cspan class=\"MJXp-mi MJXp-italic\" id=\"MJXp-Span-509\"\u003ee\u003c/span\u003e\u003cspan class=\"MJXp-mi MJXp-italic\" id=\"MJXp-Span-510\"\u003er\u003c/span\u003e\u003c/span\u003e\u003c/span\u003e\u003cspan class=\"MJXp-mo\" id=\"MJXp-Span-511\" style=\"margin-left: 0.333em; margin-right: 0.333em;\"\u003e\u0026gt;\u003c/span\u003e\u003cspan class=\"MJXp-mn\" id=\"MJXp-Span-512\"\u003e0\u003c/span\u003e\u003c/span\u003e\u003c/span\u003e\u003cscript type=\"math/tex\" id=\"MathJax-Element-81\"\u003ew_{user} \u003e 0\u003c/script\u003e\u003c/td\u003e\u003c/tr\u003e\u003c/tbody\u003e\u003c/table\u003e\u003c/div\u003e\u003cp\u003e如果同时满足多个条件，则取最高分作为你的分数。\u003c/p\u003e",
      "misc": ""
    },
    {
      "title": "如何测试你的输出",
      "content": "\u003cp\u003e在终端中先切换到该试题的目录下：（windows用户请使用cmd）\u003c/p\u003e\u003cp\u003e\u003ccode\u003ecd touhou\u003c/code\u003e\u003c/p\u003e\u003cp\u003e我们提供checker这个工具来测试你的输出文件是否是可接受的。使用这个工具的方法是，在终端中运行\u003c/p\u003e\u003cp\u003e\u003ccode\u003e./checker_linux64 \u0026lt;case_no\u0026gt;\u003c/code\u003e\u003c/p\u003e\u003cp\u003e其中\u003ccode\u003ecase_no\u003c/code\u003e是测试数据的编号。例如\u003c/p\u003e\u003cp\u003e\u003ccode\u003e./checker_linux64 3\u003c/code\u003e\u003c/p\u003e\u003cp\u003e将测试 \u003csamp\u003etouhou3.out\u003c/samp\u003e 是否可以接受。（windows用户请使用\u003ccode\u003echecker_win32 3\u003c/code\u003e）（什么你是windows 64位？放心吧可以运行win32应用程序的。）\u003c/p\u003e\u003cp\u003e当然我们有对应的linux 32位版本：\u003ccode\u003echecker_linux32\u003c/code\u003e。如果linux用户发现无法运行程序，请尝试执行\u003ccode\u003echmod +x checker_linux64\u003c/code\u003e或\u003ccode\u003echmod +x checker_linux32\u003c/code\u003e后重试。\u003c/p\u003e\u003cp\u003e其它操作系统请安装 \u003ca href=\"//nodejs.org/\"\u003enode.js\u003c/a\u003e 然后使用 \u003ccode\u003enode checker.js \u0026lt;case_no\u0026gt;\u003c/code\u003e 运行checker。\u003c/p\u003e\u003cp\u003e在你调用这个程序后，checker将根据你给出的输出文件给出测试的结果。\u003c/p\u003e\u003cp\u003e\u0026nbsp;\u003c/p\u003e\u003cp\u003e为了方便你调试，我们提供的 checker 中还增加了一些功能。你在使用 checker 时可以调用选项来获得一些额外的信息。可调用的选项包括：\u003c/p\u003e\u003col\u003e\u003cli\u003e\u003ccode\u003e–p\u003c/code\u003e：输出每个时刻角色所在的位置。\u003c/li\u003e\n\u003cli\u003e\u003ccode\u003e–m\u003c/code\u003e：输出每次中弹的相关信息。\u003c/li\u003e\n\u003cli\u003e\u003ccode\u003e–g\u003c/code\u003e：输出每次擦弹的相关信息（对同一个子弹多次擦弹只输出第一次）。\u003c/li\u003e\n\u003cli\u003e\u003ccode\u003e–t\u003c/code\u003e：在每个时间区间结束时显示是否获得不中弹得分。\u003c/li\u003e\n\u003cli\u003e\u003ccode\u003e–x\u003c/code\u003e：将调用以上四种选项所产生的信息不输出到屏幕上，而是输出到对应的 \u003csamp\u003etouhou*.log\u003c/samp\u003e 文件中。\u003c/li\u003e\n\u003c/ol\u003e\u003cp\u003e调用选项的方法如下例所示:\u003c/p\u003e\u003cp\u003e\u003ccode\u003e./checker_linux64 3 –m –g –x\u003c/code\u003e\u003c/p\u003e\u003cp\u003e将检查 \u003csamp\u003etouhou3.out\u003c/samp\u003e 是否可以接受。如果 \u003csamp\u003etouhou3.out\u003c/samp\u003e 可以接受，则在输出得分的同时将每次中弹和擦弹的相关信息输出到 \u003csamp\u003etouhou3.log\u003c/samp\u003e 中。\u003c/p\u003e\u003cp\u003e以上所有信息均按时间顺序输出。\u003c/p\u003e\u003cp\u003e\u003cstrong\u003e注意比赛时提交此题显示的成绩就是最终成绩。\u003c/strong\u003e\u003c/p\u003e",
      "misc": ""
    },
    {
      "title": "下载",
      "content": "\u003cp\u003e\u003ca href=\"/download.php?type=problem\u0026amp;id=135\"\u003e输入数据及checker下载\u003c/a\u003e\u003c/p\u003e",
      "misc": ""
    }
  ],
  "samples": [
    {
      "title": "样例一",
      "input": "\u003cpre\u003e10 10 0 0 3 1 2\n2\n1 2 1 0 2 0 1 5\n3 3 4 2 0 0 1 5\n2\n0 2 10\n2 3 10\n3\n\n\u003c/pre\u003e",
      "output": "\u003cpre\u003eCDS\n\n\u003c/pre\u003e",
      "explanation": "\u003cp\u003e时刻 \u003cspan class=\"MathJax_Preview\" style=\"color: inherit;\"\u003e\u003cspan class=\"MJXp-math\" id=\"MJXp-Span-287\"\u003e\u003cspan class=\"MJXp-mn\" id=\"MJXp-Span-288\"\u003e0\u003c/span\u003e\u003c/span\u003e\u003c/span\u003e\u003cscript type=\"math/tex\" id=\"MathJax-Element-48\"\u003e0\u003c/script\u003e，NOI出题人的位置在 \u003cspan class=\"MathJax_Preview\" style=\"color: inherit;\"\u003e\u003cspan class=\"MJXp-math\" id=\"MJXp-Span-289\"\u003e\u003cspan class=\"MJXp-mo\" id=\"MJXp-Span-290\" style=\"margin-left: 0em; margin-right: 0em;\"\u003e(\u003c/span\u003e\u003cspan class=\"MJXp-mn\" id=\"MJXp-Span-291\"\u003e0\u003c/span\u003e\u003cspan class=\"MJXp-mo\" id=\"MJXp-Span-292\" style=\"margin-left: 0em; margin-right: 0.222em;\"\u003e,\u003c/span\u003e\u003cspan class=\"MJXp-mn\" id=\"MJXp-Span-293\"\u003e0\u003c/span\u003e\u003cspan class=\"MJXp-mo\" id=\"MJXp-Span-294\" style=\"margin-left: 0em; margin-right: 0em;\"\u003e)\u003c/span\u003e\u003c/span\u003e\u003c/span\u003e\u003cscript type=\"math/tex\" id=\"MathJax-Element-49\"\u003e(0,0)\u003c/script\u003e。\u003c/p\u003e\u003cp\u003e时刻 \u003cspan class=\"MathJax_Preview\" style=\"color: inherit;\"\u003e\u003cspan class=\"MJXp-math\" id=\"MJXp-Span-295\"\u003e\u003cspan class=\"MJXp-mn\" id=\"MJXp-Span-296\"\u003e1\u003c/span\u003e\u003c/span\u003e\u003c/span\u003e\u003cscript type=\"math/tex\" id=\"MathJax-Element-50\"\u003e1\u003c/script\u003e，在位置 \u003cspan class=\"MathJax_Preview\" style=\"color: inherit;\"\u003e\u003cspan class=\"MJXp-math\" id=\"MJXp-Span-297\"\u003e\u003cspan class=\"MJXp-mo\" id=\"MJXp-Span-298\" style=\"margin-left: 0em; margin-right: 0em;\"\u003e(\u003c/span\u003e\u003cspan class=\"MJXp-mn\" id=\"MJXp-Span-299\"\u003e1\u003c/span\u003e\u003cspan class=\"MJXp-mo\" id=\"MJXp-Span-300\" style=\"margin-left: 0em; margin-right: 0.222em;\"\u003e,\u003c/span\u003e\u003cspan class=\"MJXp-mn\" id=\"MJXp-Span-301\"\u003e0\u003c/span\u003e\u003cspan class=\"MJXp-mo\" id=\"MJXp-Span-302\" style=\"margin-left: 0em; margin-right: 0em;\"\u003e)\u003c/span\u003e\u003c/span\u003e\u003c/span\u003e\u003cscript type=\"math/tex\" id=\"MathJax-Element-51\"\u003e(1,0)\u003c/script\u003e 出现了一个子弹，NOI出题人移动到位置 \u003cspan class=\"MathJax_Preview\" style=\"color: inherit;\"\u003e\u003cspan class=\"MJXp-math\" id=\"MJXp-Span-303\"\u003e\u003cspan class=\"MJXp-mo\" id=\"MJXp-Span-304\" style=\"margin-left: 0em; margin-right: 0em;\"\u003e(\u003c/span\u003e\u003cspan class=\"MJXp-mn\" id=\"MJXp-Span-305\"\u003e2.12132\u003c/span\u003e\u003cspan class=\"MJXp-mo\" id=\"MJXp-Span-306\" style=\"margin-left: 0em; margin-right: 0.222em;\"\u003e,\u003c/span\u003e\u003cspan class=\"MJXp-mn\" id=\"MJXp-Span-307\"\u003e2.12132\u003c/span\u003e\u003cspan class=\"MJXp-mo\" id=\"MJXp-Span-308\" style=\"margin-left: 0em; margin-right: 0em;\"\u003e)\u003c/span\u003e\u003c/span\u003e\u003c/span\u003e\u003cscript type=\"math/tex\" id=\"MathJax-Element-52\"\u003e(2.12132,2.12132)\u003c/script\u003e。\u003c/p\u003e\u003cp\u003e此时NOI出题人与子弹距离为 \u003cspan class=\"MathJax_Preview\" style=\"color: inherit;\"\u003e\u003cspan class=\"MJXp-math\" id=\"MJXp-Span-309\"\u003e\u003cspan class=\"MJXp-mn\" id=\"MJXp-Span-310\"\u003e2.39945\u003c/span\u003e\u003c/span\u003e\u003c/span\u003e\u003cscript type=\"math/tex\" id=\"MathJax-Element-53\"\u003e2.39945\u003c/script\u003e，获得擦弹得分 \u003cspan class=\"MathJax_Preview\" style=\"color: inherit;\"\u003e\u003cspan class=\"MJXp-math\" id=\"MJXp-Span-311\"\u003e\u003cspan class=\"MJXp-mn\" id=\"MJXp-Span-312\"\u003e5\u003c/span\u003e\u003c/span\u003e\u003c/span\u003e\u003cscript type=\"math/tex\" id=\"MathJax-Element-54\"\u003e5\u003c/script\u003e。\u003c/p\u003e\u003cp\u003e时刻 \u003cspan class=\"MathJax_Preview\" style=\"color: inherit;\"\u003e\u003cspan class=\"MJXp-math\" id=\"MJXp-Span-313\"\u003e\u003cspan class=\"MJXp-mn\" id=\"MJXp-Span-314\"\u003e2\u003c/span\u003e\u003c/span\u003e\u003c/span\u003e\u003cscript type=\"math/tex\" id=\"MathJax-Element-55\"\u003e2\u003c/script\u003e，子弹移动到位置 \u003cspan class=\"MathJax_Preview\" style=\"color: inherit;\"\u003e\u003cspan class=\"MJXp-math\" id=\"MJXp-Span-315\"\u003e\u003cspan class=\"MJXp-mo\" id=\"MJXp-Span-316\" style=\"margin-left: 0em; margin-right: 0em;\"\u003e(\u003c/span\u003e\u003cspan class=\"MJXp-mn\" id=\"MJXp-Span-317\"\u003e3\u003c/span\u003e\u003cspan class=\"MJXp-mo\" id=\"MJXp-Span-318\" style=\"margin-left: 0em; margin-right: 0.222em;\"\u003e,\u003c/span\u003e\u003cspan class=\"MJXp-mn\" id=\"MJXp-Span-319\"\u003e0\u003c/span\u003e\u003cspan class=\"MJXp-mo\" id=\"MJXp-Span-320\" style=\"margin-left: 0em; margin-right: 0em;\"\u003e)\u003c/span\u003e\u003c/span\u003e\u003c/span\u003e\u003cscript type=\"math/tex\" id=\"MathJax-Element-56\"\u003e(3,0)\u003c/script\u003e，NOI出题人移动到位置 \u003cspan class=\"MathJax_Preview\" style=\"color: inherit;\"\u003e\u003cspan class=\"MJXp-math\" id=\"MJXp-Span-321\"\u003e\u003cspan class=\"MJXp-mo\" id=\"MJXp-Span-322\" style=\"margin-left: 0em; margin-right: 0em;\"\u003e(\u003c/span\u003e\u003cspan class=\"MJXp-mn\" id=\"MJXp-Span-323\"\u003e5.12132\u003c/span\u003e\u003cspan class=\"MJXp-mo\" id=\"MJXp-Span-324\" style=\"margin-left: 0em; margin-right: 0.222em;\"\u003e,\u003c/span\u003e\u003cspan class=\"MJXp-mn\" id=\"MJXp-Span-325\"\u003e2.12132\u003c/span\u003e\u003cspan class=\"MJXp-mo\" id=\"MJXp-Span-326\" style=\"margin-left: 0em; margin-right: 0em;\"\u003e)\u003c/span\u003e\u003c/span\u003e\u003c/span\u003e\u003cscript type=\"math/tex\" id=\"MathJax-Element-57\"\u003e(5.12132,2.12132)\u003c/script\u003e。此时NOI出题人与子弹距离为 \u003cspan class=\"MathJax_Preview\" style=\"color: inherit;\"\u003e\u003cspan class=\"MJXp-math\" id=\"MJXp-Span-327\"\u003e\u003cspan class=\"MJXp-mn\" id=\"MJXp-Span-328\"\u003e3\u003c/span\u003e\u003c/span\u003e\u003c/span\u003e\u003cscript type=\"math/tex\" id=\"MathJax-Element-58\"\u003e3\u003c/script\u003e，仍然擦弹但不再得分，同时该子弹消失。\u003c/p\u003e\u003cp\u003e在时刻 \u003cspan class=\"MathJax_Preview\" style=\"color: inherit;\"\u003e\u003cspan class=\"MJXp-math\" id=\"MJXp-Span-329\"\u003e\u003cspan class=\"MJXp-mo\" id=\"MJXp-Span-330\" style=\"margin-left: 0em; margin-right: 0em;\"\u003e[\u003c/span\u003e\u003cspan class=\"MJXp-mn\" id=\"MJXp-Span-331\"\u003e0\u003c/span\u003e\u003cspan class=\"MJXp-mo\" id=\"MJXp-Span-332\" style=\"margin-left: 0em; margin-right: 0.222em;\"\u003e,\u003c/span\u003e\u003cspan class=\"MJXp-mn\" id=\"MJXp-Span-333\"\u003e2\u003c/span\u003e\u003cspan class=\"MJXp-mo\" id=\"MJXp-Span-334\" style=\"margin-left: 0em; margin-right: 0em;\"\u003e]\u003c/span\u003e\u003c/span\u003e\u003c/span\u003e\u003cscript type=\"math/tex\" id=\"MathJax-Element-59\"\u003e[0,2]\u003c/script\u003e 内NOI出题人未中弹，获得不中弹得分 \u003cspan class=\"MathJax_Preview\" style=\"color: inherit;\"\u003e\u003cspan class=\"MJXp-math\" id=\"MJXp-Span-335\"\u003e\u003cspan class=\"MJXp-mn\" id=\"MJXp-Span-336\"\u003e10\u003c/span\u003e\u003c/span\u003e\u003c/span\u003e\u003cscript type=\"math/tex\" id=\"MathJax-Element-60\"\u003e10\u003c/script\u003e。\u003c/p\u003e\u003cp\u003e时刻 \u003cspan class=\"MathJax_Preview\" style=\"color: inherit;\"\u003e\u003cspan class=\"MJXp-math\" id=\"MJXp-Span-337\"\u003e\u003cspan class=\"MJXp-mn\" id=\"MJXp-Span-338\"\u003e3\u003c/span\u003e\u003c/span\u003e\u003c/span\u003e\u003cscript type=\"math/tex\" id=\"MathJax-Element-61\"\u003e3\u003c/script\u003e，在位置 \u003cspan class=\"MathJax_Preview\" style=\"color: inherit;\"\u003e\u003cspan class=\"MJXp-math\" id=\"MJXp-Span-339\"\u003e\u003cspan class=\"MJXp-mo\" id=\"MJXp-Span-340\" style=\"margin-left: 0em; margin-right: 0em;\"\u003e(\u003c/span\u003e\u003cspan class=\"MJXp-mn\" id=\"MJXp-Span-341\"\u003e4\u003c/span\u003e\u003cspan class=\"MJXp-mo\" id=\"MJXp-Span-342\" style=\"margin-left: 0em; margin-right: 0.222em;\"\u003e,\u003c/span\u003e\u003cspan class=\"MJXp-mn\" id=\"MJXp-Span-343\"\u003e2\u003c/span\u003e\u003cspan class=\"MJXp-mo\" id=\"MJXp-Span-344\" style=\"margin-left: 0em; margin-right: 0em;\"\u003e)\u003c/span\u003e\u003c/span\u003e\u003c/span\u003e\u003cscript type=\"math/tex\" id=\"MathJax-Element-62\"\u003e(4,2)\u003c/script\u003e 出现了一个子弹，NOI出题人位置 \u003cspan class=\"MathJax_Preview\" style=\"color: inherit;\"\u003e\u003cspan class=\"MJXp-math\" id=\"MJXp-Span-345\"\u003e\u003cspan class=\"MJXp-mo\" id=\"MJXp-Span-346\" style=\"margin-left: 0em; margin-right: 0em;\"\u003e(\u003c/span\u003e\u003cspan class=\"MJXp-mn\" id=\"MJXp-Span-347\"\u003e5.12132\u003c/span\u003e\u003cspan class=\"MJXp-mo\" id=\"MJXp-Span-348\" style=\"margin-left: 0em; margin-right: 0.222em;\"\u003e,\u003c/span\u003e\u003cspan class=\"MJXp-mn\" id=\"MJXp-Span-349\"\u003e2.12132\u003c/span\u003e\u003cspan class=\"MJXp-mo\" id=\"MJXp-Span-350\" style=\"margin-left: 0em; margin-right: 0em;\"\u003e)\u003c/span\u003e\u003c/span\u003e\u003c/span\u003e\u003cscript type=\"math/tex\" id=\"MathJax-Element-63\"\u003e(5.12132,2.12132)\u003c/script\u003e。此时NOI出题人与子弹距离 \u003cspan class=\"MathJax_Preview\" style=\"color: inherit;\"\u003e\u003cspan class=\"MJXp-math\" id=\"MJXp-Span-351\"\u003e\u003cspan class=\"MJXp-mn\" id=\"MJXp-Span-352\"\u003e1.12786\u003c/span\u003e\u003c/span\u003e\u003c/span\u003e\u003cscript type=\"math/tex\" id=\"MathJax-Element-64\"\u003e1.12786\u003c/script\u003e，NOI出题人中弹，同时获得擦弹得分 \u003cspan class=\"MathJax_Preview\" style=\"color: inherit;\"\u003e\u003cspan class=\"MJXp-math\" id=\"MJXp-Span-353\"\u003e\u003cspan class=\"MJXp-mn\" id=\"MJXp-Span-354\"\u003e5\u003c/span\u003e\u003c/span\u003e\u003c/span\u003e\u003cscript type=\"math/tex\" id=\"MathJax-Element-65\"\u003e5\u003c/script\u003e。\u003c/p\u003e\u003cp\u003e在时刻 \u003cspan class=\"MathJax_Preview\" style=\"color: inherit;\"\u003e\u003cspan class=\"MJXp-math\" id=\"MJXp-Span-355\"\u003e\u003cspan class=\"MJXp-mo\" id=\"MJXp-Span-356\" style=\"margin-left: 0em; margin-right: 0em;\"\u003e[\u003c/span\u003e\u003cspan class=\"MJXp-mn\" id=\"MJXp-Span-357\"\u003e2\u003c/span\u003e\u003cspan class=\"MJXp-mo\" id=\"MJXp-Span-358\" style=\"margin-left: 0em; margin-right: 0.222em;\"\u003e,\u003c/span\u003e\u003cspan class=\"MJXp-mn\" id=\"MJXp-Span-359\"\u003e3\u003c/span\u003e\u003cspan class=\"MJXp-mo\" id=\"MJXp-Span-360\" style=\"margin-left: 0em; margin-right: 0em;\"\u003e]\u003c/span\u003e\u003c/span\u003e\u003c/span\u003e\u003cscript type=\"math/tex\" id=\"MathJax-Element-66\"\u003e[2,3]\u003c/script\u003e 内NOI出题人中弹，未能获得不中弹得分。\u003c/p\u003e\u003cp\u003e总得分为 \u003cspan class=\"MathJax_Preview\" style=\"color: inherit;\"\u003e\u003cspan class=\"MJXp-math\" id=\"MJXp-Span-361\"\u003e\u003cspan class=\"MJXp-mn\" id=\"MJXp-Span-362\"\u003e20\u003c/span\u003e\u003c/span\u003e\u003c/span\u003e\u003cscript type=\"math/tex\" id=\"MathJax-Element-67\"\u003e20\u003c/script\u003e。\u003c/p\u003e",
      "misc": ""
    }
  ],
  "tags": [
    "UOJ",
    "UR #9"
  ],
  "rules": {
    "runtime": "0",
    "memory": "0",
    "stack": "0",
    "source": "51200"
  },
  "meta": {
    "created": "2021-04-09T21:32:36.930669099+08:00",
    "updated": "2021-04-09T21:32:36.930669099+08:00",
    "checked": "2021-04-09T21:32:36.930669099+08:00"
  },
  "misc": ""
}
