{
  "id": "137",
  "title": "开学前的日历",
  "type": "traditional",
  "sections": [
    {
      "title": "",
      "content": "\u003cp\u003e红包是一个有拖延症的男孩子。\u003c/p\u003e\u003cp\u003e红包由于NOI惨挂心情不好，直到还剩下 \u003cspan class=\"MathJax_Preview\" style=\"color: inherit;\"\u003e\u003cspan class=\"MJXp-math\" id=\"MJXp-Span-1\"\u003e\u003cspan class=\"MJXp-mi MJXp-italic\" id=\"MJXp-Span-2\"\u003en\u003c/span\u003e\u003c/span\u003e\u003c/span\u003e\u003cscript type=\"math/tex\" id=\"MathJax-Element-1\"\u003en\u003c/script\u003e 周的时候他才开始写作业。\u003c/p\u003e\u003cp\u003e由于红包会 “时间静止” 大法，所以红包的一周有 \u003cspan class=\"MathJax_Preview\" style=\"color: inherit;\"\u003e\u003cspan class=\"MJXp-math\" id=\"MJXp-Span-3\"\u003e\u003cspan class=\"MJXp-mi MJXp-italic\" id=\"MJXp-Span-4\"\u003em\u003c/span\u003e\u003c/span\u003e\u003c/span\u003e\u003cscript type=\"math/tex\" id=\"MathJax-Element-2\"\u003em\u003c/script\u003e 天。\u003c/p\u003e\u003cp\u003e现在他把这 \u003cspan class=\"MathJax_Preview\" style=\"color: inherit;\"\u003e\u003cspan class=\"MJXp-math\" id=\"MJXp-Span-5\"\u003e\u003cspan class=\"MJXp-mi MJXp-italic\" id=\"MJXp-Span-6\"\u003en\u003c/span\u003e\u003cspan class=\"MJXp-mo\" id=\"MJXp-Span-7\" style=\"margin-left: 0.267em; margin-right: 0.267em;\"\u003e×\u003c/span\u003e\u003cspan class=\"MJXp-mi MJXp-italic\" id=\"MJXp-Span-8\"\u003em\u003c/span\u003e\u003c/span\u003e\u003c/span\u003e\u003cscript type=\"math/tex\" id=\"MathJax-Element-3\"\u003en \\times m\u003c/script\u003e 天排成 \u003cspan class=\"MathJax_Preview\" style=\"color: inherit;\"\u003e\u003cspan class=\"MJXp-math\" id=\"MJXp-Span-9\"\u003e\u003cspan class=\"MJXp-mi MJXp-italic\" id=\"MJXp-Span-10\"\u003en\u003c/span\u003e\u003c/span\u003e\u003c/span\u003e\u003cscript type=\"math/tex\" id=\"MathJax-Element-4\"\u003en\u003c/script\u003e 行 \u003cspan class=\"MathJax_Preview\" style=\"color: inherit;\"\u003e\u003cspan class=\"MJXp-math\" id=\"MJXp-Span-11\"\u003e\u003cspan class=\"MJXp-mi MJXp-italic\" id=\"MJXp-Span-12\"\u003em\u003c/span\u003e\u003c/span\u003e\u003c/span\u003e\u003cscript type=\"math/tex\" id=\"MathJax-Element-5\"\u003em\u003c/script\u003e 列的日历开始计划每天要写的作业量。\u003c/p\u003e\u003cp\u003e初始时每天要做的作业量都是 \u003cspan class=\"MathJax_Preview\" style=\"color: inherit;\"\u003e\u003cspan class=\"MJXp-math\" id=\"MJXp-Span-13\"\u003e\u003cspan class=\"MJXp-mn\" id=\"MJXp-Span-14\"\u003e0\u003c/span\u003e\u003c/span\u003e\u003c/span\u003e\u003cscript type=\"math/tex\" id=\"MathJax-Element-6\"\u003e0\u003c/script\u003e。\u003c/p\u003e\u003cp\u003e接下来，红包会有 \u003cspan class=\"MathJax_Preview\" style=\"color: inherit;\"\u003e\u003cspan class=\"MJXp-math\" id=\"MJXp-Span-15\"\u003e\u003cspan class=\"MJXp-mi MJXp-italic\" id=\"MJXp-Span-16\"\u003eq\u003c/span\u003e\u003c/span\u003e\u003c/span\u003e\u003cscript type=\"math/tex\" id=\"MathJax-Element-7\"\u003eq\u003c/script\u003e 个行为，每次都会选择一个红包的形状，把红包内的每一天的作业量增加一个奇怪的组合数。\u003c/p\u003e\u003cp\u003e详细地说，每个行为可以用 \u003cspan class=\"MathJax_Preview\" style=\"color: inherit;\"\u003e\u003cspan class=\"MJXp-math\" id=\"MJXp-Span-17\"\u003e\u003cspan class=\"MJXp-mi MJXp-italic\" id=\"MJXp-Span-18\"\u003ev\u003c/span\u003e\u003cspan class=\"MJXp-mo\" id=\"MJXp-Span-19\" style=\"margin-left: 0em; margin-right: 0.222em;\"\u003e,\u003c/span\u003e\u003cspan class=\"MJXp-mi MJXp-italic\" id=\"MJXp-Span-20\"\u003eu\u003c/span\u003e\u003cspan class=\"MJXp-mo\" id=\"MJXp-Span-21\" style=\"margin-left: 0em; margin-right: 0.222em;\"\u003e,\u003c/span\u003e\u003cspan class=\"MJXp-mi MJXp-italic\" id=\"MJXp-Span-22\"\u003ek\u003c/span\u003e\u003c/span\u003e\u003c/span\u003e\u003cscript type=\"math/tex\" id=\"MathJax-Element-8\"\u003ev, u, k\u003c/script\u003e 表示：对所有的 \u003cspan class=\"MathJax_Preview\" style=\"color: inherit;\"\u003e\u003cspan class=\"MJXp-math\" id=\"MJXp-Span-23\"\u003e\u003cspan class=\"MJXp-mi MJXp-italic\" id=\"MJXp-Span-24\"\u003ei\u003c/span\u003e\u003cspan class=\"MJXp-mo\" id=\"MJXp-Span-25\" style=\"margin-left: 0em; margin-right: 0.222em;\"\u003e,\u003c/span\u003e\u003cspan class=\"MJXp-mi MJXp-italic\" id=\"MJXp-Span-26\"\u003ej\u003c/span\u003e\u003c/span\u003e\u003c/span\u003e\u003cscript type=\"math/tex\" id=\"MathJax-Element-9\"\u003ei, j\u003c/script\u003e，若满足 \u003cspan class=\"MathJax_Preview\" style=\"color: inherit;\"\u003e\u003cspan class=\"MJXp-math\" id=\"MJXp-Span-27\"\u003e\u003cspan class=\"MJXp-mn\" id=\"MJXp-Span-28\"\u003e0\u003c/span\u003e\u003cspan class=\"MJXp-mo\" id=\"MJXp-Span-29\" style=\"margin-left: 0.333em; margin-right: 0.333em;\"\u003e≤\u003c/span\u003e\u003cspan class=\"MJXp-mi MJXp-italic\" id=\"MJXp-Span-30\"\u003ei\u003c/span\u003e\u003cspan class=\"MJXp-mo\" id=\"MJXp-Span-31\" style=\"margin-left: 0.333em; margin-right: 0.333em;\"\u003e≤\u003c/span\u003e\u003cspan class=\"MJXp-mi MJXp-italic\" id=\"MJXp-Span-32\"\u003ej\u003c/span\u003e\u003c/span\u003e\u003c/span\u003e\u003cscript type=\"math/tex\" id=\"MathJax-Element-10\"\u003e0 \\leq i \\leq j\u003c/script\u003e 且 \u003cspan class=\"MathJax_Preview\" style=\"color: inherit;\"\u003e\u003cspan class=\"MJXp-math\" id=\"MJXp-Span-33\"\u003e\u003cspan class=\"MJXp-mi MJXp-italic\" id=\"MJXp-Span-34\"\u003ej\u003c/span\u003e\u003cspan class=\"MJXp-mo\" id=\"MJXp-Span-35\" style=\"margin-left: 0.333em; margin-right: 0.333em;\"\u003e≥\u003c/span\u003e\u003cspan class=\"MJXp-mi MJXp-italic\" id=\"MJXp-Span-36\"\u003ek\u003c/span\u003e\u003c/span\u003e\u003c/span\u003e\u003cscript type=\"math/tex\" id=\"MathJax-Element-11\"\u003ej \\geq k\u003c/script\u003e 则将第 \u003cspan class=\"MathJax_Preview\" style=\"color: inherit;\"\u003e\u003cspan class=\"MJXp-math\" id=\"MJXp-Span-37\"\u003e\u003cspan class=\"MJXp-mi MJXp-italic\" id=\"MJXp-Span-38\"\u003ev\u003c/span\u003e\u003cspan class=\"MJXp-mo\" id=\"MJXp-Span-39\" style=\"margin-left: 0.267em; margin-right: 0.267em;\"\u003e+\u003c/span\u003e\u003cspan class=\"MJXp-mi MJXp-italic\" id=\"MJXp-Span-40\"\u003ei\u003c/span\u003e\u003c/span\u003e\u003c/span\u003e\u003cscript type=\"math/tex\" id=\"MathJax-Element-12\"\u003ev + i\u003c/script\u003e 周第 \u003cspan class=\"MathJax_Preview\" style=\"color: inherit;\"\u003e\u003cspan class=\"MJXp-math\" id=\"MJXp-Span-41\"\u003e\u003cspan class=\"MJXp-mi MJXp-italic\" id=\"MJXp-Span-42\"\u003eu\u003c/span\u003e\u003cspan class=\"MJXp-mo\" id=\"MJXp-Span-43\" style=\"margin-left: 0.267em; margin-right: 0.267em;\"\u003e−\u003c/span\u003e\u003cspan class=\"MJXp-mi MJXp-italic\" id=\"MJXp-Span-44\"\u003ei\u003c/span\u003e\u003cspan class=\"MJXp-mo\" id=\"MJXp-Span-45\" style=\"margin-left: 0.267em; margin-right: 0.267em;\"\u003e+\u003c/span\u003e\u003cspan class=\"MJXp-mi MJXp-italic\" id=\"MJXp-Span-46\"\u003ej\u003c/span\u003e\u003c/span\u003e\u003c/span\u003e\u003cscript type=\"math/tex\" id=\"MathJax-Element-13\"\u003eu - i + j\u003c/script\u003e 天的作业量增加 \u003cspan class=\"MathJax_Preview\"\u003e{j \\choose i}\u003c/span\u003e\u003cscript type=\"math/tex\"\u003e{j \\choose i}\u003c/script\u003e，即 \u003cspan class=\"MathJax_Preview\"\u003ej\u003c/span\u003e\u003cscript type=\"math/tex\"\u003ej\u003c/script\u003e 个里面选 \u003cspan class=\"MathJax_Preview\"\u003ei\u003c/span\u003e\u003cscript type=\"math/tex\"\u003ei\u003c/script\u003e 个的方案数（如果不存在这一天则不执行）。\u003c/p\u003e\u003cp\u003e在所有行为结束后，红包就计划好了每天要做的作业量。\u003c/p\u003e\u003cp\u003e虽然能不能完成是另一回事，但是现在请帮红包算出每天计划要做的作业量。\u003c/p\u003e",
      "misc": ""
    },
    {
      "title": "输入格式",
      "content": "\u003cp\u003e由于本题输入数据很大，所以采取在程序内生成数据的方式。\u003c/p\u003e\u003cp\u003e有一个随机数产生器，有个内部变量 \u003cspan class=\"MathJax_Preview\"\u003ex\u003c/span\u003e\u003cscript type=\"math/tex\"\u003ex\u003c/script\u003e 初始时为 \u003cspan class=\"MathJax_Preview\"\u003ex_0\u003c/span\u003e\u003cscript type=\"math/tex\"\u003ex_0\u003c/script\u003e，每次产生随机数时它会将 \u003cspan class=\"MathJax_Preview\"\u003ex\u003c/span\u003e\u003cscript type=\"math/tex\"\u003ex\u003c/script\u003e 变为 \u003cspan class=\"MathJax_Preview\"\u003e(100000005x+20150823) \\bmod 998244353\u003c/span\u003e\u003cscript type=\"math/tex\"\u003e(100000005x+20150823) \\bmod 998244353\u003c/script\u003e，然后返回 \u003cspan class=\"MathJax_Preview\"\u003e\\lfloor \\frac{x}{100} \\rfloor\u003c/span\u003e\u003cscript type=\"math/tex\"\u003e\\lfloor \\frac{x}{100} \\rfloor\u003c/script\u003e。（\u003cspan class=\"MathJax_Preview\"\u003ea \\bmod b\u003c/span\u003e\u003cscript type=\"math/tex\"\u003ea \\bmod b\u003c/script\u003e 表示 \u003cspan class=\"MathJax_Preview\"\u003ea\u003c/span\u003e\u003cscript type=\"math/tex\"\u003ea\u003c/script\u003e 除以 \u003cspan class=\"MathJax_Preview\"\u003eb\u003c/span\u003e\u003cscript type=\"math/tex\"\u003eb\u003c/script\u003e 的余数，该运算的优先级高于加减法。\u003cspan class=\"MathJax_Preview\"\u003e\\lfloor \\alpha \\rfloor\u003c/span\u003e\u003cscript type=\"math/tex\"\u003e\\lfloor \\alpha \\rfloor\u003c/script\u003e 表示 \u003cspan class=\"MathJax_Preview\"\u003e\\alpha\u003c/span\u003e\u003cscript type=\"math/tex\"\u003e\\alpha\u003c/script\u003e 向下取整后的结果。）\u003c/p\u003e\u003cp\u003e输入文件共一行，包含四个整数 \u003cspan class=\"MathJax_Preview\"\u003en, m, q, x_0\u003c/span\u003e\u003cscript type=\"math/tex\"\u003en, m, q, x_0\u003c/script\u003e。保证 \u003cspan class=\"MathJax_Preview\"\u003en, m, q \\geq 1\u003c/span\u003e\u003cscript type=\"math/tex\"\u003en, m, q \\geq 1\u003c/script\u003e，\u003cspan class=\"MathJax_Preview\"\u003e0 \\leq x_0 \u0026lt; 998244353\u003c/span\u003e\u003cscript type=\"math/tex\"\u003e0 \\leq x_0 \u003c 998244353\u003c/script\u003e。\u003c/p\u003e\u003cp\u003e每次，你需要按顺序产生三个随机数 \u003cspan class=\"MathJax_Preview\"\u003e\\hat{v}, \\hat{u}, \\hat{k}\u003c/span\u003e\u003cscript type=\"math/tex\"\u003e\\hat{v}, \\hat{u}, \\hat{k}\u003c/script\u003e，然后令 \u003cspan class=\"MathJax_Preview\"\u003ev = \\hat{v} \\bmod n + 1\u003c/span\u003e\u003cscript type=\"math/tex\"\u003ev = \\hat{v} \\bmod n + 1\u003c/script\u003e，\u003cspan class=\"MathJax_Preview\"\u003eu = \\hat{u} \\bmod m + 1\u003c/span\u003e\u003cscript type=\"math/tex\"\u003eu = \\hat{u} \\bmod m + 1\u003c/script\u003e，\u003cspan class=\"MathJax_Preview\"\u003ek = \\hat{k} \\bmod (n + m - v - u + 1)\u003c/span\u003e\u003cscript type=\"math/tex\"\u003ek = \\hat{k} \\bmod (n + m - v - u + 1)\u003c/script\u003e，表示一个行为。你需要重复该过程 \u003cspan class=\"MathJax_Preview\"\u003eq\u003c/span\u003e\u003cscript type=\"math/tex\"\u003eq\u003c/script\u003e 次来获得所有行为的参数。\u003c/p\u003e",
      "misc": ""
    },
    {
      "title": "输出格式",
      "content": "\u003cp\u003e共 \u003cspan class=\"MathJax_Preview\"\u003en\u003c/span\u003e\u003cscript type=\"math/tex\"\u003en\u003c/script\u003e 行，每行 \u003cspan class=\"MathJax_Preview\"\u003em\u003c/span\u003e\u003cscript type=\"math/tex\"\u003em\u003c/script\u003e 个整数，其中第 \u003cspan class=\"MathJax_Preview\"\u003ei\u003c/span\u003e\u003cscript type=\"math/tex\"\u003ei\u003c/script\u003e 行第 \u003cspan class=\"MathJax_Preview\"\u003ej\u003c/span\u003e\u003cscript type=\"math/tex\"\u003ej\u003c/script\u003e 个整数表示第 \u003cspan class=\"MathJax_Preview\"\u003ei\u003c/span\u003e\u003cscript type=\"math/tex\"\u003ei\u003c/script\u003e 周第 \u003cspan class=\"MathJax_Preview\"\u003ej\u003c/span\u003e\u003cscript type=\"math/tex\"\u003ej\u003c/script\u003e 天要做的作业量。你只用输出答案对 \u003cspan class=\"MathJax_Preview\"\u003e998244353\u003c/span\u003e\u003cscript type=\"math/tex\"\u003e998244353\u003c/script\u003e 取模后的结果。\u003c/p\u003e",
      "misc": ""
    },
    {
      "title": "限制与约定",
      "content": "\u003cdiv class=\"table-responsive\"\u003e\n\u003ctable class=\"table table-bordered table-text-center table-vertical-middle\"\u003e\u003cthead\u003e\u003ctr\u003e\u003cth\u003e测试点编号\u003c/th\u003e\n\u003cth\u003e\u003cspan class=\"MathJax_Preview\"\u003en, m\u003c/span\u003e\u003cscript type=\"math/tex\"\u003en, m\u003c/script\u003e 的规模\u003c/th\u003e\n\u003cth\u003e\u003cspan class=\"MathJax_Preview\"\u003eq\u003c/span\u003e\u003cscript type=\"math/tex\"\u003eq\u003c/script\u003e 的规模\u003c/th\u003e\n\u003c/tr\u003e\u003c/thead\u003e\u003ctbody\u003e\u003ctr\u003e\u003ctd\u003e1\u003c/td\u003e\u003ctd\u003e\u003cspan class=\"MathJax_Preview\"\u003en, m \\leq 10\u003c/span\u003e\u003cscript type=\"math/tex\"\u003en, m \\leq 10\u003c/script\u003e\u003c/td\u003e\u003ctd\u003e\u003cspan class=\"MathJax_Preview\"\u003eq \\leq 10\u003c/span\u003e\u003cscript type=\"math/tex\"\u003eq \\leq 10\u003c/script\u003e\u003c/td\u003e\u003c/tr\u003e\u003ctr\u003e\u003ctd\u003e2\u003c/td\u003e\u003ctd\u003e\u003cspan class=\"MathJax_Preview\"\u003en, m \\leq 100\u003c/span\u003e\u003cscript type=\"math/tex\"\u003en, m \\leq 100\u003c/script\u003e\u003c/td\u003e\u003ctd\u003e\u003cspan class=\"MathJax_Preview\"\u003eq \\leq 100\u003c/span\u003e\u003cscript type=\"math/tex\"\u003eq \\leq 100\u003c/script\u003e\u003c/td\u003e\u003c/tr\u003e\u003ctr\u003e\u003ctd\u003e3\u003c/td\u003e\u003ctd\u003e\u003cspan class=\"MathJax_Preview\"\u003en, m \\leq 30\u003c/span\u003e\u003cscript type=\"math/tex\"\u003en, m \\leq 30\u003c/script\u003e\u003c/td\u003e\u003ctd rowspan=\"3\"\u003e\u003cspan class=\"MathJax_Preview\"\u003eq \\leq 5 \\times 10^6\u003c/span\u003e\u003cscript type=\"math/tex\"\u003eq \\leq 5 \\times 10^6\u003c/script\u003e\u003c/td\u003e\u003c/tr\u003e\u003ctr\u003e\u003ctd\u003e4\u003c/td\u003e\u003ctd rowspan=\"2\"\u003e\u003cspan class=\"MathJax_Preview\"\u003en, m \\leq 100\u003c/span\u003e\u003cscript type=\"math/tex\"\u003en, m \\leq 100\u003c/script\u003e\u003c/td\u003e\u003c/tr\u003e\u003ctr\u003e\u003ctd\u003e5\u003c/td\u003e\u003c/tr\u003e\u003ctr\u003e\u003ctd\u003e6\u003c/td\u003e\u003ctd rowspan=\"5\"\u003e\u003cspan class=\"MathJax_Preview\"\u003en, m \\leq 300\u003c/span\u003e\u003cscript type=\"math/tex\"\u003en, m \\leq 300\u003c/script\u003e\u003c/td\u003e\u003ctd rowspan=\"2\"\u003e\u003cspan class=\"MathJax_Preview\"\u003eq \\leq 2 \\times 10^6\u003c/span\u003e\u003cscript type=\"math/tex\"\u003eq \\leq 2 \\times 10^6\u003c/script\u003e\u003c/td\u003e\u003c/tr\u003e\u003ctr\u003e\u003ctd\u003e7\u003c/td\u003e\u003c/tr\u003e\u003ctr\u003e\u003ctd\u003e8\u003c/td\u003e\u003ctd rowspan=\"3\"\u003e\u003cspan class=\"MathJax_Preview\"\u003eq \\leq 5 \\times 10^6\u003c/span\u003e\u003cscript type=\"math/tex\"\u003eq \\leq 5 \\times 10^6\u003c/script\u003e\u003c/td\u003e\u003c/tr\u003e\u003ctr\u003e\u003ctd\u003e9\u003c/td\u003e\u003c/tr\u003e\u003ctr\u003e\u003ctd\u003e10\u003c/td\u003e\u003c/tr\u003e\u003c/tbody\u003e\u003c/table\u003e\u003c/div\u003e",
      "misc": ""
    },
    {
      "title": "下载",
      "content": "\u003cp\u003e\u003ca href=\"/download.php?type=problem\u0026amp;id=137\"\u003e样例数据下载\u003c/a\u003e\u003c/p\u003e",
      "misc": ""
    }
  ],
  "samples": [
    {
      "title": "样例一",
      "input": "\u003cpre\u003e3 2 2 1234\n\n\u003c/pre\u003e",
      "output": "\u003cpre\u003e0 0\n1 1\n1 4\n\n\u003c/pre\u003e",
      "explanation": "\u003cp\u003e两次操作分别为：\u003cspan class=\"MathJax_Preview\"\u003e(2, 1, 2)\u003c/span\u003e\u003cscript type=\"math/tex\"\u003e(2, 1, 2)\u003c/script\u003e 和 \u003cspan class=\"MathJax_Preview\"\u003e(2, 1, 0)\u003c/span\u003e\u003cscript type=\"math/tex\"\u003e(2, 1, 0)\u003c/script\u003e。\u003c/p\u003e",
      "misc": ""
    },
    {
      "title": "样例二",
      "input": "\u003cpre\u003e10 10 20 5678\n\n\u003c/pre\u003e",
      "output": "\u003cpre\u003e0 0 0 0 0 0 0 0 0 0\n0 0 0 0 0 0 0 0 0 0\n0 0 0 0 0 0 0 0 0 1\n0 0 0 0 0 0 0 0 6 7\n0 0 0 0 0 0 0 16 22 30\n0 0 0 0 1 1 26 42 72 104\n0 1 2 3 4 30 56 126 198 1227\n0 1 4 7 27 58 170 296 1293 4522\n0 1 5 18 48 176 346 1153 5449 9971\n0 1 7 28 133 309 895 5480 10929 20908\n\n\u003c/pre\u003e",
      "explanation": "",
      "misc": ""
    }
  ],
  "tags": [
    "UOJ",
    "UER #3"
  ],
  "rules": {
    "runtime": "1000000000",
    "memory": "536870912",
    "stack": "536870912",
    "source": "51200"
  },
  "meta": {
    "created": "2021-04-09T21:32:40.022116789+08:00",
    "updated": "2021-04-09T21:32:40.022116789+08:00",
    "checked": "2021-04-09T21:32:40.022116789+08:00"
  },
  "misc": ""
}
