{
  "id": "212",
  "title": "笔试",
  "type": "answer_submission",
  "sections": [
    {
      "title": "",
      "content": "\u003cp\u003e这里是NOI笔试模拟题，采用提交答案的方式提交。\u003c/p\u003e\u003cp\u003e\u003cstrong\u003e比赛时如果未得 \u003cspan class=\"MathJax_Preview\" style=\"color: inherit;\"\u003e\u003cspan class=\"MJXp-math\" id=\"MJXp-Span-1\"\u003e\u003cspan class=\"MJXp-mn\" id=\"MJXp-Span-2\"\u003e0\u003c/span\u003e\u003c/span\u003e\u003c/span\u003e\u003cscript type=\"math/tex\" id=\"MathJax-Element-1\"\u003e0\u003c/script\u003e 分则显示的分数即为满分。\u003c/strong\u003e\u003c/p\u003e\u003cp\u003e题目可以下载，也可以直接阅读下面的题面。\u003c/p\u003e\u003cp\u003e作答方式是提交一个答案文件，包含\u003cspan class=\"MathJax_Preview\" style=\"color: inherit;\"\u003e\u003cspan class=\"MJXp-math\" id=\"MJXp-Span-3\"\u003e\u003cspan class=\"MJXp-mn\" id=\"MJXp-Span-4\"\u003e51\u003c/span\u003e\u003c/span\u003e\u003c/span\u003e\u003cscript type=\"math/tex\" id=\"MathJax-Element-2\"\u003e51\u003c/script\u003e行，每行包含选择的序号。\u003c/p\u003e\u003cp\u003e\u003cspan class=\"MathJax_Preview\" style=\"color: inherit;\"\u003e\u003cspan class=\"MJXp-math\" id=\"MJXp-Span-5\"\u003e\u003cspan class=\"MJXp-mn\" id=\"MJXp-Span-6\"\u003e1\u003c/span\u003e\u003cspan class=\"MJXp-mo\" id=\"MJXp-Span-7\" style=\"margin-left: 0.333em; margin-right: 0.333em;\"\u003e∼\u003c/span\u003e\u003cspan class=\"MJXp-mn\" id=\"MJXp-Span-8\"\u003e40\u003c/span\u003e\u003c/span\u003e\u003c/span\u003e\u003cscript type=\"math/tex\" id=\"MathJax-Element-3\"\u003e1 \\sim 40\u003c/script\u003e是单选题，\u003cspan class=\"MathJax_Preview\" style=\"color: inherit;\"\u003e\u003cspan class=\"MJXp-math\" id=\"MJXp-Span-9\"\u003e\u003cspan class=\"MJXp-mn\" id=\"MJXp-Span-10\"\u003e41\u003c/span\u003e\u003cspan class=\"MJXp-mo\" id=\"MJXp-Span-11\" style=\"margin-left: 0.333em; margin-right: 0.333em;\"\u003e∼\u003c/span\u003e\u003cspan class=\"MJXp-mn\" id=\"MJXp-Span-12\"\u003e51\u003c/span\u003e\u003c/span\u003e\u003c/span\u003e\u003cscript type=\"math/tex\" id=\"MathJax-Element-4\"\u003e41 \\sim 51\u003c/script\u003e是多选题，每道题的答案是一个由大写字母组成的无重复字符串，字母按照升序排列，表示你的选项。\u003c/p\u003e\u003cp\u003e评分方式，初始时你的得分为\u003cspan class=\"MathJax_Preview\" style=\"color: inherit;\"\u003e\u003cspan class=\"MJXp-math\" id=\"MJXp-Span-13\"\u003e\u003cspan class=\"MJXp-mn\" id=\"MJXp-Span-14\"\u003e100\u003c/span\u003e\u003c/span\u003e\u003c/span\u003e\u003cscript type=\"math/tex\" id=\"MathJax-Element-5\"\u003e100\u003c/script\u003e分，将比较\u003cspan class=\"MathJax_Preview\" style=\"color: inherit;\"\u003e\u003cspan class=\"MJXp-math\" id=\"MJXp-Span-15\"\u003e\u003cspan class=\"MJXp-mn\" id=\"MJXp-Span-16\"\u003e1\u003c/span\u003e\u003cspan class=\"MJXp-mo\" id=\"MJXp-Span-17\" style=\"margin-left: 0.333em; margin-right: 0.333em;\"\u003e∼\u003c/span\u003e\u003cspan class=\"MJXp-mn\" id=\"MJXp-Span-18\"\u003e50\u003c/span\u003e\u003c/span\u003e\u003c/span\u003e\u003cscript type=\"math/tex\" id=\"MathJax-Element-6\"\u003e1 \\sim 50\u003c/script\u003e题你的答案和标准答案，若不一样则扣一分。\u003cstrong\u003e注意：第\u003cspan class=\"MathJax_Preview\" style=\"color: inherit;\"\u003e\u003cspan class=\"MJXp-math\" id=\"MJXp-Span-19\"\u003e\u003cspan class=\"MJXp-mn\" id=\"MJXp-Span-20\"\u003e51\u003c/span\u003e\u003c/span\u003e\u003c/span\u003e\u003cscript type=\"math/tex\" id=\"MathJax-Element-7\"\u003e51\u003c/script\u003e题不计入最后得分\u003c/strong\u003e。\u003c/p\u003e\u003cp\u003e\u003cstrong\u003e请注意对每一行，即使不会做这道题，也请输出一个非空的由大写字母组成的字符串，否则会造成评分时题号错位。\u003c/strong\u003e\u003c/p\u003e\u003cp\u003e例如如下题目：\u003c/p\u003e\u003cpre\u003e\u003ccode\u003e1. UOJ的全称是什么？\n\nA. Universal Online Judge\n\nB. VFleaKing Online Judge\n\nC. UfO Joke\n\n2. 下列哪些是UOJ Round的题？\n\nA. 斗地主\n\nB. 跳蚤国王下江南\n\nC. NOIP十合一\n\nD. 人类补完计划\n\nE. 票数统计\u003c/code\u003e\u003c/pre\u003e\u003cp\u003e提交的答案文件应是：\u003c/p\u003e\u003cpre\u003e\u003ccode\u003eA\nBDE\u003c/code\u003e\u003c/pre\u003e\u003cp\u003e以下是笔试题\u003c/p\u003e\u003cp\u003e\u003ca href=\"/download.php?type=problem\u0026amp;id=212\"\u003e笔试题下载\u003c/a\u003e\u003c/p\u003e\u003cpre\u003e\u003ccode\u003e1. 今年是第几届NOI？\n\nA. 30\n\nB. 31\n\nC. 32\n\nD. 33\n\n2. 下列哪一个不是NOI提供的集成环境？\n\nA.GUIDE\n\nB.DEV-C++\n\nC.Lazarus\n\nD.Anjuta\n\n3. 测试点时间限制的含义是指_______。 \n\nA. 系统时间\n\nB. 题目允许程序运行所占用的用户时间总和的上限值\n\nC. 题目的所有测试点允许程序运行所占用的用户时间总和的上限值\n\n4. IT 表示_______。\n\nA. 通信技术\n\nB. 信息技术\n\nC. 网络技术\n\nD. 信息学\n\n5. 一个完整的计算机系统应包括_______。\n\nA. 系统硬件和系统软件\n\nB. 硬件系统和软件系统\n\nC. 主机和外部设备\n\nD. 主机、键盘、显示器和辅助存储器\n\n6. 软件与程序的区别是_______。\n\nA. 程序价格便宜、软件价格昂贵\n\nB. 程序是用户自己编写的,而软件是由厂家提供的\n\nC. 程序是用高级语言编写的,而软件是由机器语言编写的\n\nD. 软件是程序以及开发、使用和维护所需要的所有文档的总称,而程序是软件的一部分\n\n7. 在计算机术语中经常用 RAM 表示________。\n\nA. 只读存储器\n\nB. 可编程只读存储器\n\nC. 动态随机存储器\n\nD. 随机存取存储器\n\n8. 计算机能直接识别和执行的语言是________。\n\nA. 机器语言\n\nB. 汇编语言\n\nC. C 语言\n\nD. Pascal 语言\n\n9. 计算机内存储器的作用是_______\n\nA. 用来存放暂时不用的程序和数据\n\nB. 用来存放当前 CPU 正在使用的程序和数据\n\nC. 用来存放要删除的信息\n\nD. 仅用来存储选手的数据和程序\n\n10. 与十六进制数（AB）等值的二进数是_______\n\nA. 10111010\n\nB. 10101011\n\nC. 10111100\n\nD. 10001001\n\n11. 可执行文件 a.out 从标准输入读取数据。现有一组输入数据保存在 1.in 中，如何使用这个测试数据文件测试自己的程序？ \n\nA. a.out \u0026lt;1.in \n\nB. ./a.out \u0026lt;1.in \n\nC. a.out \u0026gt;1.in \n\nD. ./a \u0026gt;1.in\n\n12. 在 Linux 系统中，下列哪个命令可以查看文件的大小？ \n\nA. ls –a\n\nB. ls –r \n\nC. ls –l \n\nD. ls –d\n\n13. 当前目录中有如下文件： \n\n-rw-r--r-- 1 user None 8.7K Jul 2 16:35 foobar\n\n-rw-r--r-- 1 user None 93 Jul 2 16:35 foobar.c\n\n-rwx------ 1 user None 144 Jul 2 16:35 foobar.sh\n\n其中可以执行的文件是_______。 \n\nA. foo\n\nB. foobar\n\nC. foobar.c\n\nD. foobar.sh\n\n14. 在 NOI Linux 中，从字符控制台切换回桌面环境使用的快捷键是_______。 \n\nA. Ctrl+Alt+F5\n\nB. Ctrl+Alt+F6\n\nC. Ctrl+Alt+F7\n\nD. Ctrl+Alt+F8\n\n15. 在 Linux 中删除当前目录下的 test 目录的命令是_______。 \n\nA. del test\n\nB. rm -r test\n\nC. ren test\n\nD. mv -r test\n\n16. Linux 系统中，将当前目录下的文件名打印到 tmp 文件中的命令是______。\n\nA. ls \u0026gt;tmp \n\nB. ls tmp\n\nC. vi .\n\nD. ls -a tmp\n\n17. 在 Linux 系统中，文件夹中的文件可以与该文件夹同名吗？ \n\nA. 可以\n\nB. 不可以\n\nC. 取决于Linux是不是Black_Mac版的\n\nD. 取决于Linux是不是Windows版的\n\n18. Linux 系统中具有最高权限的用户是______。\n\nA. Admin \n\nB. Administrator \n\nC. root \n\nD. supervisor\n\n19. 在 Linux 中查看进程的 CPU 利用率使用的命令是______。\n\nA. free \n\nB. ifconfig \n\nC. ps \n\nD. cpuinfo\n\n20. 在 NOI Linux 中默认使用的 Shell 是______。\n\nA. ksh\n\nB. bash \n\nC. csh \n\nD. busybox\n\n21. Linux 下的换行字符为______。\n\nA. \\n\n\nB. \\r \n\nC. \\r\\n\n\nD. \\n\\r\n\n22. 在 Anjuta 中调试程序，继续执行的快捷键是______。\n\nA. F4 \n\nB. F5\n\nC. F6 \n\nD. F7\n\n23. 在 Anjuta 中调试程序，单步运行(Step over)的快捷键是______。\n\nA. F4 \n\nB. F5\n\nC. F6 \n\nD. F7\n\n24. 如果需要在 Lazarus 中使用单步调试，则______。\n\nA. 无须配置\n\nB. 在 File 选单中配置\n\nC. 在 Environment-\u0026gt;Debugger Options 中配置\n\nD. 在 Tools-\u0026gt;Diff 中配置\n\n25. vim 编辑器中，强制退出不保存修改应当输入______。\n\nA. :x\n\nB. :wq\n\nC. :q! \n\nD. ZZ\n\n26. vim 编辑器中，定位到文件中第 12 行应当输入______。\n\nA. /12\n\nB. :12\n\nC. 12 .\n\nD. -12\n\n27. vim 编辑器中，在文件中查找字符串“12”应当输入______。\n\nA. /12\n\nB. :12\n\nC. 12 \n\nD. -12\n\n28. 使用 gcc 编译 C 程序时，生成所有警告信息的命令行选项是______。\n\nA. -g \n\nB. -O2\n\nC. -c \n\nD. -Wall\n\n29. 如果 C 程序中使用了 math.h 中的函数，在编译时需要加入哪个选项？ \n\nA. –om \n\nB. –lm \n\nC. –om\n\nD. –gm\n\n30. 使用 gcc 编译 C 程序时，指定输出文件名的命令行选项是______。\n\nA. -g \n\nB. -o\n\nC. -c \n\nD. -Wall\n\n31. NOI 考试对 C++语言模板的使用有限制吗？\n\nA. 有\n\nB. 没有\n\nC. 有时候有\n\nD. 无所谓\n\n32. NOI 考试对 PASCAL 语言的使用有限制吗？\n\nA. 有\n\nB. 没有\n\nC. 有时候有\n\nD. 无所谓\n\n33. 选手提交的源代码文件名是否有特殊要求？ \n\nA. 没有\n\nB. 源程序文件名由试题名称缩写加后缀构成，大小写任意\n\nC. 源程序文件名由试题名称缩写加后缀构成，试题名称缩写及后缀一律使用小写\n\n34. 在NOI考试中，C++源文件的扩展名规定为______。\n\nA. c\n\nB. C\n\nC. cpp\n\nD. cc\n\n35. 选手答案的文件名要求是______。\n\nA. 无要求\n\nB. 和试卷的题目摘要中所示文件名一致\n\nC. file.in\n\nD. file.ans\n\n36. 如果考试分多日进行,那么考试使用的帐户______。\n\nA. 使用同样的帐户\n\nB. 使用 friend 帐户\n\nC. 由工作人员在每场考试前下发\n\nD. 自建帐户\n\n37. 选手回答填空题,提交的答案中可以包含引号吗？\n\nA. 可以\n\nB. 不可以\n\n38. Anjuta 是可以支持多窗口编辑的 IDE 吗？\n\nA. 是 \n\nB. 否\n\n39. 水喝完了,如何处理？ \n\nA. 怪自己倒霉\n\nB. 喝别人的\n\nC. 举手向工作人员再要一瓶\n\nD. 出去买\n\n40. 考试中发现登录名和密码的单子丢了,如何处理？ \n\nA. 问指导老师\n\nB. 没办法\n\nC. 请工作人员处理，并需承担总成绩扣分的处罚\n\nD. 用别人的\n\n41. NOI 比赛中，选手的哪些行为是禁止的？\n\nA. 在监考人员宣布 NOI 机试开始之前翻看试题\n\nB. 在监考人员宣布 NOI 机试开始之前登陆系统\n\nC. 在监考人员宣布 NOI 机试开始之前触摸键盘、鼠标等外设\n\nD. 使用网络。\n\n42. NOI 比赛中提供的编程工具除了 GUIDE、Lazarus、Anjuta 等IDE环境之外，还可以使用的编程工具有______。\n\nA. Vi\n\nB. Gedit\n\nC. Dev-C++\n\nD. Sublime Text\n\n43. 选手进入考场可以携带的物品是______。\n\nA. 纸\n\nB. 笔\n\nC. 手表\n\nD. 书籍\n\n44. 选手提交的程序不得进行的操作包括______。\n\nA. 运行其他程序\n\nB. 试图访问网络\n\nC. 打开或创建题目规定的输入/输出文件之外的其他文件\n\nD. 使用fork或其他线程/进程生成函数\n\n45. 在NOI上机考试中，允许选手使用的编程语言包括______。\n\nA. C\n\nB. Java\n\nC. Python\n\nD. Brainf**k\n\nE. C++\n\nF. C#\n\nG. Ruby\n\nH. Pascal\n\nI. 易语言\n\n46. 下列哪些申诉不会被受理？ \n\nA. 以修改过的程序或答案为依据的申诉。\n\nB. 没有复测结果支持的申诉。\n\nC. 超过申诉时间的申诉。\n\n47. (2333)8+(ABC)16=______。\n\nA. (F97)16\n\nB. (3881)10\n\nC. (7627)8\n\nD. (111110010111)2\n\n48. vim 编辑器中，强制退出并保存修改应当输入：\n\nA. :x\n\nB. :wq\n\nC. :q! \n\nD. ZZ\n\n49. 下列哪些是CCF NOI系列比赛\n\nA. NOIP\n\nB. UOJ Round\n\nC. WC\n\nD. POI\n\nE. THUSC\n\nF. NOI\n\n50. 选手进入考场不可以携带的物品是______。\n\nA. 笔 \n\nB. 纸\n\nC. U盘\n\nD. 笔记本\n\n51. 下列哪些是今年IOI选手？ (作为参考，右边给出了到7月16日晚上7点（即比赛开始之前）的CF和TC的rating)\n\nA. Stilwell (CF 2433; TC 2373)\n\nB. KFDong (CF 2497; )\n\nC. tourist (CF 3580; TC 3820)\n\nD. jiry_2 (CF 2697 TC 2953)\n\nE. jcvb (CF 3203; TC 3192)\n\nF. matthew99 (CF 2986; TC 2934)\n\nG. Newnode (CF 2304; )\n\nH. C_SUNSHINE (CF 2428; TC 1877)\n\nI. SkyDec (CF 2264; TC 2349)\n\nJ. xudyh (CF 3441; TC 3134)\n\nK. overtroll (CF 2797; TC 2173)\u003c/code\u003e\u003c/pre\u003e",
      "misc": ""
    }
  ],
  "samples": [],
  "tags": [
    "UOJ",
    "UNR #1"
  ],
  "rules": {
    "runtime": "0",
    "memory": "0",
    "stack": "0",
    "source": "51200"
  },
  "meta": {
    "created": "2021-04-09T21:34:52.909404425+08:00",
    "updated": "2021-04-09T21:34:52.909404425+08:00",
    "checked": "2021-04-09T21:34:52.909404425+08:00"
  },
  "misc": ""
}
