{
  "id": "286",
  "title": "同构判定鸡",
  "type": "traditional",
  "sections": [
    {
      "title": "",
      "content": "\u003cp\u003e新年的钟声即将敲响，鸡年即将到来！在计算鸡们的进攻下，猴腮雷只能夹着尾巴逃进了花果山，于是垫子计算鸡率领着一支突鸡队潜入花果山活捉猴腮雷。\u003c/p\u003e\u003cp\u003e然而猴腮雷非常狡猾，花果山住着他很多个六耳猴腮雷兄弟，长得跟自己几乎一模一样。一时间，突鸡队不知道哪个才是他们真的猴腮雷。\u003c/p\u003e\u003cp\u003e这时，突击队里的同构判定鸡发话了：“我来吧”。\u003c/p\u003e\u003cp\u003e在同构判定鸡眼里，世界都是离散的图，判定哪个是真的猴腮雷就转化为了判定两个无向图是否同构。对于两个无向图我们称他们同构当且仅当我们可以将其中一个图的结点重新编号，使得这两个图完全一样。\u003c/p\u003e\u003cp\u003e同构判定鸡掌握了 \u003cspan class=\"MathJax_Preview\" style=\"color: inherit;\"\u003e\u003cspan class=\"MJXp-math\" id=\"MJXp-Span-1\"\u003e\u003cspan class=\"MJXp-mn\" id=\"MJXp-Span-2\"\u003e6\u003c/span\u003e\u003c/span\u003e\u003c/span\u003e\u003cscript type=\"math/tex\" id=\"MathJax-Element-1\"\u003e6\u003c/script\u003e 个强有力的图同构判定算法，然而每个算法都存在一定的缺陷。缺陷在于，给定两个同构的图每个算法确实能判定出这两个图是同构，但是给定两个不同构的图该算法也有可能报告说这两个图是同构的。\u003c/p\u003e\u003cp\u003e然而同构判定鸡现在自信满满并没有意识到自己的错误所在。现在，请你给出两个图，证明他们不同构，并且使得这 \u003cspan class=\"MathJax_Preview\" style=\"color: inherit;\"\u003e\u003cspan class=\"MJXp-math\" id=\"MJXp-Span-3\"\u003e\u003cspan class=\"MJXp-mn\" id=\"MJXp-Span-4\"\u003e6\u003c/span\u003e\u003c/span\u003e\u003c/span\u003e\u003cscript type=\"math/tex\" id=\"MathJax-Element-2\"\u003e6\u003c/script\u003e 个算法都误以为他们是同构的。\u003c/p\u003e",
      "misc": ""
    },
    {
      "title": "图同构判定算法",
      "content": "\u003cp\u003e共有 \u003cspan class=\"MathJax_Preview\" style=\"color: inherit;\"\u003e\u003cspan class=\"MJXp-math\" id=\"MJXp-Span-5\"\u003e\u003cspan class=\"MJXp-mn\" id=\"MJXp-Span-6\"\u003e6\u003c/span\u003e\u003c/span\u003e\u003c/span\u003e\u003cscript type=\"math/tex\" id=\"MathJax-Element-3\"\u003e6\u003c/script\u003e 个图同构判定算法，简要描述如下：\u003c/p\u003e\u003cdiv class=\"table-responsive\"\u003e\n\u003ctable class=\"table table-bordered table-vertical-middle\"\u003e\u003cthead\u003e\u003ctr\u003e\u003cth class=\"text-center\" style=\"width:6em;\"\u003e算法编号\u003c/th\u003e\n\u003cth class=\"text-center\" style=\"width:4em;\"\u003e分数\u003c/th\u003e\n\u003cth\u003e简要描述\u003c/th\u003e\n\u003c/tr\u003e\u003c/thead\u003e\u003ctbody\u003e\u003ctr\u003e\u003ctd class=\"text-center\"\u003e1\u003c/td\u003e\u003ctd class=\"text-center\"\u003e7\u003c/td\u003e\u003ctd\u003e仅检查结点数及边数是否一致\u003c/td\u003e\n\u003c/tr\u003e\u003ctr\u003e\u003ctd class=\"text-center\"\u003e2\u003c/td\u003e\u003ctd class=\"text-center\"\u003e13\u003c/td\u003e\u003ctd\u003e首先仅检查结点数及边数，然后结点数很小时使用暴力，否则视为同构\u003c/td\u003e\u003c/tr\u003e\u003ctr\u003e\u003ctd class=\"text-center\"\u003e3\u003c/td\u003e\u003ctd class=\"text-center\"\u003e19\u003c/td\u003e\u003ctd\u003e初始每个结点颜色相同，每次对于每个结点结合自身的颜色和周围邻居的颜色编码产生新的颜色，反复迭代直至稳定。将最后每个图所得颜色进行排序，若相同则视为同构\u003c/td\u003e\u003c/tr\u003e\u003ctr\u003e\u003ctd class=\"text-center\"\u003e4\u003c/td\u003e\u003ctd class=\"text-center\"\u003e21\u003c/td\u003e\u003ctd\u003e与算法 3 类似，只是用结点间最短距离信息初始化结点颜色\u003c/td\u003e\u003c/tr\u003e\u003ctr\u003e\u003ctd class=\"text-center\"\u003e5\u003c/td\u003e\u003ctd class=\"text-center\"\u003e17\u003c/td\u003e\u003ctd\u003e枚举一个图中的一个固定的结点与另一个图中哪个结点对应，将他们分别染成特殊的颜色，其它结点颜色照常初始化，再用算法 3 中的迭代。若存在一种对应使得最后所得颜色相同，则视为同构\u003c/td\u003e\u003c/tr\u003e\u003ctr\u003e\u003ctd class=\"text-center\"\u003e6\u003c/td\u003e\u003ctd class=\"text-center\"\u003e23\u003c/td\u003e\u003ctd\u003e一种基于邻接矩阵的整数次幂的迹的哈希算法\u003c/td\u003e\u003c/tr\u003e\u003c/tbody\u003e\u003c/table\u003e\u003c/div\u003e\u003cp\u003e请参考“测评库下载”中的 grader.cpp 的具体代码来更好地理解算法流程。\u003c/p\u003e",
      "misc": ""
    },
    {
      "title": "任务",
      "content": "\u003cp\u003e本题是一道交互式试题。\u003c/p\u003e\u003cp\u003e本题仅支持 C++，请包含头文件 isomorphism.h，见“测评库下载”。\u003c/p\u003e\u003cp\u003e交互库里内置了一个结构体 graph 用来存储无向图，选手需要通过 propose 函数传递两个 graph 类型的结构体给交互库，并证明这两个图是不同构的。\u003c/p\u003e\u003cp\u003e证明的方式如下：\u003c/p\u003e\u003cul\u003e\u003cli\u003e交互库收到选手传递的两个图 \u003cspan class=\"MathJax_Preview\" style=\"color: inherit;\"\u003e\u003cspan class=\"MJXp-math\" id=\"MJXp-Span-7\"\u003e\u003cspan class=\"MJXp-mi MJXp-italic\" id=\"MJXp-Span-8\"\u003eA\u003c/span\u003e\u003cspan class=\"MJXp-mo\" id=\"MJXp-Span-9\" style=\"margin-left: 0em; margin-right: 0.222em;\"\u003e,\u003c/span\u003e\u003cspan class=\"MJXp-mi MJXp-italic\" id=\"MJXp-Span-10\"\u003eB\u003c/span\u003e\u003c/span\u003e\u003c/span\u003e\u003cscript type=\"math/tex\" id=\"MathJax-Element-4\"\u003eA, B\u003c/script\u003e。\u003c/li\u003e\n\u003cli\u003e重复如下过程 \u003cspan class=\"MathJax_Preview\" style=\"color: inherit;\"\u003e\u003cspan class=\"MJXp-math\" id=\"MJXp-Span-11\"\u003e\u003cspan class=\"MJXp-mn\" id=\"MJXp-Span-12\"\u003e50\u003c/span\u003e\u003c/span\u003e\u003c/span\u003e\u003cscript type=\"math/tex\" id=\"MathJax-Element-5\"\u003e50\u003c/script\u003e 次：\u003cul\u003e\u003cli\u003e从 \u003cspan class=\"MathJax_Preview\" style=\"color: inherit;\"\u003e\u003cspan class=\"MJXp-math\" id=\"MJXp-Span-13\"\u003e\u003cspan class=\"MJXp-mi MJXp-italic\" id=\"MJXp-Span-14\"\u003eA\u003c/span\u003e\u003cspan class=\"MJXp-mo\" id=\"MJXp-Span-15\" style=\"margin-left: 0em; margin-right: 0.222em;\"\u003e,\u003c/span\u003e\u003cspan class=\"MJXp-mi MJXp-italic\" id=\"MJXp-Span-16\"\u003eB\u003c/span\u003e\u003c/span\u003e\u003c/span\u003e\u003cscript type=\"math/tex\" id=\"MathJax-Element-6\"\u003eA, B\u003c/script\u003e 中随机选择一个图 \u003cspan class=\"MathJax_Preview\" style=\"color: inherit;\"\u003e\u003cspan class=\"MJXp-math\" id=\"MJXp-Span-17\"\u003e\u003cspan class=\"MJXp-mi MJXp-italic\" id=\"MJXp-Span-18\"\u003eG\u003c/span\u003e\u003c/span\u003e\u003c/span\u003e\u003cscript type=\"math/tex\" id=\"MathJax-Element-7\"\u003eG\u003c/script\u003e\u003c/li\u003e\n\u003cli\u003e随机将 \u003cspan class=\"MathJax_Preview\" style=\"color: inherit;\"\u003e\u003cspan class=\"MJXp-math\" id=\"MJXp-Span-19\"\u003e\u003cspan class=\"MJXp-mi MJXp-italic\" id=\"MJXp-Span-20\"\u003eG\u003c/span\u003e\u003c/span\u003e\u003c/span\u003e\u003cscript type=\"math/tex\" id=\"MathJax-Element-8\"\u003eG\u003c/script\u003e 中的边打乱顺序，并随机将 \u003cspan class=\"MathJax_Preview\" style=\"color: inherit;\"\u003e\u003cspan class=\"MJXp-math\" id=\"MJXp-Span-21\"\u003e\u003cspan class=\"MJXp-mi MJXp-italic\" id=\"MJXp-Span-22\"\u003eG\u003c/span\u003e\u003c/span\u003e\u003c/span\u003e\u003cscript type=\"math/tex\" id=\"MathJax-Element-9\"\u003eG\u003c/script\u003e 的结点编号打乱顺序\u003c/li\u003e\n\u003cli\u003e将 \u003cspan class=\"MathJax_Preview\" style=\"color: inherit;\"\u003e\u003cspan class=\"MJXp-math\" id=\"MJXp-Span-23\"\u003e\u003cspan class=\"MJXp-mi MJXp-italic\" id=\"MJXp-Span-24\"\u003eG\u003c/span\u003e\u003c/span\u003e\u003c/span\u003e\u003cscript type=\"math/tex\" id=\"MathJax-Element-10\"\u003eG\u003c/script\u003e 回传给选手，让选手判断 \u003cspan class=\"MathJax_Preview\" style=\"color: inherit;\"\u003e\u003cspan class=\"MJXp-math\" id=\"MJXp-Span-25\"\u003e\u003cspan class=\"MJXp-mi MJXp-italic\" id=\"MJXp-Span-26\"\u003eG\u003c/span\u003e\u003c/span\u003e\u003c/span\u003e\u003cscript type=\"math/tex\" id=\"MathJax-Element-11\"\u003eG\u003c/script\u003e 到底是 \u003cspan class=\"MathJax_Preview\" style=\"color: inherit;\"\u003e\u003cspan class=\"MJXp-math\" id=\"MJXp-Span-27\"\u003e\u003cspan class=\"MJXp-mi MJXp-italic\" id=\"MJXp-Span-28\"\u003eA\u003c/span\u003e\u003c/span\u003e\u003c/span\u003e\u003cscript type=\"math/tex\" id=\"MathJax-Element-12\"\u003eA\u003c/script\u003e 还是 \u003cspan class=\"MathJax_Preview\" style=\"color: inherit;\"\u003e\u003cspan class=\"MJXp-math\" id=\"MJXp-Span-29\"\u003e\u003cspan class=\"MJXp-mi MJXp-italic\" id=\"MJXp-Span-30\"\u003eB\u003c/span\u003e\u003c/span\u003e\u003c/span\u003e\u003cscript type=\"math/tex\" id=\"MathJax-Element-13\"\u003eB\u003c/script\u003e\u003c/li\u003e\n\u003c/ul\u003e\u003c/li\u003e\n\u003c/ul\u003e\u003cp\u003e如果 \u003cspan class=\"MathJax_Preview\" style=\"color: inherit;\"\u003e\u003cspan class=\"MJXp-math\" id=\"MJXp-Span-31\"\u003e\u003cspan class=\"MJXp-mi MJXp-italic\" id=\"MJXp-Span-32\"\u003eA\u003c/span\u003e\u003cspan class=\"MJXp-mo\" id=\"MJXp-Span-33\" style=\"margin-left: 0em; margin-right: 0.222em;\"\u003e,\u003c/span\u003e\u003cspan class=\"MJXp-mi MJXp-italic\" id=\"MJXp-Span-34\"\u003eB\u003c/span\u003e\u003c/span\u003e\u003c/span\u003e\u003cscript type=\"math/tex\" id=\"MathJax-Element-14\"\u003eA, B\u003c/script\u003e 是同构的，那么选手每次判断时只能依靠运气，成功 \u003cspan class=\"MathJax_Preview\" style=\"color: inherit;\"\u003e\u003cspan class=\"MJXp-math\" id=\"MJXp-Span-35\"\u003e\u003cspan class=\"MJXp-mn\" id=\"MJXp-Span-36\"\u003e50\u003c/span\u003e\u003c/span\u003e\u003c/span\u003e\u003cscript type=\"math/tex\" id=\"MathJax-Element-15\"\u003e50\u003c/script\u003e 次的概率不会超过 \u003cspan class=\"MathJax_Preview\" style=\"color: inherit;\"\u003e\u003cspan class=\"MJXp-math\" id=\"MJXp-Span-37\"\u003e\u003cspan class=\"MJXp-msubsup\" id=\"MJXp-Span-38\"\u003e\u003cspan class=\"MJXp-mn\" id=\"MJXp-Span-39\" style=\"margin-right: 0.05em;\"\u003e2\u003c/span\u003e\u003cspan class=\"MJXp-mrow MJXp-script\" id=\"MJXp-Span-40\" style=\"vertical-align: 0.5em;\"\u003e\u003cspan class=\"MJXp-mo\" id=\"MJXp-Span-41\"\u003e−\u003c/span\u003e\u003cspan class=\"MJXp-mn\" id=\"MJXp-Span-42\"\u003e50\u003c/span\u003e\u003c/span\u003e\u003c/span\u003e\u003c/span\u003e\u003c/span\u003e\u003cscript type=\"math/tex\" id=\"MathJax-Element-16\"\u003e2^{-50}\u003c/script\u003e。所以经过这个证明过程之后，我们就有超过 \u003cspan class=\"MathJax_Preview\" style=\"color: inherit;\"\u003e\u003cspan class=\"MJXp-math\" id=\"MJXp-Span-43\"\u003e\u003cspan class=\"MJXp-mn\" id=\"MJXp-Span-44\"\u003e1\u003c/span\u003e\u003cspan class=\"MJXp-mo\" id=\"MJXp-Span-45\" style=\"margin-left: 0.267em; margin-right: 0.267em;\"\u003e−\u003c/span\u003e\u003cspan class=\"MJXp-msubsup\" id=\"MJXp-Span-46\"\u003e\u003cspan class=\"MJXp-mn\" id=\"MJXp-Span-47\" style=\"margin-right: 0.05em;\"\u003e2\u003c/span\u003e\u003cspan class=\"MJXp-mrow MJXp-script\" id=\"MJXp-Span-48\" style=\"vertical-align: 0.5em;\"\u003e\u003cspan class=\"MJXp-mo\" id=\"MJXp-Span-49\"\u003e−\u003c/span\u003e\u003cspan class=\"MJXp-mn\" id=\"MJXp-Span-50\"\u003e50\u003c/span\u003e\u003c/span\u003e\u003c/span\u003e\u003c/span\u003e\u003c/span\u003e\u003cscript type=\"math/tex\" id=\"MathJax-Element-17\"\u003e1 - 2^{-50}\u003c/script\u003e 的把握认为这两个图是不同构的了。\u003c/p\u003e\u003cp\u003e具体来说，选手需要编写两个函数 hack 和 identify，以指出同构判定鸡的错误。\u003c/p\u003e\u003cul\u003e\u003cli\u003ehack()\u003cul\u003e\u003cli\u003e无参数，无返回值，选手需要在这里生成两个图 \u003cspan class=\"MathJax_Preview\" style=\"color: inherit;\"\u003e\u003cspan class=\"MJXp-math\" id=\"MJXp-Span-51\"\u003e\u003cspan class=\"MJXp-mi MJXp-italic\" id=\"MJXp-Span-52\"\u003eA\u003c/span\u003e\u003cspan class=\"MJXp-mo\" id=\"MJXp-Span-53\" style=\"margin-left: 0em; margin-right: 0.222em;\"\u003e,\u003c/span\u003e\u003cspan class=\"MJXp-mi MJXp-italic\" id=\"MJXp-Span-54\"\u003eB\u003c/span\u003e\u003c/span\u003e\u003c/span\u003e\u003cscript type=\"math/tex\" id=\"MathJax-Element-18\"\u003eA, B\u003c/script\u003e，并通过 propose 函数传递给交互库。\u003c/li\u003e\n\u003c/ul\u003e\u003c/li\u003e\n\u003cli\u003eidentify(g)\u003cul\u003e\u003cli\u003e\u003cspan class=\"MathJax_Preview\" style=\"color: inherit;\"\u003e\u003cspan class=\"MJXp-math\" id=\"MJXp-Span-55\"\u003e\u003cspan class=\"MJXp-mi MJXp-italic\" id=\"MJXp-Span-56\"\u003eg\u003c/span\u003e\u003c/span\u003e\u003c/span\u003e\u003cscript type=\"math/tex\" id=\"MathJax-Element-19\"\u003eg\u003c/script\u003e：一个 graph 类型的结构体，对应前文的 \u003cspan class=\"MathJax_Preview\" style=\"color: inherit;\"\u003e\u003cspan class=\"MJXp-math\" id=\"MJXp-Span-57\"\u003e\u003cspan class=\"MJXp-mi MJXp-italic\" id=\"MJXp-Span-58\"\u003eG\u003c/span\u003e\u003c/span\u003e\u003c/span\u003e\u003cscript type=\"math/tex\" id=\"MathJax-Element-20\"\u003eG\u003c/script\u003e。\u003c/li\u003e\n\u003cli\u003e返回值：返回一个等于 \u003cspan class=\"MathJax_Preview\" style=\"color: inherit;\"\u003e\u003cspan class=\"MJXp-math\" id=\"MJXp-Span-59\"\u003e\u003cspan class=\"MJXp-mn\" id=\"MJXp-Span-60\"\u003e1\u003c/span\u003e\u003c/span\u003e\u003c/span\u003e\u003cscript type=\"math/tex\" id=\"MathJax-Element-21\"\u003e1\u003c/script\u003e 或 \u003cspan class=\"MathJax_Preview\" style=\"color: inherit;\"\u003e\u003cspan class=\"MJXp-math\" id=\"MJXp-Span-61\"\u003e\u003cspan class=\"MJXp-mn\" id=\"MJXp-Span-62\"\u003e2\u003c/span\u003e\u003c/span\u003e\u003c/span\u003e\u003cscript type=\"math/tex\" id=\"MathJax-Element-22\"\u003e2\u003c/script\u003e 的整数。如果是 \u003cspan class=\"MathJax_Preview\" style=\"color: inherit;\"\u003e\u003cspan class=\"MJXp-math\" id=\"MJXp-Span-63\"\u003e\u003cspan class=\"MJXp-mn\" id=\"MJXp-Span-64\"\u003e1\u003c/span\u003e\u003c/span\u003e\u003c/span\u003e\u003cscript type=\"math/tex\" id=\"MathJax-Element-23\"\u003e1\u003c/script\u003e 则表示 \u003cspan class=\"MathJax_Preview\" style=\"color: inherit;\"\u003e\u003cspan class=\"MJXp-math\" id=\"MJXp-Span-65\"\u003e\u003cspan class=\"MJXp-mi MJXp-italic\" id=\"MJXp-Span-66\"\u003eG\u003c/span\u003e\u003c/span\u003e\u003c/span\u003e\u003cscript type=\"math/tex\" id=\"MathJax-Element-24\"\u003eG\u003c/script\u003e 与 \u003cspan class=\"MathJax_Preview\" style=\"color: inherit;\"\u003e\u003cspan class=\"MJXp-math\" id=\"MJXp-Span-67\"\u003e\u003cspan class=\"MJXp-mi MJXp-italic\" id=\"MJXp-Span-68\"\u003eA\u003c/span\u003e\u003c/span\u003e\u003c/span\u003e\u003cscript type=\"math/tex\" id=\"MathJax-Element-25\"\u003eA\u003c/script\u003e 同构，如果是 \u003cspan class=\"MathJax_Preview\" style=\"color: inherit;\"\u003e\u003cspan class=\"MJXp-math\" id=\"MJXp-Span-69\"\u003e\u003cspan class=\"MJXp-mn\" id=\"MJXp-Span-70\"\u003e2\u003c/span\u003e\u003c/span\u003e\u003c/span\u003e\u003cscript type=\"math/tex\" id=\"MathJax-Element-26\"\u003e2\u003c/script\u003e 则表示 \u003cspan class=\"MathJax_Preview\" style=\"color: inherit;\"\u003e\u003cspan class=\"MJXp-math\" id=\"MJXp-Span-71\"\u003e\u003cspan class=\"MJXp-mi MJXp-italic\" id=\"MJXp-Span-72\"\u003eG\u003c/span\u003e\u003c/span\u003e\u003c/span\u003e\u003cscript type=\"math/tex\" id=\"MathJax-Element-27\"\u003eG\u003c/script\u003e 与 \u003cspan class=\"MathJax_Preview\" style=\"color: inherit;\"\u003e\u003cspan class=\"MJXp-math\" id=\"MJXp-Span-73\"\u003e\u003cspan class=\"MJXp-mi MJXp-italic\" id=\"MJXp-Span-74\"\u003eB\u003c/span\u003e\u003c/span\u003e\u003c/span\u003e\u003cscript type=\"math/tex\" id=\"MathJax-Element-28\"\u003eB\u003c/script\u003e 同构。\u003c/li\u003e\n\u003c/ul\u003e\u003c/li\u003e\n\u003c/ul\u003e\u003cp\u003e你可以调用 propose 函数恰好一次以将你生成的图传递给交互库\u003c/p\u003e\u003cul\u003e\u003cli\u003epropose(a, b)\u003cul\u003e\u003cli\u003e\u003cspan class=\"MathJax_Preview\" style=\"color: inherit;\"\u003e\u003cspan class=\"MJXp-math\" id=\"MJXp-Span-75\"\u003e\u003cspan class=\"MJXp-mi MJXp-italic\" id=\"MJXp-Span-76\"\u003ea\u003c/span\u003e\u003c/span\u003e\u003c/span\u003e\u003cscript type=\"math/tex\" id=\"MathJax-Element-29\"\u003ea\u003c/script\u003e：一个 graph 类型的结构体，对应前文的 \u003cspan class=\"MathJax_Preview\" style=\"color: inherit;\"\u003e\u003cspan class=\"MJXp-math\" id=\"MJXp-Span-77\"\u003e\u003cspan class=\"MJXp-mi MJXp-italic\" id=\"MJXp-Span-78\"\u003eA\u003c/span\u003e\u003c/span\u003e\u003c/span\u003e\u003cscript type=\"math/tex\" id=\"MathJax-Element-30\"\u003eA\u003c/script\u003e。\u003c/li\u003e\n\u003cli\u003e\u003cspan class=\"MathJax_Preview\" style=\"color: inherit;\"\u003e\u003cspan class=\"MJXp-math\" id=\"MJXp-Span-79\"\u003e\u003cspan class=\"MJXp-mi MJXp-italic\" id=\"MJXp-Span-80\"\u003eb\u003c/span\u003e\u003c/span\u003e\u003c/span\u003e\u003cscript type=\"math/tex\" id=\"MathJax-Element-31\"\u003eb\u003c/script\u003e：一个 graph 类型的结构体，对应前文的 \u003cspan class=\"MathJax_Preview\" style=\"color: inherit;\"\u003e\u003cspan class=\"MJXp-math\" id=\"MJXp-Span-81\"\u003e\u003cspan class=\"MJXp-mi MJXp-italic\" id=\"MJXp-Span-82\"\u003eB\u003c/span\u003e\u003c/span\u003e\u003c/span\u003e\u003cscript type=\"math/tex\" id=\"MathJax-Element-32\"\u003eB\u003c/script\u003e。\u003c/li\u003e\n\u003c/ul\u003e\u003c/li\u003e\n\u003c/ul\u003e\u003cp\u003e\u003cstrong\u003e由于本题没有样例，比赛进行期间仅会检查你输出的图是否合法，若合法则得满分，比赛结束后会进行最终评测。\u003c/strong\u003e\u003c/p\u003e\u003cp\u003e\u003cstrong\u003e请勿作出攻击交互库的行为，若被发现将记 \u003cspan class=\"MathJax_Preview\" style=\"color: inherit;\"\u003e\u003cspan class=\"MJXp-math\" id=\"MJXp-Span-83\"\u003e\u003cspan class=\"MJXp-mn\" id=\"MJXp-Span-84\"\u003e0\u003c/span\u003e\u003c/span\u003e\u003c/span\u003e\u003cscript type=\"math/tex\" id=\"MathJax-Element-33\"\u003e0\u003c/script\u003e 分处理。\u003c/strong\u003e\u003c/p\u003e",
      "misc": ""
    },
    {
      "title": "实现细节",
      "content": "\u003cp\u003e具体各接口定义如下：\u003c/p\u003e\u003cpre class=\"sh_sourceCode\"\u003e\u003ccode class=\"sh_cpp\"\u003e\u003cspan class=\"sh_keyword\"\u003estruct\u003c/span\u003e\u003cspan class=\"sh_normal\"\u003e \u003c/span\u003e\u003cspan class=\"sh_classname\"\u003egraph\u003c/span\u003e\n\u003cspan class=\"sh_cbracket\"\u003e{\u003c/span\u003e\n    \u003cspan class=\"sh_type\"\u003eint\u003c/span\u003e n\u003cspan class=\"sh_symbol\"\u003e;\u003c/span\u003e\n    std\u003cspan class=\"sh_symbol\"\u003e::\u003c/span\u003e\u003cspan class=\"sh_usertype\"\u003evector\u0026lt; std::pair\u0026lt;int, int\u0026gt; \u0026gt;\u003c/span\u003e\u003cspan class=\"sh_normal\"\u003e \u003c/span\u003ee\u003cspan class=\"sh_symbol\"\u003e;\u003c/span\u003e\n\u003cspan class=\"sh_cbracket\"\u003e}\u003c/span\u003e\u003cspan class=\"sh_symbol\"\u003e;\u003c/span\u003e\n\n\u003cspan class=\"sh_type\"\u003evoid\u003c/span\u003e \u003cspan class=\"sh_function\"\u003ehack\u003c/span\u003e\u003cspan class=\"sh_symbol\"\u003e();\u003c/span\u003e\n\u003cspan class=\"sh_type\"\u003evoid\u003c/span\u003e \u003cspan class=\"sh_function\"\u003epropose\u003c/span\u003e\u003cspan class=\"sh_symbol\"\u003e(\u003c/span\u003e\u003cspan class=\"sh_usertype\"\u003egraph\u003c/span\u003e\u003cspan class=\"sh_normal\"\u003e \u003c/span\u003ea\u003cspan class=\"sh_symbol\"\u003e,\u003c/span\u003e \u003cspan class=\"sh_usertype\"\u003egraph\u003c/span\u003e\u003cspan class=\"sh_normal\"\u003e \u003c/span\u003eb\u003cspan class=\"sh_symbol\"\u003e);\u003c/span\u003e\n\u003cspan class=\"sh_type\"\u003eint\u003c/span\u003e \u003cspan class=\"sh_function\"\u003eidentify\u003c/span\u003e\u003cspan class=\"sh_symbol\"\u003e(\u003c/span\u003e\u003cspan class=\"sh_usertype\"\u003egraph\u003c/span\u003e\u003cspan class=\"sh_normal\"\u003e \u003c/span\u003eg\u003cspan class=\"sh_symbol\"\u003e);\u003c/span\u003e\u003c/code\u003e\u003c/pre\u003e",
      "misc": ""
    },
    {
      "title": "限制与约定",
      "content": "\u003cp\u003e选手给出的图必须是简单无向连通图，且结点数不能超过 \u003cspan class=\"MathJax_Preview\" style=\"color: inherit;\"\u003e\u003cspan class=\"MJXp-math\" id=\"MJXp-Span-85\"\u003e\u003cspan class=\"MJXp-mn\" id=\"MJXp-Span-86\"\u003e50\u003c/span\u003e\u003c/span\u003e\u003c/span\u003e\u003cscript type=\"math/tex\" id=\"MathJax-Element-34\"\u003e50\u003c/script\u003e。\u003c/p\u003e\u003cp\u003e我们给出了一个参考的样例测评库 grader.cpp 及一个样例程序 sample.cpp。样例测评库中自带了图的合法性检查及题目中提到的 \u003cspan class=\"MathJax_Preview\" style=\"color: inherit;\"\u003e\u003cspan class=\"MJXp-math\" id=\"MJXp-Span-87\"\u003e\u003cspan class=\"MJXp-mn\" id=\"MJXp-Span-88\"\u003e6\u003c/span\u003e\u003c/span\u003e\u003c/span\u003e\u003cscript type=\"math/tex\" id=\"MathJax-Element-35\"\u003e6\u003c/script\u003e 个算法。请注意最终测评时 \u003cspan class=\"MathJax_Preview\" style=\"color: inherit;\"\u003e\u003cspan class=\"MJXp-math\" id=\"MJXp-Span-89\"\u003e\u003cspan class=\"MJXp-mn\" id=\"MJXp-Span-90\"\u003e6\u003c/span\u003e\u003c/span\u003e\u003c/span\u003e\u003cscript type=\"math/tex\" id=\"MathJax-Element-36\"\u003e6\u003c/script\u003e 个算法的运行不会占用选手的程序运行时间。\u003c/p\u003e\u003cp\u003e\u003ca href=\"/faq\"\u003e交互式类型的题目怎么本地测试\u003c/a\u003e\u003c/p\u003e",
      "misc": ""
    },
    {
      "title": "下载",
      "content": "\u003cp\u003e\u003ca href=\"/download.php?type=problem\u0026amp;id=286\"\u003e测评库下载\u003c/a\u003e\u003c/p\u003e",
      "misc": ""
    }
  ],
  "samples": [],
  "tags": [
    "UOJ"
  ],
  "rules": {
    "runtime": "1000000000",
    "memory": "268435456",
    "stack": "268435456",
    "source": "51200"
  },
  "meta": {
    "created": "2021-04-09T21:41:36.916427157+08:00",
    "updated": "2021-04-09T21:41:36.916427157+08:00",
    "checked": "2021-04-09T21:41:36.916427157+08:00"
  },
  "misc": ""
}
