{
  "id": "303",
  "title": "斑斓之地",
  "type": "interactive",
  "sections": [
    {
      "title": "",
      "content": "\u003cp\u003e在很久以前的黄金时代，澳大利亚的土地是矩形的，它可以被划分成 \u003cspan class=\"MathJax_Preview\" style=\"color: inherit;\"\u003e\u003cspan class=\"MJXp-math\" id=\"MJXp-Span-1\"\u003e\u003cspan class=\"MJXp-mi MJXp-italic\" id=\"MJXp-Span-2\"\u003eR\u003c/span\u003e\u003c/span\u003e\u003c/span\u003e\u003cspan class=\"MathJax MathJax_Processing\" id=\"MathJax-Element-1-Frame\" tabindex=\"0\"\u003e\u003c/span\u003e\u003cscript type=\"math/tex\" id=\"MathJax-Element-1\"\u003eR\u003c/script\u003e 行 \u003cspan class=\"MathJax_Preview\" style=\"color: inherit;\"\u003e\u003cspan class=\"MJXp-math\" id=\"MJXp-Span-3\"\u003e\u003cspan class=\"MJXp-mi MJXp-italic\" id=\"MJXp-Span-4\"\u003eC\u003c/span\u003e\u003c/span\u003e\u003c/span\u003e\u003cspan class=\"MathJax MathJax_Processing\" id=\"MathJax-Element-2-Frame\" tabindex=\"0\"\u003e\u003c/span\u003e\u003cscript type=\"math/tex\" id=\"MathJax-Element-2\"\u003eC\u003c/script\u003e 列的网格状， 行的编号从北到南依次为 \u003cspan class=\"MathJax_Preview\" style=\"color: inherit;\"\u003e\u003cspan class=\"MJXp-math\" id=\"MJXp-Span-5\"\u003e\u003cspan class=\"MJXp-mn\" id=\"MJXp-Span-6\"\u003e1\u003c/span\u003e\u003c/span\u003e\u003c/span\u003e\u003cspan class=\"MathJax MathJax_Processing\" id=\"MathJax-Element-3-Frame\" tabindex=\"0\"\u003e\u003c/span\u003e\u003cscript type=\"math/tex\" id=\"MathJax-Element-3\"\u003e1\u003c/script\u003e 到 \u003cspan class=\"MathJax_Preview\" style=\"color: inherit;\"\u003e\u003cspan class=\"MJXp-math\" id=\"MJXp-Span-7\"\u003e\u003cspan class=\"MJXp-mi MJXp-italic\" id=\"MJXp-Span-8\"\u003eR\u003c/span\u003e\u003c/span\u003e\u003c/span\u003e\u003cspan class=\"MathJax MathJax_Processing\" id=\"MathJax-Element-4-Frame\" tabindex=\"0\"\u003e\u003c/span\u003e\u003cscript type=\"math/tex\" id=\"MathJax-Element-4\"\u003eR\u003c/script\u003e，列的编号从西到东依次为 \u003cspan class=\"MathJax_Preview\" style=\"color: inherit;\"\u003e\u003cspan class=\"MJXp-math\" id=\"MJXp-Span-9\"\u003e\u003cspan class=\"MJXp-mn\" id=\"MJXp-Span-10\"\u003e1\u003c/span\u003e\u003c/span\u003e\u003c/span\u003e\u003cspan class=\"MathJax MathJax_Processing\" id=\"MathJax-Element-5-Frame\" tabindex=\"0\"\u003e\u003c/span\u003e\u003cscript type=\"math/tex\" id=\"MathJax-Element-5\"\u003e1\u003c/script\u003e 到 \u003cspan class=\"MathJax_Preview\" style=\"color: inherit;\"\u003e\u003cspan class=\"MJXp-math\" id=\"MJXp-Span-11\"\u003e\u003cspan class=\"MJXp-mi MJXp-italic\" id=\"MJXp-Span-12\"\u003eC\u003c/span\u003e\u003c/span\u003e\u003c/span\u003e\u003cspan class=\"MathJax MathJax_Processing\" id=\"MathJax-Element-6-Frame\" tabindex=\"0\"\u003e\u003c/span\u003e\u003cscript type=\"math/tex\" id=\"MathJax-Element-6\"\u003eC\u003c/script\u003e，\u003cspan class=\"MathJax_Preview\" style=\"color: inherit;\"\u003e\u003cspan class=\"MJXp-math\" id=\"MJXp-Span-13\"\u003e\u003cspan class=\"MJXp-mo\" id=\"MJXp-Span-14\" style=\"margin-left: 0em; margin-right: 0em;\"\u003e(\u003c/span\u003e\u003cspan class=\"MJXp-mi MJXp-italic\" id=\"MJXp-Span-15\"\u003er\u003c/span\u003e\u003cspan class=\"MJXp-mo\" id=\"MJXp-Span-16\" style=\"margin-left: 0em; margin-right: 0.222em;\"\u003e,\u003c/span\u003e\u003cspan class=\"MJXp-mi MJXp-italic\" id=\"MJXp-Span-17\"\u003ec\u003c/span\u003e\u003cspan class=\"MJXp-mo\" id=\"MJXp-Span-18\" style=\"margin-left: 0em; margin-right: 0em;\"\u003e)\u003c/span\u003e\u003c/span\u003e\u003c/span\u003e\u003cspan class=\"MathJax MathJax_Processing\" id=\"MathJax-Element-7-Frame\" tabindex=\"0\"\u003e\u003c/span\u003e\u003cscript type=\"math/tex\" id=\"MathJax-Element-7\"\u003e(r,c)\u003c/script\u003e 表示第 \u003cspan class=\"MathJax_Preview\" style=\"color: inherit;\"\u003e\u003cspan class=\"MJXp-math\" id=\"MJXp-Span-19\"\u003e\u003cspan class=\"MJXp-mi MJXp-italic\" id=\"MJXp-Span-20\"\u003er\u003c/span\u003e\u003c/span\u003e\u003c/span\u003e\u003cspan class=\"MathJax MathJax_Processing\" id=\"MathJax-Element-8-Frame\" tabindex=\"0\"\u003e\u003c/span\u003e\u003cscript type=\"math/tex\" id=\"MathJax-Element-8\"\u003er\u003c/script\u003e 行第 \u003cspan class=\"MathJax_Preview\" style=\"color: inherit;\"\u003e\u003cspan class=\"MJXp-math\" id=\"MJXp-Span-21\"\u003e\u003cspan class=\"MJXp-mi MJXp-italic\" id=\"MJXp-Span-22\"\u003ec\u003c/span\u003e\u003c/span\u003e\u003c/span\u003e\u003cspan class=\"MathJax MathJax_Processing\" id=\"MathJax-Element-9-Frame\" tabindex=\"0\"\u003e\u003c/span\u003e\u003cscript type=\"math/tex\" id=\"MathJax-Element-9\"\u003ec\u003c/script\u003e 列的土地。一天，伟大的彩虹蛇从 \u003cspan class=\"MathJax_Preview\" style=\"color: inherit;\"\u003e\u003cspan class=\"MJXp-math\" id=\"MJXp-Span-23\"\u003e\u003cspan class=\"MJXp-mo\" id=\"MJXp-Span-24\" style=\"margin-left: 0em; margin-right: 0em;\"\u003e(\u003c/span\u003e\u003cspan class=\"MJXp-msubsup\" id=\"MJXp-Span-25\"\u003e\u003cspan class=\"MJXp-mi MJXp-italic\" id=\"MJXp-Span-26\" style=\"margin-right: 0.05em;\"\u003es\u003c/span\u003e\u003cspan class=\"MJXp-mi MJXp-italic MJXp-script\" id=\"MJXp-Span-27\" style=\"vertical-align: -0.4em;\"\u003er\u003c/span\u003e\u003c/span\u003e\u003cspan class=\"MJXp-mo\" id=\"MJXp-Span-28\" style=\"margin-left: 0em; margin-right: 0.222em;\"\u003e,\u003c/span\u003e\u003cspan class=\"MJXp-msubsup\" id=\"MJXp-Span-29\"\u003e\u003cspan class=\"MJXp-mi MJXp-italic\" id=\"MJXp-Span-30\" style=\"margin-right: 0.05em;\"\u003es\u003c/span\u003e\u003cspan class=\"MJXp-mi MJXp-italic MJXp-script\" id=\"MJXp-Span-31\" style=\"vertical-align: -0.4em;\"\u003ec\u003c/span\u003e\u003c/span\u003e\u003cspan class=\"MJXp-mo\" id=\"MJXp-Span-32\" style=\"margin-left: 0em; margin-right: 0em;\"\u003e)\u003c/span\u003e\u003c/span\u003e\u003c/span\u003e\u003cspan class=\"MathJax MathJax_Processing\" id=\"MathJax-Element-10-Frame\" tabindex=\"0\"\u003e\u003c/span\u003e\u003cscript type=\"math/tex\" id=\"MathJax-Element-10\"\u003e(s_r, s_c)\u003c/script\u003e 出发在澳大利亚的土地上移动，彩虹蛇连续进行了 \u003cspan class=\"MathJax_Preview\" style=\"color: inherit;\"\u003e\u003cspan class=\"MJXp-math\" id=\"MJXp-Span-33\"\u003e\u003cspan class=\"MJXp-mi MJXp-italic\" id=\"MJXp-Span-34\"\u003eM\u003c/span\u003e\u003c/span\u003e\u003c/span\u003e\u003cspan class=\"MathJax MathJax_Processing\" id=\"MathJax-Element-11-Frame\" tabindex=\"0\"\u003e\u003c/span\u003e\u003cscript type=\"math/tex\" id=\"MathJax-Element-11\"\u003eM\u003c/script\u003e 次移动，每次它会向正北 (N)、正南(S)、正东(E)或正西(W)方向移动一格，其经过的所 有的格子(包括起点和终点)都会变成河流。\n数百万年之后，你想购买一块矩形区域纪念伟大的彩虹蛇。你想给所购买矩形区域内每一块\u003cstrong\u003e不是河流\u003c/strong\u003e的格子都染上颜色，要求相邻的格子颜色\u003cstrong\u003e必须相同\u003c/strong\u003e，两个格子相邻当且仅当两个格子有一条\u003cstrong\u003e公共边\u003c/strong\u003e，你所购买区域之外的格子无须染色。\n现在给出彩虹蛇 \u003cspan class=\"MathJax_Preview\" style=\"color: inherit;\"\u003e\u003cspan class=\"MJXp-math\" id=\"MJXp-Span-35\"\u003e\u003cspan class=\"MJXp-mi MJXp-italic\" id=\"MJXp-Span-36\"\u003eM\u003c/span\u003e\u003c/span\u003e\u003c/span\u003e\u003cspan class=\"MathJax MathJax_Processing\" id=\"MathJax-Element-12-Frame\" tabindex=\"0\"\u003e\u003c/span\u003e\u003cscript type=\"math/tex\" id=\"MathJax-Element-12\"\u003eM\u003c/script\u003e 次移动的方向，你有 \u003cspan class=\"MathJax_Preview\" style=\"color: inherit;\"\u003e\u003cspan class=\"MJXp-math\" id=\"MJXp-Span-37\"\u003e\u003cspan class=\"MJXp-mi MJXp-italic\" id=\"MJXp-Span-38\"\u003eQ\u003c/span\u003e\u003c/span\u003e\u003c/span\u003e\u003cspan class=\"MathJax MathJax_Processing\" id=\"MathJax-Element-13-Frame\" tabindex=\"0\"\u003e\u003c/span\u003e\u003cscript type=\"math/tex\" id=\"MathJax-Element-13\"\u003eQ\u003c/script\u003e 个购买矩形区域的方案，问每个方案\u003cstrong\u003e最多\u003c/strong\u003e能够将土地染上多少种不同的颜色。\u003c/p\u003e",
      "misc": ""
    },
    {
      "title": "实现细节",
      "content": "\u003cp\u003e你需要包含头文件 rainbow.h。\u003c/p\u003e\u003cp\u003e你需要实现函数 init 和 colours:\u003c/p\u003e\u003cul\u003e\u003cli\u003e\u003cp\u003einit(R, C, sr, sc, M, S) --- 该函数会在开始时调用并且只会调用一次\u003c/p\u003e\n\u003cul\u003e\u003cli\u003eR 和 C: 表示网格的行数和列数\u003c/li\u003e\n\u003cli\u003esr 和 sc: 彩虹蛇的起点坐标\u003c/li\u003e\n\u003cli\u003eM: 彩虹蛇移动的步数\u003c/li\u003e\n\u003cli\u003eS: 一个长度为 M 的字符串, S[i] 是N、S、E、W之一, 分别表示彩虹蛇的第 \u003cspan class=\"MathJax_Preview\" style=\"color: inherit;\"\u003e\u003cspan class=\"MJXp-math\" id=\"MJXp-Span-39\"\u003e\u003cspan class=\"MJXp-mi MJXp-italic\" id=\"MJXp-Span-40\"\u003ei\u003c/span\u003e\u003c/span\u003e\u003c/span\u003e\u003cspan class=\"MathJax MathJax_Processing\" id=\"MathJax-Element-14-Frame\" tabindex=\"0\"\u003e\u003c/span\u003e\u003cscript type=\"math/tex\" id=\"MathJax-Element-14\"\u003ei\u003c/script\u003e 次移动是向正北、正南、正东、正西移动一格，\u003cspan class=\"MathJax_Preview\" style=\"color: inherit;\"\u003e\u003cspan class=\"MJXp-math\" id=\"MJXp-Span-41\"\u003e\u003cspan class=\"MJXp-mn\" id=\"MJXp-Span-42\"\u003e0\u003c/span\u003e\u003cspan class=\"MJXp-mo\" id=\"MJXp-Span-43\" style=\"margin-left: 0.333em; margin-right: 0.333em;\"\u003e≤\u003c/span\u003e\u003cspan class=\"MJXp-mi MJXp-italic\" id=\"MJXp-Span-44\"\u003ei\u003c/span\u003e\u003cspan class=\"MJXp-mo\" id=\"MJXp-Span-45\" style=\"margin-left: 0.333em; margin-right: 0.333em;\"\u003e≤\u003c/span\u003e\u003cspan class=\"MJXp-mi MJXp-italic\" id=\"MJXp-Span-46\"\u003eM\u003c/span\u003e\u003cspan class=\"MJXp-mo\" id=\"MJXp-Span-47\" style=\"margin-left: 0.267em; margin-right: 0.267em;\"\u003e−\u003c/span\u003e\u003cspan class=\"MJXp-mn\" id=\"MJXp-Span-48\"\u003e1\u003c/span\u003e\u003c/span\u003e\u003c/span\u003e\u003cspan class=\"MathJax MathJax_Processing\" id=\"MathJax-Element-15-Frame\" tabindex=\"0\"\u003e\u003c/span\u003e\u003cscript type=\"math/tex\" id=\"MathJax-Element-15\"\u003e0 \\leq i\\leq M - 1\u003c/script\u003e 。保证彩虹蛇不会移动到网格外面。\u003c/li\u003e\n\u003c/ul\u003e\u003c/li\u003e\n\u003cli\u003e\u003cp\u003ecolours(ar, ac, br, bc) --- 在调用init一次之后, 该函数会被总共调用 \u003cspan class=\"MathJax_Preview\" style=\"color: inherit;\"\u003e\u003cspan class=\"MJXp-math\" id=\"MJXp-Span-49\"\u003e\u003cspan class=\"MJXp-mi MJXp-italic\" id=\"MJXp-Span-50\"\u003eQ\u003c/span\u003e\u003c/span\u003e\u003c/span\u003e\u003cspan class=\"MathJax MathJax_Processing\" id=\"MathJax-Element-16-Frame\" tabindex=\"0\"\u003e\u003c/span\u003e\u003cscript type=\"math/tex\" id=\"MathJax-Element-16\"\u003eQ\u003c/script\u003e 次\u003c/p\u003e\n\u003cul\u003e\u003cli\u003e\u003cspan class=\"MathJax_Preview\" style=\"color: inherit;\"\u003e\u003cspan class=\"MJXp-math\" id=\"MJXp-Span-51\"\u003e\u003cspan class=\"MJXp-mo\" id=\"MJXp-Span-52\" style=\"margin-left: 0em; margin-right: 0em;\"\u003e(\u003c/span\u003e\u003cspan class=\"MJXp-msubsup\" id=\"MJXp-Span-53\"\u003e\u003cspan class=\"MJXp-mi MJXp-italic\" id=\"MJXp-Span-54\" style=\"margin-right: 0.05em;\"\u003ea\u003c/span\u003e\u003cspan class=\"MJXp-mi MJXp-italic MJXp-script\" id=\"MJXp-Span-55\" style=\"vertical-align: -0.4em;\"\u003er\u003c/span\u003e\u003c/span\u003e\u003cspan class=\"MJXp-mo\" id=\"MJXp-Span-56\" style=\"margin-left: 0em; margin-right: 0.222em;\"\u003e,\u003c/span\u003e\u003cspan class=\"MJXp-msubsup\" id=\"MJXp-Span-57\"\u003e\u003cspan class=\"MJXp-mi MJXp-italic\" id=\"MJXp-Span-58\" style=\"margin-right: 0.05em;\"\u003ea\u003c/span\u003e\u003cspan class=\"MJXp-mi MJXp-italic MJXp-script\" id=\"MJXp-Span-59\" style=\"vertical-align: -0.4em;\"\u003ec\u003c/span\u003e\u003c/span\u003e\u003cspan class=\"MJXp-mo\" id=\"MJXp-Span-60\" style=\"margin-left: 0em; margin-right: 0em;\"\u003e)\u003c/span\u003e\u003c/span\u003e\u003c/span\u003e\u003cspan class=\"MathJax MathJax_Processing\" id=\"MathJax-Element-17-Frame\" tabindex=\"0\"\u003e\u003c/span\u003e\u003cscript type=\"math/tex\" id=\"MathJax-Element-17\"\u003e(a_r, a_c)\u003c/script\u003e 表示你所购买矩形的西北角的格子的坐标，\u003cspan class=\"MathJax_Preview\" style=\"color: inherit;\"\u003e\u003cspan class=\"MJXp-math\" id=\"MJXp-Span-61\"\u003e\u003cspan class=\"MJXp-mo\" id=\"MJXp-Span-62\" style=\"margin-left: 0em; margin-right: 0em;\"\u003e(\u003c/span\u003e\u003cspan class=\"MJXp-msubsup\" id=\"MJXp-Span-63\"\u003e\u003cspan class=\"MJXp-mi MJXp-italic\" id=\"MJXp-Span-64\" style=\"margin-right: 0.05em;\"\u003eb\u003c/span\u003e\u003cspan class=\"MJXp-mi MJXp-italic MJXp-script\" id=\"MJXp-Span-65\" style=\"vertical-align: -0.4em;\"\u003er\u003c/span\u003e\u003c/span\u003e\u003cspan class=\"MJXp-mo\" id=\"MJXp-Span-66\" style=\"margin-left: 0em; margin-right: 0.222em;\"\u003e,\u003c/span\u003e\u003cspan class=\"MJXp-msubsup\" id=\"MJXp-Span-67\"\u003e\u003cspan class=\"MJXp-mi MJXp-italic\" id=\"MJXp-Span-68\" style=\"margin-right: 0.05em;\"\u003eb\u003c/span\u003e\u003cspan class=\"MJXp-mi MJXp-italic MJXp-script\" id=\"MJXp-Span-69\" style=\"vertical-align: -0.4em;\"\u003ec\u003c/span\u003e\u003c/span\u003e\u003cspan class=\"MJXp-mo\" id=\"MJXp-Span-70\" style=\"margin-left: 0em; margin-right: 0em;\"\u003e)\u003c/span\u003e\u003c/span\u003e\u003c/span\u003e\u003cspan class=\"MathJax MathJax_Processing\" id=\"MathJax-Element-18-Frame\" tabindex=\"0\"\u003e\u003c/span\u003e\u003cscript type=\"math/tex\" id=\"MathJax-Element-18\"\u003e(b_r, b_c)\u003c/script\u003e 表示你所购买矩形的东南角的格子的坐标，返回一个整数表示在这种购买方案下最多能够将土地染上多少种不同的颜色\u003c/li\u003e\n\u003cli\u003e\u003cspan class=\"MathJax_Preview\" style=\"color: inherit;\"\u003e\u003cspan class=\"MJXp-math\" id=\"MJXp-Span-71\"\u003e\u003cspan class=\"MJXp-mn\" id=\"MJXp-Span-72\"\u003e1\u003c/span\u003e\u003cspan class=\"MJXp-mo\" id=\"MJXp-Span-73\" style=\"margin-left: 0.333em; margin-right: 0.333em;\"\u003e≤\u003c/span\u003e\u003cspan class=\"MJXp-msubsup\" id=\"MJXp-Span-74\"\u003e\u003cspan class=\"MJXp-mi MJXp-italic\" id=\"MJXp-Span-75\" style=\"margin-right: 0.05em;\"\u003ea\u003c/span\u003e\u003cspan class=\"MJXp-mi MJXp-italic MJXp-script\" id=\"MJXp-Span-76\" style=\"vertical-align: -0.4em;\"\u003er\u003c/span\u003e\u003c/span\u003e\u003cspan class=\"MJXp-mo\" id=\"MJXp-Span-77\" style=\"margin-left: 0.333em; margin-right: 0.333em;\"\u003e≤\u003c/span\u003e\u003cspan class=\"MJXp-msubsup\" id=\"MJXp-Span-78\"\u003e\u003cspan class=\"MJXp-mi MJXp-italic\" id=\"MJXp-Span-79\" style=\"margin-right: 0.05em;\"\u003eb\u003c/span\u003e\u003cspan class=\"MJXp-mi MJXp-italic MJXp-script\" id=\"MJXp-Span-80\" style=\"vertical-align: -0.4em;\"\u003er\u003c/span\u003e\u003c/span\u003e\u003cspan class=\"MJXp-mo\" id=\"MJXp-Span-81\" style=\"margin-left: 0.333em; margin-right: 0.333em;\"\u003e≤\u003c/span\u003e\u003cspan class=\"MJXp-mi MJXp-italic\" id=\"MJXp-Span-82\"\u003eR\u003c/span\u003e\u003c/span\u003e\u003c/span\u003e\u003cspan class=\"MathJax MathJax_Processing\" id=\"MathJax-Element-19-Frame\" tabindex=\"0\"\u003e\u003c/span\u003e\u003cscript type=\"math/tex\" id=\"MathJax-Element-19\"\u003e1 \\leq a_r \\leq b_r \\leq R\u003c/script\u003e, \u003cspan class=\"MathJax_Preview\" style=\"color: inherit;\"\u003e\u003cspan class=\"MJXp-math\" id=\"MJXp-Span-83\"\u003e\u003cspan class=\"MJXp-mn\" id=\"MJXp-Span-84\"\u003e1\u003c/span\u003e\u003cspan class=\"MJXp-mo\" id=\"MJXp-Span-85\" style=\"margin-left: 0.333em; margin-right: 0.333em;\"\u003e≤\u003c/span\u003e\u003cspan class=\"MJXp-msubsup\" id=\"MJXp-Span-86\"\u003e\u003cspan class=\"MJXp-mi MJXp-italic\" id=\"MJXp-Span-87\" style=\"margin-right: 0.05em;\"\u003ea\u003c/span\u003e\u003cspan class=\"MJXp-mi MJXp-italic MJXp-script\" id=\"MJXp-Span-88\" style=\"vertical-align: -0.4em;\"\u003ec\u003c/span\u003e\u003c/span\u003e\u003cspan class=\"MJXp-mo\" id=\"MJXp-Span-89\" style=\"margin-left: 0.333em; margin-right: 0.333em;\"\u003e≤\u003c/span\u003e\u003cspan class=\"MJXp-msubsup\" id=\"MJXp-Span-90\"\u003e\u003cspan class=\"MJXp-mi MJXp-italic\" id=\"MJXp-Span-91\" style=\"margin-right: 0.05em;\"\u003eb\u003c/span\u003e\u003cspan class=\"MJXp-mi MJXp-italic MJXp-script\" id=\"MJXp-Span-92\" style=\"vertical-align: -0.4em;\"\u003ec\u003c/span\u003e\u003c/span\u003e\u003cspan class=\"MJXp-mo\" id=\"MJXp-Span-93\" style=\"margin-left: 0.333em; margin-right: 0.333em;\"\u003e≤\u003c/span\u003e\u003cspan class=\"MJXp-mi MJXp-italic\" id=\"MJXp-Span-94\"\u003eC\u003c/span\u003e\u003c/span\u003e\u003c/span\u003e\u003cspan class=\"MathJax MathJax_Processing\" id=\"MathJax-Element-20-Frame\" tabindex=\"0\"\u003e\u003c/span\u003e\u003cscript type=\"math/tex\" id=\"MathJax-Element-20\"\u003e1 \\leq a_c \\leq b_c \\leq C\u003c/script\u003e\u003c/li\u003e\n\u003c/ul\u003e\u003c/li\u003e\n\u003c/ul\u003e\u003cp\u003e请参考提供的模板文件以获取更多的细节。\u003c/p\u003e",
      "misc": ""
    },
    {
      "title": "样例测试程序",
      "content": "\u003cp\u003e样例测试程序按照以下格式输入:\u003c/p\u003e\u003cul\u003e\u003cli\u003e第1行:四个整数 \u003cspan class=\"MathJax_Preview\" style=\"color: inherit;\"\u003e\u003cspan class=\"MJXp-math\" id=\"MJXp-Span-95\"\u003e\u003cspan class=\"MJXp-mi MJXp-italic\" id=\"MJXp-Span-96\"\u003eR\u003c/span\u003e\u003c/span\u003e\u003c/span\u003e\u003cspan class=\"MathJax MathJax_Processing\" id=\"MathJax-Element-21-Frame\" tabindex=\"0\"\u003e\u003c/span\u003e\u003cscript type=\"math/tex\" id=\"MathJax-Element-21\"\u003eR\u003c/script\u003e, \u003cspan class=\"MathJax_Preview\" style=\"color: inherit;\"\u003e\u003cspan class=\"MJXp-math\" id=\"MJXp-Span-97\"\u003e\u003cspan class=\"MJXp-mi MJXp-italic\" id=\"MJXp-Span-98\"\u003eC\u003c/span\u003e\u003c/span\u003e\u003c/span\u003e\u003cspan class=\"MathJax MathJax_Processing\" id=\"MathJax-Element-22-Frame\" tabindex=\"0\"\u003e\u003c/span\u003e\u003cscript type=\"math/tex\" id=\"MathJax-Element-22\"\u003eC\u003c/script\u003e, \u003cspan class=\"MathJax_Preview\" style=\"color: inherit;\"\u003e\u003cspan class=\"MJXp-math\" id=\"MJXp-Span-99\"\u003e\u003cspan class=\"MJXp-mi MJXp-italic\" id=\"MJXp-Span-100\"\u003eM\u003c/span\u003e\u003c/span\u003e\u003c/span\u003e\u003cspan class=\"MathJax MathJax_Processing\" id=\"MathJax-Element-23-Frame\" tabindex=\"0\"\u003e\u003c/span\u003e\u003cscript type=\"math/tex\" id=\"MathJax-Element-23\"\u003eM\u003c/script\u003e 和 \u003cspan class=\"MathJax_Preview\" style=\"color: inherit;\"\u003e\u003cspan class=\"MJXp-math\" id=\"MJXp-Span-101\"\u003e\u003cspan class=\"MJXp-mi MJXp-italic\" id=\"MJXp-Span-102\"\u003eQ\u003c/span\u003e\u003c/span\u003e\u003c/span\u003e\u003cspan class=\"MathJax MathJax_Processing\" id=\"MathJax-Element-24-Frame\" tabindex=\"0\"\u003e\u003c/span\u003e\u003cscript type=\"math/tex\" id=\"MathJax-Element-24\"\u003eQ\u003c/script\u003e;\u003c/li\u003e\n\u003cli\u003e第2行:两个整数 \u003cspan class=\"MathJax_Preview\" style=\"color: inherit;\"\u003e\u003cspan class=\"MJXp-math\" id=\"MJXp-Span-103\"\u003e\u003cspan class=\"MJXp-msubsup\" id=\"MJXp-Span-104\"\u003e\u003cspan class=\"MJXp-mi MJXp-italic\" id=\"MJXp-Span-105\" style=\"margin-right: 0.05em;\"\u003es\u003c/span\u003e\u003cspan class=\"MJXp-mi MJXp-italic MJXp-script\" id=\"MJXp-Span-106\" style=\"vertical-align: -0.4em;\"\u003er\u003c/span\u003e\u003c/span\u003e\u003c/span\u003e\u003c/span\u003e\u003cspan class=\"MathJax MathJax_Processing\" id=\"MathJax-Element-25-Frame\" tabindex=\"0\"\u003e\u003c/span\u003e\u003cscript type=\"math/tex\" id=\"MathJax-Element-25\"\u003es_r\u003c/script\u003e 和 \u003cspan class=\"MathJax_Preview\" style=\"color: inherit;\"\u003e\u003cspan class=\"MJXp-math\" id=\"MJXp-Span-107\"\u003e\u003cspan class=\"MJXp-msubsup\" id=\"MJXp-Span-108\"\u003e\u003cspan class=\"MJXp-mi MJXp-italic\" id=\"MJXp-Span-109\" style=\"margin-right: 0.05em;\"\u003es\u003c/span\u003e\u003cspan class=\"MJXp-mi MJXp-italic MJXp-script\" id=\"MJXp-Span-110\" style=\"vertical-align: -0.4em;\"\u003ec\u003c/span\u003e\u003c/span\u003e\u003c/span\u003e\u003c/span\u003e\u003cspan class=\"MathJax MathJax_Processing\" id=\"MathJax-Element-26-Frame\" tabindex=\"0\"\u003e\u003c/span\u003e\u003cscript type=\"math/tex\" id=\"MathJax-Element-26\"\u003es_c\u003c/script\u003e;\u003c/li\u003e\n\u003cli\u003e第3行:一个包含 \u003cspan class=\"MathJax_Preview\" style=\"color: inherit;\"\u003e\u003cspan class=\"MJXp-math\" id=\"MJXp-Span-111\"\u003e\u003cspan class=\"MJXp-mi MJXp-italic\" id=\"MJXp-Span-112\"\u003eM\u003c/span\u003e\u003c/span\u003e\u003c/span\u003e\u003cspan class=\"MathJax MathJax_Processing\" id=\"MathJax-Element-27-Frame\" tabindex=\"0\"\u003e\u003c/span\u003e\u003cscript type=\"math/tex\" id=\"MathJax-Element-27\"\u003eM\u003c/script\u003e 个字符的字符串 \u003cspan class=\"MathJax_Preview\" style=\"color: inherit;\"\u003e\u003cspan class=\"MJXp-math\" id=\"MJXp-Span-113\"\u003e\u003cspan class=\"MJXp-mi MJXp-italic\" id=\"MJXp-Span-114\"\u003eS\u003c/span\u003e\u003c/span\u003e\u003c/span\u003e\u003cspan class=\"MathJax MathJax_Processing\" id=\"MathJax-Element-28-Frame\" tabindex=\"0\"\u003e\u003c/span\u003e\u003cscript type=\"math/tex\" id=\"MathJax-Element-28\"\u003eS\u003c/script\u003e, 每个字符是N、S、E、W之一 (如果 \u003cspan class=\"MathJax_Preview\" style=\"color: inherit;\"\u003e\u003cspan class=\"MJXp-math\" id=\"MJXp-Span-115\"\u003e\u003cspan class=\"MJXp-mi MJXp-italic\" id=\"MJXp-Span-116\"\u003eM\u003c/span\u003e\u003cspan class=\"MJXp-mo\" id=\"MJXp-Span-117\" style=\"margin-left: 0.333em; margin-right: 0.333em;\"\u003e=\u003c/span\u003e\u003cspan class=\"MJXp-mn\" id=\"MJXp-Span-118\"\u003e0\u003c/span\u003e\u003c/span\u003e\u003c/span\u003e\u003cspan class=\"MathJax MathJax_Processing\" id=\"MathJax-Element-29-Frame\" tabindex=\"0\"\u003e\u003c/span\u003e\u003cscript type=\"math/tex\" id=\"MathJax-Element-29\"\u003eM = 0\u003c/script\u003e 则此行应留空);\u003c/li\u003e\n\u003cli\u003e第4行到 \u003cspan class=\"MathJax_Preview\" style=\"color: inherit;\"\u003e\u003cspan class=\"MJXp-math\" id=\"MJXp-Span-119\"\u003e\u003cspan class=\"MJXp-mi MJXp-italic\" id=\"MJXp-Span-120\"\u003eQ\u003c/span\u003e\u003cspan class=\"MJXp-mo\" id=\"MJXp-Span-121\" style=\"margin-left: 0.267em; margin-right: 0.267em;\"\u003e+\u003c/span\u003e\u003cspan class=\"MJXp-mn\" id=\"MJXp-Span-122\"\u003e3\u003c/span\u003e\u003c/span\u003e\u003c/span\u003e\u003cspan class=\"MathJax MathJax_Processing\" id=\"MathJax-Element-30-Frame\" tabindex=\"0\"\u003e\u003c/span\u003e\u003cscript type=\"math/tex\" id=\"MathJax-Element-30\"\u003eQ+3\u003c/script\u003e 行:每行四个整数\u003cspan class=\"MathJax_Preview\" style=\"color: inherit;\"\u003e\u003cspan class=\"MJXp-math\" id=\"MJXp-Span-123\"\u003e\u003cspan class=\"MJXp-msubsup\" id=\"MJXp-Span-124\"\u003e\u003cspan class=\"MJXp-mi MJXp-italic\" id=\"MJXp-Span-125\" style=\"margin-right: 0.05em;\"\u003ea\u003c/span\u003e\u003cspan class=\"MJXp-mi MJXp-italic MJXp-script\" id=\"MJXp-Span-126\" style=\"vertical-align: -0.4em;\"\u003er\u003c/span\u003e\u003c/span\u003e\u003c/span\u003e\u003c/span\u003e\u003cspan class=\"MathJax MathJax_Processing\" id=\"MathJax-Element-31-Frame\" tabindex=\"0\"\u003e\u003c/span\u003e\u003cscript type=\"math/tex\" id=\"MathJax-Element-31\"\u003ea_r\u003c/script\u003e, \u003cspan class=\"MathJax_Preview\" style=\"color: inherit;\"\u003e\u003cspan class=\"MJXp-math\" id=\"MJXp-Span-127\"\u003e\u003cspan class=\"MJXp-msubsup\" id=\"MJXp-Span-128\"\u003e\u003cspan class=\"MJXp-mi MJXp-italic\" id=\"MJXp-Span-129\" style=\"margin-right: 0.05em;\"\u003ea\u003c/span\u003e\u003cspan class=\"MJXp-mi MJXp-italic MJXp-script\" id=\"MJXp-Span-130\" style=\"vertical-align: -0.4em;\"\u003ec\u003c/span\u003e\u003c/span\u003e\u003c/span\u003e\u003c/span\u003e\u003cspan class=\"MathJax MathJax_Processing\" id=\"MathJax-Element-32-Frame\" tabindex=\"0\"\u003e\u003c/span\u003e\u003cscript type=\"math/tex\" id=\"MathJax-Element-32\"\u003ea_c\u003c/script\u003e, \u003cspan class=\"MathJax_Preview\" style=\"color: inherit;\"\u003e\u003cspan class=\"MJXp-math\" id=\"MJXp-Span-131\"\u003e\u003cspan class=\"MJXp-msubsup\" id=\"MJXp-Span-132\"\u003e\u003cspan class=\"MJXp-mi MJXp-italic\" id=\"MJXp-Span-133\" style=\"margin-right: 0.05em;\"\u003eb\u003c/span\u003e\u003cspan class=\"MJXp-mi MJXp-italic MJXp-script\" id=\"MJXp-Span-134\" style=\"vertical-align: -0.4em;\"\u003er\u003c/span\u003e\u003c/span\u003e\u003c/span\u003e\u003c/span\u003e\u003cspan class=\"MathJax MathJax_Processing\" id=\"MathJax-Element-33-Frame\" tabindex=\"0\"\u003e\u003c/span\u003e\u003cscript type=\"math/tex\" id=\"MathJax-Element-33\"\u003eb_r\u003c/script\u003e 和 \u003cspan class=\"MathJax_Preview\" style=\"color: inherit;\"\u003e\u003cspan class=\"MJXp-math\" id=\"MJXp-Span-135\"\u003e\u003cspan class=\"MJXp-msubsup\" id=\"MJXp-Span-136\"\u003e\u003cspan class=\"MJXp-mi MJXp-italic\" id=\"MJXp-Span-137\" style=\"margin-right: 0.05em;\"\u003eb\u003c/span\u003e\u003cspan class=\"MJXp-mi MJXp-italic MJXp-script\" id=\"MJXp-Span-138\" style=\"vertical-align: -0.4em;\"\u003ec\u003c/span\u003e\u003c/span\u003e\u003c/span\u003e\u003c/span\u003e\u003cspan class=\"MathJax MathJax_Processing\" id=\"MathJax-Element-34-Frame\" tabindex=\"0\"\u003e\u003c/span\u003e\u003cscript type=\"math/tex\" id=\"MathJax-Element-34\"\u003eb_c\u003c/script\u003e。\u003c/li\u003e\n\u003c/ul\u003e",
      "misc": ""
    },
    {
      "title": "样例和解释",
      "content": "\u003cdiv class=\"table-responsive\"\u003e\n\u003ctable class=\"table table-bordered table-text-center table-vertical-middle\"\u003e\u003cthead\u003e\u003ctr\u003e\u003cth\u003e函数调用\u003c/th\u003e\n\u003cth\u003e返回值\u003c/th\u003e\n\u003cth\u003e解释\u003c/th\u003e\n\u003c/tr\u003e\u003c/thead\u003e\u003ctbody\u003e\u003ctr\u003e\u003ctd\u003einit(6, 4, 3, 3, 9, \"NWESSWEWS\")\u003c/td\u003e\u003ctd\u003e\u003c/td\u003e\u003ctd\u003e提供了网格的大小，彩虹蛇的起点和它的移动路径。\u003c/td\u003e\n\u003c/tr\u003e\u003ctr\u003e\u003ctd\u003ecolours(2, 3, 2, 3)\u003c/td\u003e\u003ctd\u003e0\u003c/td\u003e\u003ctd\u003e只有 \u003cspan class=\"MathJax_Preview\" style=\"color: inherit;\"\u003e\u003cspan class=\"MJXp-math\" id=\"MJXp-Span-139\"\u003e\u003cspan class=\"MJXp-mo\" id=\"MJXp-Span-140\" style=\"margin-left: 0em; margin-right: 0em;\"\u003e(\u003c/span\u003e\u003cspan class=\"MJXp-mn\" id=\"MJXp-Span-141\"\u003e2\u003c/span\u003e\u003cspan class=\"MJXp-mo\" id=\"MJXp-Span-142\" style=\"margin-left: 0em; margin-right: 0.222em;\"\u003e,\u003c/span\u003e\u003cspan class=\"MJXp-mn\" id=\"MJXp-Span-143\"\u003e3\u003c/span\u003e\u003cspan class=\"MJXp-mo\" id=\"MJXp-Span-144\" style=\"margin-left: 0em; margin-right: 0em;\"\u003e)\u003c/span\u003e\u003c/span\u003e\u003c/span\u003e\u003cspan class=\"MathJax MathJax_Processing\" id=\"MathJax-Element-35-Frame\" tabindex=\"0\"\u003e\u003c/span\u003e\u003cscript type=\"math/tex\" id=\"MathJax-Element-35\"\u003e(2, 3)\u003c/script\u003e 被矩形包含,但 \u003cspan class=\"MathJax_Preview\" style=\"color: inherit;\"\u003e\u003cspan class=\"MJXp-math\" id=\"MJXp-Span-145\"\u003e\u003cspan class=\"MJXp-mo\" id=\"MJXp-Span-146\" style=\"margin-left: 0em; margin-right: 0em;\"\u003e(\u003c/span\u003e\u003cspan class=\"MJXp-mn\" id=\"MJXp-Span-147\"\u003e2\u003c/span\u003e\u003cspan class=\"MJXp-mo\" id=\"MJXp-Span-148\" style=\"margin-left: 0em; margin-right: 0.222em;\"\u003e,\u003c/span\u003e\u003cspan class=\"MJXp-mn\" id=\"MJXp-Span-149\"\u003e3\u003c/span\u003e\u003cspan class=\"MJXp-mo\" id=\"MJXp-Span-150\" style=\"margin-left: 0em; margin-right: 0em;\"\u003e)\u003c/span\u003e\u003c/span\u003e\u003c/span\u003e\u003cspan class=\"MathJax MathJax_Processing\" id=\"MathJax-Element-36-Frame\" tabindex=\"0\"\u003e\u003c/span\u003e\u003cscript type=\"math/tex\" id=\"MathJax-Element-36\"\u003e(2, 3)\u003c/script\u003e 是河，所以没有格子需要染色，颜色数为 \u003cspan class=\"MathJax_Preview\" style=\"color: inherit;\"\u003e\u003cspan class=\"MJXp-math\" id=\"MJXp-Span-151\"\u003e\u003cspan class=\"MJXp-mn\" id=\"MJXp-Span-152\"\u003e0\u003c/span\u003e\u003c/span\u003e\u003c/span\u003e\u003cspan class=\"MathJax MathJax_Processing\" id=\"MathJax-Element-37-Frame\" tabindex=\"0\"\u003e\u003c/span\u003e\u003cscript type=\"math/tex\" id=\"MathJax-Element-37\"\u003e0\u003c/script\u003e 。\u003c/td\u003e\n\u003c/tr\u003e\u003ctr\u003e\u003ctd\u003ecolours(3, 2, 4, 4)\u003c/td\u003e\u003ctd\u003e2\u003c/td\u003e\u003ctd\u003e河将矩形区域分成了两部分:一部分包含 \u003cspan class=\"MathJax_Preview\" style=\"color: inherit;\"\u003e\u003cspan class=\"MJXp-math\" id=\"MJXp-Span-153\"\u003e\u003cspan class=\"MJXp-mo\" id=\"MJXp-Span-154\" style=\"margin-left: 0em; margin-right: 0em;\"\u003e(\u003c/span\u003e\u003cspan class=\"MJXp-mn\" id=\"MJXp-Span-155\"\u003e3\u003c/span\u003e\u003cspan class=\"MJXp-mo\" id=\"MJXp-Span-156\" style=\"margin-left: 0em; margin-right: 0.222em;\"\u003e,\u003c/span\u003e\u003cspan class=\"MJXp-mn\" id=\"MJXp-Span-157\"\u003e2\u003c/span\u003e\u003cspan class=\"MJXp-mo\" id=\"MJXp-Span-158\" style=\"margin-left: 0em; margin-right: 0em;\"\u003e)\u003c/span\u003e\u003c/span\u003e\u003c/span\u003e\u003cspan class=\"MathJax MathJax_Processing\" id=\"MathJax-Element-38-Frame\" tabindex=\"0\"\u003e\u003c/span\u003e\u003cscript type=\"math/tex\" id=\"MathJax-Element-38\"\u003e(3, 2)\u003c/script\u003e，另一部分包含 \u003cspan class=\"MathJax_Preview\" style=\"color: inherit;\"\u003e\u003cspan class=\"MJXp-math\" id=\"MJXp-Span-159\"\u003e\u003cspan class=\"MJXp-mo\" id=\"MJXp-Span-160\" style=\"margin-left: 0em; margin-right: 0em;\"\u003e(\u003c/span\u003e\u003cspan class=\"MJXp-mn\" id=\"MJXp-Span-161\"\u003e3\u003c/span\u003e\u003cspan class=\"MJXp-mo\" id=\"MJXp-Span-162\" style=\"margin-left: 0em; margin-right: 0.222em;\"\u003e,\u003c/span\u003e\u003cspan class=\"MJXp-mn\" id=\"MJXp-Span-163\"\u003e4\u003c/span\u003e\u003cspan class=\"MJXp-mo\" id=\"MJXp-Span-164\" style=\"margin-left: 0em; margin-right: 0em;\"\u003e)\u003c/span\u003e\u003c/span\u003e\u003c/span\u003e\u003cspan class=\"MathJax MathJax_Processing\" id=\"MathJax-Element-39-Frame\" tabindex=\"0\"\u003e\u003c/span\u003e\u003cscript type=\"math/tex\" id=\"MathJax-Element-39\"\u003e(3,4)\u003c/script\u003e 和 \u003cspan class=\"MathJax_Preview\" style=\"color: inherit;\"\u003e\u003cspan class=\"MJXp-math\" id=\"MJXp-Span-165\"\u003e\u003cspan class=\"MJXp-mo\" id=\"MJXp-Span-166\" style=\"margin-left: 0em; margin-right: 0em;\"\u003e(\u003c/span\u003e\u003cspan class=\"MJXp-mn\" id=\"MJXp-Span-167\"\u003e4\u003c/span\u003e\u003cspan class=\"MJXp-mo\" id=\"MJXp-Span-168\" style=\"margin-left: 0em; margin-right: 0.222em;\"\u003e,\u003c/span\u003e\u003cspan class=\"MJXp-mn\" id=\"MJXp-Span-169\"\u003e4\u003c/span\u003e\u003cspan class=\"MJXp-mo\" id=\"MJXp-Span-170\" style=\"margin-left: 0em; margin-right: 0em;\"\u003e)\u003c/span\u003e\u003c/span\u003e\u003c/span\u003e\u003cspan class=\"MathJax MathJax_Processing\" id=\"MathJax-Element-40-Frame\" tabindex=\"0\"\u003e\u003c/span\u003e\u003cscript type=\"math/tex\" id=\"MathJax-Element-40\"\u003e(4,4)\u003c/script\u003e ;因此最多染 \u003cspan class=\"MathJax_Preview\" style=\"color: inherit;\"\u003e\u003cspan class=\"MJXp-math\" id=\"MJXp-Span-171\"\u003e\u003cspan class=\"MJXp-mn\" id=\"MJXp-Span-172\"\u003e2\u003c/span\u003e\u003c/span\u003e\u003c/span\u003e\u003cspan class=\"MathJax MathJax_Processing\" id=\"MathJax-Element-41-Frame\" tabindex=\"0\"\u003e\u003c/span\u003e\u003cscript type=\"math/tex\" id=\"MathJax-Element-41\"\u003e2\u003c/script\u003e 种不同的颜色。\u003c/td\u003e\n\u003c/tr\u003e\u003ctr\u003e\u003ctd\u003ecolours(5, 3, 6, 4)\u003c/td\u003e\u003ctd\u003e1\u003c/td\u003e\u003ctd\u003e矩形区域内不包含河，所有格点都是联通的，所以你最多染 \u003cspan class=\"MathJax_Preview\" style=\"color: inherit;\"\u003e\u003cspan class=\"MJXp-math\" id=\"MJXp-Span-173\"\u003e\u003cspan class=\"MJXp-mn\" id=\"MJXp-Span-174\"\u003e1\u003c/span\u003e\u003c/span\u003e\u003c/span\u003e\u003cspan class=\"MathJax MathJax_Processing\" id=\"MathJax-Element-42-Frame\" tabindex=\"0\"\u003e\u003c/span\u003e\u003cscript type=\"math/tex\" id=\"MathJax-Element-42\"\u003e1\u003c/script\u003e 种 颜色。\u003c/td\u003e\n\u003c/tr\u003e\u003ctr\u003e\u003ctd\u003ecolours(1, 2, 5, 3)\u003c/td\u003e\u003ctd\u003e3\u003c/td\u003e\u003ctd\u003e河将矩形区域分成了三部分:第一部分包含 \u003cspan class=\"MathJax_Preview\" style=\"color: inherit;\"\u003e\u003cspan class=\"MJXp-math\" id=\"MJXp-Span-175\"\u003e\u003cspan class=\"MJXp-mo\" id=\"MJXp-Span-176\" style=\"margin-left: 0em; margin-right: 0em;\"\u003e(\u003c/span\u003e\u003cspan class=\"MJXp-mn\" id=\"MJXp-Span-177\"\u003e1\u003c/span\u003e\u003cspan class=\"MJXp-mo\" id=\"MJXp-Span-178\" style=\"margin-left: 0em; margin-right: 0.222em;\"\u003e,\u003c/span\u003e\u003cspan class=\"MJXp-mn\" id=\"MJXp-Span-179\"\u003e2\u003c/span\u003e\u003cspan class=\"MJXp-mo\" id=\"MJXp-Span-180\" style=\"margin-left: 0em; margin-right: 0em;\"\u003e)\u003c/span\u003e\u003c/span\u003e\u003c/span\u003e\u003cspan class=\"MathJax MathJax_Processing\" id=\"MathJax-Element-43-Frame\" tabindex=\"0\"\u003e\u003c/span\u003e\u003cscript type=\"math/tex\" id=\"MathJax-Element-43\"\u003e(1, 2)\u003c/script\u003e 和 \u003cspan class=\"MathJax_Preview\" style=\"color: inherit;\"\u003e\u003cspan class=\"MJXp-math\" id=\"MJXp-Span-181\"\u003e\u003cspan class=\"MJXp-mo\" id=\"MJXp-Span-182\" style=\"margin-left: 0em; margin-right: 0em;\"\u003e(\u003c/span\u003e\u003cspan class=\"MJXp-mn\" id=\"MJXp-Span-183\"\u003e1\u003c/span\u003e\u003cspan class=\"MJXp-mo\" id=\"MJXp-Span-184\" style=\"margin-left: 0em; margin-right: 0.222em;\"\u003e,\u003c/span\u003e\u003cspan class=\"MJXp-mn\" id=\"MJXp-Span-185\"\u003e3\u003c/span\u003e\u003cspan class=\"MJXp-mo\" id=\"MJXp-Span-186\" style=\"margin-left: 0em; margin-right: 0em;\"\u003e)\u003c/span\u003e\u003c/span\u003e\u003c/span\u003e\u003cspan class=\"MathJax MathJax_Processing\" id=\"MathJax-Element-44-Frame\" tabindex=\"0\"\u003e\u003c/span\u003e\u003cscript type=\"math/tex\" id=\"MathJax-Element-44\"\u003e(1, 3)\u003c/script\u003e ，第二 部分包含 \u003cspan class=\"MathJax_Preview\" style=\"color: inherit;\"\u003e\u003cspan class=\"MJXp-math\" id=\"MJXp-Span-187\"\u003e\u003cspan class=\"MJXp-mo\" id=\"MJXp-Span-188\" style=\"margin-left: 0em; margin-right: 0em;\"\u003e(\u003c/span\u003e\u003cspan class=\"MJXp-mn\" id=\"MJXp-Span-189\"\u003e3\u003c/span\u003e\u003cspan class=\"MJXp-mo\" id=\"MJXp-Span-190\" style=\"margin-left: 0em; margin-right: 0.222em;\"\u003e,\u003c/span\u003e\u003cspan class=\"MJXp-mn\" id=\"MJXp-Span-191\"\u003e2\u003c/span\u003e\u003cspan class=\"MJXp-mo\" id=\"MJXp-Span-192\" style=\"margin-left: 0em; margin-right: 0em;\"\u003e)\u003c/span\u003e\u003c/span\u003e\u003c/span\u003e\u003cspan class=\"MathJax MathJax_Processing\" id=\"MathJax-Element-45-Frame\" tabindex=\"0\"\u003e\u003c/span\u003e\u003cscript type=\"math/tex\" id=\"MathJax-Element-45\"\u003e(3, 2)\u003c/script\u003e，第三部分包含 \u003cspan class=\"MathJax_Preview\" style=\"color: inherit;\"\u003e\u003cspan class=\"MJXp-math\" id=\"MJXp-Span-193\"\u003e\u003cspan class=\"MJXp-mo\" id=\"MJXp-Span-194\" style=\"margin-left: 0em; margin-right: 0em;\"\u003e(\u003c/span\u003e\u003cspan class=\"MJXp-mn\" id=\"MJXp-Span-195\"\u003e5\u003c/span\u003e\u003cspan class=\"MJXp-mo\" id=\"MJXp-Span-196\" style=\"margin-left: 0em; margin-right: 0.222em;\"\u003e,\u003c/span\u003e\u003cspan class=\"MJXp-mn\" id=\"MJXp-Span-197\"\u003e3\u003c/span\u003e\u003cspan class=\"MJXp-mo\" id=\"MJXp-Span-198\" style=\"margin-left: 0em; margin-right: 0em;\"\u003e)\u003c/span\u003e\u003c/span\u003e\u003c/span\u003e\u003cspan class=\"MathJax MathJax_Processing\" id=\"MathJax-Element-46-Frame\" tabindex=\"0\"\u003e\u003c/span\u003e\u003cscript type=\"math/tex\" id=\"MathJax-Element-46\"\u003e(5, 3)\u003c/script\u003e，因此最多可以染\u003cspan class=\"MathJax_Preview\" style=\"color: inherit;\"\u003e\u003cspan class=\"MJXp-math\" id=\"MJXp-Span-199\"\u003e\u003cspan class=\"MJXp-mn\" id=\"MJXp-Span-200\"\u003e3\u003c/span\u003e\u003c/span\u003e\u003c/span\u003e\u003cspan class=\"MathJax MathJax_Processing\" id=\"MathJax-Element-47-Frame\" tabindex=\"0\"\u003e\u003c/span\u003e\u003cscript type=\"math/tex\" id=\"MathJax-Element-47\"\u003e3\u003c/script\u003e种不同的颜色。\u003c/td\u003e\n\u003c/tr\u003e\u003c/tbody\u003e\u003c/table\u003e\u003c/div\u003e\u003cp\u003e\u003cimg class=\"img-responsive center-block\" src=\"//img.uoj.ac/problem/303/coturh.png\" alt=\"例子\"\u003e\u003c/p\u003e\u003cp\u003e注:上图中的蓝色格子表示河流\u003c/p\u003e",
      "misc": ""
    },
    {
      "title": "样例输入",
      "content": "\u003cpre\u003e6 4 9 4 \n3 3 \nNWESSWEWS \n2 3 2 3 \n3 2 4 4 \n5 3 6 4 \n1 2 5 3\n\u003c/pre\u003e",
      "misc": ""
    },
    {
      "title": "样例输出",
      "content": "\u003cpre\u003e0\n2\n1\n3\n\u003c/pre\u003e",
      "misc": ""
    },
    {
      "title": "子任务",
      "content": "\u003cp\u003e对于全部任务, \u003cspan class=\"MathJax_Preview\" style=\"color: inherit;\"\u003e\u003cspan class=\"MJXp-math\" id=\"MJXp-Span-201\"\u003e\u003cspan class=\"MJXp-mn\" id=\"MJXp-Span-202\"\u003e0\u003c/span\u003e\u003cspan class=\"MJXp-mo\" id=\"MJXp-Span-203\" style=\"margin-left: 0.333em; margin-right: 0.333em;\"\u003e≤\u003c/span\u003e\u003cspan class=\"MJXp-mi MJXp-italic\" id=\"MJXp-Span-204\"\u003eM\u003c/span\u003e\u003cspan class=\"MJXp-mo\" id=\"MJXp-Span-205\" style=\"margin-left: 0.333em; margin-right: 0.333em;\"\u003e≤\u003c/span\u003e\u003cspan class=\"MJXp-mn\" id=\"MJXp-Span-206\"\u003e100000\u003c/span\u003e\u003c/span\u003e\u003c/span\u003e\u003cspan class=\"MathJax MathJax_Processing\" id=\"MathJax-Element-48-Frame\" tabindex=\"0\"\u003e\u003c/span\u003e\u003cscript type=\"math/tex\" id=\"MathJax-Element-48\"\u003e0 \\leq M \\leq 100000\u003c/script\u003e, \u003cspan class=\"MathJax_Preview\" style=\"color: inherit;\"\u003e\u003cspan class=\"MJXp-math\" id=\"MJXp-Span-207\"\u003e\u003cspan class=\"MJXp-mi MJXp-italic\" id=\"MJXp-Span-208\"\u003eR\u003c/span\u003e\u003cspan class=\"MJXp-mo\" id=\"MJXp-Span-209\" style=\"margin-left: 0em; margin-right: 0.222em;\"\u003e,\u003c/span\u003e\u003cspan class=\"MJXp-mi MJXp-italic\" id=\"MJXp-Span-210\"\u003eC\u003c/span\u003e\u003cspan class=\"MJXp-mo\" id=\"MJXp-Span-211\" style=\"margin-left: 0em; margin-right: 0.222em;\"\u003e,\u003c/span\u003e\u003cspan class=\"MJXp-mi MJXp-italic\" id=\"MJXp-Span-212\"\u003eQ\u003c/span\u003e\u003cspan class=\"MJXp-mo\" id=\"MJXp-Span-213\" style=\"margin-left: 0.333em; margin-right: 0.333em;\"\u003e≥\u003c/span\u003e\u003cspan class=\"MJXp-mn\" id=\"MJXp-Span-214\"\u003e1\u003c/span\u003e\u003c/span\u003e\u003c/span\u003e\u003cspan class=\"MathJax MathJax_Processing\" id=\"MathJax-Element-49-Frame\" tabindex=\"0\"\u003e\u003c/span\u003e\u003cscript type=\"math/tex\" id=\"MathJax-Element-49\"\u003eR, C, Q \\geq 1\u003c/script\u003e。\u003c/p\u003e\u003ctable class=\"table table-bordered table-text-center table-vertical-middle\"\u003e\u003cthead\u003e\u003ctr\u003e\u003cth\u003e子任务\u003c/th\u003e\u003cth\u003e分数\u003c/th\u003e\u003cth\u003eR\u003c/th\u003e\u003cth\u003eC\u003c/th\u003e\u003cth\u003eQ\u003c/th\u003e\u003c/tr\u003e\u003c/thead\u003e\u003ctbody\u003e\u003ctr\u003e\u003ctd\u003e1\u003c/td\u003e\u003ctd\u003e11\u003c/td\u003e\u003ctd\u003e \u003cspan class=\"MathJax_Preview\" style=\"color: inherit;\"\u003e\u003cspan class=\"MJXp-math\" id=\"MJXp-Span-215\"\u003e\u003cspan class=\"MJXp-mi MJXp-italic\" id=\"MJXp-Span-216\"\u003eR\u003c/span\u003e\u003cspan class=\"MJXp-mo\" id=\"MJXp-Span-217\" style=\"margin-left: 0.333em; margin-right: 0.333em;\"\u003e≤\u003c/span\u003e\u003cspan class=\"MJXp-mn\" id=\"MJXp-Span-218\"\u003e50\u003c/span\u003e\u003c/span\u003e\u003c/span\u003e\u003cspan class=\"MathJax MathJax_Processing\" id=\"MathJax-Element-50-Frame\" tabindex=\"0\"\u003e\u003c/span\u003e\u003cscript type=\"math/tex\" id=\"MathJax-Element-50\"\u003eR \\leq 50\u003c/script\u003e \u003c/td\u003e\u003ctd\u003e \u003cspan class=\"MathJax_Preview\" style=\"color: inherit;\"\u003e\u003cspan class=\"MJXp-math\" id=\"MJXp-Span-219\"\u003e\u003cspan class=\"MJXp-mi MJXp-italic\" id=\"MJXp-Span-220\"\u003eC\u003c/span\u003e\u003cspan class=\"MJXp-mo\" id=\"MJXp-Span-221\" style=\"margin-left: 0.333em; margin-right: 0.333em;\"\u003e≤\u003c/span\u003e\u003cspan class=\"MJXp-mn\" id=\"MJXp-Span-222\"\u003e50\u003c/span\u003e\u003c/span\u003e\u003c/span\u003e\u003cspan class=\"MathJax MathJax_Processing\" id=\"MathJax-Element-51-Frame\" tabindex=\"0\"\u003e\u003c/span\u003e\u003cscript type=\"math/tex\" id=\"MathJax-Element-51\"\u003eC \\leq 50\u003c/script\u003e \u003c/td\u003e\u003ctd\u003e \u003cspan class=\"MathJax_Preview\" style=\"color: inherit;\"\u003e\u003cspan class=\"MJXp-math\" id=\"MJXp-Span-223\"\u003e\u003cspan class=\"MJXp-mi MJXp-italic\" id=\"MJXp-Span-224\"\u003eQ\u003c/span\u003e\u003cspan class=\"MJXp-mo\" id=\"MJXp-Span-225\" style=\"margin-left: 0.333em; margin-right: 0.333em;\"\u003e≤\u003c/span\u003e\u003cspan class=\"MJXp-mn\" id=\"MJXp-Span-226\"\u003e1000\u003c/span\u003e\u003c/span\u003e\u003c/span\u003e\u003cspan class=\"MathJax MathJax_Processing\" id=\"MathJax-Element-52-Frame\" tabindex=\"0\"\u003e\u003c/span\u003e\u003cscript type=\"math/tex\" id=\"MathJax-Element-52\"\u003eQ \\leq 1000\u003c/script\u003e \u003c/td\u003e\u003c/tr\u003e\u003ctr\u003e\u003ctd\u003e2\u003c/td\u003e\u003ctd\u003e12\u003c/td\u003e\u003ctd\u003e \u003cspan class=\"MathJax_Preview\" style=\"color: inherit;\"\u003e\u003cspan class=\"MJXp-math\" id=\"MJXp-Span-227\"\u003e\u003cspan class=\"MJXp-mi MJXp-italic\" id=\"MJXp-Span-228\"\u003eR\u003c/span\u003e\u003cspan class=\"MJXp-mo\" id=\"MJXp-Span-229\" style=\"margin-left: 0.333em; margin-right: 0.333em;\"\u003e=\u003c/span\u003e\u003cspan class=\"MJXp-mn\" id=\"MJXp-Span-230\"\u003e2\u003c/span\u003e\u003c/span\u003e\u003c/span\u003e\u003cspan class=\"MathJax MathJax_Processing\" id=\"MathJax-Element-53-Frame\" tabindex=\"0\"\u003e\u003c/span\u003e\u003cscript type=\"math/tex\" id=\"MathJax-Element-53\"\u003eR = 2\u003c/script\u003e \u003c/td\u003e\u003ctd\u003e \u003cspan class=\"MathJax_Preview\" style=\"color: inherit;\"\u003e\u003cspan class=\"MJXp-math\" id=\"MJXp-Span-231\"\u003e\u003cspan class=\"MJXp-mi MJXp-italic\" id=\"MJXp-Span-232\"\u003eC\u003c/span\u003e\u003cspan class=\"MJXp-mo\" id=\"MJXp-Span-233\" style=\"margin-left: 0.333em; margin-right: 0.333em;\"\u003e≤\u003c/span\u003e\u003cspan class=\"MJXp-mn\" id=\"MJXp-Span-234\"\u003e200000\u003c/span\u003e\u003c/span\u003e\u003c/span\u003e\u003cspan class=\"MathJax MathJax_Processing\" id=\"MathJax-Element-54-Frame\" tabindex=\"0\"\u003e\u003c/span\u003e\u003cscript type=\"math/tex\" id=\"MathJax-Element-54\"\u003eC \\leq 200000\u003c/script\u003e \u003c/td\u003e\u003ctd\u003e \u003cspan class=\"MathJax_Preview\" style=\"color: inherit;\"\u003e\u003cspan class=\"MJXp-math\" id=\"MJXp-Span-235\"\u003e\u003cspan class=\"MJXp-mi MJXp-italic\" id=\"MJXp-Span-236\"\u003eQ\u003c/span\u003e\u003cspan class=\"MJXp-mo\" id=\"MJXp-Span-237\" style=\"margin-left: 0.333em; margin-right: 0.333em;\"\u003e≤\u003c/span\u003e\u003cspan class=\"MJXp-mn\" id=\"MJXp-Span-238\"\u003e100000\u003c/span\u003e\u003c/span\u003e\u003c/span\u003e\u003cspan class=\"MathJax MathJax_Processing\" id=\"MathJax-Element-55-Frame\" tabindex=\"0\"\u003e\u003c/span\u003e\u003cscript type=\"math/tex\" id=\"MathJax-Element-55\"\u003eQ \\leq 100000\u003c/script\u003e \u003c/td\u003e\u003c/tr\u003e\u003ctr\u003e\u003ctd\u003e3\u003c/td\u003e\u003ctd\u003e24\u003c/td\u003e\u003ctd\u003e \u003cspan class=\"MathJax_Preview\" style=\"color: inherit;\"\u003e\u003cspan class=\"MJXp-math\" id=\"MJXp-Span-239\"\u003e\u003cspan class=\"MJXp-mi MJXp-italic\" id=\"MJXp-Span-240\"\u003eR\u003c/span\u003e\u003cspan class=\"MJXp-mo\" id=\"MJXp-Span-241\" style=\"margin-left: 0.333em; margin-right: 0.333em;\"\u003e=\u003c/span\u003e\u003cspan class=\"MJXp-mn\" id=\"MJXp-Span-242\"\u003e200000\u003c/span\u003e\u003c/span\u003e\u003c/span\u003e\u003cspan class=\"MathJax MathJax_Processing\" id=\"MathJax-Element-56-Frame\" tabindex=\"0\"\u003e\u003c/span\u003e\u003cscript type=\"math/tex\" id=\"MathJax-Element-56\"\u003eR = 200000\u003c/script\u003e \u003c/td\u003e\u003ctd\u003e \u003cspan class=\"MathJax_Preview\" style=\"color: inherit;\"\u003e\u003cspan class=\"MJXp-math\" id=\"MJXp-Span-243\"\u003e\u003cspan class=\"MJXp-mi MJXp-italic\" id=\"MJXp-Span-244\"\u003eC\u003c/span\u003e\u003cspan class=\"MJXp-mo\" id=\"MJXp-Span-245\" style=\"margin-left: 0.333em; margin-right: 0.333em;\"\u003e≤\u003c/span\u003e\u003cspan class=\"MJXp-mn\" id=\"MJXp-Span-246\"\u003e200000\u003c/span\u003e\u003c/span\u003e\u003c/span\u003e\u003cspan class=\"MathJax MathJax_Processing\" id=\"MathJax-Element-57-Frame\" tabindex=\"0\"\u003e\u003c/span\u003e\u003cscript type=\"math/tex\" id=\"MathJax-Element-57\"\u003eC \\leq 200000\u003c/script\u003e \u003c/td\u003e\u003ctd\u003e \u003cspan class=\"MathJax_Preview\" style=\"color: inherit;\"\u003e\u003cspan class=\"MJXp-math\" id=\"MJXp-Span-247\"\u003e\u003cspan class=\"MJXp-mi MJXp-italic\" id=\"MJXp-Span-248\"\u003eQ\u003c/span\u003e\u003cspan class=\"MJXp-mo\" id=\"MJXp-Span-249\" style=\"margin-left: 0.333em; margin-right: 0.333em;\"\u003e=\u003c/span\u003e\u003cspan class=\"MJXp-mn\" id=\"MJXp-Span-250\"\u003e1\u003c/span\u003e\u003c/span\u003e\u003c/span\u003e\u003cspan class=\"MathJax MathJax_Processing\" id=\"MathJax-Element-58-Frame\" tabindex=\"0\"\u003e\u003c/span\u003e\u003cscript type=\"math/tex\" id=\"MathJax-Element-58\"\u003eQ = 1\u003c/script\u003e \u003c/td\u003e\u003c/tr\u003e\u003ctr\u003e\u003ctd\u003e4\u003c/td\u003e\u003ctd\u003e27\u003c/td\u003e\u003ctd\u003e \u003cspan class=\"MathJax_Preview\" style=\"color: inherit;\"\u003e\u003cspan class=\"MJXp-math\" id=\"MJXp-Span-251\"\u003e\u003cspan class=\"MJXp-mi MJXp-italic\" id=\"MJXp-Span-252\"\u003eR\u003c/span\u003e\u003cspan class=\"MJXp-mo\" id=\"MJXp-Span-253\" style=\"margin-left: 0.333em; margin-right: 0.333em;\"\u003e=\u003c/span\u003e\u003cspan class=\"MJXp-mn\" id=\"MJXp-Span-254\"\u003e1000\u003c/span\u003e\u003c/span\u003e\u003c/span\u003e\u003cspan class=\"MathJax MathJax_Processing\" id=\"MathJax-Element-59-Frame\" tabindex=\"0\"\u003e\u003c/span\u003e\u003cscript type=\"math/tex\" id=\"MathJax-Element-59\"\u003eR = 1000\u003c/script\u003e \u003c/td\u003e\u003ctd\u003e \u003cspan class=\"MathJax_Preview\" style=\"color: inherit;\"\u003e\u003cspan class=\"MJXp-math\" id=\"MJXp-Span-255\"\u003e\u003cspan class=\"MJXp-mi MJXp-italic\" id=\"MJXp-Span-256\"\u003eC\u003c/span\u003e\u003cspan class=\"MJXp-mo\" id=\"MJXp-Span-257\" style=\"margin-left: 0.333em; margin-right: 0.333em;\"\u003e≤\u003c/span\u003e\u003cspan class=\"MJXp-mn\" id=\"MJXp-Span-258\"\u003e1000\u003c/span\u003e\u003c/span\u003e\u003c/span\u003e\u003cspan class=\"MathJax MathJax_Processing\" id=\"MathJax-Element-60-Frame\" tabindex=\"0\"\u003e\u003c/span\u003e\u003cscript type=\"math/tex\" id=\"MathJax-Element-60\"\u003eC \\leq 1000\u003c/script\u003e \u003c/td\u003e\u003ctd\u003e \u003cspan class=\"MathJax_Preview\" style=\"color: inherit;\"\u003e\u003cspan class=\"MJXp-math\" id=\"MJXp-Span-259\"\u003e\u003cspan class=\"MJXp-mi MJXp-italic\" id=\"MJXp-Span-260\"\u003eQ\u003c/span\u003e\u003cspan class=\"MJXp-mo\" id=\"MJXp-Span-261\" style=\"margin-left: 0.333em; margin-right: 0.333em;\"\u003e=\u003c/span\u003e\u003cspan class=\"MJXp-mn\" id=\"MJXp-Span-262\"\u003e100000\u003c/span\u003e\u003c/span\u003e\u003c/span\u003e\u003cspan class=\"MathJax MathJax_Processing\" id=\"MathJax-Element-61-Frame\" tabindex=\"0\"\u003e\u003c/span\u003e\u003cscript type=\"math/tex\" id=\"MathJax-Element-61\"\u003eQ = 100000\u003c/script\u003e \u003c/td\u003e\u003c/tr\u003e\u003ctr\u003e\u003ctd\u003e5\u003c/td\u003e\u003ctd\u003e26\u003c/td\u003e\u003ctd\u003e \u003cspan class=\"MathJax_Preview\" style=\"color: inherit;\"\u003e\u003cspan class=\"MJXp-math\" id=\"MJXp-Span-263\"\u003e\u003cspan class=\"MJXp-mi MJXp-italic\" id=\"MJXp-Span-264\"\u003eR\u003c/span\u003e\u003cspan class=\"MJXp-mo\" id=\"MJXp-Span-265\" style=\"margin-left: 0.333em; margin-right: 0.333em;\"\u003e=\u003c/span\u003e\u003cspan class=\"MJXp-mn\" id=\"MJXp-Span-266\"\u003e200000\u003c/span\u003e\u003c/span\u003e\u003c/span\u003e\u003cspan class=\"MathJax MathJax_Processing\" id=\"MathJax-Element-62-Frame\" tabindex=\"0\"\u003e\u003c/span\u003e\u003cscript type=\"math/tex\" id=\"MathJax-Element-62\"\u003eR = 200000\u003c/script\u003e \u003c/td\u003e\u003ctd\u003e \u003cspan class=\"MathJax_Preview\" style=\"color: inherit;\"\u003e\u003cspan class=\"MJXp-math\" id=\"MJXp-Span-267\"\u003e\u003cspan class=\"MJXp-mi MJXp-italic\" id=\"MJXp-Span-268\"\u003eC\u003c/span\u003e\u003cspan class=\"MJXp-mo\" id=\"MJXp-Span-269\" style=\"margin-left: 0.333em; margin-right: 0.333em;\"\u003e≤\u003c/span\u003e\u003cspan class=\"MJXp-mn\" id=\"MJXp-Span-270\"\u003e200000\u003c/span\u003e\u003c/span\u003e\u003c/span\u003e\u003cspan class=\"MathJax MathJax_Processing\" id=\"MathJax-Element-63-Frame\" tabindex=\"0\"\u003e\u003c/span\u003e\u003cscript type=\"math/tex\" id=\"MathJax-Element-63\"\u003eC \\leq 200000\u003c/script\u003e \u003c/td\u003e\u003ctd\u003e \u003cspan class=\"MathJax_Preview\" style=\"color: inherit;\"\u003e\u003cspan class=\"MJXp-math\" id=\"MJXp-Span-271\"\u003e\u003cspan class=\"MJXp-mi MJXp-italic\" id=\"MJXp-Span-272\"\u003eQ\u003c/span\u003e\u003cspan class=\"MJXp-mo\" id=\"MJXp-Span-273\" style=\"margin-left: 0.333em; margin-right: 0.333em;\"\u003e=\u003c/span\u003e\u003cspan class=\"MJXp-mn\" id=\"MJXp-Span-274\"\u003e100000\u003c/span\u003e\u003c/span\u003e\u003c/span\u003e\u003cspan class=\"MathJax MathJax_Processing\" id=\"MathJax-Element-64-Frame\" tabindex=\"0\"\u003e\u003c/span\u003e\u003cscript type=\"math/tex\" id=\"MathJax-Element-64\"\u003eQ = 100000\u003c/script\u003e \u003c/td\u003e\u003c/tr\u003e\u003c/tbody\u003e\u003c/table\u003e\u003cp\u003e在本题的 hack 中，你可以提交与样例交互库相同格式的输入，该输入需要满足 \u003cspan class=\"MathJax_Preview\" style=\"color: inherit;\"\u003e\u003cspan class=\"MJXp-math\" id=\"MJXp-Span-275\"\u003e\u003cspan class=\"MJXp-mn\" id=\"MJXp-Span-276\"\u003e1\u003c/span\u003e\u003cspan class=\"MJXp-mo\" id=\"MJXp-Span-277\" style=\"margin-left: 0.333em; margin-right: 0.333em;\"\u003e≤\u003c/span\u003e\u003cspan class=\"MJXp-mi MJXp-italic\" id=\"MJXp-Span-278\"\u003eR\u003c/span\u003e\u003cspan class=\"MJXp-mo\" id=\"MJXp-Span-279\" style=\"margin-left: 0em; margin-right: 0.222em;\"\u003e,\u003c/span\u003e\u003cspan class=\"MJXp-mi MJXp-italic\" id=\"MJXp-Span-280\"\u003eC\u003c/span\u003e\u003cspan class=\"MJXp-mo\" id=\"MJXp-Span-281\" style=\"margin-left: 0.333em; margin-right: 0.333em;\"\u003e≤\u003c/span\u003e\u003cspan class=\"MJXp-mn\" id=\"MJXp-Span-282\"\u003e200000\u003c/span\u003e\u003cspan class=\"MJXp-mo\" id=\"MJXp-Span-283\" style=\"margin-left: 0em; margin-right: 0.222em;\"\u003e,\u003c/span\u003e\u003cspan class=\"MJXp-mn\" id=\"MJXp-Span-284\"\u003e1\u003c/span\u003e\u003cspan class=\"MJXp-mo\" id=\"MJXp-Span-285\" style=\"margin-left: 0.333em; margin-right: 0.333em;\"\u003e≤\u003c/span\u003e\u003cspan class=\"MJXp-mi MJXp-italic\" id=\"MJXp-Span-286\"\u003eQ\u003c/span\u003e\u003cspan class=\"MJXp-mo\" id=\"MJXp-Span-287\" style=\"margin-left: 0.333em; margin-right: 0.333em;\"\u003e≤\u003c/span\u003e\u003cspan class=\"MJXp-mn\" id=\"MJXp-Span-288\"\u003e100000\u003c/span\u003e\u003cspan class=\"MJXp-mo\" id=\"MJXp-Span-289\" style=\"margin-left: 0em; margin-right: 0.222em;\"\u003e,\u003c/span\u003e\u003cspan class=\"MJXp-mn\" id=\"MJXp-Span-290\"\u003e0\u003c/span\u003e\u003cspan class=\"MJXp-mo\" id=\"MJXp-Span-291\" style=\"margin-left: 0.333em; margin-right: 0.333em;\"\u003e≤\u003c/span\u003e\u003cspan class=\"MJXp-mi MJXp-italic\" id=\"MJXp-Span-292\"\u003eM\u003c/span\u003e\u003cspan class=\"MJXp-mo\" id=\"MJXp-Span-293\" style=\"margin-left: 0.333em; margin-right: 0.333em;\"\u003e≤\u003c/span\u003e\u003cspan class=\"MJXp-mn\" id=\"MJXp-Span-294\"\u003e100000\u003c/span\u003e\u003c/span\u003e\u003c/span\u003e\u003cspan class=\"MathJax MathJax_Processing\" id=\"MathJax-Element-65-Frame\" tabindex=\"0\"\u003e\u003c/span\u003e\u003cscript type=\"math/tex\" id=\"MathJax-Element-65\"\u003e 1 \\le R, C \\le 200000, 1 \\le Q \\le 100000, 0 \\le M \\le 100000 \u003c/script\u003e。\u003c/p\u003e",
      "misc": ""
    },
    {
      "title": "下载",
      "content": "\u003cp\u003e\u003ca href=\"/download.php?type=problem\u0026amp;id=303\"\u003e样例及测评库下载\u003c/a\u003e\u003c/p\u003e",
      "misc": ""
    }
  ],
  "samples": [],
  "tags": [
    "UOJ",
    "APIO2017"
  ],
  "rules": {
    "runtime": "2000000000",
    "memory": "536870912",
    "stack": "536870912",
    "source": "51200"
  },
  "meta": {
    "created": "2021-04-09T21:42:12.398113384+08:00",
    "updated": "2021-04-09T21:42:12.398113384+08:00",
    "checked": "2021-04-09T21:42:12.398113384+08:00"
  },
  "misc": ""
}
