{
  "id": "334",
  "title": "列队",
  "type": "traditional",
  "sections": [
    {
      "title": "",
      "content": "\u003cp\u003eSylvia是一个热爱学习的女孩子。\u003c/p\u003e\u003cp\u003e前段时间，Sylvia参加了学校的军训。众所周知，军训的时候需要站方阵。 Sylvia所在的方阵中有 \u003cspan class=\"MathJax_Preview\" style=\"color: inherit;\"\u003e\u003cspan class=\"MJXp-math\" id=\"MJXp-Span-1\"\u003e\u003cspan class=\"MJXp-mi MJXp-italic\" id=\"MJXp-Span-2\"\u003en\u003c/span\u003e\u003cspan class=\"MJXp-mo\" id=\"MJXp-Span-3\" style=\"margin-left: 0.267em; margin-right: 0.267em;\"\u003e×\u003c/span\u003e\u003cspan class=\"MJXp-mi MJXp-italic\" id=\"MJXp-Span-4\"\u003em\u003c/span\u003e\u003c/span\u003e\u003c/span\u003e\u003cscript type=\"math/tex\" id=\"MathJax-Element-1\"\u003en\\times m\u003c/script\u003e 名学生，方阵的行数为 \u003cspan class=\"MathJax_Preview\" style=\"color: inherit;\"\u003e\u003cspan class=\"MJXp-math\" id=\"MJXp-Span-5\"\u003e\u003cspan class=\"MJXp-mi MJXp-italic\" id=\"MJXp-Span-6\"\u003en\u003c/span\u003e\u003c/span\u003e\u003c/span\u003e\u003cscript type=\"math/tex\" id=\"MathJax-Element-2\"\u003en\u003c/script\u003e，列数为 \u003cspan class=\"MathJax_Preview\" style=\"color: inherit;\"\u003e\u003cspan class=\"MJXp-math\" id=\"MJXp-Span-7\"\u003e\u003cspan class=\"MJXp-mi MJXp-italic\" id=\"MJXp-Span-8\"\u003em\u003c/span\u003e\u003c/span\u003e\u003c/span\u003e\u003cscript type=\"math/tex\" id=\"MathJax-Element-3\"\u003em\u003c/script\u003e。\u003c/p\u003e\u003cp\u003e为了便于管理，教官在训练开始时，按照从前到后，从左到右的顺序给方阵中的学生从 \u003cspan class=\"MathJax_Preview\" style=\"color: inherit;\"\u003e\u003cspan class=\"MJXp-math\" id=\"MJXp-Span-9\"\u003e\u003cspan class=\"MJXp-mn\" id=\"MJXp-Span-10\"\u003e1\u003c/span\u003e\u003c/span\u003e\u003c/span\u003e\u003cscript type=\"math/tex\" id=\"MathJax-Element-4\"\u003e1\u003c/script\u003e 到 \u003cspan class=\"MathJax_Preview\" style=\"color: inherit;\"\u003e\u003cspan class=\"MJXp-math\" id=\"MJXp-Span-11\"\u003e\u003cspan class=\"MJXp-mi MJXp-italic\" id=\"MJXp-Span-12\"\u003en\u003c/span\u003e\u003cspan class=\"MJXp-mo\" id=\"MJXp-Span-13\" style=\"margin-left: 0.267em; margin-right: 0.267em;\"\u003e×\u003c/span\u003e\u003cspan class=\"MJXp-mi MJXp-italic\" id=\"MJXp-Span-14\"\u003em\u003c/span\u003e\u003c/span\u003e\u003c/span\u003e\u003cscript type=\"math/tex\" id=\"MathJax-Element-5\"\u003en\\times m\u003c/script\u003e 编上了号码（参见后面的样例）。即：初始时，第 \u003cspan class=\"MathJax_Preview\" style=\"color: inherit;\"\u003e\u003cspan class=\"MJXp-math\" id=\"MJXp-Span-15\"\u003e\u003cspan class=\"MJXp-mi MJXp-italic\" id=\"MJXp-Span-16\"\u003ei\u003c/span\u003e\u003c/span\u003e\u003c/span\u003e\u003cscript type=\"math/tex\" id=\"MathJax-Element-6\"\u003ei\u003c/script\u003e 行第 \u003cspan class=\"MathJax_Preview\" style=\"color: inherit;\"\u003e\u003cspan class=\"MJXp-math\" id=\"MJXp-Span-17\"\u003e\u003cspan class=\"MJXp-mi MJXp-italic\" id=\"MJXp-Span-18\"\u003ej\u003c/span\u003e\u003c/span\u003e\u003c/span\u003e\u003cscript type=\"math/tex\" id=\"MathJax-Element-7\"\u003ej\u003c/script\u003e 列的学生的编号是 \u003cspan class=\"MathJax_Preview\" style=\"color: inherit;\"\u003e\u003cspan class=\"MJXp-math\" id=\"MJXp-Span-19\"\u003e\u003cspan class=\"MJXp-mo\" id=\"MJXp-Span-20\" style=\"margin-left: 0em; margin-right: 0em;\"\u003e(\u003c/span\u003e\u003cspan class=\"MJXp-mi MJXp-italic\" id=\"MJXp-Span-21\"\u003ei\u003c/span\u003e\u003cspan class=\"MJXp-mo\" id=\"MJXp-Span-22\" style=\"margin-left: 0.267em; margin-right: 0.267em;\"\u003e−\u003c/span\u003e\u003cspan class=\"MJXp-mn\" id=\"MJXp-Span-23\"\u003e1\u003c/span\u003e\u003cspan class=\"MJXp-mo\" id=\"MJXp-Span-24\" style=\"margin-left: 0em; margin-right: 0em;\"\u003e)\u003c/span\u003e\u003cspan class=\"MJXp-mo\" id=\"MJXp-Span-25\" style=\"margin-left: 0.267em; margin-right: 0.267em;\"\u003e×\u003c/span\u003e\u003cspan class=\"MJXp-mi MJXp-italic\" id=\"MJXp-Span-26\"\u003em\u003c/span\u003e\u003cspan class=\"MJXp-mo\" id=\"MJXp-Span-27\" style=\"margin-left: 0.267em; margin-right: 0.267em;\"\u003e+\u003c/span\u003e\u003cspan class=\"MJXp-mi MJXp-italic\" id=\"MJXp-Span-28\"\u003ej\u003c/span\u003e\u003c/span\u003e\u003c/span\u003e\u003cscript type=\"math/tex\" id=\"MathJax-Element-8\"\u003e(i-1)\\times m+j\u003c/script\u003e。\u003c/p\u003e\u003cp\u003e然而在练习方阵的时候，经常会有学生因为各种各样的事情需要离队。在一天中，一共发生了 \u003cspan class=\"MathJax_Preview\" style=\"color: inherit;\"\u003e\u003cspan class=\"MJXp-math\" id=\"MJXp-Span-29\"\u003e\u003cspan class=\"MJXp-mi MJXp-italic\" id=\"MJXp-Span-30\"\u003eq\u003c/span\u003e\u003c/span\u003e\u003c/span\u003e\u003cscript type=\"math/tex\" id=\"MathJax-Element-9\"\u003eq\u003c/script\u003e 件这样的离队事件。每一次离队事件可以用数对 \u003cspan class=\"MathJax_Preview\" style=\"color: inherit;\"\u003e\u003cspan class=\"MJXp-math\" id=\"MJXp-Span-31\"\u003e\u003cspan class=\"MJXp-mo\" id=\"MJXp-Span-32\" style=\"margin-left: 0em; margin-right: 0em;\"\u003e(\u003c/span\u003e\u003cspan class=\"MJXp-mi MJXp-italic\" id=\"MJXp-Span-33\"\u003ex\u003c/span\u003e\u003cspan class=\"MJXp-mo\" id=\"MJXp-Span-34\" style=\"margin-left: 0em; margin-right: 0.222em;\"\u003e,\u003c/span\u003e\u003cspan class=\"MJXp-mi MJXp-italic\" id=\"MJXp-Span-35\"\u003ey\u003c/span\u003e\u003cspan class=\"MJXp-mo\" id=\"MJXp-Span-36\" style=\"margin-left: 0em; margin-right: 0em;\"\u003e)\u003c/span\u003e\u003c/span\u003e\u003c/span\u003e\u003cscript type=\"math/tex\" id=\"MathJax-Element-10\"\u003e(x,y)\u003c/script\u003e（\u003cspan class=\"MathJax_Preview\" style=\"color: inherit;\"\u003e\u003cspan class=\"MJXp-math\" id=\"MJXp-Span-37\"\u003e\u003cspan class=\"MJXp-mn\" id=\"MJXp-Span-38\"\u003e1\u003c/span\u003e\u003cspan class=\"MJXp-mo\" id=\"MJXp-Span-39\" style=\"margin-left: 0.333em; margin-right: 0.333em;\"\u003e≤\u003c/span\u003e\u003cspan class=\"MJXp-mi MJXp-italic\" id=\"MJXp-Span-40\"\u003ex\u003c/span\u003e\u003cspan class=\"MJXp-mo\" id=\"MJXp-Span-41\" style=\"margin-left: 0.333em; margin-right: 0.333em;\"\u003e≤\u003c/span\u003e\u003cspan class=\"MJXp-mi MJXp-italic\" id=\"MJXp-Span-42\"\u003en\u003c/span\u003e\u003c/span\u003e\u003c/span\u003e\u003cscript type=\"math/tex\" id=\"MathJax-Element-11\"\u003e1\\le x\\le n\u003c/script\u003e，\u003cspan class=\"MathJax_Preview\" style=\"color: inherit;\"\u003e\u003cspan class=\"MJXp-math\" id=\"MJXp-Span-43\"\u003e\u003cspan class=\"MJXp-mn\" id=\"MJXp-Span-44\"\u003e1\u003c/span\u003e\u003cspan class=\"MJXp-mo\" id=\"MJXp-Span-45\" style=\"margin-left: 0.333em; margin-right: 0.333em;\"\u003e≤\u003c/span\u003e\u003cspan class=\"MJXp-mi MJXp-italic\" id=\"MJXp-Span-46\"\u003ey\u003c/span\u003e\u003cspan class=\"MJXp-mo\" id=\"MJXp-Span-47\" style=\"margin-left: 0.333em; margin-right: 0.333em;\"\u003e≤\u003c/span\u003e\u003cspan class=\"MJXp-mi MJXp-italic\" id=\"MJXp-Span-48\"\u003em\u003c/span\u003e\u003c/span\u003e\u003c/span\u003e\u003cscript type=\"math/tex\" id=\"MathJax-Element-12\"\u003e1\\le y\\le m\u003c/script\u003e）描述，表示第 \u003cspan class=\"MathJax_Preview\" style=\"color: inherit;\"\u003e\u003cspan class=\"MJXp-math\" id=\"MJXp-Span-49\"\u003e\u003cspan class=\"MJXp-mi MJXp-italic\" id=\"MJXp-Span-50\"\u003ex\u003c/span\u003e\u003c/span\u003e\u003c/span\u003e\u003cscript type=\"math/tex\" id=\"MathJax-Element-13\"\u003ex\u003c/script\u003e 行第 \u003cspan class=\"MathJax_Preview\" style=\"color: inherit;\"\u003e\u003cspan class=\"MJXp-math\" id=\"MJXp-Span-51\"\u003e\u003cspan class=\"MJXp-mi MJXp-italic\" id=\"MJXp-Span-52\"\u003ey\u003c/span\u003e\u003c/span\u003e\u003c/span\u003e\u003cscript type=\"math/tex\" id=\"MathJax-Element-14\"\u003ey\u003c/script\u003e 列的学生离队。\u003c/p\u003e\u003cp\u003e在有学生离队后，队伍中出现了一个空位。为了队伍的整齐，教官会依次下达这样的两条指令：\u003c/p\u003e\u003col\u003e\u003cli\u003e向左看齐。这时第一列保持不动，所有学生向左填补空缺。不难发现在这条指令之后，空位在第 \u003cspan class=\"MathJax_Preview\" style=\"color: inherit;\"\u003e\u003cspan class=\"MJXp-math\" id=\"MJXp-Span-53\"\u003e\u003cspan class=\"MJXp-mi MJXp-italic\" id=\"MJXp-Span-54\"\u003ex\u003c/span\u003e\u003c/span\u003e\u003c/span\u003e\u003cscript type=\"math/tex\" id=\"MathJax-Element-15\"\u003ex\u003c/script\u003e 行第 \u003cspan class=\"MathJax_Preview\" style=\"color: inherit;\"\u003e\u003cspan class=\"MJXp-math\" id=\"MJXp-Span-55\"\u003e\u003cspan class=\"MJXp-mi MJXp-italic\" id=\"MJXp-Span-56\"\u003em\u003c/span\u003e\u003c/span\u003e\u003c/span\u003e\u003cscript type=\"math/tex\" id=\"MathJax-Element-16\"\u003em\u003c/script\u003e 列。\u003c/li\u003e\n\u003cli\u003e向前看齐。这时第一行保持不动，所有学生向前填补空缺。不难发现在这条指令之后，空位在第 \u003cspan class=\"MathJax_Preview\" style=\"color: inherit;\"\u003e\u003cspan class=\"MJXp-math\" id=\"MJXp-Span-57\"\u003e\u003cspan class=\"MJXp-mi MJXp-italic\" id=\"MJXp-Span-58\"\u003en\u003c/span\u003e\u003c/span\u003e\u003c/span\u003e\u003cscript type=\"math/tex\" id=\"MathJax-Element-17\"\u003en\u003c/script\u003e 行第 \u003cspan class=\"MathJax_Preview\" style=\"color: inherit;\"\u003e\u003cspan class=\"MJXp-math\" id=\"MJXp-Span-59\"\u003e\u003cspan class=\"MJXp-mi MJXp-italic\" id=\"MJXp-Span-60\"\u003em\u003c/span\u003e\u003c/span\u003e\u003c/span\u003e\u003cscript type=\"math/tex\" id=\"MathJax-Element-18\"\u003em\u003c/script\u003e 列。\u003c/li\u003e\n\u003c/ol\u003e\u003cp\u003e教官规定不能有两个或更多学生同时离队。即在前一个离队的学生归队之后，下一个学生才能离队。因此在每一个离队的学生要归队时，队伍中有且仅有第 \u003cspan class=\"MathJax_Preview\" style=\"color: inherit;\"\u003e\u003cspan class=\"MJXp-math\" id=\"MJXp-Span-61\"\u003e\u003cspan class=\"MJXp-mi MJXp-italic\" id=\"MJXp-Span-62\"\u003en\u003c/span\u003e\u003c/span\u003e\u003c/span\u003e\u003cscript type=\"math/tex\" id=\"MathJax-Element-19\"\u003en\u003c/script\u003e 行第 \u003cspan class=\"MathJax_Preview\" style=\"color: inherit;\"\u003e\u003cspan class=\"MJXp-math\" id=\"MJXp-Span-63\"\u003e\u003cspan class=\"MJXp-mi MJXp-italic\" id=\"MJXp-Span-64\"\u003em\u003c/span\u003e\u003c/span\u003e\u003c/span\u003e\u003cscript type=\"math/tex\" id=\"MathJax-Element-20\"\u003em\u003c/script\u003e 列一个空位，这时这个学生会自然地填补到这个位置。\u003c/p\u003e\u003cp\u003e因为站方阵真的很无聊，所以Sylvia想要计算每一次离队事件中，离队的同学的编号是多少。\u003c/p\u003e\u003cp\u003e注意：每一个同学的编号不会随着离队事件的发生而改变，在发生离队事件后方阵中同学的编号可能是乱序的。\u003c/p\u003e",
      "misc": ""
    },
    {
      "title": "输入格式",
      "content": "\u003cp\u003e输入共 \u003cspan class=\"MathJax_Preview\" style=\"color: inherit;\"\u003e\u003cspan class=\"MJXp-math\" id=\"MJXp-Span-65\"\u003e\u003cspan class=\"MJXp-mi MJXp-italic\" id=\"MJXp-Span-66\"\u003eq\u003c/span\u003e\u003cspan class=\"MJXp-mo\" id=\"MJXp-Span-67\" style=\"margin-left: 0.267em; margin-right: 0.267em;\"\u003e+\u003c/span\u003e\u003cspan class=\"MJXp-mn\" id=\"MJXp-Span-68\"\u003e1\u003c/span\u003e\u003c/span\u003e\u003c/span\u003e\u003cscript type=\"math/tex\" id=\"MathJax-Element-21\"\u003eq+1\u003c/script\u003e 行。\u003c/p\u003e\u003cp\u003e第 \u003cspan class=\"MathJax_Preview\" style=\"color: inherit;\"\u003e\u003cspan class=\"MJXp-math\" id=\"MJXp-Span-69\"\u003e\u003cspan class=\"MJXp-mn\" id=\"MJXp-Span-70\"\u003e1\u003c/span\u003e\u003c/span\u003e\u003c/span\u003e\u003cscript type=\"math/tex\" id=\"MathJax-Element-22\"\u003e1\u003c/script\u003e 行包含 \u003cspan class=\"MathJax_Preview\" style=\"color: inherit;\"\u003e\u003cspan class=\"MJXp-math\" id=\"MJXp-Span-71\"\u003e\u003cspan class=\"MJXp-mn\" id=\"MJXp-Span-72\"\u003e3\u003c/span\u003e\u003c/span\u003e\u003c/span\u003e\u003cscript type=\"math/tex\" id=\"MathJax-Element-23\"\u003e3\u003c/script\u003e 个用空格分隔的正整数 \u003cspan class=\"MathJax_Preview\" style=\"color: inherit;\"\u003e\u003cspan class=\"MJXp-math\" id=\"MJXp-Span-73\"\u003e\u003cspan class=\"MJXp-mi MJXp-italic\" id=\"MJXp-Span-74\"\u003en\u003c/span\u003e\u003cspan class=\"MJXp-mo\" id=\"MJXp-Span-75\" style=\"margin-left: 0em; margin-right: 0.222em;\"\u003e,\u003c/span\u003e\u003cspan class=\"MJXp-mi MJXp-italic\" id=\"MJXp-Span-76\"\u003em\u003c/span\u003e\u003cspan class=\"MJXp-mo\" id=\"MJXp-Span-77\" style=\"margin-left: 0em; margin-right: 0.222em;\"\u003e,\u003c/span\u003e\u003cspan class=\"MJXp-mi MJXp-italic\" id=\"MJXp-Span-78\"\u003eq\u003c/span\u003e\u003c/span\u003e\u003c/span\u003e\u003cscript type=\"math/tex\" id=\"MathJax-Element-24\"\u003en,m,q\u003c/script\u003e，表示方阵大小是 \u003cspan class=\"MathJax_Preview\" style=\"color: inherit;\"\u003e\u003cspan class=\"MJXp-math\" id=\"MJXp-Span-79\"\u003e\u003cspan class=\"MJXp-mi MJXp-italic\" id=\"MJXp-Span-80\"\u003en\u003c/span\u003e\u003c/span\u003e\u003c/span\u003e\u003cscript type=\"math/tex\" id=\"MathJax-Element-25\"\u003en\u003c/script\u003e 行 \u003cspan class=\"MathJax_Preview\" style=\"color: inherit;\"\u003e\u003cspan class=\"MJXp-math\" id=\"MJXp-Span-81\"\u003e\u003cspan class=\"MJXp-mi MJXp-italic\" id=\"MJXp-Span-82\"\u003em\u003c/span\u003e\u003c/span\u003e\u003c/span\u003e\u003cscript type=\"math/tex\" id=\"MathJax-Element-26\"\u003em\u003c/script\u003e 列，一共发生了 \u003cspan class=\"MathJax_Preview\" style=\"color: inherit;\"\u003e\u003cspan class=\"MJXp-math\" id=\"MJXp-Span-83\"\u003e\u003cspan class=\"MJXp-mi MJXp-italic\" id=\"MJXp-Span-84\"\u003eq\u003c/span\u003e\u003c/span\u003e\u003c/span\u003e\u003cscript type=\"math/tex\" id=\"MathJax-Element-27\"\u003eq\u003c/script\u003e 次事件。\u003c/p\u003e\u003cp\u003e接下来 \u003cspan class=\"MathJax_Preview\" style=\"color: inherit;\"\u003e\u003cspan class=\"MJXp-math\" id=\"MJXp-Span-85\"\u003e\u003cspan class=\"MJXp-mi MJXp-italic\" id=\"MJXp-Span-86\"\u003eq\u003c/span\u003e\u003c/span\u003e\u003c/span\u003e\u003cscript type=\"math/tex\" id=\"MathJax-Element-28\"\u003eq\u003c/script\u003e 行按照事件发生顺序描述了 \u003cspan class=\"MathJax_Preview\" style=\"color: inherit;\"\u003e\u003cspan class=\"MJXp-math\" id=\"MJXp-Span-87\"\u003e\u003cspan class=\"MJXp-mi MJXp-italic\" id=\"MJXp-Span-88\"\u003eq\u003c/span\u003e\u003c/span\u003e\u003c/span\u003e\u003cscript type=\"math/tex\" id=\"MathJax-Element-29\"\u003eq\u003c/script\u003e 件事件。每一行是两个整数 \u003cspan class=\"MathJax_Preview\" style=\"color: inherit;\"\u003e\u003cspan class=\"MJXp-math\" id=\"MJXp-Span-89\"\u003e\u003cspan class=\"MJXp-mi MJXp-italic\" id=\"MJXp-Span-90\"\u003ex\u003c/span\u003e\u003cspan class=\"MJXp-mo\" id=\"MJXp-Span-91\" style=\"margin-left: 0em; margin-right: 0.222em;\"\u003e,\u003c/span\u003e\u003cspan class=\"MJXp-mi MJXp-italic\" id=\"MJXp-Span-92\"\u003ey\u003c/span\u003e\u003c/span\u003e\u003c/span\u003e\u003cscript type=\"math/tex\" id=\"MathJax-Element-30\"\u003ex,y\u003c/script\u003e，用一个空格分隔，表示这个离队事件中离队的学生当时排在第 \u003cspan class=\"MathJax_Preview\" style=\"color: inherit;\"\u003e\u003cspan class=\"MJXp-math\" id=\"MJXp-Span-93\"\u003e\u003cspan class=\"MJXp-mi MJXp-italic\" id=\"MJXp-Span-94\"\u003ex\u003c/span\u003e\u003c/span\u003e\u003c/span\u003e\u003cscript type=\"math/tex\" id=\"MathJax-Element-31\"\u003ex\u003c/script\u003e 行第 \u003cspan class=\"MathJax_Preview\" style=\"color: inherit;\"\u003e\u003cspan class=\"MJXp-math\" id=\"MJXp-Span-95\"\u003e\u003cspan class=\"MJXp-mi MJXp-italic\" id=\"MJXp-Span-96\"\u003ey\u003c/span\u003e\u003c/span\u003e\u003c/span\u003e\u003cscript type=\"math/tex\" id=\"MathJax-Element-32\"\u003ey\u003c/script\u003e 列。\u003c/p\u003e",
      "misc": ""
    },
    {
      "title": "输出格式",
      "content": "\u003cp\u003e按照事件输入的顺序，每一个事件输出一行一个整数，表示这个离队事件中离队学生的编号。\u003c/p\u003e",
      "misc": ""
    },
    {
      "title": "限制与约定",
      "content": "\u003cdiv class=\"table-responsive\"\u003e\n \u003ctable class=\"table table-bordered table-text-center table-vertical-middle\"\u003e\u003cthead\u003e\u003ctr\u003e\u003cth rowspan=\"1\"\u003e测试点编号\u003c/th\u003e\n    \u003cth rowspan=\"1\"\u003e\u003cspan class=\"MathJax_Preview\" style=\"color: inherit;\"\u003e\u003cspan class=\"MJXp-math\" id=\"MJXp-Span-321\"\u003e\u003cspan class=\"MJXp-mi MJXp-italic\" id=\"MJXp-Span-322\"\u003en\u003c/span\u003e\u003c/span\u003e\u003c/span\u003e\u003cscript type=\"math/tex\" id=\"MathJax-Element-40\"\u003en\u003c/script\u003e\u003c/th\u003e\n    \u003cth rowspan=\"1\"\u003e\u003cspan class=\"MathJax_Preview\" style=\"color: inherit;\"\u003e\u003cspan class=\"MJXp-math\" id=\"MJXp-Span-323\"\u003e\u003cspan class=\"MJXp-mi MJXp-italic\" id=\"MJXp-Span-324\"\u003em\u003c/span\u003e\u003c/span\u003e\u003c/span\u003e\u003cscript type=\"math/tex\" id=\"MathJax-Element-41\"\u003em\u003c/script\u003e\u003c/th\u003e\n    \u003cth rowspan=\"1\"\u003e\u003cspan class=\"MathJax_Preview\" style=\"color: inherit;\"\u003e\u003cspan class=\"MJXp-math\" id=\"MJXp-Span-325\"\u003e\u003cspan class=\"MJXp-mi MJXp-italic\" id=\"MJXp-Span-326\"\u003eq\u003c/span\u003e\u003c/span\u003e\u003c/span\u003e\u003cscript type=\"math/tex\" id=\"MathJax-Element-42\"\u003eq\u003c/script\u003e\u003c/th\u003e\n    \u003cth rowspan=\"1\"\u003e其他约定\u003c/th\u003e\n   \u003c/tr\u003e\u003c/thead\u003e\u003ctbody\u003e\u003ctr\u003e\u003ctd rowspan=\"1\"\u003e1,2\u003c/td\u003e\n    \u003ctd rowspan=\"3\"\u003e\u003cspan class=\"MathJax_Preview\" style=\"color: inherit;\"\u003e\u003cspan class=\"MJXp-math\" id=\"MJXp-Span-327\"\u003e\u003cspan class=\"MJXp-mo\" id=\"MJXp-Span-328\" style=\"margin-left: 0.333em; margin-right: 0.333em;\"\u003e≤\u003c/span\u003e\u003cspan class=\"MJXp-mn\" id=\"MJXp-Span-329\"\u003e1000\u003c/span\u003e\u003c/span\u003e\u003c/span\u003e\u003cscript type=\"math/tex\" id=\"MathJax-Element-43\"\u003e\\leq 1000\u003c/script\u003e\u003c/td\u003e\n    \u003ctd rowspan=\"3\"\u003e\u003cspan class=\"MathJax_Preview\" style=\"color: inherit;\"\u003e\u003cspan class=\"MJXp-math\" id=\"MJXp-Span-330\"\u003e\u003cspan class=\"MJXp-mo\" id=\"MJXp-Span-331\" style=\"margin-left: 0.333em; margin-right: 0.333em;\"\u003e≤\u003c/span\u003e\u003cspan class=\"MJXp-mn\" id=\"MJXp-Span-332\"\u003e1000\u003c/span\u003e\u003c/span\u003e\u003c/span\u003e\u003cscript type=\"math/tex\" id=\"MathJax-Element-44\"\u003e\\leq 1000\u003c/script\u003e\u003c/td\u003e\n    \u003ctd rowspan=\"5\"\u003e\u003cspan class=\"MathJax_Preview\" style=\"color: inherit;\"\u003e\u003cspan class=\"MJXp-math\" id=\"MJXp-Span-333\"\u003e\u003cspan class=\"MJXp-mo\" id=\"MJXp-Span-334\" style=\"margin-left: 0.333em; margin-right: 0.333em;\"\u003e≤\u003c/span\u003e\u003cspan class=\"MJXp-mn\" id=\"MJXp-Span-335\"\u003e500\u003c/span\u003e\u003c/span\u003e\u003c/span\u003e\u003cscript type=\"math/tex\" id=\"MathJax-Element-45\"\u003e\\leq 500\u003c/script\u003e\u003c/td\u003e\n    \u003ctd rowspan=\"5\"\u003e无\u003c/td\u003e\n   \u003c/tr\u003e\u003ctr\u003e\u003ctd rowspan=\"1\"\u003e3,4\u003c/td\u003e\n   \u003c/tr\u003e\u003ctr\u003e\u003ctd rowspan=\"1\"\u003e5,6\u003c/td\u003e\n   \u003c/tr\u003e\u003ctr\u003e\u003ctd rowspan=\"1\"\u003e7,8\u003c/td\u003e\n    \u003ctd rowspan=\"2\"\u003e\u003cspan class=\"MathJax_Preview\" style=\"color: inherit;\"\u003e\u003cspan class=\"MJXp-math\" id=\"MJXp-Span-336\"\u003e\u003cspan class=\"MJXp-mo\" id=\"MJXp-Span-337\" style=\"margin-left: 0.333em; margin-right: 0.333em;\"\u003e≤\u003c/span\u003e\u003cspan class=\"MJXp-mn\" id=\"MJXp-Span-338\"\u003e5\u003c/span\u003e\u003cspan class=\"MJXp-mo\" id=\"MJXp-Span-339\" style=\"margin-left: 0.267em; margin-right: 0.267em;\"\u003e×\u003c/span\u003e\u003cspan class=\"MJXp-msubsup\" id=\"MJXp-Span-340\"\u003e\u003cspan class=\"MJXp-mn\" id=\"MJXp-Span-341\" style=\"margin-right: 0.05em;\"\u003e10\u003c/span\u003e\u003cspan class=\"MJXp-mn MJXp-script\" id=\"MJXp-Span-342\" style=\"vertical-align: 0.5em;\"\u003e4\u003c/span\u003e\u003c/span\u003e\u003c/span\u003e\u003c/span\u003e\u003cscript type=\"math/tex\" id=\"MathJax-Element-46\"\u003e\\leq 5\\times 10^4\u003c/script\u003e\u003c/td\u003e\n    \u003ctd rowspan=\"2\"\u003e\u003cspan class=\"MathJax_Preview\" style=\"color: inherit;\"\u003e\u003cspan class=\"MJXp-math\" id=\"MJXp-Span-343\"\u003e\u003cspan class=\"MJXp-mo\" id=\"MJXp-Span-344\" style=\"margin-left: 0.333em; margin-right: 0.333em;\"\u003e≤\u003c/span\u003e\u003cspan class=\"MJXp-mn\" id=\"MJXp-Span-345\"\u003e5\u003c/span\u003e\u003cspan class=\"MJXp-mo\" id=\"MJXp-Span-346\" style=\"margin-left: 0.267em; margin-right: 0.267em;\"\u003e×\u003c/span\u003e\u003cspan class=\"MJXp-msubsup\" id=\"MJXp-Span-347\"\u003e\u003cspan class=\"MJXp-mn\" id=\"MJXp-Span-348\" style=\"margin-right: 0.05em;\"\u003e10\u003c/span\u003e\u003cspan class=\"MJXp-mn MJXp-script\" id=\"MJXp-Span-349\" style=\"vertical-align: 0.5em;\"\u003e4\u003c/span\u003e\u003c/span\u003e\u003c/span\u003e\u003c/span\u003e\u003cscript type=\"math/tex\" id=\"MathJax-Element-47\"\u003e\\leq 5\\times 10^4\u003c/script\u003e\u003c/td\u003e\n   \u003c/tr\u003e\u003ctr\u003e\u003ctd rowspan=\"1\"\u003e9,10\u003c/td\u003e\n   \u003c/tr\u003e\u003ctr\u003e\u003ctd rowspan=\"1\"\u003e11,12\u003c/td\u003e\n    \u003ctd rowspan=\"2\"\u003e\u003cspan class=\"MathJax_Preview\" style=\"color: inherit;\"\u003e\u003cspan class=\"MJXp-math\" id=\"MJXp-Span-350\"\u003e\u003cspan class=\"MJXp-mo\" id=\"MJXp-Span-351\" style=\"margin-left: 0.333em; margin-right: 0.333em;\"\u003e=\u003c/span\u003e\u003cspan class=\"MJXp-mn\" id=\"MJXp-Span-352\"\u003e1\u003c/span\u003e\u003c/span\u003e\u003c/span\u003e\u003cscript type=\"math/tex\" id=\"MathJax-Element-48\"\u003e=1\u003c/script\u003e\u003c/td\u003e\n    \u003ctd rowspan=\"1\"\u003e\u003cspan class=\"MathJax_Preview\" style=\"color: inherit;\"\u003e\u003cspan class=\"MJXp-math\" id=\"MJXp-Span-353\"\u003e\u003cspan class=\"MJXp-mo\" id=\"MJXp-Span-354\" style=\"margin-left: 0.333em; margin-right: 0.333em;\"\u003e≤\u003c/span\u003e\u003cspan class=\"MJXp-msubsup\" id=\"MJXp-Span-355\"\u003e\u003cspan class=\"MJXp-mn\" id=\"MJXp-Span-356\" style=\"margin-right: 0.05em;\"\u003e10\u003c/span\u003e\u003cspan class=\"MJXp-mn MJXp-script\" id=\"MJXp-Span-357\" style=\"vertical-align: 0.5em;\"\u003e5\u003c/span\u003e\u003c/span\u003e\u003c/span\u003e\u003c/span\u003e\u003cscript type=\"math/tex\" id=\"MathJax-Element-49\"\u003e\\le 10^5\u003c/script\u003e\u003c/td\u003e\n    \u003ctd rowspan=\"1\"\u003e\u003cspan class=\"MathJax_Preview\" style=\"color: inherit;\"\u003e\u003cspan class=\"MJXp-math\" id=\"MJXp-Span-358\"\u003e\u003cspan class=\"MJXp-mo\" id=\"MJXp-Span-359\" style=\"margin-left: 0.333em; margin-right: 0.333em;\"\u003e≤\u003c/span\u003e\u003cspan class=\"MJXp-msubsup\" id=\"MJXp-Span-360\"\u003e\u003cspan class=\"MJXp-mn\" id=\"MJXp-Span-361\" style=\"margin-right: 0.05em;\"\u003e10\u003c/span\u003e\u003cspan class=\"MJXp-mn MJXp-script\" id=\"MJXp-Span-362\" style=\"vertical-align: 0.5em;\"\u003e5\u003c/span\u003e\u003c/span\u003e\u003c/span\u003e\u003c/span\u003e\u003cscript type=\"math/tex\" id=\"MathJax-Element-50\"\u003e\\le 10^5\u003c/script\u003e\u003c/td\u003e\n    \u003ctd rowspan=\"3\"\u003e所有事件 \u003cspan class=\"MathJax_Preview\" style=\"color: inherit;\"\u003e\u003cspan class=\"MJXp-math\" id=\"MJXp-Span-363\"\u003e\u003cspan class=\"MJXp-mi MJXp-italic\" id=\"MJXp-Span-364\"\u003ex\u003c/span\u003e\u003cspan class=\"MJXp-mo\" id=\"MJXp-Span-365\" style=\"margin-left: 0.333em; margin-right: 0.333em;\"\u003e=\u003c/span\u003e\u003cspan class=\"MJXp-mn\" id=\"MJXp-Span-366\"\u003e1\u003c/span\u003e\u003c/span\u003e\u003c/span\u003e\u003cscript type=\"math/tex\" id=\"MathJax-Element-51\"\u003ex=1\u003c/script\u003e\u003c/td\u003e\n   \u003c/tr\u003e\u003ctr\u003e\u003ctd rowspan=\"1\"\u003e13,14\u003c/td\u003e\n    \u003ctd rowspan=\"2\"\u003e\u003cspan class=\"MathJax_Preview\" style=\"color: inherit;\"\u003e\u003cspan class=\"MJXp-math\" id=\"MJXp-Span-367\"\u003e\u003cspan class=\"MJXp-mo\" id=\"MJXp-Span-368\" style=\"margin-left: 0.333em; margin-right: 0.333em;\"\u003e≤\u003c/span\u003e\u003cspan class=\"MJXp-mn\" id=\"MJXp-Span-369\"\u003e3\u003c/span\u003e\u003cspan class=\"MJXp-mo\" id=\"MJXp-Span-370\" style=\"margin-left: 0.267em; margin-right: 0.267em;\"\u003e×\u003c/span\u003e\u003cspan class=\"MJXp-msubsup\" id=\"MJXp-Span-371\"\u003e\u003cspan class=\"MJXp-mn\" id=\"MJXp-Span-372\" style=\"margin-right: 0.05em;\"\u003e10\u003c/span\u003e\u003cspan class=\"MJXp-mn MJXp-script\" id=\"MJXp-Span-373\" style=\"vertical-align: 0.5em;\"\u003e5\u003c/span\u003e\u003c/span\u003e\u003c/span\u003e\u003c/span\u003e\u003cscript type=\"math/tex\" id=\"MathJax-Element-52\"\u003e\\le 3\\times 10^5\u003c/script\u003e\u003c/td\u003e\n    \u003ctd rowspan=\"2\"\u003e\u003cspan class=\"MathJax_Preview\" style=\"color: inherit;\"\u003e\u003cspan class=\"MJXp-math\" id=\"MJXp-Span-374\"\u003e\u003cspan class=\"MJXp-mo\" id=\"MJXp-Span-375\" style=\"margin-left: 0.333em; margin-right: 0.333em;\"\u003e≤\u003c/span\u003e\u003cspan class=\"MJXp-mn\" id=\"MJXp-Span-376\"\u003e3\u003c/span\u003e\u003cspan class=\"MJXp-mo\" id=\"MJXp-Span-377\" style=\"margin-left: 0.267em; margin-right: 0.267em;\"\u003e×\u003c/span\u003e\u003cspan class=\"MJXp-msubsup\" id=\"MJXp-Span-378\"\u003e\u003cspan class=\"MJXp-mn\" id=\"MJXp-Span-379\" style=\"margin-right: 0.05em;\"\u003e10\u003c/span\u003e\u003cspan class=\"MJXp-mn MJXp-script\" id=\"MJXp-Span-380\" style=\"vertical-align: 0.5em;\"\u003e5\u003c/span\u003e\u003c/span\u003e\u003c/span\u003e\u003c/span\u003e\u003cscript type=\"math/tex\" id=\"MathJax-Element-53\"\u003e\\le 3\\times 10^5\u003c/script\u003e\u003c/td\u003e\n   \u003c/tr\u003e\u003ctr\u003e\u003ctd rowspan=\"1\"\u003e15,16\u003c/td\u003e\n    \u003ctd rowspan=\"1\"\u003e\u003cspan class=\"MathJax_Preview\" style=\"color: inherit;\"\u003e\u003cspan class=\"MJXp-math\" id=\"MJXp-Span-381\"\u003e\u003cspan class=\"MJXp-mo\" id=\"MJXp-Span-382\" style=\"margin-left: 0.333em; margin-right: 0.333em;\"\u003e≤\u003c/span\u003e\u003cspan class=\"MJXp-mn\" id=\"MJXp-Span-383\"\u003e3\u003c/span\u003e\u003cspan class=\"MJXp-mo\" id=\"MJXp-Span-384\" style=\"margin-left: 0.267em; margin-right: 0.267em;\"\u003e×\u003c/span\u003e\u003cspan class=\"MJXp-msubsup\" id=\"MJXp-Span-385\"\u003e\u003cspan class=\"MJXp-mn\" id=\"MJXp-Span-386\" style=\"margin-right: 0.05em;\"\u003e10\u003c/span\u003e\u003cspan class=\"MJXp-mn MJXp-script\" id=\"MJXp-Span-387\" style=\"vertical-align: 0.5em;\"\u003e5\u003c/span\u003e\u003c/span\u003e\u003c/span\u003e\u003c/span\u003e\u003cscript type=\"math/tex\" id=\"MathJax-Element-54\"\u003e\\le 3\\times 10^5\u003c/script\u003e\u003c/td\u003e\n   \u003c/tr\u003e\u003ctr\u003e\u003ctd rowspan=\"1\"\u003e17,18\u003c/td\u003e\n    \u003ctd rowspan=\"1\"\u003e\u003cspan class=\"MathJax_Preview\" style=\"color: inherit;\"\u003e\u003cspan class=\"MJXp-math\" id=\"MJXp-Span-388\"\u003e\u003cspan class=\"MJXp-mo\" id=\"MJXp-Span-389\" style=\"margin-left: 0.333em; margin-right: 0.333em;\"\u003e≤\u003c/span\u003e\u003cspan class=\"MJXp-msubsup\" id=\"MJXp-Span-390\"\u003e\u003cspan class=\"MJXp-mn\" id=\"MJXp-Span-391\" style=\"margin-right: 0.05em;\"\u003e10\u003c/span\u003e\u003cspan class=\"MJXp-mn MJXp-script\" id=\"MJXp-Span-392\" style=\"vertical-align: 0.5em;\"\u003e5\u003c/span\u003e\u003c/span\u003e\u003c/span\u003e\u003c/span\u003e\u003cscript type=\"math/tex\" id=\"MathJax-Element-55\"\u003e\\le 10^5\u003c/script\u003e\u003c/td\u003e\n    \u003ctd rowspan=\"1\"\u003e\u003cspan class=\"MathJax_Preview\" style=\"color: inherit;\"\u003e\u003cspan class=\"MJXp-math\" id=\"MJXp-Span-393\"\u003e\u003cspan class=\"MJXp-mo\" id=\"MJXp-Span-394\" style=\"margin-left: 0.333em; margin-right: 0.333em;\"\u003e≤\u003c/span\u003e\u003cspan class=\"MJXp-msubsup\" id=\"MJXp-Span-395\"\u003e\u003cspan class=\"MJXp-mn\" id=\"MJXp-Span-396\" style=\"margin-right: 0.05em;\"\u003e10\u003c/span\u003e\u003cspan class=\"MJXp-mn MJXp-script\" id=\"MJXp-Span-397\" style=\"vertical-align: 0.5em;\"\u003e5\u003c/span\u003e\u003c/span\u003e\u003c/span\u003e\u003c/span\u003e\u003cscript type=\"math/tex\" id=\"MathJax-Element-56\"\u003e\\le 10^5\u003c/script\u003e\u003c/td\u003e\n    \u003ctd rowspan=\"1\"\u003e\u003cspan class=\"MathJax_Preview\" style=\"color: inherit;\"\u003e\u003cspan class=\"MJXp-math\" id=\"MJXp-Span-398\"\u003e\u003cspan class=\"MJXp-mo\" id=\"MJXp-Span-399\" style=\"margin-left: 0.333em; margin-right: 0.333em;\"\u003e≤\u003c/span\u003e\u003cspan class=\"MJXp-msubsup\" id=\"MJXp-Span-400\"\u003e\u003cspan class=\"MJXp-mn\" id=\"MJXp-Span-401\" style=\"margin-right: 0.05em;\"\u003e10\u003c/span\u003e\u003cspan class=\"MJXp-mn MJXp-script\" id=\"MJXp-Span-402\" style=\"vertical-align: 0.5em;\"\u003e5\u003c/span\u003e\u003c/span\u003e\u003c/span\u003e\u003c/span\u003e\u003cscript type=\"math/tex\" id=\"MathJax-Element-57\"\u003e\\le 10^5\u003c/script\u003e\u003c/td\u003e\n    \u003ctd rowspan=\"2\"\u003e无\u003c/td\u003e\n   \u003c/tr\u003e\u003ctr\u003e\u003ctd rowspan=\"1\"\u003e19,20\u003c/td\u003e\n    \u003ctd rowspan=\"1\"\u003e\u003cspan class=\"MathJax_Preview\" style=\"color: inherit;\"\u003e\u003cspan class=\"MJXp-math\" id=\"MJXp-Span-403\"\u003e\u003cspan class=\"MJXp-mo\" id=\"MJXp-Span-404\" style=\"margin-left: 0.333em; margin-right: 0.333em;\"\u003e≤\u003c/span\u003e\u003cspan class=\"MJXp-mn\" id=\"MJXp-Span-405\"\u003e3\u003c/span\u003e\u003cspan class=\"MJXp-mo\" id=\"MJXp-Span-406\" style=\"margin-left: 0.267em; margin-right: 0.267em;\"\u003e×\u003c/span\u003e\u003cspan class=\"MJXp-msubsup\" id=\"MJXp-Span-407\"\u003e\u003cspan class=\"MJXp-mn\" id=\"MJXp-Span-408\" style=\"margin-right: 0.05em;\"\u003e10\u003c/span\u003e\u003cspan class=\"MJXp-mn MJXp-script\" id=\"MJXp-Span-409\" style=\"vertical-align: 0.5em;\"\u003e5\u003c/span\u003e\u003c/span\u003e\u003c/span\u003e\u003c/span\u003e\u003cscript type=\"math/tex\" id=\"MathJax-Element-58\"\u003e\\le 3\\times 10^5\u003c/script\u003e\u003c/td\u003e\n    \u003ctd rowspan=\"1\"\u003e\u003cspan class=\"MathJax_Preview\" style=\"color: inherit;\"\u003e\u003cspan class=\"MJXp-math\" id=\"MJXp-Span-410\"\u003e\u003cspan class=\"MJXp-mo\" id=\"MJXp-Span-411\" style=\"margin-left: 0.333em; margin-right: 0.333em;\"\u003e≤\u003c/span\u003e\u003cspan class=\"MJXp-mn\" id=\"MJXp-Span-412\"\u003e3\u003c/span\u003e\u003cspan class=\"MJXp-mo\" id=\"MJXp-Span-413\" style=\"margin-left: 0.267em; margin-right: 0.267em;\"\u003e×\u003c/span\u003e\u003cspan class=\"MJXp-msubsup\" id=\"MJXp-Span-414\"\u003e\u003cspan class=\"MJXp-mn\" id=\"MJXp-Span-415\" style=\"margin-right: 0.05em;\"\u003e10\u003c/span\u003e\u003cspan class=\"MJXp-mn MJXp-script\" id=\"MJXp-Span-416\" style=\"vertical-align: 0.5em;\"\u003e5\u003c/span\u003e\u003c/span\u003e\u003c/span\u003e\u003c/span\u003e\u003cscript type=\"math/tex\" id=\"MathJax-Element-59\"\u003e\\le 3\\times 10^5\u003c/script\u003e\u003c/td\u003e\n    \u003ctd rowspan=\"1\"\u003e\u003cspan class=\"MathJax_Preview\" style=\"color: inherit;\"\u003e\u003cspan class=\"MJXp-math\" id=\"MJXp-Span-417\"\u003e\u003cspan class=\"MJXp-mo\" id=\"MJXp-Span-418\" style=\"margin-left: 0.333em; margin-right: 0.333em;\"\u003e≤\u003c/span\u003e\u003cspan class=\"MJXp-mn\" id=\"MJXp-Span-419\"\u003e3\u003c/span\u003e\u003cspan class=\"MJXp-mo\" id=\"MJXp-Span-420\" style=\"margin-left: 0.267em; margin-right: 0.267em;\"\u003e×\u003c/span\u003e\u003cspan class=\"MJXp-msubsup\" id=\"MJXp-Span-421\"\u003e\u003cspan class=\"MJXp-mn\" id=\"MJXp-Span-422\" style=\"margin-right: 0.05em;\"\u003e10\u003c/span\u003e\u003cspan class=\"MJXp-mn MJXp-script\" id=\"MJXp-Span-423\" style=\"vertical-align: 0.5em;\"\u003e5\u003c/span\u003e\u003c/span\u003e\u003c/span\u003e\u003c/span\u003e\u003cscript type=\"math/tex\" id=\"MathJax-Element-60\"\u003e\\le 3\\times 10^5\u003c/script\u003e\u003c/td\u003e\n   \u003c/tr\u003e\u003c/tbody\u003e\u003c/table\u003e\u003c/div\u003e\u003cp\u003e数据保证每一个事件满足 \u003cspan class=\"MathJax_Preview\" style=\"color: inherit;\"\u003e\u003cspan class=\"MJXp-math\" id=\"MJXp-Span-424\"\u003e\u003cspan class=\"MJXp-mn\" id=\"MJXp-Span-425\"\u003e1\u003c/span\u003e\u003cspan class=\"MJXp-mo\" id=\"MJXp-Span-426\" style=\"margin-left: 0.333em; margin-right: 0.333em;\"\u003e≤\u003c/span\u003e\u003cspan class=\"MJXp-mi MJXp-italic\" id=\"MJXp-Span-427\"\u003ex\u003c/span\u003e\u003cspan class=\"MJXp-mo\" id=\"MJXp-Span-428\" style=\"margin-left: 0.333em; margin-right: 0.333em;\"\u003e≤\u003c/span\u003e\u003cspan class=\"MJXp-mi MJXp-italic\" id=\"MJXp-Span-429\"\u003en\u003c/span\u003e\u003cspan class=\"MJXp-mo\" id=\"MJXp-Span-430\" style=\"margin-left: 0em; margin-right: 0.222em;\"\u003e,\u003c/span\u003e\u003cspan class=\"MJXp-mn\" id=\"MJXp-Span-431\"\u003e1\u003c/span\u003e\u003cspan class=\"MJXp-mo\" id=\"MJXp-Span-432\" style=\"margin-left: 0.333em; margin-right: 0.333em;\"\u003e≤\u003c/span\u003e\u003cspan class=\"MJXp-mi MJXp-italic\" id=\"MJXp-Span-433\"\u003ey\u003c/span\u003e\u003cspan class=\"MJXp-mo\" id=\"MJXp-Span-434\" style=\"margin-left: 0.333em; margin-right: 0.333em;\"\u003e≤\u003c/span\u003e\u003cspan class=\"MJXp-mi MJXp-italic\" id=\"MJXp-Span-435\"\u003em\u003c/span\u003e\u003c/span\u003e\u003c/span\u003e\u003cscript type=\"math/tex\" id=\"MathJax-Element-61\"\u003e1\\le x\\le n,1\\le y\\le m\u003c/script\u003e。\u003c/p\u003e",
      "misc": ""
    },
    {
      "title": "下载",
      "content": "\u003cp\u003e\u003ca href=\"/download.php?type=problem\u0026amp;id=334\"\u003e样例数据下载\u003c/a\u003e\u003c/p\u003e",
      "misc": ""
    }
  ],
  "samples": [
    {
      "title": "样例一",
      "input": "\u003cpre\u003e2 2 3\n1 1\n2 2\n1 2\n\n\u003c/pre\u003e",
      "output": "\u003cpre\u003e1\n1\n4\n\n\u003c/pre\u003e",
      "explanation": "\u003cp\u003e\u003cspan class=\"MathJax_Preview\" style=\"color: inherit;\"\u003e\u003cspan class=\"MJXp-math MJXp-display\" id=\"MJXp-Span-97\"\u003e\u003cspan class=\"MJXp-mrow\" id=\"MJXp-Span-98\"\u003e\u003cspan class=\"MJXp-mo\" id=\"MJXp-Span-99\" style=\"margin-left: 0em; margin-right: 0em; vertical-align: -0.528em;\"\u003e\u003cspan class=\"MJXp-right MJXp-scale5\" style=\"font-size: 3.111em; margin-left: -0.13em;\"\u003e[\u003c/span\u003e\u003c/span\u003e\u003cspan class=\"MJXp-mtable\" id=\"MJXp-Span-100\"\u003e\u003cspan\u003e\u003cspan class=\"MJXp-mtr\" id=\"MJXp-Span-101\" style=\"vertical-align: baseline;\"\u003e\u003cspan class=\"MJXp-mtd\" id=\"MJXp-Span-102\" style=\"text-align: center;\"\u003e\u003cspan class=\"MJXp-mn\" id=\"MJXp-Span-103\"\u003e1\u003c/span\u003e\u003c/span\u003e\u003cspan class=\"MJXp-mtd\" id=\"MJXp-Span-104\" style=\"padding-left: 1em; text-align: center;\"\u003e\u003cspan class=\"MJXp-mn\" id=\"MJXp-Span-105\"\u003e2\u003c/span\u003e\u003c/span\u003e\u003c/span\u003e\u003cspan class=\"MJXp-mtr\" id=\"MJXp-Span-106\" style=\"vertical-align: baseline;\"\u003e\u003cspan class=\"MJXp-mtd\" id=\"MJXp-Span-107\" style=\"padding-top: 0.4em; text-align: center;\"\u003e\u003cspan class=\"MJXp-mn\" id=\"MJXp-Span-108\"\u003e3\u003c/span\u003e\u003c/span\u003e\u003cspan class=\"MJXp-mtd\" id=\"MJXp-Span-109\" style=\"padding-left: 1em; padding-top: 0.4em; text-align: center;\"\u003e\u003cspan class=\"MJXp-mn\" id=\"MJXp-Span-110\"\u003e4\u003c/span\u003e\u003c/span\u003e\u003c/span\u003e\u003c/span\u003e\u003c/span\u003e\u003cspan class=\"MJXp-mo\" id=\"MJXp-Span-111\" style=\"margin-left: 0em; margin-right: 0em; vertical-align: -0.528em;\"\u003e\u003cspan class=\"MJXp-right MJXp-scale5\" style=\"font-size: 3.111em; margin-left: -0.13em;\"\u003e]\u003c/span\u003e\u003c/span\u003e\u003c/span\u003e\u003cspan class=\"MJXp-mo\" id=\"MJXp-Span-112\" style=\"margin-left: 0.333em; margin-right: 0.333em;\"\u003e⇒\u003c/span\u003e\u003cspan class=\"MJXp-mrow\" id=\"MJXp-Span-113\"\u003e\u003cspan class=\"MJXp-mo\" id=\"MJXp-Span-114\" style=\"margin-left: 0em; margin-right: 0em; vertical-align: -0.528em;\"\u003e\u003cspan class=\"MJXp-right MJXp-scale5\" style=\"font-size: 3.111em; margin-left: -0.13em;\"\u003e[\u003c/span\u003e\u003c/span\u003e\u003cspan class=\"MJXp-mtable\" id=\"MJXp-Span-115\"\u003e\u003cspan\u003e\u003cspan class=\"MJXp-mtr\" id=\"MJXp-Span-116\" style=\"vertical-align: baseline;\"\u003e\u003cspan class=\"MJXp-mtd\" id=\"MJXp-Span-117\" style=\"text-align: center;\"\u003e\u003c/span\u003e\u003cspan class=\"MJXp-mtd\" id=\"MJXp-Span-118\" style=\"padding-left: 1em; text-align: center;\"\u003e\u003cspan class=\"MJXp-mn\" id=\"MJXp-Span-119\"\u003e2\u003c/span\u003e\u003c/span\u003e\u003c/span\u003e\u003cspan class=\"MJXp-mtr\" id=\"MJXp-Span-120\" style=\"vertical-align: baseline;\"\u003e\u003cspan class=\"MJXp-mtd\" id=\"MJXp-Span-121\" style=\"padding-top: 0.4em; text-align: center;\"\u003e\u003cspan class=\"MJXp-mn\" id=\"MJXp-Span-122\"\u003e3\u003c/span\u003e\u003c/span\u003e\u003cspan class=\"MJXp-mtd\" id=\"MJXp-Span-123\" style=\"padding-left: 1em; padding-top: 0.4em; text-align: center;\"\u003e\u003cspan class=\"MJXp-mn\" id=\"MJXp-Span-124\"\u003e4\u003c/span\u003e\u003c/span\u003e\u003c/span\u003e\u003c/span\u003e\u003c/span\u003e\u003cspan class=\"MJXp-mo\" id=\"MJXp-Span-125\" style=\"margin-left: 0em; margin-right: 0em; vertical-align: -0.528em;\"\u003e\u003cspan class=\"MJXp-right MJXp-scale5\" style=\"font-size: 3.111em; margin-left: -0.13em;\"\u003e]\u003c/span\u003e\u003c/span\u003e\u003c/span\u003e\u003cspan class=\"MJXp-mo\" id=\"MJXp-Span-126\" style=\"margin-left: 0.333em; margin-right: 0.333em;\"\u003e⇒\u003c/span\u003e\u003cspan class=\"MJXp-mrow\" id=\"MJXp-Span-127\"\u003e\u003cspan class=\"MJXp-mo\" id=\"MJXp-Span-128\" style=\"margin-left: 0em; margin-right: 0em; vertical-align: -0.528em;\"\u003e\u003cspan class=\"MJXp-right MJXp-scale5\" style=\"font-size: 3.111em; margin-left: -0.13em;\"\u003e[\u003c/span\u003e\u003c/span\u003e\u003cspan class=\"MJXp-mtable\" id=\"MJXp-Span-129\"\u003e\u003cspan\u003e\u003cspan class=\"MJXp-mtr\" id=\"MJXp-Span-130\" style=\"vertical-align: baseline;\"\u003e\u003cspan class=\"MJXp-mtd\" id=\"MJXp-Span-131\" style=\"text-align: center;\"\u003e\u003cspan class=\"MJXp-mn\" id=\"MJXp-Span-132\"\u003e2\u003c/span\u003e\u003c/span\u003e\u003cspan class=\"MJXp-mtd\" id=\"MJXp-Span-133\" style=\"padding-left: 1em; text-align: center;\"\u003e\u003c/span\u003e\u003c/span\u003e\u003cspan class=\"MJXp-mtr\" id=\"MJXp-Span-134\" style=\"vertical-align: baseline;\"\u003e\u003cspan class=\"MJXp-mtd\" id=\"MJXp-Span-135\" style=\"padding-top: 0.4em; text-align: center;\"\u003e\u003cspan class=\"MJXp-mn\" id=\"MJXp-Span-136\"\u003e3\u003c/span\u003e\u003c/span\u003e\u003cspan class=\"MJXp-mtd\" id=\"MJXp-Span-137\" style=\"padding-left: 1em; padding-top: 0.4em; text-align: center;\"\u003e\u003cspan class=\"MJXp-mn\" id=\"MJXp-Span-138\"\u003e4\u003c/span\u003e\u003c/span\u003e\u003c/span\u003e\u003c/span\u003e\u003c/span\u003e\u003cspan class=\"MJXp-mo\" id=\"MJXp-Span-139\" style=\"margin-left: 0em; margin-right: 0em; vertical-align: -0.528em;\"\u003e\u003cspan class=\"MJXp-right MJXp-scale5\" style=\"font-size: 3.111em; margin-left: -0.13em;\"\u003e]\u003c/span\u003e\u003c/span\u003e\u003c/span\u003e\u003cspan class=\"MJXp-mo\" id=\"MJXp-Span-140\" style=\"margin-left: 0.333em; margin-right: 0.333em;\"\u003e⇒\u003c/span\u003e\u003cspan class=\"MJXp-mrow\" id=\"MJXp-Span-141\"\u003e\u003cspan class=\"MJXp-mo\" id=\"MJXp-Span-142\" style=\"margin-left: 0em; margin-right: 0em; vertical-align: -0.528em;\"\u003e\u003cspan class=\"MJXp-right MJXp-scale5\" style=\"font-size: 3.111em; margin-left: -0.13em;\"\u003e[\u003c/span\u003e\u003c/span\u003e\u003cspan class=\"MJXp-mtable\" id=\"MJXp-Span-143\"\u003e\u003cspan\u003e\u003cspan class=\"MJXp-mtr\" id=\"MJXp-Span-144\" style=\"vertical-align: baseline;\"\u003e\u003cspan class=\"MJXp-mtd\" id=\"MJXp-Span-145\" style=\"text-align: center;\"\u003e\u003cspan class=\"MJXp-mn\" id=\"MJXp-Span-146\"\u003e2\u003c/span\u003e\u003c/span\u003e\u003cspan class=\"MJXp-mtd\" id=\"MJXp-Span-147\" style=\"padding-left: 1em; text-align: center;\"\u003e\u003cspan class=\"MJXp-mn\" id=\"MJXp-Span-148\"\u003e4\u003c/span\u003e\u003c/span\u003e\u003c/span\u003e\u003cspan class=\"MJXp-mtr\" id=\"MJXp-Span-149\" style=\"vertical-align: baseline;\"\u003e\u003cspan class=\"MJXp-mtd\" id=\"MJXp-Span-150\" style=\"padding-top: 0.4em; text-align: center;\"\u003e\u003cspan class=\"MJXp-mn\" id=\"MJXp-Span-151\"\u003e3\u003c/span\u003e\u003c/span\u003e\u003cspan class=\"MJXp-mtd\" id=\"MJXp-Span-152\" style=\"padding-left: 1em; padding-top: 0.4em; text-align: center;\"\u003e\u003c/span\u003e\u003c/span\u003e\u003c/span\u003e\u003c/span\u003e\u003cspan class=\"MJXp-mo\" id=\"MJXp-Span-153\" style=\"margin-left: 0em; margin-right: 0em; vertical-align: -0.528em;\"\u003e\u003cspan class=\"MJXp-right MJXp-scale5\" style=\"font-size: 3.111em; margin-left: -0.13em;\"\u003e]\u003c/span\u003e\u003c/span\u003e\u003c/span\u003e\u003cspan class=\"MJXp-mo\" id=\"MJXp-Span-154\" style=\"margin-left: 0.333em; margin-right: 0.333em;\"\u003e⇒\u003c/span\u003e\u003cspan class=\"MJXp-mrow\" id=\"MJXp-Span-155\"\u003e\u003cspan class=\"MJXp-mo\" id=\"MJXp-Span-156\" style=\"margin-left: 0em; margin-right: 0em; vertical-align: -0.528em;\"\u003e\u003cspan class=\"MJXp-right MJXp-scale5\" style=\"font-size: 3.111em; margin-left: -0.13em;\"\u003e[\u003c/span\u003e\u003c/span\u003e\u003cspan class=\"MJXp-mtable\" id=\"MJXp-Span-157\"\u003e\u003cspan\u003e\u003cspan class=\"MJXp-mtr\" id=\"MJXp-Span-158\" style=\"vertical-align: baseline;\"\u003e\u003cspan class=\"MJXp-mtd\" id=\"MJXp-Span-159\" style=\"text-align: center;\"\u003e\u003cspan class=\"MJXp-mn\" id=\"MJXp-Span-160\"\u003e2\u003c/span\u003e\u003c/span\u003e\u003cspan class=\"MJXp-mtd\" id=\"MJXp-Span-161\" style=\"padding-left: 1em; text-align: center;\"\u003e\u003cspan class=\"MJXp-mn\" id=\"MJXp-Span-162\"\u003e4\u003c/span\u003e\u003c/span\u003e\u003c/span\u003e\u003cspan class=\"MJXp-mtr\" id=\"MJXp-Span-163\" style=\"vertical-align: baseline;\"\u003e\u003cspan class=\"MJXp-mtd\" id=\"MJXp-Span-164\" style=\"padding-top: 0.4em; text-align: center;\"\u003e\u003cspan class=\"MJXp-mn\" id=\"MJXp-Span-165\"\u003e3\u003c/span\u003e\u003c/span\u003e\u003cspan class=\"MJXp-mtd\" id=\"MJXp-Span-166\" style=\"padding-left: 1em; padding-top: 0.4em; text-align: center;\"\u003e\u003cspan class=\"MJXp-mn\" id=\"MJXp-Span-167\"\u003e1\u003c/span\u003e\u003c/span\u003e\u003c/span\u003e\u003c/span\u003e\u003c/span\u003e\u003cspan class=\"MJXp-mo\" id=\"MJXp-Span-168\" style=\"margin-left: 0em; margin-right: 0em; vertical-align: -0.528em;\"\u003e\u003cspan class=\"MJXp-right MJXp-scale5\" style=\"font-size: 3.111em; margin-left: -0.13em;\"\u003e]\u003c/span\u003e\u003c/span\u003e\u003c/span\u003e\u003c/span\u003e\u003c/span\u003e\u003cscript type=\"math/tex; mode=display\" id=\"MathJax-Element-33\"\u003e\\begin{bmatrix}1\u00262\\\\3\u00264\\end{bmatrix}\\Rightarrow\\begin{bmatrix}\u00262\\\\3\u00264\\end{bmatrix}\\Rightarrow\\begin{bmatrix}2\u0026\\\\3\u00264\\end{bmatrix}\\Rightarrow\\begin{bmatrix}2\u00264\\\\3\u0026\\end{bmatrix}\\Rightarrow\\begin{bmatrix}2\u00264\\\\3\u00261\\end{bmatrix}\u003c/script\u003e\u003c/p\u003e\u003cp\u003e\u003cspan class=\"MathJax_Preview\" style=\"color: inherit;\"\u003e\u003cspan class=\"MJXp-math MJXp-display\" id=\"MJXp-Span-169\"\u003e\u003cspan class=\"MJXp-mrow\" id=\"MJXp-Span-170\"\u003e\u003cspan class=\"MJXp-mo\" id=\"MJXp-Span-171\" style=\"margin-left: 0em; margin-right: 0em; vertical-align: -0.528em;\"\u003e\u003cspan class=\"MJXp-right MJXp-scale5\" style=\"font-size: 3.111em; margin-left: -0.13em;\"\u003e[\u003c/span\u003e\u003c/span\u003e\u003cspan class=\"MJXp-mtable\" id=\"MJXp-Span-172\"\u003e\u003cspan\u003e\u003cspan class=\"MJXp-mtr\" id=\"MJXp-Span-173\" style=\"vertical-align: baseline;\"\u003e\u003cspan class=\"MJXp-mtd\" id=\"MJXp-Span-174\" style=\"text-align: center;\"\u003e\u003cspan class=\"MJXp-mn\" id=\"MJXp-Span-175\"\u003e2\u003c/span\u003e\u003c/span\u003e\u003cspan class=\"MJXp-mtd\" id=\"MJXp-Span-176\" style=\"padding-left: 1em; text-align: center;\"\u003e\u003cspan class=\"MJXp-mn\" id=\"MJXp-Span-177\"\u003e4\u003c/span\u003e\u003c/span\u003e\u003c/span\u003e\u003cspan class=\"MJXp-mtr\" id=\"MJXp-Span-178\" style=\"vertical-align: baseline;\"\u003e\u003cspan class=\"MJXp-mtd\" id=\"MJXp-Span-179\" style=\"padding-top: 0.4em; text-align: center;\"\u003e\u003cspan class=\"MJXp-mn\" id=\"MJXp-Span-180\"\u003e3\u003c/span\u003e\u003c/span\u003e\u003cspan class=\"MJXp-mtd\" id=\"MJXp-Span-181\" style=\"padding-left: 1em; padding-top: 0.4em; text-align: center;\"\u003e\u003cspan class=\"MJXp-mn\" id=\"MJXp-Span-182\"\u003e1\u003c/span\u003e\u003c/span\u003e\u003c/span\u003e\u003c/span\u003e\u003c/span\u003e\u003cspan class=\"MJXp-mo\" id=\"MJXp-Span-183\" style=\"margin-left: 0em; margin-right: 0em; vertical-align: -0.528em;\"\u003e\u003cspan class=\"MJXp-right MJXp-scale5\" style=\"font-size: 3.111em; margin-left: -0.13em;\"\u003e]\u003c/span\u003e\u003c/span\u003e\u003c/span\u003e\u003cspan class=\"MJXp-mo\" id=\"MJXp-Span-184\" style=\"margin-left: 0.333em; margin-right: 0.333em;\"\u003e⇒\u003c/span\u003e\u003cspan class=\"MJXp-mrow\" id=\"MJXp-Span-185\"\u003e\u003cspan class=\"MJXp-mo\" id=\"MJXp-Span-186\" style=\"margin-left: 0em; margin-right: 0em; vertical-align: -0.528em;\"\u003e\u003cspan class=\"MJXp-right MJXp-scale5\" style=\"font-size: 3.111em; margin-left: -0.13em;\"\u003e[\u003c/span\u003e\u003c/span\u003e\u003cspan class=\"MJXp-mtable\" id=\"MJXp-Span-187\"\u003e\u003cspan\u003e\u003cspan class=\"MJXp-mtr\" id=\"MJXp-Span-188\" style=\"vertical-align: baseline;\"\u003e\u003cspan class=\"MJXp-mtd\" id=\"MJXp-Span-189\" style=\"text-align: center;\"\u003e\u003cspan class=\"MJXp-mn\" id=\"MJXp-Span-190\"\u003e2\u003c/span\u003e\u003c/span\u003e\u003cspan class=\"MJXp-mtd\" id=\"MJXp-Span-191\" style=\"padding-left: 1em; text-align: center;\"\u003e\u003cspan class=\"MJXp-mn\" id=\"MJXp-Span-192\"\u003e4\u003c/span\u003e\u003c/span\u003e\u003c/span\u003e\u003cspan class=\"MJXp-mtr\" id=\"MJXp-Span-193\" style=\"vertical-align: baseline;\"\u003e\u003cspan class=\"MJXp-mtd\" id=\"MJXp-Span-194\" style=\"padding-top: 0.4em; text-align: center;\"\u003e\u003cspan class=\"MJXp-mn\" id=\"MJXp-Span-195\"\u003e3\u003c/span\u003e\u003c/span\u003e\u003cspan class=\"MJXp-mtd\" id=\"MJXp-Span-196\" style=\"padding-left: 1em; padding-top: 0.4em; text-align: center;\"\u003e\u003c/span\u003e\u003c/span\u003e\u003c/span\u003e\u003c/span\u003e\u003cspan class=\"MJXp-mo\" id=\"MJXp-Span-197\" style=\"margin-left: 0em; margin-right: 0em; vertical-align: -0.528em;\"\u003e\u003cspan class=\"MJXp-right MJXp-scale5\" style=\"font-size: 3.111em; margin-left: -0.13em;\"\u003e]\u003c/span\u003e\u003c/span\u003e\u003c/span\u003e\u003cspan class=\"MJXp-mo\" id=\"MJXp-Span-198\" style=\"margin-left: 0.333em; margin-right: 0.333em;\"\u003e⇒\u003c/span\u003e\u003cspan class=\"MJXp-mrow\" id=\"MJXp-Span-199\"\u003e\u003cspan class=\"MJXp-mo\" id=\"MJXp-Span-200\" style=\"margin-left: 0em; margin-right: 0em; vertical-align: -0.528em;\"\u003e\u003cspan class=\"MJXp-right MJXp-scale5\" style=\"font-size: 3.111em; margin-left: -0.13em;\"\u003e[\u003c/span\u003e\u003c/span\u003e\u003cspan class=\"MJXp-mtable\" id=\"MJXp-Span-201\"\u003e\u003cspan\u003e\u003cspan class=\"MJXp-mtr\" id=\"MJXp-Span-202\" style=\"vertical-align: baseline;\"\u003e\u003cspan class=\"MJXp-mtd\" id=\"MJXp-Span-203\" style=\"text-align: center;\"\u003e\u003cspan class=\"MJXp-mn\" id=\"MJXp-Span-204\"\u003e2\u003c/span\u003e\u003c/span\u003e\u003cspan class=\"MJXp-mtd\" id=\"MJXp-Span-205\" style=\"padding-left: 1em; text-align: center;\"\u003e\u003cspan class=\"MJXp-mn\" id=\"MJXp-Span-206\"\u003e4\u003c/span\u003e\u003c/span\u003e\u003c/span\u003e\u003cspan class=\"MJXp-mtr\" id=\"MJXp-Span-207\" style=\"vertical-align: baseline;\"\u003e\u003cspan class=\"MJXp-mtd\" id=\"MJXp-Span-208\" style=\"padding-top: 0.4em; text-align: center;\"\u003e\u003cspan class=\"MJXp-mn\" id=\"MJXp-Span-209\"\u003e3\u003c/span\u003e\u003c/span\u003e\u003cspan class=\"MJXp-mtd\" id=\"MJXp-Span-210\" style=\"padding-left: 1em; padding-top: 0.4em; text-align: center;\"\u003e\u003c/span\u003e\u003c/span\u003e\u003c/span\u003e\u003c/span\u003e\u003cspan class=\"MJXp-mo\" id=\"MJXp-Span-211\" style=\"margin-left: 0em; margin-right: 0em; vertical-align: -0.528em;\"\u003e\u003cspan class=\"MJXp-right MJXp-scale5\" style=\"font-size: 3.111em; margin-left: -0.13em;\"\u003e]\u003c/span\u003e\u003c/span\u003e\u003c/span\u003e\u003cspan class=\"MJXp-mo\" id=\"MJXp-Span-212\" style=\"margin-left: 0.333em; margin-right: 0.333em;\"\u003e⇒\u003c/span\u003e\u003cspan class=\"MJXp-mrow\" id=\"MJXp-Span-213\"\u003e\u003cspan class=\"MJXp-mo\" id=\"MJXp-Span-214\" style=\"margin-left: 0em; margin-right: 0em; vertical-align: -0.528em;\"\u003e\u003cspan class=\"MJXp-right MJXp-scale5\" style=\"font-size: 3.111em; margin-left: -0.13em;\"\u003e[\u003c/span\u003e\u003c/span\u003e\u003cspan class=\"MJXp-mtable\" id=\"MJXp-Span-215\"\u003e\u003cspan\u003e\u003cspan class=\"MJXp-mtr\" id=\"MJXp-Span-216\" style=\"vertical-align: baseline;\"\u003e\u003cspan class=\"MJXp-mtd\" id=\"MJXp-Span-217\" style=\"text-align: center;\"\u003e\u003cspan class=\"MJXp-mn\" id=\"MJXp-Span-218\"\u003e2\u003c/span\u003e\u003c/span\u003e\u003cspan class=\"MJXp-mtd\" id=\"MJXp-Span-219\" style=\"padding-left: 1em; text-align: center;\"\u003e\u003cspan class=\"MJXp-mn\" id=\"MJXp-Span-220\"\u003e4\u003c/span\u003e\u003c/span\u003e\u003c/span\u003e\u003cspan class=\"MJXp-mtr\" id=\"MJXp-Span-221\" style=\"vertical-align: baseline;\"\u003e\u003cspan class=\"MJXp-mtd\" id=\"MJXp-Span-222\" style=\"padding-top: 0.4em; text-align: center;\"\u003e\u003cspan class=\"MJXp-mn\" id=\"MJXp-Span-223\"\u003e3\u003c/span\u003e\u003c/span\u003e\u003cspan class=\"MJXp-mtd\" id=\"MJXp-Span-224\" style=\"padding-left: 1em; padding-top: 0.4em; text-align: center;\"\u003e\u003c/span\u003e\u003c/span\u003e\u003c/span\u003e\u003c/span\u003e\u003cspan class=\"MJXp-mo\" id=\"MJXp-Span-225\" style=\"margin-left: 0em; margin-right: 0em; vertical-align: -0.528em;\"\u003e\u003cspan class=\"MJXp-right MJXp-scale5\" style=\"font-size: 3.111em; margin-left: -0.13em;\"\u003e]\u003c/span\u003e\u003c/span\u003e\u003c/span\u003e\u003cspan class=\"MJXp-mo\" id=\"MJXp-Span-226\" style=\"margin-left: 0.333em; margin-right: 0.333em;\"\u003e⇒\u003c/span\u003e\u003cspan class=\"MJXp-mrow\" id=\"MJXp-Span-227\"\u003e\u003cspan class=\"MJXp-mo\" id=\"MJXp-Span-228\" style=\"margin-left: 0em; margin-right: 0em; vertical-align: -0.528em;\"\u003e\u003cspan class=\"MJXp-right MJXp-scale5\" style=\"font-size: 3.111em; margin-left: -0.13em;\"\u003e[\u003c/span\u003e\u003c/span\u003e\u003cspan class=\"MJXp-mtable\" id=\"MJXp-Span-229\"\u003e\u003cspan\u003e\u003cspan class=\"MJXp-mtr\" id=\"MJXp-Span-230\" style=\"vertical-align: baseline;\"\u003e\u003cspan class=\"MJXp-mtd\" id=\"MJXp-Span-231\" style=\"text-align: center;\"\u003e\u003cspan class=\"MJXp-mn\" id=\"MJXp-Span-232\"\u003e2\u003c/span\u003e\u003c/span\u003e\u003cspan class=\"MJXp-mtd\" id=\"MJXp-Span-233\" style=\"padding-left: 1em; text-align: center;\"\u003e\u003cspan class=\"MJXp-mn\" id=\"MJXp-Span-234\"\u003e4\u003c/span\u003e\u003c/span\u003e\u003c/span\u003e\u003cspan class=\"MJXp-mtr\" id=\"MJXp-Span-235\" style=\"vertical-align: baseline;\"\u003e\u003cspan class=\"MJXp-mtd\" id=\"MJXp-Span-236\" style=\"padding-top: 0.4em; text-align: center;\"\u003e\u003cspan class=\"MJXp-mn\" id=\"MJXp-Span-237\"\u003e3\u003c/span\u003e\u003c/span\u003e\u003cspan class=\"MJXp-mtd\" id=\"MJXp-Span-238\" style=\"padding-left: 1em; padding-top: 0.4em; text-align: center;\"\u003e\u003cspan class=\"MJXp-mn\" id=\"MJXp-Span-239\"\u003e1\u003c/span\u003e\u003c/span\u003e\u003c/span\u003e\u003c/span\u003e\u003c/span\u003e\u003cspan class=\"MJXp-mo\" id=\"MJXp-Span-240\" style=\"margin-left: 0em; margin-right: 0em; vertical-align: -0.528em;\"\u003e\u003cspan class=\"MJXp-right MJXp-scale5\" style=\"font-size: 3.111em; margin-left: -0.13em;\"\u003e]\u003c/span\u003e\u003c/span\u003e\u003c/span\u003e\u003c/span\u003e\u003c/span\u003e\u003cscript type=\"math/tex; mode=display\" id=\"MathJax-Element-34\"\u003e\\begin{bmatrix}2\u00264\\\\3\u00261\\end{bmatrix}\\Rightarrow\\begin{bmatrix}2\u00264\\\\3\u0026\\end{bmatrix}\\Rightarrow\\begin{bmatrix}2\u00264\\\\3\u0026\\end{bmatrix}\\Rightarrow\\begin{bmatrix}2\u00264\\\\3\u0026\\end{bmatrix}\\Rightarrow\\begin{bmatrix}2\u00264\\\\3\u00261\\end{bmatrix}\u003c/script\u003e\u003c/p\u003e\u003cp\u003e\u003cspan class=\"MathJax_Preview\" style=\"color: inherit;\"\u003e\u003cspan class=\"MJXp-math MJXp-display\" id=\"MJXp-Span-241\"\u003e\u003cspan class=\"MJXp-mrow\" id=\"MJXp-Span-242\"\u003e\u003cspan class=\"MJXp-mo\" id=\"MJXp-Span-243\" style=\"margin-left: 0em; margin-right: 0em; vertical-align: -0.528em;\"\u003e\u003cspan class=\"MJXp-right MJXp-scale5\" style=\"font-size: 3.111em; margin-left: -0.13em;\"\u003e[\u003c/span\u003e\u003c/span\u003e\u003cspan class=\"MJXp-mtable\" id=\"MJXp-Span-244\"\u003e\u003cspan\u003e\u003cspan class=\"MJXp-mtr\" id=\"MJXp-Span-245\" style=\"vertical-align: baseline;\"\u003e\u003cspan class=\"MJXp-mtd\" id=\"MJXp-Span-246\" style=\"text-align: center;\"\u003e\u003cspan class=\"MJXp-mn\" id=\"MJXp-Span-247\"\u003e2\u003c/span\u003e\u003c/span\u003e\u003cspan class=\"MJXp-mtd\" id=\"MJXp-Span-248\" style=\"padding-left: 1em; text-align: center;\"\u003e\u003cspan class=\"MJXp-mn\" id=\"MJXp-Span-249\"\u003e4\u003c/span\u003e\u003c/span\u003e\u003c/span\u003e\u003cspan class=\"MJXp-mtr\" id=\"MJXp-Span-250\" style=\"vertical-align: baseline;\"\u003e\u003cspan class=\"MJXp-mtd\" id=\"MJXp-Span-251\" style=\"padding-top: 0.4em; text-align: center;\"\u003e\u003cspan class=\"MJXp-mn\" id=\"MJXp-Span-252\"\u003e3\u003c/span\u003e\u003c/span\u003e\u003cspan class=\"MJXp-mtd\" id=\"MJXp-Span-253\" style=\"padding-left: 1em; padding-top: 0.4em; text-align: center;\"\u003e\u003cspan class=\"MJXp-mn\" id=\"MJXp-Span-254\"\u003e1\u003c/span\u003e\u003c/span\u003e\u003c/span\u003e\u003c/span\u003e\u003c/span\u003e\u003cspan class=\"MJXp-mo\" id=\"MJXp-Span-255\" style=\"margin-left: 0em; margin-right: 0em; vertical-align: -0.528em;\"\u003e\u003cspan class=\"MJXp-right MJXp-scale5\" style=\"font-size: 3.111em; margin-left: -0.13em;\"\u003e]\u003c/span\u003e\u003c/span\u003e\u003c/span\u003e\u003cspan class=\"MJXp-mo\" id=\"MJXp-Span-256\" style=\"margin-left: 0.333em; margin-right: 0.333em;\"\u003e⇒\u003c/span\u003e\u003cspan class=\"MJXp-mrow\" id=\"MJXp-Span-257\"\u003e\u003cspan class=\"MJXp-mo\" id=\"MJXp-Span-258\" style=\"margin-left: 0em; margin-right: 0em; vertical-align: -0.528em;\"\u003e\u003cspan class=\"MJXp-right MJXp-scale5\" style=\"font-size: 3.111em; margin-left: -0.13em;\"\u003e[\u003c/span\u003e\u003c/span\u003e\u003cspan class=\"MJXp-mtable\" id=\"MJXp-Span-259\"\u003e\u003cspan\u003e\u003cspan class=\"MJXp-mtr\" id=\"MJXp-Span-260\" style=\"vertical-align: baseline;\"\u003e\u003cspan class=\"MJXp-mtd\" id=\"MJXp-Span-261\" style=\"text-align: center;\"\u003e\u003cspan class=\"MJXp-mn\" id=\"MJXp-Span-262\"\u003e2\u003c/span\u003e\u003c/span\u003e\u003cspan class=\"MJXp-mtd\" id=\"MJXp-Span-263\" style=\"padding-left: 1em; text-align: center;\"\u003e\u003c/span\u003e\u003c/span\u003e\u003cspan class=\"MJXp-mtr\" id=\"MJXp-Span-264\" style=\"vertical-align: baseline;\"\u003e\u003cspan class=\"MJXp-mtd\" id=\"MJXp-Span-265\" style=\"padding-top: 0.4em; text-align: center;\"\u003e\u003cspan class=\"MJXp-mn\" id=\"MJXp-Span-266\"\u003e3\u003c/span\u003e\u003c/span\u003e\u003cspan class=\"MJXp-mtd\" id=\"MJXp-Span-267\" style=\"padding-left: 1em; padding-top: 0.4em; text-align: center;\"\u003e\u003cspan class=\"MJXp-mn\" id=\"MJXp-Span-268\"\u003e1\u003c/span\u003e\u003c/span\u003e\u003c/span\u003e\u003c/span\u003e\u003c/span\u003e\u003cspan class=\"MJXp-mo\" id=\"MJXp-Span-269\" style=\"margin-left: 0em; margin-right: 0em; vertical-align: -0.528em;\"\u003e\u003cspan class=\"MJXp-right MJXp-scale5\" style=\"font-size: 3.111em; margin-left: -0.13em;\"\u003e]\u003c/span\u003e\u003c/span\u003e\u003c/span\u003e\u003cspan class=\"MJXp-mo\" id=\"MJXp-Span-270\" style=\"margin-left: 0.333em; margin-right: 0.333em;\"\u003e⇒\u003c/span\u003e\u003cspan class=\"MJXp-mrow\" id=\"MJXp-Span-271\"\u003e\u003cspan class=\"MJXp-mo\" id=\"MJXp-Span-272\" style=\"margin-left: 0em; margin-right: 0em; vertical-align: -0.528em;\"\u003e\u003cspan class=\"MJXp-right MJXp-scale5\" style=\"font-size: 3.111em; margin-left: -0.13em;\"\u003e[\u003c/span\u003e\u003c/span\u003e\u003cspan class=\"MJXp-mtable\" id=\"MJXp-Span-273\"\u003e\u003cspan\u003e\u003cspan class=\"MJXp-mtr\" id=\"MJXp-Span-274\" style=\"vertical-align: baseline;\"\u003e\u003cspan class=\"MJXp-mtd\" id=\"MJXp-Span-275\" style=\"text-align: center;\"\u003e\u003cspan class=\"MJXp-mn\" id=\"MJXp-Span-276\"\u003e2\u003c/span\u003e\u003c/span\u003e\u003cspan class=\"MJXp-mtd\" id=\"MJXp-Span-277\" style=\"padding-left: 1em; text-align: center;\"\u003e\u003c/span\u003e\u003c/span\u003e\u003cspan class=\"MJXp-mtr\" id=\"MJXp-Span-278\" style=\"vertical-align: baseline;\"\u003e\u003cspan class=\"MJXp-mtd\" id=\"MJXp-Span-279\" style=\"padding-top: 0.4em; text-align: center;\"\u003e\u003cspan class=\"MJXp-mn\" id=\"MJXp-Span-280\"\u003e3\u003c/span\u003e\u003c/span\u003e\u003cspan class=\"MJXp-mtd\" id=\"MJXp-Span-281\" style=\"padding-left: 1em; padding-top: 0.4em; text-align: center;\"\u003e\u003cspan class=\"MJXp-mn\" id=\"MJXp-Span-282\"\u003e1\u003c/span\u003e\u003c/span\u003e\u003c/span\u003e\u003c/span\u003e\u003c/span\u003e\u003cspan class=\"MJXp-mo\" id=\"MJXp-Span-283\" style=\"margin-left: 0em; margin-right: 0em; vertical-align: -0.528em;\"\u003e\u003cspan class=\"MJXp-right MJXp-scale5\" style=\"font-size: 3.111em; margin-left: -0.13em;\"\u003e]\u003c/span\u003e\u003c/span\u003e\u003c/span\u003e\u003cspan class=\"MJXp-mo\" id=\"MJXp-Span-284\" style=\"margin-left: 0.333em; margin-right: 0.333em;\"\u003e⇒\u003c/span\u003e\u003cspan class=\"MJXp-mrow\" id=\"MJXp-Span-285\"\u003e\u003cspan class=\"MJXp-mo\" id=\"MJXp-Span-286\" style=\"margin-left: 0em; margin-right: 0em; vertical-align: -0.528em;\"\u003e\u003cspan class=\"MJXp-right MJXp-scale5\" style=\"font-size: 3.111em; margin-left: -0.13em;\"\u003e[\u003c/span\u003e\u003c/span\u003e\u003cspan class=\"MJXp-mtable\" id=\"MJXp-Span-287\"\u003e\u003cspan\u003e\u003cspan class=\"MJXp-mtr\" id=\"MJXp-Span-288\" style=\"vertical-align: baseline;\"\u003e\u003cspan class=\"MJXp-mtd\" id=\"MJXp-Span-289\" style=\"text-align: center;\"\u003e\u003cspan class=\"MJXp-mn\" id=\"MJXp-Span-290\"\u003e2\u003c/span\u003e\u003c/span\u003e\u003cspan class=\"MJXp-mtd\" id=\"MJXp-Span-291\" style=\"padding-left: 1em; text-align: center;\"\u003e\u003cspan class=\"MJXp-mn\" id=\"MJXp-Span-292\"\u003e1\u003c/span\u003e\u003c/span\u003e\u003c/span\u003e\u003cspan class=\"MJXp-mtr\" id=\"MJXp-Span-293\" style=\"vertical-align: baseline;\"\u003e\u003cspan class=\"MJXp-mtd\" id=\"MJXp-Span-294\" style=\"padding-top: 0.4em; text-align: center;\"\u003e\u003cspan class=\"MJXp-mn\" id=\"MJXp-Span-295\"\u003e3\u003c/span\u003e\u003c/span\u003e\u003cspan class=\"MJXp-mtd\" id=\"MJXp-Span-296\" style=\"padding-left: 1em; padding-top: 0.4em; text-align: center;\"\u003e\u003c/span\u003e\u003c/span\u003e\u003c/span\u003e\u003c/span\u003e\u003cspan class=\"MJXp-mo\" id=\"MJXp-Span-297\" style=\"margin-left: 0em; margin-right: 0em; vertical-align: -0.528em;\"\u003e\u003cspan class=\"MJXp-right MJXp-scale5\" style=\"font-size: 3.111em; margin-left: -0.13em;\"\u003e]\u003c/span\u003e\u003c/span\u003e\u003c/span\u003e\u003cspan class=\"MJXp-mo\" id=\"MJXp-Span-298\" style=\"margin-left: 0.333em; margin-right: 0.333em;\"\u003e⇒\u003c/span\u003e\u003cspan class=\"MJXp-mrow\" id=\"MJXp-Span-299\"\u003e\u003cspan class=\"MJXp-mo\" id=\"MJXp-Span-300\" style=\"margin-left: 0em; margin-right: 0em; vertical-align: -0.528em;\"\u003e\u003cspan class=\"MJXp-right MJXp-scale5\" style=\"font-size: 3.111em; margin-left: -0.13em;\"\u003e[\u003c/span\u003e\u003c/span\u003e\u003cspan class=\"MJXp-mtable\" id=\"MJXp-Span-301\"\u003e\u003cspan\u003e\u003cspan class=\"MJXp-mtr\" id=\"MJXp-Span-302\" style=\"vertical-align: baseline;\"\u003e\u003cspan class=\"MJXp-mtd\" id=\"MJXp-Span-303\" style=\"text-align: center;\"\u003e\u003cspan class=\"MJXp-mn\" id=\"MJXp-Span-304\"\u003e2\u003c/span\u003e\u003c/span\u003e\u003cspan class=\"MJXp-mtd\" id=\"MJXp-Span-305\" style=\"padding-left: 1em; text-align: center;\"\u003e\u003cspan class=\"MJXp-mn\" id=\"MJXp-Span-306\"\u003e1\u003c/span\u003e\u003c/span\u003e\u003c/span\u003e\u003cspan class=\"MJXp-mtr\" id=\"MJXp-Span-307\" style=\"vertical-align: baseline;\"\u003e\u003cspan class=\"MJXp-mtd\" id=\"MJXp-Span-308\" style=\"padding-top: 0.4em; text-align: center;\"\u003e\u003cspan class=\"MJXp-mn\" id=\"MJXp-Span-309\"\u003e3\u003c/span\u003e\u003c/span\u003e\u003cspan class=\"MJXp-mtd\" id=\"MJXp-Span-310\" style=\"padding-left: 1em; padding-top: 0.4em; text-align: center;\"\u003e\u003cspan class=\"MJXp-mn\" id=\"MJXp-Span-311\"\u003e4\u003c/span\u003e\u003c/span\u003e\u003c/span\u003e\u003c/span\u003e\u003c/span\u003e\u003cspan class=\"MJXp-mo\" id=\"MJXp-Span-312\" style=\"margin-left: 0em; margin-right: 0em; vertical-align: -0.528em;\"\u003e\u003cspan class=\"MJXp-right MJXp-scale5\" style=\"font-size: 3.111em; margin-left: -0.13em;\"\u003e]\u003c/span\u003e\u003c/span\u003e\u003c/span\u003e\u003c/span\u003e\u003c/span\u003e\u003cscript type=\"math/tex; mode=display\" id=\"MathJax-Element-35\"\u003e\\begin{bmatrix}2\u00264\\\\3\u00261\\end{bmatrix}\\Rightarrow\\begin{bmatrix}2\u0026\\\\3\u00261\\end{bmatrix}\\Rightarrow\\begin{bmatrix}2\u0026\\\\3\u00261\\end{bmatrix}\\Rightarrow\\begin{bmatrix}2\u00261\\\\3\u0026\\end{bmatrix}\\Rightarrow\\begin{bmatrix}2\u00261\\\\3\u00264\\end{bmatrix}\u003c/script\u003e\u003c/p\u003e\u003cp\u003e列队的过程如上图所示，每一行描述了一个事件。 \u003c/p\u003e\u003cp\u003e在第一个事件中，编号为 \u003cspan class=\"MathJax_Preview\" style=\"color: inherit;\"\u003e\u003cspan class=\"MJXp-math\" id=\"MJXp-Span-313\"\u003e\u003cspan class=\"MJXp-mn\" id=\"MJXp-Span-314\"\u003e1\u003c/span\u003e\u003c/span\u003e\u003c/span\u003e\u003cscript type=\"math/tex\" id=\"MathJax-Element-36\"\u003e1\u003c/script\u003e 的同学离队，这时空位在第一行第一列。接着所有同学向左标齐，这时编号为 \u003cspan class=\"MathJax_Preview\" style=\"color: inherit;\"\u003e\u003cspan class=\"MJXp-math\" id=\"MJXp-Span-315\"\u003e\u003cspan class=\"MJXp-mn\" id=\"MJXp-Span-316\"\u003e2\u003c/span\u003e\u003c/span\u003e\u003c/span\u003e\u003cscript type=\"math/tex\" id=\"MathJax-Element-37\"\u003e2\u003c/script\u003e 的同学向左移动一步，空位移动到第一行第二列。然后所有同学向上标齐，这时编号为 \u003cspan class=\"MathJax_Preview\" style=\"color: inherit;\"\u003e\u003cspan class=\"MJXp-math\" id=\"MJXp-Span-317\"\u003e\u003cspan class=\"MJXp-mn\" id=\"MJXp-Span-318\"\u003e4\u003c/span\u003e\u003c/span\u003e\u003c/span\u003e\u003cscript type=\"math/tex\" id=\"MathJax-Element-38\"\u003e4\u003c/script\u003e 的同学向上一步，这时空位移动到第二行第二列。最后编号为 \u003cspan class=\"MathJax_Preview\" style=\"color: inherit;\"\u003e\u003cspan class=\"MJXp-math\" id=\"MJXp-Span-319\"\u003e\u003cspan class=\"MJXp-mn\" id=\"MJXp-Span-320\"\u003e1\u003c/span\u003e\u003c/span\u003e\u003c/span\u003e\u003cscript type=\"math/tex\" id=\"MathJax-Element-39\"\u003e1\u003c/script\u003e 的同学返回填补到空位中。\u003c/p\u003e",
      "misc": ""
    },
    {
      "title": "样例二",
      "input": "",
      "output": "",
      "explanation": "",
      "misc": "\u003cp\u003e见样例数据下载。\u003c/p\u003e"
    }
  ],
  "tags": [
    "UOJ",
    "NOIP2017"
  ],
  "rules": {
    "runtime": "2000000000",
    "memory": "536870912",
    "stack": "536870912",
    "source": "51200"
  },
  "meta": {
    "created": "2021-04-09T21:43:27.34275997+08:00",
    "updated": "2021-04-09T21:43:27.34275997+08:00",
    "checked": "2021-04-09T21:43:27.34275997+08:00"
  },
  "misc": ""
}
