{
  "id": "336",
  "title": "无限之环",
  "type": "traditional",
  "sections": [
    {
      "title": "题目描述",
      "content": "\u003cp\u003e曾经有一款流行的游戏，叫做 \u003cem\u003eInfinity Loop\u003c/em\u003e，先来简单的介绍一下这个游戏：\u003c/p\u003e\u003cp\u003e游戏在一个 \u003cspan class=\"MathJax_Preview\" style=\"color: inherit;\"\u003e\u003cspan class=\"MJXp-math\" id=\"MJXp-Span-1\"\u003e\u003cspan class=\"MJXp-mi MJXp-italic\" id=\"MJXp-Span-2\"\u003en\u003c/span\u003e\u003cspan class=\"MJXp-mo\" id=\"MJXp-Span-3\" style=\"margin-left: 0.267em; margin-right: 0.267em;\"\u003e×\u003c/span\u003e\u003cspan class=\"MJXp-mi MJXp-italic\" id=\"MJXp-Span-4\"\u003em\u003c/span\u003e\u003c/span\u003e\u003c/span\u003e\u003cspan class=\"MathJax MathJax_Processing\" id=\"MathJax-Element-1-Frame\" tabindex=\"0\"\u003e\u003c/span\u003e\u003cscript type=\"math/tex\" id=\"MathJax-Element-1\"\u003en \\times m\u003c/script\u003e 的网格状棋盘上进行，其中有些小方格中会有水管，水管可能在方格某些方向的边界的中点有接口，所有水管的粗细都相同，所以如果两个相邻方格的公共边界的中点都有接头，那么可以看作这两个接头互相连接。水管有以下 15 种形状：\u003c/p\u003e\u003cp\u003e\u003cimg src=\"//img.uoj.ac/problem/336/pipe1.webp\" alt=\"pattern1.webp\" height=\"200\" width=\"200\"\u003e\u003cimg src=\"//img.uoj.ac/problem/336/pipe2.webp\" alt=\"pattern2.webp\" height=\"200\" width=\"200\"\u003e\u003c/p\u003e\u003cp\u003e游戏开始时，棋盘中水管可能存在漏水的地方。\u003c/p\u003e\u003cp\u003e形式化地：如果存在某个接头，没有和其它接头相连接，那么它就是一个漏水的地方。\u003c/p\u003e\u003cp\u003e玩家可以进行一种操作：选定一个含有\u003cstrong\u003e非直线型\u003c/strong\u003e水管的方格，将其中的水管绕方格中心顺时针或逆时针旋转90度。\u003c/p\u003e\u003cp\u003e直线型水管是指左图里中间一行的两种水管。\u003c/p\u003e\u003cp\u003e现给出一个初始局面，请问最少进行多少次操作可以使棋盘上不存在漏水的地方。\u003c/p\u003e",
      "misc": ""
    },
    {
      "title": "输入格式",
      "content": "\u003cp\u003e从标准输入读入数据。\u003c/p\u003e\u003cp\u003e第一行两个正整数 \u003cspan class=\"MathJax_Preview\" style=\"color: inherit;\"\u003e\u003cspan class=\"MJXp-math\" id=\"MJXp-Span-5\"\u003e\u003cspan class=\"MJXp-mi MJXp-italic\" id=\"MJXp-Span-6\"\u003en\u003c/span\u003e\u003cspan class=\"MJXp-mrow\" id=\"MJXp-Span-7\"\u003e\u003cspan class=\"MJXp-mo\" id=\"MJXp-Span-8\" style=\"margin-left: 0.278em; margin-right: 0.278em;\"\u003e，\u003c/span\u003e\u003c/span\u003e\u003cspan class=\"MJXp-mi MJXp-italic\" id=\"MJXp-Span-9\"\u003em\u003c/span\u003e\u003c/span\u003e\u003c/span\u003e\u003cspan class=\"MathJax MathJax_Processing\" id=\"MathJax-Element-2-Frame\" tabindex=\"0\"\u003e\u003c/span\u003e\u003cscript type=\"math/tex\" id=\"MathJax-Element-2\"\u003en，m\u003c/script\u003e，代表网格的大小。\u003c/p\u003e\u003cp\u003e接下来 \u003cspan class=\"MathJax_Preview\" style=\"color: inherit;\"\u003e\u003cspan class=\"MJXp-math\" id=\"MJXp-Span-10\"\u003e\u003cspan class=\"MJXp-mi MJXp-italic\" id=\"MJXp-Span-11\"\u003en\u003c/span\u003e\u003c/span\u003e\u003c/span\u003e\u003cspan class=\"MathJax MathJax_Processing\" id=\"MathJax-Element-3-Frame\" tabindex=\"0\"\u003e\u003c/span\u003e\u003cscript type=\"math/tex\" id=\"MathJax-Element-3\"\u003en\u003c/script\u003e 行每行 \u003cspan class=\"MathJax_Preview\" style=\"color: inherit;\"\u003e\u003cspan class=\"MJXp-math\" id=\"MJXp-Span-12\"\u003e\u003cspan class=\"MJXp-mi MJXp-italic\" id=\"MJXp-Span-13\"\u003em\u003c/span\u003e\u003c/span\u003e\u003c/span\u003e\u003cspan class=\"MathJax MathJax_Processing\" id=\"MathJax-Element-4-Frame\" tabindex=\"0\"\u003e\u003c/span\u003e\u003cscript type=\"math/tex\" id=\"MathJax-Element-4\"\u003em\u003c/script\u003e 个数，每个数是 \u003cspan class=\"MathJax_Preview\" style=\"color: inherit;\"\u003e\u003cspan class=\"MJXp-math\" id=\"MJXp-Span-14\"\u003e\u003cspan class=\"MJXp-mo\" id=\"MJXp-Span-15\" style=\"margin-left: 0em; margin-right: 0em;\"\u003e[\u003c/span\u003e\u003cspan class=\"MJXp-mn\" id=\"MJXp-Span-16\"\u003e0\u003c/span\u003e\u003cspan class=\"MJXp-mo\" id=\"MJXp-Span-17\" style=\"margin-left: 0em; margin-right: 0.222em;\"\u003e,\u003c/span\u003e\u003cspan class=\"MJXp-mn\" id=\"MJXp-Span-18\"\u003e15\u003c/span\u003e\u003cspan class=\"MJXp-mo\" id=\"MJXp-Span-19\" style=\"margin-left: 0em; margin-right: 0em;\"\u003e]\u003c/span\u003e\u003c/span\u003e\u003c/span\u003e\u003cspan class=\"MathJax MathJax_Processing\" id=\"MathJax-Element-5-Frame\" tabindex=\"0\"\u003e\u003c/span\u003e\u003cscript type=\"math/tex\" id=\"MathJax-Element-5\"\u003e[0,15]\u003c/script\u003e 中的一个，你可以将其看作一个 \u003cspan class=\"MathJax_Preview\" style=\"color: inherit;\"\u003e\u003cspan class=\"MJXp-math\" id=\"MJXp-Span-20\"\u003e\u003cspan class=\"MJXp-mn\" id=\"MJXp-Span-21\"\u003e4\u003c/span\u003e\u003c/span\u003e\u003c/span\u003e\u003cspan class=\"MathJax MathJax_Processing\" id=\"MathJax-Element-6-Frame\" tabindex=\"0\"\u003e\u003c/span\u003e\u003cscript type=\"math/tex\" id=\"MathJax-Element-6\"\u003e4\u003c/script\u003e 位的二进制数，从低到高每一位分别代表初始局面中这个格子上、右、下、左方向上是否有水管接头。\u003c/p\u003e\u003cp\u003e特别地，如果这个数是 \u003cspan class=\"MathJax_Preview\" style=\"color: inherit;\"\u003e\u003cspan class=\"MJXp-math\" id=\"MJXp-Span-22\"\u003e\u003cspan class=\"MJXp-mn\" id=\"MJXp-Span-23\"\u003e0\u003c/span\u003e\u003c/span\u003e\u003c/span\u003e\u003cspan class=\"MathJax MathJax_Processing\" id=\"MathJax-Element-7-Frame\" tabindex=\"0\"\u003e\u003c/span\u003e\u003cscript type=\"math/tex\" id=\"MathJax-Element-7\"\u003e0\u003c/script\u003e ，则意味着这个位置没有水管。\u003c/p\u003e\u003cp\u003e比如 \u003cspan class=\"MathJax_Preview\" style=\"color: inherit;\"\u003e\u003cspan class=\"MJXp-math\" id=\"MJXp-Span-24\"\u003e\u003cspan class=\"MJXp-mn\" id=\"MJXp-Span-25\"\u003e3\u003c/span\u003e\u003cspan class=\"MJXp-mo\" id=\"MJXp-Span-26\" style=\"margin-left: 0em; margin-right: 0em;\"\u003e(\u003c/span\u003e\u003cspan class=\"MJXp-msubsup\" id=\"MJXp-Span-27\"\u003e\u003cspan class=\"MJXp-mn\" id=\"MJXp-Span-28\" style=\"margin-right: 0.05em;\"\u003e0011\u003c/span\u003e\u003cspan class=\"MJXp-mrow MJXp-script\" id=\"MJXp-Span-29\" style=\"vertical-align: -0.4em;\"\u003e\u003cspan class=\"MJXp-mo\" id=\"MJXp-Span-30\"\u003e(\u003c/span\u003e\u003cspan class=\"MJXp-mn\" id=\"MJXp-Span-31\"\u003e2\u003c/span\u003e\u003cspan class=\"MJXp-mo\" id=\"MJXp-Span-32\"\u003e)\u003c/span\u003e\u003c/span\u003e\u003c/span\u003e\u003cspan class=\"MJXp-mo\" id=\"MJXp-Span-33\" style=\"margin-left: 0em; margin-right: 0em;\"\u003e)\u003c/span\u003e\u003c/span\u003e\u003c/span\u003e\u003cspan class=\"MathJax MathJax_Processing\" id=\"MathJax-Element-8-Frame\" tabindex=\"0\"\u003e\u003c/span\u003e\u003cscript type=\"math/tex\" id=\"MathJax-Element-8\"\u003e3(0011_{(2)})\u003c/script\u003e 代表上和右有接头，也就是一个L型，而 \u003cspan class=\"MathJax_Preview\" style=\"color: inherit;\"\u003e\u003cspan class=\"MJXp-math\" id=\"MJXp-Span-34\"\u003e\u003cspan class=\"MJXp-mn\" id=\"MJXp-Span-35\"\u003e12\u003c/span\u003e\u003cspan class=\"MJXp-mo\" id=\"MJXp-Span-36\" style=\"margin-left: 0em; margin-right: 0em;\"\u003e(\u003c/span\u003e\u003cspan class=\"MJXp-msubsup\" id=\"MJXp-Span-37\"\u003e\u003cspan class=\"MJXp-mn\" id=\"MJXp-Span-38\" style=\"margin-right: 0.05em;\"\u003e1100\u003c/span\u003e\u003cspan class=\"MJXp-mrow MJXp-script\" id=\"MJXp-Span-39\" style=\"vertical-align: -0.4em;\"\u003e\u003cspan class=\"MJXp-mo\" id=\"MJXp-Span-40\"\u003e(\u003c/span\u003e\u003cspan class=\"MJXp-mn\" id=\"MJXp-Span-41\"\u003e2\u003c/span\u003e\u003cspan class=\"MJXp-mo\" id=\"MJXp-Span-42\"\u003e)\u003c/span\u003e\u003c/span\u003e\u003c/span\u003e\u003cspan class=\"MJXp-mo\" id=\"MJXp-Span-43\" style=\"margin-left: 0em; margin-right: 0em;\"\u003e)\u003c/span\u003e\u003c/span\u003e\u003c/span\u003e\u003cspan class=\"MathJax MathJax_Processing\" id=\"MathJax-Element-9-Frame\" tabindex=\"0\"\u003e\u003c/span\u003e\u003cscript type=\"math/tex\" id=\"MathJax-Element-9\"\u003e12(1100_{(2)})\u003c/script\u003e 代表下和左有接头，也就是将L型旋转180度。\u003c/p\u003e",
      "misc": ""
    },
    {
      "title": "输出格式",
      "content": "\u003cp\u003e输出到标准输出。\u003c/p\u003e\u003cp\u003e输出共一行，表示最少操作次数。如果无法达成目标，输出-1.\u003c/p\u003e",
      "misc": ""
    },
    {
      "title": "限制与约定",
      "content": "\u003ctable class=\"table table-bordered table-text-center table-vertical-middle\"\u003e\u003cthead\u003e\u003ctr\u003e\u003cth rowspan=\"1\"\u003e测试点编号\u003c/th\u003e\u003cth rowspan=\"1\"\u003e\u003cspan class=\"MathJax_Preview\" style=\"color: inherit;\"\u003e\u003cspan class=\"MJXp-math\" id=\"MJXp-Span-44\"\u003e\u003cspan class=\"MJXp-mi MJXp-italic\" id=\"MJXp-Span-45\"\u003en\u003c/span\u003e\u003cspan class=\"MJXp-mo\" id=\"MJXp-Span-46\" style=\"margin-left: 0.267em; margin-right: 0.267em;\"\u003e+\u003c/span\u003e\u003cspan class=\"MJXp-mi MJXp-italic\" id=\"MJXp-Span-47\"\u003em\u003c/span\u003e\u003c/span\u003e\u003c/span\u003e\u003cspan class=\"MathJax MathJax_Processing\" id=\"MathJax-Element-10-Frame\" tabindex=\"0\"\u003e\u003c/span\u003e\u003cscript type=\"math/tex\" id=\"MathJax-Element-10\"\u003en+m\u003c/script\u003e的范围\u003c/th\u003e\u003cth rowspan=\"1\"\u003e特殊约定\u003c/th\u003e\u003c/tr\u003e\u003c/thead\u003e\u003ctbody\u003e\u003ctr\u003e\u003ctd rowspan=\"1\"\u003e1\u003c/td\u003e\u003ctd rowspan=\"2\"\u003e\u003cspan class=\"MathJax_Preview\" style=\"color: inherit;\"\u003e\u003cspan class=\"MJXp-math\" id=\"MJXp-Span-48\"\u003e\u003cspan class=\"MJXp-mi MJXp-italic\" id=\"MJXp-Span-49\"\u003en\u003c/span\u003e\u003cspan class=\"MJXp-mi MJXp-italic\" id=\"MJXp-Span-50\"\u003em\u003c/span\u003e\u003cspan class=\"MJXp-mo\" id=\"MJXp-Span-51\" style=\"margin-left: 0.333em; margin-right: 0.333em;\"\u003e≤\u003c/span\u003e\u003cspan class=\"MJXp-mn\" id=\"MJXp-Span-52\"\u003e16\u003c/span\u003e\u003c/span\u003e\u003c/span\u003e\u003cspan class=\"MathJax MathJax_Processing\" id=\"MathJax-Element-11-Frame\" tabindex=\"0\"\u003e\u003c/span\u003e\u003cscript type=\"math/tex\" id=\"MathJax-Element-11\"\u003enm\\le 16\u003c/script\u003e\u003c/td\u003e\u003ctd rowspan=\"2\"\u003e无特殊要求\u003c/td\u003e\u003c/tr\u003e\u003ctr\u003e\u003ctd rowspan=\"1\"\u003e2\u003c/td\u003e\u003c/tr\u003e\u003ctr\u003e\u003ctd rowspan=\"1\"\u003e3\u003c/td\u003e\u003ctd rowspan=\"18\"\u003e\u003cspan class=\"MathJax_Preview\" style=\"color: inherit;\"\u003e\u003cspan class=\"MJXp-math\" id=\"MJXp-Span-53\"\u003e\u003cspan class=\"MJXp-mi MJXp-italic\" id=\"MJXp-Span-54\"\u003en\u003c/span\u003e\u003cspan class=\"MJXp-mi MJXp-italic\" id=\"MJXp-Span-55\"\u003em\u003c/span\u003e\u003cspan class=\"MJXp-mo\" id=\"MJXp-Span-56\" style=\"margin-left: 0.333em; margin-right: 0.333em;\"\u003e≤\u003c/span\u003e\u003cspan class=\"MJXp-mn\" id=\"MJXp-Span-57\"\u003e2000\u003c/span\u003e\u003c/span\u003e\u003c/span\u003e\u003cspan class=\"MathJax MathJax_Processing\" id=\"MathJax-Element-12-Frame\" tabindex=\"0\"\u003e\u003c/span\u003e\u003cscript type=\"math/tex\" id=\"MathJax-Element-12\"\u003enm\\le 2000\u003c/script\u003e\u003c/td\u003e\u003ctd rowspan=\"6\"\u003e\u003cspan class=\"MathJax_Preview\" style=\"color: inherit;\"\u003e\u003cspan class=\"MJXp-math\" id=\"MJXp-Span-60\"\u003e\u003cspan class=\"MJXp-mo\" id=\"MJXp-Span-61\" style=\"margin-left: 0.333em; margin-right: 0.333em;\"\u003emin\u003c/span\u003e\u003cspan class=\"MJXp-mo\" id=\"MJXp-Span-62\" style=\"margin-left: 0em; margin-right: 0em;\"\u003e(\u003c/span\u003e\u003cspan class=\"MJXp-mi MJXp-italic\" id=\"MJXp-Span-63\"\u003en\u003c/span\u003e\u003cspan class=\"MJXp-mo\" id=\"MJXp-Span-64\" style=\"margin-left: 0em; margin-right: 0.222em;\"\u003e,\u003c/span\u003e\u003cspan class=\"MJXp-mi MJXp-italic\" id=\"MJXp-Span-65\"\u003em\u003c/span\u003e\u003cspan class=\"MJXp-mo\" id=\"MJXp-Span-66\" style=\"margin-left: 0em; margin-right: 0em;\"\u003e)\u003c/span\u003e\u003cspan class=\"MJXp-mo\" id=\"MJXp-Span-67\" style=\"margin-left: 0.333em; margin-right: 0.333em;\"\u003e≤\u003c/span\u003e\u003cspan class=\"MJXp-mn\" id=\"MJXp-Span-68\"\u003e15\u003c/span\u003e\u003c/span\u003e\u003c/span\u003e\u003cspan class=\"MathJax MathJax_Processing\" id=\"MathJax-Element-13-Frame\" tabindex=\"0\"\u003e\u003c/span\u003e\u003cscript type=\"math/tex\" id=\"MathJax-Element-13\"\u003e\\min(n,m)\\le 15\u003c/script\u003e\u003c/td\u003e\u003c/tr\u003e\u003ctr\u003e\u003ctd rowspan=\"1\"\u003e4\u003c/td\u003e\u003c/tr\u003e\u003ctr\u003e\u003ctd rowspan=\"1\"\u003e5\u003c/td\u003e\u003c/tr\u003e\u003ctr\u003e\u003ctd rowspan=\"1\"\u003e6\u003c/td\u003e\u003c/tr\u003e\u003ctr\u003e\u003ctd rowspan=\"1\"\u003e7\u003c/td\u003e\u003c/tr\u003e\u003ctr\u003e\u003ctd rowspan=\"1\"\u003e8\u003c/td\u003e\u003c/tr\u003e\u003ctr\u003e\u003ctd rowspan=\"1\"\u003e9\u003c/td\u003e\u003ctd rowspan=\"12\"\u003e无特殊要求\u003c/td\u003e\u003c/tr\u003e\u003ctr\u003e\u003ctd rowspan=\"1\"\u003e10\u003c/td\u003e\u003c/tr\u003e\u003ctr\u003e\u003ctd rowspan=\"1\"\u003e11\u003c/td\u003e\u003c/tr\u003e\u003ctr\u003e\u003ctd rowspan=\"1\"\u003e12\u003c/td\u003e\u003c/tr\u003e\u003ctr\u003e\u003ctd rowspan=\"1\"\u003e13\u003c/td\u003e\u003c/tr\u003e\u003ctr\u003e\u003ctd rowspan=\"1\"\u003e14\u003c/td\u003e\u003c/tr\u003e\u003ctr\u003e\u003ctd rowspan=\"1\"\u003e15\u003c/td\u003e\u003c/tr\u003e\u003ctr\u003e\u003ctd rowspan=\"1\"\u003e16\u003c/td\u003e\u003c/tr\u003e\u003ctr\u003e\u003ctd rowspan=\"1\"\u003e17\u003c/td\u003e\u003c/tr\u003e\u003ctr\u003e\u003ctd rowspan=\"1\"\u003e18\u003c/td\u003e\u003c/tr\u003e\u003ctr\u003e\u003ctd rowspan=\"1\"\u003e19\u003c/td\u003e\u003c/tr\u003e\u003ctr\u003e\u003ctd rowspan=\"1\"\u003e20\u003c/td\u003e\u003c/tr\u003e\u003c/tbody\u003e\u003c/table\u003e",
      "misc": ""
    },
    {
      "title": "下载",
      "content": "\u003cp\u003e\u003ca href=\"/download.php?type=problem\u0026amp;id=336\"\u003e样例数据下载\u003c/a\u003e\u003c/p\u003e",
      "misc": ""
    }
  ],
  "samples": [
    {
      "title": "样例一",
      "input": "\u003cpre\u003e\u003ccode class=\"sh_plain\"\u003e2 3\n3 14 12\n3 11 12\u003c/code\u003e\u003c/pre\u003e",
      "output": "\u003cpre\u003e\u003ccode class=\"sh_plain\"\u003e2\u003c/code\u003e\u003c/pre\u003e",
      "explanation": "\u003cp\u003e样例1棋盘如下\u003c/p\u003e\u003cp\u003e\u003cimg src=\"//img.uoj.ac/problem/336/sample.jpg\" alt=\"sample.jpg\" height=\"200\"\u003e\u003c/p\u003e\u003cp\u003e旋转方法很显然，先将左上角虚线方格内的水管顺时针转90度\u003c/p\u003e\u003cp\u003e\u003cimg src=\"//img.uoj.ac/problem/336/process.webp\" alt=\"process.webp\" height=\"200\"\u003e\u003c/p\u003e\u003cp\u003e然后右下角虚线方格内的水管顺时针旋转90度，这样就使得水管封闭了\u003c/p\u003e",
      "misc": ""
    },
    {
      "title": "样例二",
      "input": "\u003cpre\u003e\u003ccode class=\"sh_plain\"\u003e3 2\n1 8\n5 10\n2 4\u003c/code\u003e\u003c/pre\u003e",
      "output": "\u003cpre\u003e\u003ccode class=\"sh_plain\"\u003e-1\u003c/code\u003e\u003c/pre\u003e",
      "explanation": "\u003cp\u003e样例2为题目描述中的第一张图片，无法达成目标。\u003c/p\u003e",
      "misc": ""
    },
    {
      "title": "样例三",
      "input": "\u003cpre\u003e\u003ccode class=\"sh_plain\"\u003e3 3\n9 11 3\n13 15 7\n12 14 6\u003c/code\u003e\u003c/pre\u003e",
      "output": "\u003cpre\u003e\u003ccode class=\"sh_plain\"\u003e16\u003c/code\u003e\u003c/pre\u003e",
      "explanation": "",
      "misc": "\u003cp\u003e样例3为题目描述中的第二张图片，将除了中心方格以外的每个方格内的水管都转180度即可。\u003c/p\u003e"
    }
  ],
  "tags": [
    "UOJ",
    "清华集训2017"
  ],
  "rules": {
    "runtime": "1000000000",
    "memory": "536870912",
    "stack": "536870912",
    "source": "51200"
  },
  "meta": {
    "created": "2021-04-09T21:43:30.601885852+08:00",
    "updated": "2021-04-09T21:43:30.601885852+08:00",
    "checked": "2021-04-09T21:43:30.601885852+08:00"
  },
  "misc": ""
}
