{
  "id": "341",
  "title": "简单数据结构",
  "type": "traditional",
  "sections": [
    {
      "title": "题目背景",
      "content": "\u003cp\u003e参加完IOI2018之后就是姚班面试。而你，由于讨厌物理、并且想成为乔布斯一样的创业家，被成功踢回贵系。\u003c/p\u003e\u003cp\u003e转眼，时间的指针被指向2019，大二，12月初，考试周。\u003c/p\u003e\u003cp\u003e你早听学长说，数据结构期中考很难，对竞赛生不友好，集训队选手做不完卷子。\u003c/p\u003e\u003cp\u003e你冷笑。哼，堂堂国际金，这点难度的考试算什么。\u003c/p\u003e\u003cp\u003e两小时，你看完习题解析前五章所有内容，并且倒背如流；\u003c/p\u003e\u003cp\u003e一小时，你看了500页的讲义，并且记忆犹新；\u003c/p\u003e\u003cp\u003e十分钟，你骑车到考场，自信的你只带了一把水笔，虽然考试让带资料；\u003c/p\u003e\u003cp\u003e现在，摊开传说中神级卷子，你定神一看——\u003c/p\u003e",
      "misc": ""
    },
    {
      "title": "题目描述",
      "content": "\u003cp\u003e给出一个长度为\u003cspan class=\"MathJax_Preview\" style=\"color: inherit;\"\u003e\u003cspan class=\"MJXp-math\" id=\"MJXp-Span-1\"\u003e\u003cspan class=\"MJXp-mi MJXp-italic\" id=\"MJXp-Span-2\"\u003eN\u003c/span\u003e\u003c/span\u003e\u003c/span\u003e\u003cscript type=\"math/tex\" id=\"MathJax-Element-1\"\u003eN\u003c/script\u003e的序列\u003cspan class=\"MathJax_Preview\" style=\"color: inherit;\"\u003e\u003cspan class=\"MJXp-math\" id=\"MJXp-Span-3\"\u003e\u003cspan class=\"MJXp-msubsup\" id=\"MJXp-Span-4\"\u003e\u003cspan class=\"MJXp-mi MJXp-italic\" id=\"MJXp-Span-5\" style=\"margin-right: 0.05em;\"\u003eA\u003c/span\u003e\u003cspan class=\"MJXp-mrow MJXp-script\" id=\"MJXp-Span-6\" style=\"vertical-align: -0.4em;\"\u003e\u003cspan class=\"MJXp-mn\" id=\"MJXp-Span-7\"\u003e1\u003c/span\u003e\u003c/span\u003e\u003c/span\u003e\u003cspan class=\"MJXp-mo\" id=\"MJXp-Span-8\" style=\"margin-left: 0em; margin-right: 0.222em;\"\u003e,\u003c/span\u003e\u003cspan class=\"MJXp-msubsup\" id=\"MJXp-Span-9\"\u003e\u003cspan class=\"MJXp-mi MJXp-italic\" id=\"MJXp-Span-10\" style=\"margin-right: 0.05em;\"\u003eA\u003c/span\u003e\u003cspan class=\"MJXp-mrow MJXp-script\" id=\"MJXp-Span-11\" style=\"vertical-align: -0.4em;\"\u003e\u003cspan class=\"MJXp-mn\" id=\"MJXp-Span-12\"\u003e2\u003c/span\u003e\u003c/span\u003e\u003c/span\u003e\u003cspan class=\"MJXp-mo\" id=\"MJXp-Span-13\" style=\"margin-left: 0em; margin-right: 0.222em;\"\u003e,\u003c/span\u003e\u003cspan class=\"MJXp-mo\" id=\"MJXp-Span-14\" style=\"margin-left: 0em; margin-right: 0em;\"\u003e⋯\u003c/span\u003e\u003cspan class=\"MJXp-mo\" id=\"MJXp-Span-15\" style=\"margin-left: 0em; margin-right: 0.222em;\"\u003e,\u003c/span\u003e\u003cspan class=\"MJXp-msubsup\" id=\"MJXp-Span-16\"\u003e\u003cspan class=\"MJXp-mi MJXp-italic\" id=\"MJXp-Span-17\" style=\"margin-right: 0.05em;\"\u003eA\u003c/span\u003e\u003cspan class=\"MJXp-mrow MJXp-script\" id=\"MJXp-Span-18\" style=\"vertical-align: -0.4em;\"\u003e\u003cspan class=\"MJXp-mi MJXp-italic\" id=\"MJXp-Span-19\"\u003eN\u003c/span\u003e\u003c/span\u003e\u003c/span\u003e\u003c/span\u003e\u003c/span\u003e\u003cscript type=\"math/tex\" id=\"MathJax-Element-2\"\u003eA_{1},A_{2},\\cdots,A_{N}\u003c/script\u003e，如果\u003cspan class=\"MathJax_Preview\" style=\"color: inherit;\"\u003e\u003cspan class=\"MJXp-math\" id=\"MJXp-Span-20\"\u003e\u003cspan class=\"MJXp-mi MJXp-italic\" id=\"MJXp-Span-21\"\u003eA\u003c/span\u003e\u003c/span\u003e\u003c/span\u003e\u003cscript type=\"math/tex\" id=\"MathJax-Element-3\"\u003eA\u003c/script\u003e中的一个子序列\u003cspan class=\"MathJax_Preview\" style=\"color: inherit;\"\u003e\u003cspan class=\"MJXp-math\" id=\"MJXp-Span-22\"\u003e\u003cspan class=\"MJXp-msubsup\" id=\"MJXp-Span-23\"\u003e\u003cspan class=\"MJXp-mi MJXp-italic\" id=\"MJXp-Span-24\" style=\"margin-right: 0.05em;\"\u003eB\u003c/span\u003e\u003cspan class=\"MJXp-mn MJXp-script\" id=\"MJXp-Span-25\" style=\"vertical-align: -0.4em;\"\u003e1\u003c/span\u003e\u003c/span\u003e\u003cspan class=\"MJXp-mo\" id=\"MJXp-Span-26\" style=\"margin-left: 0em; margin-right: 0.222em;\"\u003e,\u003c/span\u003e\u003cspan class=\"MJXp-msubsup\" id=\"MJXp-Span-27\"\u003e\u003cspan class=\"MJXp-mi MJXp-italic\" id=\"MJXp-Span-28\" style=\"margin-right: 0.05em;\"\u003eB\u003c/span\u003e\u003cspan class=\"MJXp-mn MJXp-script\" id=\"MJXp-Span-29\" style=\"vertical-align: -0.4em;\"\u003e2\u003c/span\u003e\u003c/span\u003e\u003cspan class=\"MJXp-mo\" id=\"MJXp-Span-30\" style=\"margin-left: 0em; margin-right: 0.222em;\"\u003e,\u003c/span\u003e\u003cspan class=\"MJXp-mo\" id=\"MJXp-Span-31\" style=\"margin-left: 0em; margin-right: 0em;\"\u003e⋯\u003c/span\u003e\u003cspan class=\"MJXp-mo\" id=\"MJXp-Span-32\" style=\"margin-left: 0em; margin-right: 0.222em;\"\u003e,\u003c/span\u003e\u003cspan class=\"MJXp-msubsup\" id=\"MJXp-Span-33\"\u003e\u003cspan class=\"MJXp-mi MJXp-italic\" id=\"MJXp-Span-34\" style=\"margin-right: 0.05em;\"\u003eB\u003c/span\u003e\u003cspan class=\"MJXp-mi MJXp-italic MJXp-script\" id=\"MJXp-Span-35\" style=\"vertical-align: -0.4em;\"\u003eM\u003c/span\u003e\u003c/span\u003e\u003c/span\u003e\u003c/span\u003e\u003cscript type=\"math/tex\" id=\"MathJax-Element-4\"\u003eB_1,B_2,\\cdots,B_M\u003c/script\u003e，满足条件：\u003c/p\u003e\u003cul\u003e\u003cli\u003e\u003cspan class=\"MathJax_Preview\" style=\"color: inherit;\"\u003e\u003cspan class=\"MJXp-math\" id=\"MJXp-Span-36\"\u003e\u003cspan class=\"MJXp-mn\" id=\"MJXp-Span-37\"\u003e1\u003c/span\u003e\u003cspan class=\"MJXp-mo\" id=\"MJXp-Span-38\" style=\"margin-left: 0.333em; margin-right: 0.333em;\"\u003e≤\u003c/span\u003e\u003cspan class=\"MJXp-mi MJXp-italic\" id=\"MJXp-Span-39\"\u003eM\u003c/span\u003e\u003cspan class=\"MJXp-mo\" id=\"MJXp-Span-40\" style=\"margin-left: 0.333em; margin-right: 0.333em;\"\u003e≤\u003c/span\u003e\u003cspan class=\"MJXp-mi MJXp-italic\" id=\"MJXp-Span-41\"\u003eN\u003c/span\u003e\u003c/span\u003e\u003c/span\u003e\u003cscript type=\"math/tex\" id=\"MathJax-Element-5\"\u003e1\\le M\\le N\u003c/script\u003e\u003c/li\u003e\n\u003cli\u003e\u003cspan class=\"MathJax_Preview\" style=\"color: inherit;\"\u003e\u003cspan class=\"MJXp-math\" id=\"MJXp-Span-42\"\u003e\u003cspan class=\"MJXp-mi\" id=\"MJXp-Span-43\"\u003e∀\u003c/span\u003e\u003cspan class=\"MJXp-mn\" id=\"MJXp-Span-44\"\u003e1\u003c/span\u003e\u003cspan class=\"MJXp-mo\" id=\"MJXp-Span-45\" style=\"margin-left: 0.333em; margin-right: 0.333em;\"\u003e≤\u003c/span\u003e\u003cspan class=\"MJXp-mi MJXp-italic\" id=\"MJXp-Span-46\"\u003ei\u003c/span\u003e\u003cspan class=\"MJXp-mo\" id=\"MJXp-Span-47\" style=\"margin-left: 0.333em; margin-right: 0.333em;\"\u003e\u0026lt;\u003c/span\u003e\u003cspan class=\"MJXp-mi MJXp-italic\" id=\"MJXp-Span-48\"\u003eM\u003c/span\u003e\u003c/span\u003e\u003c/span\u003e\u003cscript type=\"math/tex\" id=\"MathJax-Element-6\"\u003e\\forall 1\\le i \u003c M\u003c/script\u003e，\u003cspan class=\"MathJax_Preview\" style=\"color: inherit;\"\u003e\u003cspan class=\"MJXp-math\" id=\"MJXp-Span-49\"\u003e\u003cspan class=\"MJXp-msubsup\" id=\"MJXp-Span-50\"\u003e\u003cspan class=\"MJXp-mi MJXp-italic\" id=\"MJXp-Span-51\" style=\"margin-right: 0.05em;\"\u003eB\u003c/span\u003e\u003cspan class=\"MJXp-mi MJXp-italic MJXp-script\" id=\"MJXp-Span-52\" style=\"vertical-align: -0.4em;\"\u003ei\u003c/span\u003e\u003c/span\u003e\u003cspan class=\"MJXp-mstyle\" id=\"MJXp-Span-53\"\u003e\u003cspan class=\"MJXp-mrow\" id=\"MJXp-Span-54\"\u003e\u003cspan class=\"MJXp-mo\" id=\"MJXp-Span-55\" style=\"margin-left: 0.167em; margin-right: 0.167em; vertical-align: -0.201em;\"\u003e\u003cspan class=\"MJXp-right MJXp-scale7\" style=\"font-size: 1.803em; margin-left: -0.013em;\"\u003e|\u003c/span\u003e\u003c/span\u003e\u003c/span\u003e\u003c/span\u003e\u003cspan class=\"MJXp-msubsup\" id=\"MJXp-Span-56\"\u003e\u003cspan class=\"MJXp-mi MJXp-italic\" id=\"MJXp-Span-57\" style=\"margin-right: 0.05em;\"\u003eB\u003c/span\u003e\u003cspan class=\"MJXp-mrow MJXp-script\" id=\"MJXp-Span-58\" style=\"vertical-align: -0.4em;\"\u003e\u003cspan class=\"MJXp-mi MJXp-italic\" id=\"MJXp-Span-59\"\u003ei\u003c/span\u003e\u003cspan class=\"MJXp-mo\" id=\"MJXp-Span-60\"\u003e+\u003c/span\u003e\u003cspan class=\"MJXp-mn\" id=\"MJXp-Span-61\"\u003e1\u003c/span\u003e\u003c/span\u003e\u003c/span\u003e\u003c/span\u003e\u003c/span\u003e\u003cscript type=\"math/tex\" id=\"MathJax-Element-7\"\u003eB_i\\Big{|}B_{i+1}\u003c/script\u003e\u003c/li\u003e\n\u003c/ul\u003e\u003cp\u003e那么称\u003cspan class=\"MathJax_Preview\" style=\"color: inherit;\"\u003e\u003cspan class=\"MJXp-math\" id=\"MJXp-Span-62\"\u003e\u003cspan class=\"MJXp-mi MJXp-italic\" id=\"MJXp-Span-63\"\u003eB\u003c/span\u003e\u003c/span\u003e\u003c/span\u003e\u003cscript type=\"math/tex\" id=\"MathJax-Element-8\"\u003eB\u003c/script\u003e为\u003cspan class=\"MathJax_Preview\" style=\"color: inherit;\"\u003e\u003cspan class=\"MJXp-math\" id=\"MJXp-Span-64\"\u003e\u003cspan class=\"MJXp-mi MJXp-italic\" id=\"MJXp-Span-65\"\u003eA\u003c/span\u003e\u003c/span\u003e\u003c/span\u003e\u003cscript type=\"math/tex\" id=\"MathJax-Element-9\"\u003eA\u003c/script\u003e的\u003ccode\u003e上升倍数子序列\u003c/code\u003e。\u003c/p\u003e\u003cp\u003e现在有一个长度为 \u003cspan class=\"MathJax_Preview\" style=\"color: inherit;\"\u003e\u003cspan class=\"MJXp-math\" id=\"MJXp-Span-66\"\u003e\u003cspan class=\"MJXp-mi MJXp-italic\" id=\"MJXp-Span-67\"\u003eN\u003c/span\u003e\u003c/span\u003e\u003c/span\u003e\u003cscript type=\"math/tex\" id=\"MathJax-Element-10\"\u003eN\u003c/script\u003e 的序列 \u003cspan class=\"MathJax_Preview\" style=\"color: inherit;\"\u003e\u003cspan class=\"MJXp-math\" id=\"MJXp-Span-68\"\u003e\u003cspan class=\"MJXp-mi MJXp-italic\" id=\"MJXp-Span-69\"\u003eA\u003c/span\u003e\u003c/span\u003e\u003c/span\u003e\u003cscript type=\"math/tex\" id=\"MathJax-Element-11\"\u003eA\u003c/script\u003e 被初始化为\u003cspan class=\"MathJax_Preview\" style=\"color: inherit;\"\u003e\u003cspan class=\"MJXp-math\" id=\"MJXp-Span-70\"\u003e\u003cspan class=\"MJXp-msubsup\" id=\"MJXp-Span-71\"\u003e\u003cspan class=\"MJXp-mi MJXp-italic\" id=\"MJXp-Span-72\" style=\"margin-right: 0.05em;\"\u003eA\u003c/span\u003e\u003cspan class=\"MJXp-mrow MJXp-script\" id=\"MJXp-Span-73\" style=\"vertical-align: -0.4em;\"\u003e\u003cspan class=\"MJXp-mn\" id=\"MJXp-Span-74\"\u003e1\u003c/span\u003e\u003c/span\u003e\u003c/span\u003e\u003cspan class=\"MJXp-mo\" id=\"MJXp-Span-75\" style=\"margin-left: 0em; margin-right: 0.222em;\"\u003e,\u003c/span\u003e\u003cspan class=\"MJXp-msubsup\" id=\"MJXp-Span-76\"\u003e\u003cspan class=\"MJXp-mi MJXp-italic\" id=\"MJXp-Span-77\" style=\"margin-right: 0.05em;\"\u003eA\u003c/span\u003e\u003cspan class=\"MJXp-mrow MJXp-script\" id=\"MJXp-Span-78\" style=\"vertical-align: -0.4em;\"\u003e\u003cspan class=\"MJXp-mn\" id=\"MJXp-Span-79\"\u003e2\u003c/span\u003e\u003c/span\u003e\u003c/span\u003e\u003cspan class=\"MJXp-mo\" id=\"MJXp-Span-80\" style=\"margin-left: 0em; margin-right: 0.222em;\"\u003e,\u003c/span\u003e\u003cspan class=\"MJXp-mo\" id=\"MJXp-Span-81\" style=\"margin-left: 0em; margin-right: 0em;\"\u003e⋯\u003c/span\u003e\u003cspan class=\"MJXp-mo\" id=\"MJXp-Span-82\" style=\"margin-left: 0em; margin-right: 0.222em;\"\u003e,\u003c/span\u003e\u003cspan class=\"MJXp-msubsup\" id=\"MJXp-Span-83\"\u003e\u003cspan class=\"MJXp-mi MJXp-italic\" id=\"MJXp-Span-84\" style=\"margin-right: 0.05em;\"\u003eA\u003c/span\u003e\u003cspan class=\"MJXp-mrow MJXp-script\" id=\"MJXp-Span-85\" style=\"vertical-align: -0.4em;\"\u003e\u003cspan class=\"MJXp-mi MJXp-italic\" id=\"MJXp-Span-86\"\u003eN\u003c/span\u003e\u003c/span\u003e\u003c/span\u003e\u003c/span\u003e\u003c/span\u003e\u003cscript type=\"math/tex\" id=\"MathJax-Element-12\"\u003eA_{1},A_{2},\\cdots,A_{N}\u003c/script\u003e，以及\u003cspan class=\"MathJax_Preview\" style=\"color: inherit;\"\u003e\u003cspan class=\"MJXp-math\" id=\"MJXp-Span-87\"\u003e\u003cspan class=\"MJXp-mi MJXp-italic\" id=\"MJXp-Span-88\"\u003eQ\u003c/span\u003e\u003c/span\u003e\u003c/span\u003e\u003cscript type=\"math/tex\" id=\"MathJax-Element-13\"\u003eQ\u003c/script\u003e次对序列\u003cspan class=\"MathJax_Preview\" style=\"color: inherit;\"\u003e\u003cspan class=\"MJXp-math\" id=\"MJXp-Span-89\"\u003e\u003cspan class=\"MJXp-mi MJXp-italic\" id=\"MJXp-Span-90\"\u003eA\u003c/span\u003e\u003c/span\u003e\u003c/span\u003e\u003cscript type=\"math/tex\" id=\"MathJax-Element-14\"\u003eA\u003c/script\u003e的操作。此处要求实现如下四种操作：\u003c/p\u003e\u003cul\u003e\u003cli\u003e\u003ccode\u003e0 x\u003c/code\u003e：在序列\u003cspan class=\"MathJax_Preview\" style=\"color: inherit;\"\u003e\u003cspan class=\"MJXp-math\" id=\"MJXp-Span-91\"\u003e\u003cspan class=\"MJXp-mi MJXp-italic\" id=\"MJXp-Span-92\"\u003eA\u003c/span\u003e\u003c/span\u003e\u003c/span\u003e\u003cscript type=\"math/tex\" id=\"MathJax-Element-15\"\u003eA\u003c/script\u003e的最左端插入一个数字\u003cspan class=\"MathJax_Preview\" style=\"color: inherit;\"\u003e\u003cspan class=\"MJXp-math\" id=\"MJXp-Span-93\"\u003e\u003cspan class=\"MJXp-mi MJXp-italic\" id=\"MJXp-Span-94\"\u003ex\u003c/span\u003e\u003c/span\u003e\u003c/span\u003e\u003cscript type=\"math/tex\" id=\"MathJax-Element-16\"\u003ex\u003c/script\u003e；\u003c/li\u003e\n\u003cli\u003e\u003ccode\u003e1 x\u003c/code\u003e：在序列\u003cspan class=\"MathJax_Preview\" style=\"color: inherit;\"\u003e\u003cspan class=\"MJXp-math\" id=\"MJXp-Span-95\"\u003e\u003cspan class=\"MJXp-mi MJXp-italic\" id=\"MJXp-Span-96\"\u003eA\u003c/span\u003e\u003c/span\u003e\u003c/span\u003e\u003cscript type=\"math/tex\" id=\"MathJax-Element-17\"\u003eA\u003c/script\u003e的最右端插入一个数字\u003cspan class=\"MathJax_Preview\" style=\"color: inherit;\"\u003e\u003cspan class=\"MJXp-math\" id=\"MJXp-Span-97\"\u003e\u003cspan class=\"MJXp-mi MJXp-italic\" id=\"MJXp-Span-98\"\u003ex\u003c/span\u003e\u003c/span\u003e\u003c/span\u003e\u003cscript type=\"math/tex\" id=\"MathJax-Element-18\"\u003ex\u003c/script\u003e；\u003c/li\u003e\n\u003cli\u003e\u003ccode\u003e2\u003c/code\u003e：移除序列\u003cspan class=\"MathJax_Preview\" style=\"color: inherit;\"\u003e\u003cspan class=\"MJXp-math\" id=\"MJXp-Span-99\"\u003e\u003cspan class=\"MJXp-mi MJXp-italic\" id=\"MJXp-Span-100\"\u003eA\u003c/span\u003e\u003c/span\u003e\u003c/span\u003e\u003cscript type=\"math/tex\" id=\"MathJax-Element-19\"\u003eA\u003c/script\u003e最左端的一个数字；\u003c/li\u003e\n\u003cli\u003e\u003ccode\u003e3\u003c/code\u003e：移除序列\u003cspan class=\"MathJax_Preview\" style=\"color: inherit;\"\u003e\u003cspan class=\"MJXp-math\" id=\"MJXp-Span-101\"\u003e\u003cspan class=\"MJXp-mi MJXp-italic\" id=\"MJXp-Span-102\"\u003eA\u003c/span\u003e\u003c/span\u003e\u003c/span\u003e\u003cscript type=\"math/tex\" id=\"MathJax-Element-20\"\u003eA\u003c/script\u003e最右端的一个数字；\u003c/li\u003e\n\u003c/ul\u003e\u003cp\u003e在初始化序列\u003cspan class=\"MathJax_Preview\" style=\"color: inherit;\"\u003e\u003cspan class=\"MJXp-math\" id=\"MJXp-Span-103\"\u003e\u003cspan class=\"MJXp-mi MJXp-italic\" id=\"MJXp-Span-104\"\u003eA\u003c/span\u003e\u003c/span\u003e\u003c/span\u003e\u003cscript type=\"math/tex\" id=\"MathJax-Element-21\"\u003eA\u003c/script\u003e和\u003cstrong\u003e每次\u003c/strong\u003e操作之后，请计算此时序列\u003cspan class=\"MathJax_Preview\" style=\"color: inherit;\"\u003e\u003cspan class=\"MJXp-math\" id=\"MJXp-Span-105\"\u003e\u003cspan class=\"MJXp-mi MJXp-italic\" id=\"MJXp-Span-106\"\u003eA\u003c/span\u003e\u003c/span\u003e\u003c/span\u003e\u003cscript type=\"math/tex\" id=\"MathJax-Element-22\"\u003eA\u003c/script\u003e中\u003cstrong\u003e最长\u003c/strong\u003e上升倍数子序列的长度MaxLen，以及所有长度为MaxLen的上升倍数子序列的不同的开头数Cnt，输出MaxLen和Cnt。\u003c/p\u003e\u003cp\u003e为了大幅度降低题目难度，保证在\u003cstrong\u003e任意时刻\u003c/strong\u003e序列\u003cspan class=\"MathJax_Preview\" style=\"color: inherit;\"\u003e\u003cspan class=\"MJXp-math\" id=\"MJXp-Span-107\"\u003e\u003cspan class=\"MJXp-mi MJXp-italic\" id=\"MJXp-Span-108\"\u003eA\u003c/span\u003e\u003c/span\u003e\u003c/span\u003e\u003cscript type=\"math/tex\" id=\"MathJax-Element-23\"\u003eA\u003c/script\u003e\u003cstrong\u003e非空\u003c/strong\u003e，其中的元素\u003cstrong\u003e互不相等\u003c/strong\u003e，并且均为\u003cspan class=\"MathJax_Preview\" style=\"color: inherit;\"\u003e\u003cspan class=\"MJXp-math\" id=\"MJXp-Span-109\"\u003e\u003cspan class=\"MJXp-mn\" id=\"MJXp-Span-110\"\u003e1\u003c/span\u003e\u003cspan class=\"MJXp-mo\" id=\"MJXp-Span-111\" style=\"margin-left: 0.333em; margin-right: 0.333em;\"\u003e∼\u003c/span\u003e\u003cspan class=\"MJXp-mi MJXp-italic\" id=\"MJXp-Span-112\"\u003eM\u003c/span\u003e\u003c/span\u003e\u003c/span\u003e\u003cscript type=\"math/tex\" id=\"MathJax-Element-24\"\u003e1\\sim M\u003c/script\u003e之间的正整数；同一个数字最多只会被插入\u003cspan class=\"MathJax_Preview\" style=\"color: inherit;\"\u003e\u003cspan class=\"MJXp-math\" id=\"MJXp-Span-113\"\u003e\u003cspan class=\"MJXp-mi MJXp-italic\" id=\"MJXp-Span-114\"\u003eC\u003c/span\u003e\u003c/span\u003e\u003c/span\u003e\u003cscript type=\"math/tex\" id=\"MathJax-Element-25\"\u003eC\u003c/script\u003e次。\u003c/p\u003e",
      "misc": ""
    },
    {
      "title": "输入格式",
      "content": "\u003cp\u003e从标准输入读入数据。\u003c/p\u003e\u003cp\u003e输入第一行包含三个正整数 \u003cspan class=\"MathJax_Preview\" style=\"color: inherit;\"\u003e\u003cspan class=\"MJXp-math\" id=\"MJXp-Span-115\"\u003e\u003cspan class=\"MJXp-mi MJXp-italic\" id=\"MJXp-Span-116\"\u003eN\u003c/span\u003e\u003cspan class=\"MJXp-mo\" id=\"MJXp-Span-117\" style=\"margin-left: 0em; margin-right: 0.222em;\"\u003e,\u003c/span\u003e\u003cspan class=\"MJXp-mi MJXp-italic\" id=\"MJXp-Span-118\"\u003eM\u003c/span\u003e\u003cspan class=\"MJXp-mo\" id=\"MJXp-Span-119\" style=\"margin-left: 0em; margin-right: 0.222em;\"\u003e,\u003c/span\u003e\u003cspan class=\"MJXp-mi MJXp-italic\" id=\"MJXp-Span-120\"\u003eQ\u003c/span\u003e\u003c/span\u003e\u003c/span\u003e\u003cscript type=\"math/tex\" id=\"MathJax-Element-26\"\u003eN,M,Q\u003c/script\u003e，具体含义见上，保证 \u003cspan class=\"MathJax_Preview\" style=\"color: inherit;\"\u003e\u003cspan class=\"MJXp-math\" id=\"MJXp-Span-121\"\u003e\u003cspan class=\"MJXp-mn\" id=\"MJXp-Span-122\"\u003e1\u003c/span\u003e\u003cspan class=\"MJXp-mo\" id=\"MJXp-Span-123\" style=\"margin-left: 0.333em; margin-right: 0.333em;\"\u003e≤\u003c/span\u003e\u003cspan class=\"MJXp-mi MJXp-italic\" id=\"MJXp-Span-124\"\u003eN\u003c/span\u003e\u003cspan class=\"MJXp-mo\" id=\"MJXp-Span-125\" style=\"margin-left: 0.333em; margin-right: 0.333em;\"\u003e≤\u003c/span\u003e\u003cspan class=\"MJXp-msubsup\" id=\"MJXp-Span-126\"\u003e\u003cspan class=\"MJXp-mn\" id=\"MJXp-Span-127\" style=\"margin-right: 0.05em;\"\u003e10\u003c/span\u003e\u003cspan class=\"MJXp-mrow MJXp-script\" id=\"MJXp-Span-128\" style=\"vertical-align: 0.5em;\"\u003e\u003cspan class=\"MJXp-mn\" id=\"MJXp-Span-129\"\u003e5\u003c/span\u003e\u003c/span\u003e\u003c/span\u003e\u003c/span\u003e\u003c/span\u003e\u003cscript type=\"math/tex\" id=\"MathJax-Element-27\"\u003e1\\le N \\le 10^{5}\u003c/script\u003e，\u003cspan class=\"MathJax_Preview\" style=\"color: inherit;\"\u003e\u003cspan class=\"MJXp-math\" id=\"MJXp-Span-130\"\u003e\u003cspan class=\"MJXp-mi MJXp-italic\" id=\"MJXp-Span-131\"\u003eN\u003c/span\u003e\u003cspan class=\"MJXp-mo\" id=\"MJXp-Span-132\" style=\"margin-left: 0.333em; margin-right: 0.333em;\"\u003e≤\u003c/span\u003e\u003cspan class=\"MJXp-mi MJXp-italic\" id=\"MJXp-Span-133\"\u003eM\u003c/span\u003e\u003cspan class=\"MJXp-mo\" id=\"MJXp-Span-134\" style=\"margin-left: 0.333em; margin-right: 0.333em;\"\u003e≤\u003c/span\u003e\u003cspan class=\"MJXp-msubsup\" id=\"MJXp-Span-135\"\u003e\u003cspan class=\"MJXp-mn\" id=\"MJXp-Span-136\" style=\"margin-right: 0.05em;\"\u003e10\u003c/span\u003e\u003cspan class=\"MJXp-mrow MJXp-script\" id=\"MJXp-Span-137\" style=\"vertical-align: 0.5em;\"\u003e\u003cspan class=\"MJXp-mn\" id=\"MJXp-Span-138\"\u003e6\u003c/span\u003e\u003c/span\u003e\u003c/span\u003e\u003c/span\u003e\u003c/span\u003e\u003cscript type=\"math/tex\" id=\"MathJax-Element-28\"\u003eN\\le M \\le 10^{6}\u003c/script\u003e，\u003cspan class=\"MathJax_Preview\" style=\"color: inherit;\"\u003e\u003cspan class=\"MJXp-math\" id=\"MJXp-Span-139\"\u003e\u003cspan class=\"MJXp-mn\" id=\"MJXp-Span-140\"\u003e0\u003c/span\u003e\u003cspan class=\"MJXp-mo\" id=\"MJXp-Span-141\" style=\"margin-left: 0.333em; margin-right: 0.333em;\"\u003e≤\u003c/span\u003e\u003cspan class=\"MJXp-mi MJXp-italic\" id=\"MJXp-Span-142\"\u003eQ\u003c/span\u003e\u003cspan class=\"MJXp-mo\" id=\"MJXp-Span-143\" style=\"margin-left: 0.333em; margin-right: 0.333em;\"\u003e≤\u003c/span\u003e\u003cspan class=\"MJXp-msubsup\" id=\"MJXp-Span-144\"\u003e\u003cspan class=\"MJXp-mn\" id=\"MJXp-Span-145\" style=\"margin-right: 0.05em;\"\u003e10\u003c/span\u003e\u003cspan class=\"MJXp-mrow MJXp-script\" id=\"MJXp-Span-146\" style=\"vertical-align: 0.5em;\"\u003e\u003cspan class=\"MJXp-mn\" id=\"MJXp-Span-147\"\u003e5\u003c/span\u003e\u003c/span\u003e\u003c/span\u003e\u003c/span\u003e\u003c/span\u003e\u003cscript type=\"math/tex\" id=\"MathJax-Element-29\"\u003e0\\le Q \\le 10^{5}\u003c/script\u003e；\u003c/p\u003e\u003cp\u003e输入第二行包含\u003cspan class=\"MathJax_Preview\" style=\"color: inherit;\"\u003e\u003cspan class=\"MJXp-math\" id=\"MJXp-Span-148\"\u003e\u003cspan class=\"MJXp-mi MJXp-italic\" id=\"MJXp-Span-149\"\u003eN\u003c/span\u003e\u003c/span\u003e\u003c/span\u003e\u003cscript type=\"math/tex\" id=\"MathJax-Element-30\"\u003eN\u003c/script\u003e个正整数，为\u003cspan class=\"MathJax_Preview\" style=\"color: inherit;\"\u003e\u003cspan class=\"MJXp-math\" id=\"MJXp-Span-150\"\u003e\u003cspan class=\"MJXp-msubsup\" id=\"MJXp-Span-151\"\u003e\u003cspan class=\"MJXp-mi MJXp-italic\" id=\"MJXp-Span-152\" style=\"margin-right: 0.05em;\"\u003eA\u003c/span\u003e\u003cspan class=\"MJXp-mn MJXp-script\" id=\"MJXp-Span-153\" style=\"vertical-align: -0.4em;\"\u003e1\u003c/span\u003e\u003c/span\u003e\u003cspan class=\"MJXp-mo\" id=\"MJXp-Span-154\" style=\"margin-left: 0em; margin-right: 0.222em;\"\u003e,\u003c/span\u003e\u003cspan class=\"MJXp-msubsup\" id=\"MJXp-Span-155\"\u003e\u003cspan class=\"MJXp-mi MJXp-italic\" id=\"MJXp-Span-156\" style=\"margin-right: 0.05em;\"\u003eA\u003c/span\u003e\u003cspan class=\"MJXp-mn MJXp-script\" id=\"MJXp-Span-157\" style=\"vertical-align: -0.4em;\"\u003e2\u003c/span\u003e\u003c/span\u003e\u003cspan class=\"MJXp-mo\" id=\"MJXp-Span-158\" style=\"margin-left: 0em; margin-right: 0.222em;\"\u003e,\u003c/span\u003e\u003cspan class=\"MJXp-mo\" id=\"MJXp-Span-159\" style=\"margin-left: 0em; margin-right: 0em;\"\u003e⋯\u003c/span\u003e\u003cspan class=\"MJXp-mo\" id=\"MJXp-Span-160\" style=\"margin-left: 0em; margin-right: 0.222em;\"\u003e,\u003c/span\u003e\u003cspan class=\"MJXp-msubsup\" id=\"MJXp-Span-161\"\u003e\u003cspan class=\"MJXp-mi MJXp-italic\" id=\"MJXp-Span-162\" style=\"margin-right: 0.05em;\"\u003eA\u003c/span\u003e\u003cspan class=\"MJXp-mi MJXp-italic MJXp-script\" id=\"MJXp-Span-163\" style=\"vertical-align: -0.4em;\"\u003eN\u003c/span\u003e\u003c/span\u003e\u003c/span\u003e\u003c/span\u003e\u003cscript type=\"math/tex\" id=\"MathJax-Element-31\"\u003eA_1,A_2,\\cdots,A_N\u003c/script\u003e，保证\u003cspan class=\"MathJax_Preview\" style=\"color: inherit;\"\u003e\u003cspan class=\"MJXp-math\" id=\"MJXp-Span-164\"\u003e\u003cspan class=\"MJXp-mn\" id=\"MJXp-Span-165\"\u003e1\u003c/span\u003e\u003cspan class=\"MJXp-mo\" id=\"MJXp-Span-166\" style=\"margin-left: 0.333em; margin-right: 0.333em;\"\u003e≤\u003c/span\u003e\u003cspan class=\"MJXp-msubsup\" id=\"MJXp-Span-167\"\u003e\u003cspan class=\"MJXp-mi MJXp-italic\" id=\"MJXp-Span-168\" style=\"margin-right: 0.05em;\"\u003eA\u003c/span\u003e\u003cspan class=\"MJXp-mi MJXp-italic MJXp-script\" id=\"MJXp-Span-169\" style=\"vertical-align: -0.4em;\"\u003ei\u003c/span\u003e\u003c/span\u003e\u003cspan class=\"MJXp-mo\" id=\"MJXp-Span-170\" style=\"margin-left: 0.333em; margin-right: 0.333em;\"\u003e≤\u003c/span\u003e\u003cspan class=\"MJXp-mi MJXp-italic\" id=\"MJXp-Span-171\"\u003eM\u003c/span\u003e\u003c/span\u003e\u003c/span\u003e\u003cscript type=\"math/tex\" id=\"MathJax-Element-32\"\u003e1\\le A_i\\le M\u003c/script\u003e，并且序列\u003cspan class=\"MathJax_Preview\" style=\"color: inherit;\"\u003e\u003cspan class=\"MJXp-math\" id=\"MJXp-Span-172\"\u003e\u003cspan class=\"MJXp-mi MJXp-italic\" id=\"MJXp-Span-173\"\u003eA\u003c/span\u003e\u003c/span\u003e\u003c/span\u003e\u003cscript type=\"math/tex\" id=\"MathJax-Element-33\"\u003eA\u003c/script\u003e中的元素互不相等；\u003c/p\u003e\u003cp\u003e接下来共\u003cspan class=\"MathJax_Preview\" style=\"color: inherit;\"\u003e\u003cspan class=\"MJXp-math\" id=\"MJXp-Span-174\"\u003e\u003cspan class=\"MJXp-mi MJXp-italic\" id=\"MJXp-Span-175\"\u003eQ\u003c/span\u003e\u003c/span\u003e\u003c/span\u003e\u003cscript type=\"math/tex\" id=\"MathJax-Element-34\"\u003eQ\u003c/script\u003e行输入，每行输入格式形如\u003ccode\u003e0 x\u003c/code\u003e或者\u003ccode\u003e1 x\u003c/code\u003e或者\u003ccode\u003e2\u003c/code\u003e或者\u003ccode\u003e3\u003c/code\u003e，具体含义见上。\u003c/p\u003e",
      "misc": ""
    },
    {
      "title": "输出格式",
      "content": "\u003cp\u003e输出到标准输出。\u003c/p\u003e\u003cp\u003e输出共\u003cspan class=\"MathJax_Preview\" style=\"color: inherit;\"\u003e\u003cspan class=\"MJXp-math\" id=\"MJXp-Span-176\"\u003e\u003cspan class=\"MJXp-mi MJXp-italic\" id=\"MJXp-Span-177\"\u003eQ\u003c/span\u003e\u003cspan class=\"MJXp-mo\" id=\"MJXp-Span-178\" style=\"margin-left: 0.267em; margin-right: 0.267em;\"\u003e+\u003c/span\u003e\u003cspan class=\"MJXp-mn\" id=\"MJXp-Span-179\"\u003e1\u003c/span\u003e\u003c/span\u003e\u003c/span\u003e\u003cscript type=\"math/tex\" id=\"MathJax-Element-35\"\u003eQ+1\u003c/script\u003e行，在初始化和每次对序列\u003cspan class=\"MathJax_Preview\" style=\"color: inherit;\"\u003e\u003cspan class=\"MJXp-math\" id=\"MJXp-Span-180\"\u003e\u003cspan class=\"MJXp-mi MJXp-italic\" id=\"MJXp-Span-181\"\u003eA\u003c/span\u003e\u003c/span\u003e\u003c/span\u003e\u003cscript type=\"math/tex\" id=\"MathJax-Element-36\"\u003eA\u003c/script\u003e操作后，输出\u003cspan class=\"MathJax_Preview\" style=\"color: inherit;\"\u003e\u003cspan class=\"MJXp-math\" id=\"MJXp-Span-182\"\u003e\u003cspan class=\"MJXp-mi MJXp-italic\" id=\"MJXp-Span-183\"\u003eA\u003c/span\u003e\u003c/span\u003e\u003c/span\u003e\u003cscript type=\"math/tex\" id=\"MathJax-Element-37\"\u003eA\u003c/script\u003e中最长上升倍数子序列的长度MaxLen和所有长度为MaxLen的上升倍数子序列的不同的开头数Cnt，用一个空格隔开。\u003c/p\u003e",
      "misc": ""
    },
    {
      "title": "限制与约定",
      "content": "\u003cp\u003e对于所有的数据，有 \u003cspan class=\"MathJax_Preview\" style=\"color: inherit;\"\u003e\u003cspan class=\"MJXp-math\" id=\"MJXp-Span-186\"\u003e\u003cspan class=\"MJXp-mn\" id=\"MJXp-Span-187\"\u003e1\u003c/span\u003e\u003cspan class=\"MJXp-mo\" id=\"MJXp-Span-188\" style=\"margin-left: 0.333em; margin-right: 0.333em;\"\u003e≤\u003c/span\u003e\u003cspan class=\"MJXp-mi MJXp-italic\" id=\"MJXp-Span-189\"\u003eN\u003c/span\u003e\u003cspan class=\"MJXp-mo\" id=\"MJXp-Span-190\" style=\"margin-left: 0.333em; margin-right: 0.333em;\"\u003e≤\u003c/span\u003e\u003cspan class=\"MJXp-msubsup\" id=\"MJXp-Span-191\"\u003e\u003cspan class=\"MJXp-mn\" id=\"MJXp-Span-192\" style=\"margin-right: 0.05em;\"\u003e10\u003c/span\u003e\u003cspan class=\"MJXp-mrow MJXp-script\" id=\"MJXp-Span-193\" style=\"vertical-align: 0.5em;\"\u003e\u003cspan class=\"MJXp-mn\" id=\"MJXp-Span-194\"\u003e5\u003c/span\u003e\u003c/span\u003e\u003c/span\u003e\u003c/span\u003e\u003c/span\u003e\u003cscript type=\"math/tex\" id=\"MathJax-Element-39\"\u003e1\\le N \\le 10^{5}\u003c/script\u003e，\u003cspan class=\"MathJax_Preview\" style=\"color: inherit;\"\u003e\u003cspan class=\"MJXp-math\" id=\"MJXp-Span-195\"\u003e\u003cspan class=\"MJXp-mi MJXp-italic\" id=\"MJXp-Span-196\"\u003eN\u003c/span\u003e\u003cspan class=\"MJXp-mo\" id=\"MJXp-Span-197\" style=\"margin-left: 0.333em; margin-right: 0.333em;\"\u003e≤\u003c/span\u003e\u003cspan class=\"MJXp-mi MJXp-italic\" id=\"MJXp-Span-198\"\u003eM\u003c/span\u003e\u003cspan class=\"MJXp-mo\" id=\"MJXp-Span-199\" style=\"margin-left: 0.333em; margin-right: 0.333em;\"\u003e≤\u003c/span\u003e\u003cspan class=\"MJXp-msubsup\" id=\"MJXp-Span-200\"\u003e\u003cspan class=\"MJXp-mn\" id=\"MJXp-Span-201\" style=\"margin-right: 0.05em;\"\u003e10\u003c/span\u003e\u003cspan class=\"MJXp-mrow MJXp-script\" id=\"MJXp-Span-202\" style=\"vertical-align: 0.5em;\"\u003e\u003cspan class=\"MJXp-mn\" id=\"MJXp-Span-203\"\u003e6\u003c/span\u003e\u003c/span\u003e\u003c/span\u003e\u003c/span\u003e\u003c/span\u003e\u003cscript type=\"math/tex\" id=\"MathJax-Element-40\"\u003eN\\le M \\le 10^{6}\u003c/script\u003e，\u003cspan class=\"MathJax_Preview\" style=\"color: inherit;\"\u003e\u003cspan class=\"MJXp-math\" id=\"MJXp-Span-204\"\u003e\u003cspan class=\"MJXp-mn\" id=\"MJXp-Span-205\"\u003e0\u003c/span\u003e\u003cspan class=\"MJXp-mo\" id=\"MJXp-Span-206\" style=\"margin-left: 0.333em; margin-right: 0.333em;\"\u003e≤\u003c/span\u003e\u003cspan class=\"MJXp-mi MJXp-italic\" id=\"MJXp-Span-207\"\u003eQ\u003c/span\u003e\u003cspan class=\"MJXp-mo\" id=\"MJXp-Span-208\" style=\"margin-left: 0.333em; margin-right: 0.333em;\"\u003e≤\u003c/span\u003e\u003cspan class=\"MJXp-msubsup\" id=\"MJXp-Span-209\"\u003e\u003cspan class=\"MJXp-mn\" id=\"MJXp-Span-210\" style=\"margin-right: 0.05em;\"\u003e10\u003c/span\u003e\u003cspan class=\"MJXp-mrow MJXp-script\" id=\"MJXp-Span-211\" style=\"vertical-align: 0.5em;\"\u003e\u003cspan class=\"MJXp-mn\" id=\"MJXp-Span-212\"\u003e5\u003c/span\u003e\u003c/span\u003e\u003c/span\u003e\u003c/span\u003e\u003c/span\u003e\u003cscript type=\"math/tex\" id=\"MathJax-Element-41\"\u003e0\\le Q \\le 10^{5}\u003c/script\u003e，\u003cspan class=\"MathJax_Preview\" style=\"color: inherit;\"\u003e\u003cspan class=\"MJXp-math\" id=\"MJXp-Span-213\"\u003e\u003cspan class=\"MJXp-mn\" id=\"MJXp-Span-214\"\u003e1\u003c/span\u003e\u003cspan class=\"MJXp-mo\" id=\"MJXp-Span-215\" style=\"margin-left: 0.333em; margin-right: 0.333em;\"\u003e≤\u003c/span\u003e\u003cspan class=\"MJXp-msubsup\" id=\"MJXp-Span-216\"\u003e\u003cspan class=\"MJXp-mi MJXp-italic\" id=\"MJXp-Span-217\" style=\"margin-right: 0.05em;\"\u003eA\u003c/span\u003e\u003cspan class=\"MJXp-mi MJXp-italic MJXp-script\" id=\"MJXp-Span-218\" style=\"vertical-align: -0.4em;\"\u003ei\u003c/span\u003e\u003c/span\u003e\u003cspan class=\"MJXp-mo\" id=\"MJXp-Span-219\" style=\"margin-left: 0.333em; margin-right: 0.333em;\"\u003e≤\u003c/span\u003e\u003cspan class=\"MJXp-mi MJXp-italic\" id=\"MJXp-Span-220\"\u003eM\u003c/span\u003e\u003c/span\u003e\u003c/span\u003e\u003cscript type=\"math/tex\" id=\"MathJax-Element-42\"\u003e1\\le A_i\\le M\u003c/script\u003e，\u003cspan class=\"MathJax_Preview\" style=\"color: inherit;\"\u003e\u003cspan class=\"MJXp-math\" id=\"MJXp-Span-221\"\u003e\u003cspan class=\"MJXp-mi MJXp-italic\" id=\"MJXp-Span-222\"\u003eC\u003c/span\u003e\u003cspan class=\"MJXp-mo\" id=\"MJXp-Span-223\" style=\"margin-left: 0.333em; margin-right: 0.333em;\"\u003e=\u003c/span\u003e\u003cspan class=\"MJXp-mn\" id=\"MJXp-Span-224\"\u003e10\u003c/span\u003e\u003c/span\u003e\u003c/span\u003e\u003cscript type=\"math/tex\" id=\"MathJax-Element-43\"\u003eC= 10\u003c/script\u003e。\u003c/p\u003e\u003cp\u003e下表展示了某些数据点的一些特殊约束，其中\u003ccode\u003e只有1\u003c/code\u003e表示只有形如\u003ccode\u003e1 x\u003c/code\u003e的操作，其他表述同理。\u003c/p\u003e\u003ctable class=\"table table-bordered table-text-center table-vertical-middle\"\u003e\u003cthead\u003e\u003ctr\u003e\u003cth rowspan=\"1\"\u003e测试点编号\u003c/th\u003e\u003cth rowspan=\"1\"\u003e约束条件\u003c/th\u003e\u003c/tr\u003e\u003c/thead\u003e\u003ctbody\u003e\u003ctr\u003e\u003ctd rowspan=\"1\"\u003e1,2,3\u003c/td\u003e\u003ctd rowspan=\"1\"\u003e\u003cspan class=\"MathJax_Preview\" style=\"color: inherit;\"\u003e\u003cspan class=\"MJXp-math\" id=\"MJXp-Span-225\"\u003e\u003cspan class=\"MJXp-mi MJXp-italic\" id=\"MJXp-Span-226\"\u003eN\u003c/span\u003e\u003cspan class=\"MJXp-mo\" id=\"MJXp-Span-227\" style=\"margin-left: 0em; margin-right: 0.222em;\"\u003e,\u003c/span\u003e\u003cspan class=\"MJXp-mi MJXp-italic\" id=\"MJXp-Span-228\"\u003eQ\u003c/span\u003e\u003cspan class=\"MJXp-mo\" id=\"MJXp-Span-229\" style=\"margin-left: 0.333em; margin-right: 0.333em;\"\u003e≤\u003c/span\u003e\u003cspan class=\"MJXp-mn\" id=\"MJXp-Span-230\"\u003e100\u003c/span\u003e\u003c/span\u003e\u003c/span\u003e\u003cscript type=\"math/tex\" id=\"MathJax-Element-44\"\u003eN,Q\\le 100\u003c/script\u003e\u003c/td\u003e\u003c/tr\u003e\u003ctr\u003e\u003ctd rowspan=\"1\"\u003e4,5\u003c/td\u003e\u003ctd rowspan=\"1\"\u003e\u003cspan class=\"MathJax_Preview\" style=\"color: inherit;\"\u003e\u003cspan class=\"MJXp-math\" id=\"MJXp-Span-231\"\u003e\u003cspan class=\"MJXp-mi MJXp-italic\" id=\"MJXp-Span-232\"\u003eN\u003c/span\u003e\u003cspan class=\"MJXp-mo\" id=\"MJXp-Span-233\" style=\"margin-left: 0em; margin-right: 0.222em;\"\u003e,\u003c/span\u003e\u003cspan class=\"MJXp-mi MJXp-italic\" id=\"MJXp-Span-234\"\u003eQ\u003c/span\u003e\u003cspan class=\"MJXp-mo\" id=\"MJXp-Span-235\" style=\"margin-left: 0.333em; margin-right: 0.333em;\"\u003e≤\u003c/span\u003e\u003cspan class=\"MJXp-mn\" id=\"MJXp-Span-236\"\u003e1000\u003c/span\u003e\u003c/span\u003e\u003c/span\u003e\u003cscript type=\"math/tex\" id=\"MathJax-Element-45\"\u003eN,Q\\le 1000\u003c/script\u003e\u003c/td\u003e\u003c/tr\u003e\u003ctr\u003e\u003ctd rowspan=\"1\"\u003e6\u003c/td\u003e\u003ctd rowspan=\"1\"\u003e\u003cspan class=\"MathJax_Preview\" style=\"color: inherit;\"\u003e\u003cspan class=\"MJXp-math\" id=\"MJXp-Span-237\"\u003e\u003cspan class=\"MJXp-mi MJXp-italic\" id=\"MJXp-Span-238\"\u003eN\u003c/span\u003e\u003cspan class=\"MJXp-mo\" id=\"MJXp-Span-239\" style=\"margin-left: 0.333em; margin-right: 0.333em;\"\u003e=\u003c/span\u003e\u003cspan class=\"MJXp-mi MJXp-italic\" id=\"MJXp-Span-240\"\u003eM\u003c/span\u003e\u003cspan class=\"MJXp-mo\" id=\"MJXp-Span-241\" style=\"margin-left: 0.333em; margin-right: 0.333em;\"\u003e≤\u003c/span\u003e\u003cspan class=\"MJXp-mn\" id=\"MJXp-Span-242\"\u003e1000\u003c/span\u003e\u003c/span\u003e\u003c/span\u003e\u003cscript type=\"math/tex\" id=\"MathJax-Element-46\"\u003eN=M\\le 1000\u003c/script\u003e\u003c/td\u003e\u003c/tr\u003e\u003ctr\u003e\u003ctd rowspan=\"1\"\u003e7\u003c/td\u003e\u003ctd rowspan=\"1\"\u003e\u003cspan class=\"MathJax_Preview\" style=\"color: inherit;\"\u003e\u003cspan class=\"MJXp-math\" id=\"MJXp-Span-243\"\u003e\u003cspan class=\"MJXp-mi MJXp-italic\" id=\"MJXp-Span-244\"\u003eQ\u003c/span\u003e\u003cspan class=\"MJXp-mo\" id=\"MJXp-Span-245\" style=\"margin-left: 0.333em; margin-right: 0.333em;\"\u003e=\u003c/span\u003e\u003cspan class=\"MJXp-mn\" id=\"MJXp-Span-246\"\u003e0\u003c/span\u003e\u003c/span\u003e\u003c/span\u003e\u003cscript type=\"math/tex\" id=\"MathJax-Element-47\"\u003eQ=0\u003c/script\u003e\u003c/td\u003e\u003c/tr\u003e\u003ctr\u003e\u003ctd rowspan=\"1\"\u003e8\u003c/td\u003e\u003ctd rowspan=\"1\"\u003e只有0\u003c/td\u003e\u003c/tr\u003e\u003ctr\u003e\u003ctd rowspan=\"1\"\u003e9\u003c/td\u003e\u003ctd rowspan=\"1\"\u003e只有1\u003c/td\u003e\u003c/tr\u003e\u003ctr\u003e\u003ctd rowspan=\"1\"\u003e10\u003c/td\u003e\u003ctd rowspan=\"1\"\u003e只有2\u003c/td\u003e\u003c/tr\u003e\u003ctr\u003e\u003ctd rowspan=\"1\"\u003e11,12\u003c/td\u003e\u003ctd rowspan=\"1\"\u003e只有3\u003c/td\u003e\u003c/tr\u003e\u003ctr\u003e\u003ctd rowspan=\"1\"\u003e13\u003c/td\u003e\u003ctd rowspan=\"1\"\u003e只有0和1\u003c/td\u003e\u003c/tr\u003e\u003ctr\u003e\u003ctd rowspan=\"1\"\u003e14,15\u003c/td\u003e\u003ctd rowspan=\"1\"\u003e只有0和2\u003c/td\u003e\u003c/tr\u003e\u003ctr\u003e\u003ctd rowspan=\"1\"\u003e16\u003c/td\u003e\u003ctd rowspan=\"1\"\u003e只有1和3\u003c/td\u003e\u003c/tr\u003e\u003ctr\u003e\u003ctd rowspan=\"1\"\u003e17\u003c/td\u003e\u003ctd rowspan=\"1\"\u003e只有2和3\u003c/td\u003e\u003c/tr\u003e\u003ctr\u003e\u003ctd rowspan=\"1\"\u003e18,19,20\u003c/td\u003e\u003ctd rowspan=\"1\"\u003e无限制\u003c/td\u003e\u003c/tr\u003e\u003c/tbody\u003e\u003c/table\u003e",
      "misc": ""
    },
    {
      "title": "后记",
      "content": "\u003cp\u003e“奋战两小时，考个四五十”的表情包占领了你的朋友圈：\u003c/p\u003e\u003cul\u003e\u003cli\u003e“啊，感觉自己人生完全了”\u003c/li\u003e\n\u003cli\u003e“但愿……我真的能拿到四五十”\u003c/li\u003e\n\u003cli\u003e“我考完了……考完了……完了”\u003c/li\u003e\n\u003cli\u003e“曾经以为是开玩笑的，原来我还是\u003cem\u003enaïve\u003c/em\u003e了”\u003c/li\u003e\n\u003c/ul\u003e\u003cp\u003e你冷笑。提前半小时交卷，你自然觉得，数据结构，满分，正常。\u003c/p\u003e",
      "misc": ""
    },
    {
      "title": "下载",
      "content": "\u003cp\u003e\u003ca href=\"/download.php?type=problem\u0026amp;id=341\"\u003e样例数据下载\u003c/a\u003e\u003c/p\u003e",
      "misc": ""
    }
  ],
  "samples": [
    {
      "title": "样例一",
      "input": "\u003cpre\u003e\u003ccode class=\"sh_plain\"\u003e5 10 10\n1 2 5 9 10\n2\n1 7\n3\n3\n0 8\n3\n2\n1 8\n3\n0 3\u003c/code\u003e\u003c/pre\u003e",
      "output": "\u003cpre\u003e\u003ccode class=\"sh_plain\"\u003e3 1\n2 2\n2 2\n2 2\n1 3\n1 4\n1 3\n1 2\n2 1\n1 2\n1 3\u003c/code\u003e\u003c/pre\u003e",
      "explanation": "\u003cp\u003e表格中以\u003ccode\u003e//\u003c/code\u003e隔开不同开头的最长上升子序列。\u003c/p\u003e\u003ctable class=\"table table-bordered\"\u003e\u003cthead\u003e\u003ctr\u003e\u003cth rowspan=\"1\"\u003e操作次数\u003c/th\u003e\u003cth rowspan=\"1\"\u003e\u003cspan class=\"MathJax_Preview\" style=\"color: inherit;\"\u003e\u003cspan class=\"MJXp-math\" id=\"MJXp-Span-184\"\u003e\u003cspan class=\"MJXp-mi MJXp-italic\" id=\"MJXp-Span-185\"\u003eA\u003c/span\u003e\u003c/span\u003e\u003c/span\u003e\u003cscript type=\"math/tex\" id=\"MathJax-Element-38\"\u003eA\u003c/script\u003e\u003c/th\u003e\u003cth rowspan=\"1\"\u003e输出答案\u003c/th\u003e\u003cth rowspan=\"1\"\u003e可能的解释\u003c/th\u003e\u003c/tr\u003e\u003c/thead\u003e\u003ctbody\u003e\u003ctr\u003e\u003ctd rowspan=\"1\"\u003e0\u003c/td\u003e\u003ctd rowspan=\"1\"\u003e1 2 5 9 10\u003c/td\u003e\u003ctd rowspan=\"1\"\u003e3 1\u003c/td\u003e\u003ctd rowspan=\"1\"\u003e1 2 10\u003c/td\u003e\u003c/tr\u003e\u003ctr\u003e\u003ctd rowspan=\"1\"\u003e1\u003c/td\u003e\u003ctd rowspan=\"1\"\u003e2 5 9 10  \u003c/td\u003e\u003ctd rowspan=\"1\"\u003e2 2\u003c/td\u003e\u003ctd rowspan=\"1\"\u003e2 10//5 10\u003c/td\u003e\u003c/tr\u003e\u003ctr\u003e\u003ctd rowspan=\"1\"\u003e2\u003c/td\u003e\u003ctd rowspan=\"1\"\u003e2 5 9 10 7\u003c/td\u003e\u003ctd rowspan=\"1\"\u003e2 2\u003c/td\u003e\u003ctd rowspan=\"1\"\u003e2 10//5 10\u003c/td\u003e\u003c/tr\u003e\u003ctr\u003e\u003ctd rowspan=\"1\"\u003e3\u003c/td\u003e\u003ctd rowspan=\"1\"\u003e2 5 9 10  \u003c/td\u003e\u003ctd rowspan=\"1\"\u003e2 2\u003c/td\u003e\u003ctd rowspan=\"1\"\u003e2 10//5 10\u003c/td\u003e\u003c/tr\u003e\u003ctr\u003e\u003ctd rowspan=\"1\"\u003e4\u003c/td\u003e\u003ctd rowspan=\"1\"\u003e2 5 9     \u003c/td\u003e\u003ctd rowspan=\"1\"\u003e1 3\u003c/td\u003e\u003ctd rowspan=\"1\"\u003e2//5//9\u003c/td\u003e\u003c/tr\u003e\u003ctr\u003e\u003ctd rowspan=\"1\"\u003e5\u003c/td\u003e\u003ctd rowspan=\"1\"\u003e8 2 5 9   \u003c/td\u003e\u003ctd rowspan=\"1\"\u003e1 4\u003c/td\u003e\u003ctd rowspan=\"1\"\u003e2//5//8//9\u003c/td\u003e\u003c/tr\u003e\u003ctr\u003e\u003ctd rowspan=\"1\"\u003e6\u003c/td\u003e\u003ctd rowspan=\"1\"\u003e8 2 5     \u003c/td\u003e\u003ctd rowspan=\"1\"\u003e1 3\u003c/td\u003e\u003ctd rowspan=\"1\"\u003e2//5//8\u003c/td\u003e\u003c/tr\u003e\u003ctr\u003e\u003ctd rowspan=\"1\"\u003e7\u003c/td\u003e\u003ctd rowspan=\"1\"\u003e2 5       \u003c/td\u003e\u003ctd rowspan=\"1\"\u003e1 2\u003c/td\u003e\u003ctd rowspan=\"1\"\u003e2//5\u003c/td\u003e\u003c/tr\u003e\u003ctr\u003e\u003ctd rowspan=\"1\"\u003e8\u003c/td\u003e\u003ctd rowspan=\"1\"\u003e2 5 8     \u003c/td\u003e\u003ctd rowspan=\"1\"\u003e2 1\u003c/td\u003e\u003ctd rowspan=\"1\"\u003e2 8\u003c/td\u003e\u003c/tr\u003e\u003ctr\u003e\u003ctd rowspan=\"1\"\u003e9\u003c/td\u003e\u003ctd rowspan=\"1\"\u003e2 5       \u003c/td\u003e\u003ctd rowspan=\"1\"\u003e1 2\u003c/td\u003e\u003ctd rowspan=\"1\"\u003e2//5\u003c/td\u003e\u003c/tr\u003e\u003ctr\u003e\u003ctd rowspan=\"1\"\u003e10\u003c/td\u003e\u003ctd rowspan=\"1\"\u003e3 2 5     \u003c/td\u003e\u003ctd rowspan=\"1\"\u003e1 3\u003c/td\u003e\u003ctd rowspan=\"1\"\u003e2//3//5\u003c/td\u003e\u003c/tr\u003e\u003c/tbody\u003e\u003c/table\u003e",
      "misc": ""
    }
  ],
  "tags": [
    "UOJ",
    "清华集训2017"
  ],
  "rules": {
    "runtime": "3000000000",
    "memory": "1073741824",
    "stack": "1073741824",
    "source": "51200"
  },
  "meta": {
    "created": "2021-04-09T21:43:38.633192999+08:00",
    "updated": "2021-04-09T21:43:38.633192999+08:00",
    "checked": "2021-04-09T21:43:38.633192999+08:00"
  },
  "misc": ""
}
