{
  "id": "349",
  "title": "即时战略",
  "type": "interactive",
  "sections": [
    {
      "title": "",
      "content": "\u003cp\u003e\u003cstrong\u003e这是一道交互题。\u003c/strong\u003e由于数据有加密，如果需要 Hack，请联系 immortalCO。\u003c/p\u003e\u003cp\u003e小M在玩一个即时战略(Real Time Strategy)游戏。不同于大多数同类游戏，这个游戏的地图是树形的。也就是说，地图可以用一个由 \u003cspan class=\"MathJax_Preview\" style=\"color: inherit;\"\u003e\u003cspan class=\"MJXp-math\" id=\"MJXp-Span-1\"\u003e\u003cspan class=\"MJXp-mi MJXp-italic\" id=\"MJXp-Span-2\"\u003en\u003c/span\u003e\u003c/span\u003e\u003c/span\u003e\u003cscript type=\"math/tex\" id=\"MathJax-Element-1\"\u003en\u003c/script\u003e 个结点，\u003cspan class=\"MathJax_Preview\" style=\"color: inherit;\"\u003e\u003cspan class=\"MJXp-math\" id=\"MJXp-Span-3\"\u003e\u003cspan class=\"MJXp-mi MJXp-italic\" id=\"MJXp-Span-4\"\u003en\u003c/span\u003e\u003cspan class=\"MJXp-mo\" id=\"MJXp-Span-5\" style=\"margin-left: 0.267em; margin-right: 0.267em;\"\u003e−\u003c/span\u003e\u003cspan class=\"MJXp-mn\" id=\"MJXp-Span-6\"\u003e1\u003c/span\u003e\u003c/span\u003e\u003c/span\u003e\u003cscript type=\"math/tex\" id=\"MathJax-Element-2\"\u003en - 1\u003c/script\u003e 条边构成的连通图来表示。这些结点被编号为 \u003cspan class=\"MathJax_Preview\" style=\"color: inherit;\"\u003e\u003cspan class=\"MJXp-math\" id=\"MJXp-Span-7\"\u003e\u003cspan class=\"MJXp-mn\" id=\"MJXp-Span-8\"\u003e1\u003c/span\u003e\u003c/span\u003e\u003c/span\u003e\u003cscript type=\"math/tex\" id=\"MathJax-Element-3\"\u003e1\u003c/script\u003e ~ \u003cspan class=\"MathJax_Preview\" style=\"color: inherit;\"\u003e\u003cspan class=\"MJXp-math\" id=\"MJXp-Span-9\"\u003e\u003cspan class=\"MJXp-mi MJXp-italic\" id=\"MJXp-Span-10\"\u003en\u003c/span\u003e\u003c/span\u003e\u003c/span\u003e\u003cscript type=\"math/tex\" id=\"MathJax-Element-4\"\u003en\u003c/script\u003e。\u003c/p\u003e\u003cp\u003e每个结点有两种可能的状态：“已知的”或“未知的”。游戏开始时，只有 \u003cspan class=\"MathJax_Preview\" style=\"color: inherit;\"\u003e\u003cspan class=\"MJXp-math\" id=\"MJXp-Span-11\"\u003e\u003cspan class=\"MJXp-mn\" id=\"MJXp-Span-12\"\u003e1\u003c/span\u003e\u003c/span\u003e\u003c/span\u003e\u003cscript type=\"math/tex\" id=\"MathJax-Element-5\"\u003e1\u003c/script\u003e 号结点是已知的。在游戏的过程中，小M可以尝试探索更多的结点。具体来说，小M每次操作时需要选择一个已知的结点 \u003cspan class=\"MathJax_Preview\" style=\"color: inherit;\"\u003e\u003cspan class=\"MJXp-math\" id=\"MJXp-Span-13\"\u003e\u003cspan class=\"MJXp-mi MJXp-italic\" id=\"MJXp-Span-14\"\u003ex\u003c/span\u003e\u003c/span\u003e\u003c/span\u003e\u003cscript type=\"math/tex\" id=\"MathJax-Element-6\"\u003ex\u003c/script\u003e，和一个不同于 \u003cspan class=\"MathJax_Preview\" style=\"color: inherit;\"\u003e\u003cspan class=\"MJXp-math\" id=\"MJXp-Span-15\"\u003e\u003cspan class=\"MJXp-mi MJXp-italic\" id=\"MJXp-Span-16\"\u003ex\u003c/span\u003e\u003c/span\u003e\u003c/span\u003e\u003cscript type=\"math/tex\" id=\"MathJax-Element-7\"\u003ex\u003c/script\u003e 的任意结点 \u003cspan class=\"MathJax_Preview\" style=\"color: inherit;\"\u003e\u003cspan class=\"MJXp-math\" id=\"MJXp-Span-17\"\u003e\u003cspan class=\"MJXp-mi MJXp-italic\" id=\"MJXp-Span-18\"\u003ey\u003c/span\u003e\u003c/span\u003e\u003c/span\u003e\u003cscript type=\"math/tex\" id=\"MathJax-Element-8\"\u003ey\u003c/script\u003e（结点 \u003cspan class=\"MathJax_Preview\" style=\"color: inherit;\"\u003e\u003cspan class=\"MJXp-math\" id=\"MJXp-Span-19\"\u003e\u003cspan class=\"MJXp-mi MJXp-italic\" id=\"MJXp-Span-20\"\u003ey\u003c/span\u003e\u003c/span\u003e\u003c/span\u003e\u003cscript type=\"math/tex\" id=\"MathJax-Element-9\"\u003ey\u003c/script\u003e 可以是未知的）。然后游戏的自动寻路系统会给出 \u003cspan class=\"MathJax_Preview\" style=\"color: inherit;\"\u003e\u003cspan class=\"MJXp-math\" id=\"MJXp-Span-21\"\u003e\u003cspan class=\"MJXp-mi MJXp-italic\" id=\"MJXp-Span-22\"\u003ex\u003c/span\u003e\u003c/span\u003e\u003c/span\u003e\u003cscript type=\"math/tex\" id=\"MathJax-Element-10\"\u003ex\u003c/script\u003e 到 \u003cspan class=\"MathJax_Preview\" style=\"color: inherit;\"\u003e\u003cspan class=\"MJXp-math\" id=\"MJXp-Span-23\"\u003e\u003cspan class=\"MJXp-mi MJXp-italic\" id=\"MJXp-Span-24\"\u003ey\u003c/span\u003e\u003c/span\u003e\u003c/span\u003e\u003cscript type=\"math/tex\" id=\"MathJax-Element-11\"\u003ey\u003c/script\u003e 的最短路径上的第二个结点 \u003cspan class=\"MathJax_Preview\" style=\"color: inherit;\"\u003e\u003cspan class=\"MJXp-math\" id=\"MJXp-Span-25\"\u003e\u003cspan class=\"MJXp-mi MJXp-italic\" id=\"MJXp-Span-26\"\u003ez\u003c/span\u003e\u003c/span\u003e\u003c/span\u003e\u003cscript type=\"math/tex\" id=\"MathJax-Element-12\"\u003ez\u003c/script\u003e，也就是从 \u003cspan class=\"MathJax_Preview\" style=\"color: inherit;\"\u003e\u003cspan class=\"MJXp-math\" id=\"MJXp-Span-27\"\u003e\u003cspan class=\"MJXp-mi MJXp-italic\" id=\"MJXp-Span-28\"\u003ex\u003c/span\u003e\u003c/span\u003e\u003c/span\u003e\u003cscript type=\"math/tex\" id=\"MathJax-Element-13\"\u003ex\u003c/script\u003e 走到 \u003cspan class=\"MathJax_Preview\" style=\"color: inherit;\"\u003e\u003cspan class=\"MJXp-math\" id=\"MJXp-Span-29\"\u003e\u003cspan class=\"MJXp-mi MJXp-italic\" id=\"MJXp-Span-30\"\u003ey\u003c/span\u003e\u003c/span\u003e\u003c/span\u003e\u003cscript type=\"math/tex\" id=\"MathJax-Element-14\"\u003ey\u003c/script\u003e 的最短路径上与 \u003cspan class=\"MathJax_Preview\" style=\"color: inherit;\"\u003e\u003cspan class=\"MJXp-math\" id=\"MJXp-Span-31\"\u003e\u003cspan class=\"MJXp-mi MJXp-italic\" id=\"MJXp-Span-32\"\u003ex\u003c/span\u003e\u003c/span\u003e\u003c/span\u003e\u003cscript type=\"math/tex\" id=\"MathJax-Element-15\"\u003ex\u003c/script\u003e 相邻的结点。此时，如果结点 \u003cspan class=\"MathJax_Preview\" style=\"color: inherit;\"\u003e\u003cspan class=\"MJXp-math\" id=\"MJXp-Span-33\"\u003e\u003cspan class=\"MJXp-mi MJXp-italic\" id=\"MJXp-Span-34\"\u003ez\u003c/span\u003e\u003c/span\u003e\u003c/span\u003e\u003cscript type=\"math/tex\" id=\"MathJax-Element-16\"\u003ez\u003c/script\u003e 是未知的，小M会将它标记为已知的。\u003c/p\u003e\u003cp\u003e这个游戏的目标是：利用至多 \u003cspan class=\"MathJax_Preview\" style=\"color: inherit;\"\u003e\u003cspan class=\"MJXp-math\" id=\"MJXp-Span-35\"\u003e\u003cspan class=\"MJXp-mi MJXp-italic\" id=\"MJXp-Span-36\"\u003eT\u003c/span\u003e\u003c/span\u003e\u003c/span\u003e\u003cscript type=\"math/tex\" id=\"MathJax-Element-17\"\u003eT\u003c/script\u003e 次探索操作，让所有结点的状态都成为已知的。然而小M还是这个游戏的新手，她希望得到你的帮助。\u003c/p\u003e\u003cp\u003e\u003cstrong\u003e为了让游戏过程更加容易，小M给你提供了这个游戏的交互库，具体见【任务描述】和【实现细节】。\u003c/strong\u003e\u003c/p\u003e\u003cp\u003e\u003cstrong\u003e另外，小M也提供了一些游戏的提示，具体见题目的最后一节【提示】。\u003c/strong\u003e\u003c/p\u003e",
      "misc": ""
    },
    {
      "title": "任务介绍",
      "content": "\u003cp\u003e你需要实现一个函数 \u003ccode\u003eplay\u003c/code\u003e，以帮助小M完成游戏的目标。\u003c/p\u003e\u003cul\u003e\u003cli\u003e\u003ccode\u003eplay(n, T, dataType)\u003c/code\u003e\u003cul\u003e\u003cli\u003e\u003ccode\u003en\u003c/code\u003e 为树的结点个数；\u003c/li\u003e\n\u003cli\u003e\u003ccode\u003eT\u003c/code\u003e 为探索操作的次数限制；\u003c/li\u003e\n\u003cli\u003e\u003ccode\u003edataType\u003c/code\u003e 为该测试点的数据类型，具体见【数据规模和约定】。\u003c/li\u003e\n\u003c/ul\u003e\u003c/li\u003e\n\u003c/ul\u003e\u003cp\u003e在每个测试点中，交互库都会调用恰好一次 \u003ccode\u003eplay\u003c/code\u003e 函数。该函数被调用之前，游戏处于刚开始的状态。\u003c/p\u003e\u003cp\u003e你可以调用函数 \u003ccode\u003eexplore\u003c/code\u003e 来帮助你在游戏中探索更多结点，但是这个函数的调用次数不能超过 \u003cspan class=\"MathJax_Preview\" style=\"color: inherit;\"\u003e\u003cspan class=\"MJXp-math\" id=\"MJXp-Span-37\"\u003e\u003cspan class=\"MJXp-mi MJXp-italic\" id=\"MJXp-Span-38\"\u003eT\u003c/span\u003e\u003c/span\u003e\u003c/span\u003e\u003cscript type=\"math/tex\" id=\"MathJax-Element-18\"\u003eT\u003c/script\u003e 次。\u003c/p\u003e\u003cul\u003e\u003cli\u003e\u003ccode\u003eexplore(x, y)\u003c/code\u003e\u003cul\u003e\u003cli\u003e\u003ccode\u003ex\u003c/code\u003e 为一个已知的结点；\u003c/li\u003e\n\u003cli\u003e\u003ccode\u003ey\u003c/code\u003e 为一个不同于 \u003cspan class=\"MathJax_Preview\" style=\"color: inherit;\"\u003e\u003cspan class=\"MJXp-math\" id=\"MJXp-Span-39\"\u003e\u003cspan class=\"MJXp-mi MJXp-italic\" id=\"MJXp-Span-40\"\u003ex\u003c/span\u003e\u003c/span\u003e\u003c/span\u003e\u003cscript type=\"math/tex\" id=\"MathJax-Element-19\"\u003ex\u003c/script\u003e 的任意结点（可以不是已知的结点）；\u003c/li\u003e\n\u003cli\u003e这个函数会返回结点 \u003cspan class=\"MathJax_Preview\" style=\"color: inherit;\"\u003e\u003cspan class=\"MJXp-math\" id=\"MJXp-Span-41\"\u003e\u003cspan class=\"MJXp-mi MJXp-italic\" id=\"MJXp-Span-42\"\u003ex\u003c/span\u003e\u003c/span\u003e\u003c/span\u003e\u003cscript type=\"math/tex\" id=\"MathJax-Element-20\"\u003ex\u003c/script\u003e 到 \u003cspan class=\"MathJax_Preview\" style=\"color: inherit;\"\u003e\u003cspan class=\"MJXp-math\" id=\"MJXp-Span-43\"\u003e\u003cspan class=\"MJXp-mi MJXp-italic\" id=\"MJXp-Span-44\"\u003ey\u003c/span\u003e\u003c/span\u003e\u003c/span\u003e\u003cscript type=\"math/tex\" id=\"MathJax-Element-21\"\u003ey\u003c/script\u003e 的最短路径上的第二个结点的编号。\u003c/li\u003e\n\u003c/ul\u003e\u003c/li\u003e\n\u003c/ul\u003e\u003cp\u003e在函数 \u003ccode\u003eplay\u003c/code\u003e 返回之后，交互库会检查游戏的状态：只有当每个结点都是已知的，才算游戏的目标完成。\u003c/p\u003e",
      "misc": ""
    },
    {
      "title": "实现方法",
      "content": "\u003cp\u003e你需要且只能提交一个源文件 rts.cpp/c/pas 实现上述函数，且遵循下面的命名和接口。\u003c/p\u003e\u003cp\u003e\u003cstrong\u003e对 C/C++ 语言的选手：\u003c/strong\u003e\u003c/p\u003e\u003cp\u003e源代码中需要包含头文件 rts.h。\u003c/p\u003e\u003cp\u003e你需要实现的函数 \u003ccode\u003eplay\u003c/code\u003e：\u003c/p\u003e\u003cpre class=\"sh_sourceCode\"\u003e\u003ccode class=\"sh_c\"\u003e\u003cspan class=\"sh_type\"\u003evoid\u003c/span\u003e \u003cspan class=\"sh_function\"\u003eplay\u003c/span\u003e\u003cspan class=\"sh_symbol\"\u003e(\u003c/span\u003e\u003cspan class=\"sh_type\"\u003eint\u003c/span\u003e n\u003cspan class=\"sh_symbol\"\u003e,\u003c/span\u003e \u003cspan class=\"sh_type\"\u003eint\u003c/span\u003e T\u003cspan class=\"sh_symbol\"\u003e,\u003c/span\u003e \u003cspan class=\"sh_type\"\u003eint\u003c/span\u003e dataType\u003cspan class=\"sh_symbol\"\u003e);\u003c/span\u003e\u003c/code\u003e\u003c/pre\u003e\u003cp\u003e函数 \u003ccode\u003eexplore\u003c/code\u003e 的接口信息如下：\u003c/p\u003e\u003cpre class=\"sh_sourceCode\"\u003e\u003ccode class=\"sh_c\"\u003e\u003cspan class=\"sh_type\"\u003eint\u003c/span\u003e \u003cspan class=\"sh_function\"\u003eexplore\u003c/span\u003e\u003cspan class=\"sh_symbol\"\u003e(\u003c/span\u003e\u003cspan class=\"sh_type\"\u003eint\u003c/span\u003e x\u003cspan class=\"sh_symbol\"\u003e,\u003c/span\u003e \u003cspan class=\"sh_type\"\u003eint\u003c/span\u003e y\u003cspan class=\"sh_symbol\"\u003e);\u003c/span\u003e\u003c/code\u003e\u003c/pre\u003e\u003cp\u003e\u003cstrong\u003e对 Pascal 语言的选手：\u003c/strong\u003e\u003c/p\u003e\u003cp\u003e你需要使用单元 graderhelperlib。\u003c/p\u003e\u003cp\u003e你需要实现的函数 \u003ccode\u003eplay\u003c/code\u003e：\u003c/p\u003e\u003cpre class=\"sh_sourceCode\"\u003e\u003ccode class=\"sh_pascal\"\u003e\u003cspan class=\"sh_keyword\"\u003eprocedure\u003c/span\u003e \u003cspan class=\"sh_function\"\u003eplay\u003c/span\u003e\u003cspan class=\"sh_symbol\"\u003e(\u003c/span\u003en\u003cspan class=\"sh_symbol\"\u003e,\u003c/span\u003e T\u003cspan class=\"sh_symbol\"\u003e,\u003c/span\u003e dataType \u003cspan class=\"sh_symbol\"\u003e:\u003c/span\u003e longint\u003cspan class=\"sh_symbol\"\u003e);\u003c/span\u003e\u003c/code\u003e\u003c/pre\u003e\u003cp\u003e函数 \u003ccode\u003eexplore\u003c/code\u003e 的接口信息如下：\u003c/p\u003e\u003cpre class=\"sh_sourceCode\"\u003e\u003ccode class=\"sh_pascal\"\u003e\u003cspan class=\"sh_keyword\"\u003efunction\u003c/span\u003e \u003cspan class=\"sh_function\"\u003eexplore\u003c/span\u003e\u003cspan class=\"sh_symbol\"\u003e(\u003c/span\u003ex\u003cspan class=\"sh_symbol\"\u003e,\u003c/span\u003e y \u003cspan class=\"sh_symbol\"\u003e:\u003c/span\u003e longint\u003cspan class=\"sh_symbol\"\u003e)\u003c/span\u003e \u003cspan class=\"sh_symbol\"\u003e:\u003c/span\u003e longint\u003cspan class=\"sh_symbol\"\u003e;\u003c/span\u003e\u003c/code\u003e\u003c/pre\u003e",
      "misc": ""
    },
    {
      "title": "如何测试你的程序",
      "content": "\u003cp\u003e\u003cstrong\u003e对 C/C++ 语言的选手：\u003c/strong\u003e\u003c/p\u003e\u003cp\u003e你需要在本题目录下使用如下命令编译得到可执行程序：\u003c/p\u003e\u003cp\u003e对于 C 语言：\u003c/p\u003e\u003cp\u003e\u003ccode\u003egcc grader.c rts.c -o rts -O2\u003c/code\u003e\u003c/p\u003e\u003cp\u003e对于 C++ 语言：\u003c/p\u003e\u003cp\u003e\u003ccode\u003eg++ grader.cpp rts.cpp -o rts -O2\u003c/code\u003e\u003c/p\u003e\u003cp\u003e\u003cstrong\u003e对 Pascal 语言的选手：\u003c/strong\u003e\u003c/p\u003e\u003cp\u003e你需要在本题目录下使用如下命令编译得到可执行程序：\u003c/p\u003e\u003cp\u003e\u003ccode\u003efpc grader.pas -o\"rts\" -O2\u003c/code\u003e\u003c/p\u003e\u003cp\u003e可执行文件将从\u003cstrong\u003e标准输入\u003c/strong\u003e读入以下格式的数据：\u003c/p\u003e\u003cp\u003e第一行包含三个整数 \u003cspan class=\"MathJax_Preview\" style=\"color: inherit;\"\u003e\u003cspan class=\"MJXp-math\" id=\"MJXp-Span-45\"\u003e\u003cspan class=\"MJXp-mi MJXp-italic\" id=\"MJXp-Span-46\"\u003en\u003c/span\u003e\u003c/span\u003e\u003c/span\u003e\u003cscript type=\"math/tex\" id=\"MathJax-Element-22\"\u003en\u003c/script\u003e, \u003cspan class=\"MathJax_Preview\" style=\"color: inherit;\"\u003e\u003cspan class=\"MJXp-math\" id=\"MJXp-Span-47\"\u003e\u003cspan class=\"MJXp-mi MJXp-italic\" id=\"MJXp-Span-48\"\u003eT\u003c/span\u003e\u003c/span\u003e\u003c/span\u003e\u003cscript type=\"math/tex\" id=\"MathJax-Element-23\"\u003eT\u003c/script\u003e, \u003cspan class=\"MathJax_Preview\" style=\"color: inherit;\"\u003e\u003cspan class=\"MJXp-math\" id=\"MJXp-Span-49\"\u003e\u003cspan class=\"MJXp-mrow\" id=\"MJXp-Span-50\"\u003e\u003cspan class=\"MJXp-mtext MJXp-mono\" id=\"MJXp-Span-51\"\u003edataType\u003c/span\u003e\u003c/span\u003e\u003c/span\u003e\u003c/span\u003e\u003cscript type=\"math/tex\" id=\"MathJax-Element-24\"\u003e\\texttt{dataType}\u003c/script\u003e，需要保证 \u003cspan class=\"MathJax_Preview\" style=\"color: inherit;\"\u003e\u003cspan class=\"MJXp-math\" id=\"MJXp-Span-52\"\u003e\u003cspan class=\"MJXp-mi MJXp-italic\" id=\"MJXp-Span-53\"\u003en\u003c/span\u003e\u003c/span\u003e\u003c/span\u003e\u003cscript type=\"math/tex\" id=\"MathJax-Element-25\"\u003en\u003c/script\u003e 在 [\u003cspan class=\"MathJax_Preview\" style=\"color: inherit;\"\u003e\u003cspan class=\"MJXp-math\" id=\"MJXp-Span-54\"\u003e\u003cspan class=\"MJXp-mn\" id=\"MJXp-Span-55\"\u003e2\u003c/span\u003e\u003c/span\u003e\u003c/span\u003e\u003cscript type=\"math/tex\" id=\"MathJax-Element-26\"\u003e2\u003c/script\u003e, \u003cspan class=\"MathJax_Preview\" style=\"color: inherit;\"\u003e\u003cspan class=\"MJXp-math\" id=\"MJXp-Span-56\"\u003e\u003cspan class=\"MJXp-mn\" id=\"MJXp-Span-57\"\u003e3\u003c/span\u003e\u003cspan class=\"MJXp-mo\" id=\"MJXp-Span-58\" style=\"margin-left: 0.267em; margin-right: 0.267em;\"\u003e×\u003c/span\u003e\u003cspan class=\"MJXp-msubsup\" id=\"MJXp-Span-59\"\u003e\u003cspan class=\"MJXp-mn\" id=\"MJXp-Span-60\" style=\"margin-right: 0.05em;\"\u003e10\u003c/span\u003e\u003cspan class=\"MJXp-mn MJXp-script\" id=\"MJXp-Span-61\" style=\"vertical-align: 0.5em;\"\u003e5\u003c/span\u003e\u003c/span\u003e\u003c/span\u003e\u003c/span\u003e\u003cscript type=\"math/tex\" id=\"MathJax-Element-27\"\u003e3 \\times 10^5\u003c/script\u003e] 之间，\u003cspan class=\"MathJax_Preview\" style=\"color: inherit;\"\u003e\u003cspan class=\"MJXp-math\" id=\"MJXp-Span-62\"\u003e\u003cspan class=\"MJXp-mi MJXp-italic\" id=\"MJXp-Span-63\"\u003eT\u003c/span\u003e\u003c/span\u003e\u003c/span\u003e\u003cscript type=\"math/tex\" id=\"MathJax-Element-28\"\u003eT\u003c/script\u003e 在 [\u003cspan class=\"MathJax_Preview\" style=\"color: inherit;\"\u003e\u003cspan class=\"MJXp-math\" id=\"MJXp-Span-64\"\u003e\u003cspan class=\"MJXp-mn\" id=\"MJXp-Span-65\"\u003e1\u003c/span\u003e\u003c/span\u003e\u003c/span\u003e\u003cscript type=\"math/tex\" id=\"MathJax-Element-29\"\u003e1\u003c/script\u003e, \u003cspan class=\"MathJax_Preview\" style=\"color: inherit;\"\u003e\u003cspan class=\"MJXp-math\" id=\"MJXp-Span-66\"\u003e\u003cspan class=\"MJXp-mn\" id=\"MJXp-Span-67\"\u003e5\u003c/span\u003e\u003cspan class=\"MJXp-mo\" id=\"MJXp-Span-68\" style=\"margin-left: 0.267em; margin-right: 0.267em;\"\u003e×\u003c/span\u003e\u003cspan class=\"MJXp-msubsup\" id=\"MJXp-Span-69\"\u003e\u003cspan class=\"MJXp-mn\" id=\"MJXp-Span-70\" style=\"margin-right: 0.05em;\"\u003e10\u003c/span\u003e\u003cspan class=\"MJXp-mn MJXp-script\" id=\"MJXp-Span-71\" style=\"vertical-align: 0.5em;\"\u003e6\u003c/span\u003e\u003c/span\u003e\u003c/span\u003e\u003c/span\u003e\u003cscript type=\"math/tex\" id=\"MathJax-Element-30\"\u003e5 \\times 10^6\u003c/script\u003e] 之间，\u003cspan class=\"MathJax_Preview\" style=\"color: inherit;\"\u003e\u003cspan class=\"MJXp-math\" id=\"MJXp-Span-72\"\u003e\u003cspan class=\"MJXp-mrow\" id=\"MJXp-Span-73\"\u003e\u003cspan class=\"MJXp-mtext MJXp-mono\" id=\"MJXp-Span-74\"\u003edataType\u003c/span\u003e\u003c/span\u003e\u003c/span\u003e\u003c/span\u003e\u003cscript type=\"math/tex\" id=\"MathJax-Element-31\"\u003e\\texttt{dataType}\u003c/script\u003e 在 [\u003cspan class=\"MathJax_Preview\" style=\"color: inherit;\"\u003e\u003cspan class=\"MJXp-math\" id=\"MJXp-Span-75\"\u003e\u003cspan class=\"MJXp-mn\" id=\"MJXp-Span-76\"\u003e1\u003c/span\u003e\u003c/span\u003e\u003c/span\u003e\u003cscript type=\"math/tex\" id=\"MathJax-Element-32\"\u003e1\u003c/script\u003e, \u003cspan class=\"MathJax_Preview\" style=\"color: inherit;\"\u003e\u003cspan class=\"MJXp-math\" id=\"MJXp-Span-77\"\u003e\u003cspan class=\"MJXp-mn\" id=\"MJXp-Span-78\"\u003e3\u003c/span\u003e\u003c/span\u003e\u003c/span\u003e\u003cscript type=\"math/tex\" id=\"MathJax-Element-33\"\u003e3\u003c/script\u003e] 之间。\u003c/p\u003e\u003cp\u003e接下来 \u003cspan class=\"MathJax_Preview\" style=\"color: inherit;\"\u003e\u003cspan class=\"MJXp-math\" id=\"MJXp-Span-79\"\u003e\u003cspan class=\"MJXp-mi MJXp-italic\" id=\"MJXp-Span-80\"\u003en\u003c/span\u003e\u003cspan class=\"MJXp-mo\" id=\"MJXp-Span-81\" style=\"margin-left: 0.267em; margin-right: 0.267em;\"\u003e−\u003c/span\u003e\u003cspan class=\"MJXp-mn\" id=\"MJXp-Span-82\"\u003e1\u003c/span\u003e\u003c/span\u003e\u003c/span\u003e\u003cscript type=\"math/tex\" id=\"MathJax-Element-34\"\u003en - 1\u003c/script\u003e 行，每行两个整数 \u003cspan class=\"MathJax_Preview\" style=\"color: inherit;\"\u003e\u003cspan class=\"MJXp-math\" id=\"MJXp-Span-83\"\u003e\u003cspan class=\"MJXp-mi MJXp-italic\" id=\"MJXp-Span-84\"\u003eu\u003c/span\u003e\u003c/span\u003e\u003c/span\u003e\u003cscript type=\"math/tex\" id=\"MathJax-Element-35\"\u003eu\u003c/script\u003e, \u003cspan class=\"MathJax_Preview\" style=\"color: inherit;\"\u003e\u003cspan class=\"MJXp-math\" id=\"MJXp-Span-85\"\u003e\u003cspan class=\"MJXp-mi MJXp-italic\" id=\"MJXp-Span-86\"\u003ev\u003c/span\u003e\u003c/span\u003e\u003c/span\u003e\u003cscript type=\"math/tex\" id=\"MathJax-Element-36\"\u003ev\u003c/script\u003e，需要保证 \u003cspan class=\"MathJax_Preview\" style=\"color: inherit;\"\u003e\u003cspan class=\"MJXp-math\" id=\"MJXp-Span-87\"\u003e\u003cspan class=\"MJXp-mn\" id=\"MJXp-Span-88\"\u003e1\u003c/span\u003e\u003cspan class=\"MJXp-mo\" id=\"MJXp-Span-89\" style=\"margin-left: 0.333em; margin-right: 0.333em;\"\u003e≤\u003c/span\u003e\u003cspan class=\"MJXp-mi MJXp-italic\" id=\"MJXp-Span-90\"\u003eu\u003c/span\u003e\u003cspan class=\"MJXp-mo\" id=\"MJXp-Span-91\" style=\"margin-left: 0em; margin-right: 0.222em;\"\u003e,\u003c/span\u003e\u003cspan class=\"MJXp-mi MJXp-italic\" id=\"MJXp-Span-92\"\u003ev\u003c/span\u003e\u003cspan class=\"MJXp-mo\" id=\"MJXp-Span-93\" style=\"margin-left: 0.333em; margin-right: 0.333em;\"\u003e≤\u003c/span\u003e\u003cspan class=\"MJXp-mi MJXp-italic\" id=\"MJXp-Span-94\"\u003en\u003c/span\u003e\u003c/span\u003e\u003c/span\u003e\u003cscript type=\"math/tex\" id=\"MathJax-Element-37\"\u003e1 \\le u, v \\le n\u003c/script\u003e 且 \u003cspan class=\"MathJax_Preview\" style=\"color: inherit;\"\u003e\u003cspan class=\"MJXp-math\" id=\"MJXp-Span-95\"\u003e\u003cspan class=\"MJXp-mi MJXp-italic\" id=\"MJXp-Span-96\"\u003eu\u003c/span\u003e\u003cspan class=\"MJXp-mo\" id=\"MJXp-Span-97\" style=\"margin-left: 0.333em; margin-right: 0.333em;\"\u003e≠\u003c/span\u003e\u003cspan class=\"MJXp-mi MJXp-italic\" id=\"MJXp-Span-98\"\u003ev\u003c/span\u003e\u003c/span\u003e\u003c/span\u003e\u003cscript type=\"math/tex\" id=\"MathJax-Element-38\"\u003eu \\ne v\u003c/script\u003e，表示一条 \u003cspan class=\"MathJax_Preview\" style=\"color: inherit;\"\u003e\u003cspan class=\"MJXp-math\" id=\"MJXp-Span-99\"\u003e\u003cspan class=\"MJXp-mi MJXp-italic\" id=\"MJXp-Span-100\"\u003eu\u003c/span\u003e\u003c/span\u003e\u003c/span\u003e\u003cscript type=\"math/tex\" id=\"MathJax-Element-39\"\u003eu\u003c/script\u003e 和 \u003cspan class=\"MathJax_Preview\" style=\"color: inherit;\"\u003e\u003cspan class=\"MJXp-math\" id=\"MJXp-Span-101\"\u003e\u003cspan class=\"MJXp-mi MJXp-italic\" id=\"MJXp-Span-102\"\u003ev\u003c/span\u003e\u003c/span\u003e\u003c/span\u003e\u003cscript type=\"math/tex\" id=\"MathJax-Element-40\"\u003ev\u003c/script\u003e 之间的边。\u003c/p\u003e\u003cp\u003e你的输入需要保证这 \u003cspan class=\"MathJax_Preview\" style=\"color: inherit;\"\u003e\u003cspan class=\"MJXp-math\" id=\"MJXp-Span-103\"\u003e\u003cspan class=\"MJXp-mi MJXp-italic\" id=\"MJXp-Span-104\"\u003en\u003c/span\u003e\u003cspan class=\"MJXp-mo\" id=\"MJXp-Span-105\" style=\"margin-left: 0.267em; margin-right: 0.267em;\"\u003e−\u003c/span\u003e\u003cspan class=\"MJXp-mn\" id=\"MJXp-Span-106\"\u003e1\u003c/span\u003e\u003c/span\u003e\u003c/span\u003e\u003cscript type=\"math/tex\" id=\"MathJax-Element-41\"\u003en - 1\u003c/script\u003e 条边构成一棵树。\u003c/p\u003e\u003cp\u003e读入完成之后，交互库将调用 \u003ccode\u003eplay\u003c/code\u003e 函数。如果此时你调用 \u003ccode\u003eexplore\u003c/code\u003e 的次数超过 \u003cspan class=\"MathJax_Preview\" style=\"color: inherit;\"\u003e\u003cspan class=\"MJXp-math\" id=\"MJXp-Span-107\"\u003e\u003cspan class=\"MJXp-mi MJXp-italic\" id=\"MJXp-Span-108\"\u003eT\u003c/span\u003e\u003c/span\u003e\u003c/span\u003e\u003cscript type=\"math/tex\" id=\"MathJax-Element-42\"\u003eT\u003c/script\u003e 次，则交互库会输出详细的错误信息，并退出。\u003c/p\u003e\u003cp\u003e接下来交互库会判断游戏目标是否完成。如果完成，则会输出 \"Correct\"，否则会输出相应的错误信息。\u003c/p\u003e\u003cp\u003e如果传入 \u003ccode\u003eexplore\u003c/code\u003e 函数的参数非法（\u003cspan class=\"MathJax_Preview\" style=\"color: inherit;\"\u003e\u003cspan class=\"MJXp-math\" id=\"MJXp-Span-109\"\u003e\u003cspan class=\"MJXp-mi MJXp-italic\" id=\"MJXp-Span-110\"\u003ex\u003c/span\u003e\u003cspan class=\"MJXp-mo\" id=\"MJXp-Span-111\" style=\"margin-left: 0em; margin-right: 0.222em;\"\u003e,\u003c/span\u003e\u003cspan class=\"MJXp-mi MJXp-italic\" id=\"MJXp-Span-112\"\u003ey\u003c/span\u003e\u003c/span\u003e\u003c/span\u003e\u003cscript type=\"math/tex\" id=\"MathJax-Element-43\"\u003ex,y\u003c/script\u003e 不在 \u003cspan class=\"MathJax_Preview\" style=\"color: inherit;\"\u003e\u003cspan class=\"MJXp-math\" id=\"MJXp-Span-113\"\u003e\u003cspan class=\"MJXp-mn\" id=\"MJXp-Span-114\"\u003e1\u003c/span\u003e\u003c/span\u003e\u003c/span\u003e\u003cscript type=\"math/tex\" id=\"MathJax-Element-44\"\u003e1\u003c/script\u003e 到 \u003cspan class=\"MathJax_Preview\" style=\"color: inherit;\"\u003e\u003cspan class=\"MJXp-math\" id=\"MJXp-Span-115\"\u003e\u003cspan class=\"MJXp-mi MJXp-italic\" id=\"MJXp-Span-116\"\u003en\u003c/span\u003e\u003c/span\u003e\u003c/span\u003e\u003cscript type=\"math/tex\" id=\"MathJax-Element-45\"\u003en\u003c/script\u003e 的范围内，或 \u003cspan class=\"MathJax_Preview\" style=\"color: inherit;\"\u003e\u003cspan class=\"MJXp-math\" id=\"MJXp-Span-117\"\u003e\u003cspan class=\"MJXp-mi MJXp-italic\" id=\"MJXp-Span-118\"\u003ex\u003c/span\u003e\u003c/span\u003e\u003c/span\u003e\u003cscript type=\"math/tex\" id=\"MathJax-Element-46\"\u003ex\u003c/script\u003e 不是已知结点，或 \u003cspan class=\"MathJax_Preview\" style=\"color: inherit;\"\u003e\u003cspan class=\"MJXp-math\" id=\"MJXp-Span-119\"\u003e\u003cspan class=\"MJXp-mi MJXp-italic\" id=\"MJXp-Span-120\"\u003ex\u003c/span\u003e\u003c/span\u003e\u003c/span\u003e\u003cscript type=\"math/tex\" id=\"MathJax-Element-47\"\u003ex\u003c/script\u003e 等于 \u003cspan class=\"MathJax_Preview\" style=\"color: inherit;\"\u003e\u003cspan class=\"MJXp-math\" id=\"MJXp-Span-121\"\u003e\u003cspan class=\"MJXp-mi MJXp-italic\" id=\"MJXp-Span-122\"\u003ey\u003c/span\u003e\u003c/span\u003e\u003c/span\u003e\u003cscript type=\"math/tex\" id=\"MathJax-Element-48\"\u003ey\u003c/script\u003e），那么交互库会输出详细的错误信息，并退出。\u003c/p\u003e\u003cp\u003e如果要使用自己的输入文件进行测试，请保证输入文件符合以上格式要求，否则不保证程序能正确运行。\u003c/p\u003e",
      "misc": ""
    },
    {
      "title": "如何使用样例源代码",
      "content": "\u003cp\u003e本题目录下，有针对每种语言的样例源代码 rts_sample.cpp/c/pas。选择你所需的语言，将其复制为 rts.cpp/c/pas，按照上文中提到的方式进行编译，即能通过编译得到可执行程序。 \u003c/p\u003e\u003cp\u003e对于非正式选手，你只能选择一种语言进行作答，即你本题的试题目录下不能同时存在多个语言的 rts.cpp/c/pas，否则系统将任选一份源代码进行评测并作为最终结果。\u003c/p\u003e\u003cp\u003e接下来你需要修改这个文件的实现，以达到题目的要求。\u003c/p\u003e",
      "misc": ""
    },
    {
      "title": "评分方式",
      "content": "\u003cp\u003e最终评测时只会收取 rts.cpp/c/pas，修改选手目录中的其他文件对评测无效。\u003c/p\u003e\u003cp\u003e题目首先会受到和非交互式程序题相同的限制。例如编译错误会导致整道题目得 0 分，运行时错误、超过时间限制、超过空间限制等会导致相应测试点得 0 分等。 你只能访问自己定义的和交互库给出的变量及其对应的内存空间，尝试访问其他空间将可能导致编译错误或运行错误。 \u003c/p\u003e\u003cp\u003e若程序正常结束，则会开始检验正确性。只有当游戏目标完成时，该测试点得满分，其他情况该测试点得 0 分。\u003c/p\u003e\u003cp\u003e题目中所给的时间、空间限制为你的代码和交互库加起来可以使用的时间和空间。我们保证，对于任何合法的数据及在限制范围内的调用，任何语言任何版本的交互库（包括下发给选手的和最终评测使用的），运行所用的时间不会超过 1s，运行所用的空间不会超过 64MB，也就是说，选手实际可用的时间至少为 2s，实际可用的空间至少为 448MB。\u003c/p\u003e",
      "misc": ""
    },
    {
      "title": "提示",
      "content": "\u003cp\u003e这里是小M给你的一些贴心的提示：\u003c/p\u003e\u003cul\u003e\u003cli\u003e图（无向图）由结点和边构成，边是结点的无序对，用来描述结点之间的相互关系\u003c/li\u003e\n\u003cli\u003e路径是一个结点的非空序列，使得序列中相邻两个结点之间都有边相连\u003c/li\u003e\n\u003cli\u003e两个结点是连通的，当且仅当存在一条以其中一个结点开始、另一个结点结束的路径\u003c/li\u003e\n\u003cli\u003e一个图是连通的，当且仅当这个图上的每对结点都是连通的\u003c/li\u003e\n\u003cli\u003e一棵 \u003cspan class=\"MathJax_Preview\" style=\"color: inherit;\"\u003e\u003cspan class=\"MJXp-math\" id=\"MJXp-Span-123\"\u003e\u003cspan class=\"MJXp-mi MJXp-italic\" id=\"MJXp-Span-124\"\u003en\u003c/span\u003e\u003c/span\u003e\u003c/span\u003e\u003cscript type=\"math/tex\" id=\"MathJax-Element-49\"\u003en\u003c/script\u003e 个结点的树，是一个由 \u003cspan class=\"MathJax_Preview\" style=\"color: inherit;\"\u003e\u003cspan class=\"MJXp-math\" id=\"MJXp-Span-125\"\u003e\u003cspan class=\"MJXp-mi MJXp-italic\" id=\"MJXp-Span-126\"\u003en\u003c/span\u003e\u003c/span\u003e\u003c/span\u003e\u003cscript type=\"math/tex\" id=\"MathJax-Element-50\"\u003en\u003c/script\u003e 个结点，\u003cspan class=\"MathJax_Preview\" style=\"color: inherit;\"\u003e\u003cspan class=\"MJXp-math\" id=\"MJXp-Span-127\"\u003e\u003cspan class=\"MJXp-mi MJXp-italic\" id=\"MJXp-Span-128\"\u003en\u003c/span\u003e\u003cspan class=\"MJXp-mo\" id=\"MJXp-Span-129\" style=\"margin-left: 0.267em; margin-right: 0.267em;\"\u003e−\u003c/span\u003e\u003cspan class=\"MJXp-mn\" id=\"MJXp-Span-130\"\u003e1\u003c/span\u003e\u003c/span\u003e\u003c/span\u003e\u003cscript type=\"math/tex\" id=\"MathJax-Element-51\"\u003en - 1\u003c/script\u003e 条边构成的连通图\u003c/li\u003e\n\u003cli\u003e两个结点的最短路径，是指连接两个结点的所有可能的路径中，序列长度最小的\u003c/li\u003e\n\u003cli\u003e在一棵树中，连接任意两个结点的最短路径，都是唯一的\u003c/li\u003e\n\u003cli\u003e通过访问输入输出文件、攻击评测系统或攻击评测库等方式得分属于作弊行为，所得分数无效。\u003c/li\u003e\n\u003c/ul\u003e",
      "misc": ""
    },
    {
      "title": "限制与约定",
      "content": "\u003cp\u003e一共有 20 个测试点，每个测试点 5 分。\u003c/p\u003e\u003cp\u003e对于所有测试点，以及对于所有样例，\u003cspan class=\"MathJax_Preview\" style=\"color: inherit;\"\u003e\u003cspan class=\"MJXp-math\" id=\"MJXp-Span-131\"\u003e\u003cspan class=\"MJXp-mn\" id=\"MJXp-Span-132\"\u003e2\u003c/span\u003e\u003cspan class=\"MJXp-mo\" id=\"MJXp-Span-133\" style=\"margin-left: 0.333em; margin-right: 0.333em;\"\u003e≤\u003c/span\u003e\u003cspan class=\"MJXp-mi MJXp-italic\" id=\"MJXp-Span-134\"\u003en\u003c/span\u003e\u003cspan class=\"MJXp-mo\" id=\"MJXp-Span-135\" style=\"margin-left: 0.333em; margin-right: 0.333em;\"\u003e≤\u003c/span\u003e\u003cspan class=\"MJXp-mn\" id=\"MJXp-Span-136\"\u003e3\u003c/span\u003e\u003cspan class=\"MJXp-mo\" id=\"MJXp-Span-137\" style=\"margin-left: 0.267em; margin-right: 0.267em;\"\u003e×\u003c/span\u003e\u003cspan class=\"MJXp-msubsup\" id=\"MJXp-Span-138\"\u003e\u003cspan class=\"MJXp-mn\" id=\"MJXp-Span-139\" style=\"margin-right: 0.05em;\"\u003e10\u003c/span\u003e\u003cspan class=\"MJXp-mn MJXp-script\" id=\"MJXp-Span-140\" style=\"vertical-align: 0.5em;\"\u003e5\u003c/span\u003e\u003c/span\u003e\u003cspan class=\"MJXp-mo\" id=\"MJXp-Span-141\" style=\"margin-left: 0em; margin-right: 0.222em;\"\u003e,\u003c/span\u003e\u003cspan class=\"MJXp-mn\" id=\"MJXp-Span-142\"\u003e1\u003c/span\u003e\u003cspan class=\"MJXp-mo\" id=\"MJXp-Span-143\" style=\"margin-left: 0.333em; margin-right: 0.333em;\"\u003e≤\u003c/span\u003e\u003cspan class=\"MJXp-mi MJXp-italic\" id=\"MJXp-Span-144\"\u003eT\u003c/span\u003e\u003cspan class=\"MJXp-mo\" id=\"MJXp-Span-145\" style=\"margin-left: 0.333em; margin-right: 0.333em;\"\u003e≤\u003c/span\u003e\u003cspan class=\"MJXp-mn\" id=\"MJXp-Span-146\"\u003e5\u003c/span\u003e\u003cspan class=\"MJXp-mo\" id=\"MJXp-Span-147\" style=\"margin-left: 0.267em; margin-right: 0.267em;\"\u003e×\u003c/span\u003e\u003cspan class=\"MJXp-msubsup\" id=\"MJXp-Span-148\"\u003e\u003cspan class=\"MJXp-mn\" id=\"MJXp-Span-149\" style=\"margin-right: 0.05em;\"\u003e10\u003c/span\u003e\u003cspan class=\"MJXp-mn MJXp-script\" id=\"MJXp-Span-150\" style=\"vertical-align: 0.5em;\"\u003e6\u003c/span\u003e\u003c/span\u003e\u003cspan class=\"MJXp-mo\" id=\"MJXp-Span-151\" style=\"margin-left: 0em; margin-right: 0.222em;\"\u003e,\u003c/span\u003e\u003cspan class=\"MJXp-mn\" id=\"MJXp-Span-152\"\u003e1\u003c/span\u003e\u003cspan class=\"MJXp-mo\" id=\"MJXp-Span-153\" style=\"margin-left: 0.333em; margin-right: 0.333em;\"\u003e≤\u003c/span\u003e\u003cspan class=\"MJXp-mrow\" id=\"MJXp-Span-154\"\u003e\u003cspan class=\"MJXp-mtext MJXp-mono\" id=\"MJXp-Span-155\"\u003edataType\u003c/span\u003e\u003c/span\u003e\u003cspan class=\"MJXp-mo\" id=\"MJXp-Span-156\" style=\"margin-left: 0.333em; margin-right: 0.333em;\"\u003e≤\u003c/span\u003e\u003cspan class=\"MJXp-mn\" id=\"MJXp-Span-157\"\u003e3\u003c/span\u003e\u003c/span\u003e\u003c/span\u003e\u003cscript type=\"math/tex\" id=\"MathJax-Element-52\"\u003e2 \\le n \\le 3 \\times 10^5, 1 \\le T \\le 5 \\times 10^6, 1 \\le \\texttt{dataType} \\le 3\u003c/script\u003e。\n不同 \u003cspan class=\"MathJax_Preview\" style=\"color: inherit;\"\u003e\u003cspan class=\"MJXp-math\" id=\"MJXp-Span-158\"\u003e\u003cspan class=\"MJXp-mrow\" id=\"MJXp-Span-159\"\u003e\u003cspan class=\"MJXp-mtext MJXp-mono\" id=\"MJXp-Span-160\"\u003edataType\u003c/span\u003e\u003c/span\u003e\u003c/span\u003e\u003c/span\u003e\u003cscript type=\"math/tex\" id=\"MathJax-Element-53\"\u003e\\texttt{dataType}\u003c/script\u003e 对应的数据类型如下：\u003c/p\u003e\u003cul\u003e\u003cli\u003e对于 \u003cspan class=\"MathJax_Preview\" style=\"color: inherit;\"\u003e\u003cspan class=\"MJXp-math\" id=\"MJXp-Span-161\"\u003e\u003cspan class=\"MJXp-mrow\" id=\"MJXp-Span-162\"\u003e\u003cspan class=\"MJXp-mtext MJXp-mono\" id=\"MJXp-Span-163\"\u003edataType\u003c/span\u003e\u003c/span\u003e\u003cspan class=\"MJXp-mo\" id=\"MJXp-Span-164\" style=\"margin-left: 0.333em; margin-right: 0.333em;\"\u003e=\u003c/span\u003e\u003cspan class=\"MJXp-mn\" id=\"MJXp-Span-165\"\u003e1\u003c/span\u003e\u003c/span\u003e\u003c/span\u003e\u003cscript type=\"math/tex\" id=\"MathJax-Element-54\"\u003e\\texttt{dataType} = 1\u003c/script\u003e 的测试点，没有特殊限制\u003c/li\u003e\n\u003cli\u003e对于 \u003cspan class=\"MathJax_Preview\" style=\"color: inherit;\"\u003e\u003cspan class=\"MJXp-math\" id=\"MJXp-Span-166\"\u003e\u003cspan class=\"MJXp-mrow\" id=\"MJXp-Span-167\"\u003e\u003cspan class=\"MJXp-mtext MJXp-mono\" id=\"MJXp-Span-168\"\u003edataType\u003c/span\u003e\u003c/span\u003e\u003cspan class=\"MJXp-mo\" id=\"MJXp-Span-169\" style=\"margin-left: 0.333em; margin-right: 0.333em;\"\u003e=\u003c/span\u003e\u003cspan class=\"MJXp-mn\" id=\"MJXp-Span-170\"\u003e2\u003c/span\u003e\u003c/span\u003e\u003c/span\u003e\u003cscript type=\"math/tex\" id=\"MathJax-Element-55\"\u003e\\texttt{dataType} = 2\u003c/script\u003e 的测试点，游戏的地图是一棵以结点 \u003cspan class=\"MathJax_Preview\" style=\"color: inherit;\"\u003e\u003cspan class=\"MJXp-math\" id=\"MJXp-Span-171\"\u003e\u003cspan class=\"MJXp-mn\" id=\"MJXp-Span-172\"\u003e1\u003c/span\u003e\u003c/span\u003e\u003c/span\u003e\u003cscript type=\"math/tex\" id=\"MathJax-Element-56\"\u003e1\u003c/script\u003e 为根的完全二叉树，\n即，存在一个 \u003cspan class=\"MathJax_Preview\" style=\"color: inherit;\"\u003e\u003cspan class=\"MJXp-math\" id=\"MJXp-Span-173\"\u003e\u003cspan class=\"MJXp-mn\" id=\"MJXp-Span-174\"\u003e1\u003c/span\u003e\u003c/span\u003e\u003c/span\u003e\u003cscript type=\"math/tex\" id=\"MathJax-Element-57\"\u003e1\u003c/script\u003e ~ \u003cspan class=\"MathJax_Preview\" style=\"color: inherit;\"\u003e\u003cspan class=\"MJXp-math\" id=\"MJXp-Span-175\"\u003e\u003cspan class=\"MJXp-mi MJXp-italic\" id=\"MJXp-Span-176\"\u003en\u003c/span\u003e\u003c/span\u003e\u003c/span\u003e\u003cscript type=\"math/tex\" id=\"MathJax-Element-58\"\u003en\u003c/script\u003e 的排列 \u003cspan class=\"MathJax_Preview\" style=\"color: inherit;\"\u003e\u003cspan class=\"MJXp-math\" id=\"MJXp-Span-177\"\u003e\u003cspan class=\"MJXp-mi MJXp-italic\" id=\"MJXp-Span-178\"\u003ea\u003c/span\u003e\u003c/span\u003e\u003c/span\u003e\u003cscript type=\"math/tex\" id=\"MathJax-Element-59\"\u003ea\u003c/script\u003e，满足 \u003cspan class=\"MathJax_Preview\" style=\"color: inherit;\"\u003e\u003cspan class=\"MJXp-math\" id=\"MJXp-Span-179\"\u003e\u003cspan class=\"MJXp-msubsup\" id=\"MJXp-Span-180\"\u003e\u003cspan class=\"MJXp-mi MJXp-italic\" id=\"MJXp-Span-181\" style=\"margin-right: 0.05em;\"\u003ea\u003c/span\u003e\u003cspan class=\"MJXp-mn MJXp-script\" id=\"MJXp-Span-182\" style=\"vertical-align: -0.4em;\"\u003e1\u003c/span\u003e\u003c/span\u003e\u003cspan class=\"MJXp-mo\" id=\"MJXp-Span-183\" style=\"margin-left: 0.333em; margin-right: 0.333em;\"\u003e=\u003c/span\u003e\u003cspan class=\"MJXp-mn\" id=\"MJXp-Span-184\"\u003e1\u003c/span\u003e\u003c/span\u003e\u003c/span\u003e\u003cscript type=\"math/tex\" id=\"MathJax-Element-60\"\u003ea_1 = 1\u003c/script\u003e，且结点 \u003cspan class=\"MathJax_Preview\" style=\"color: inherit;\"\u003e\u003cspan class=\"MJXp-math\" id=\"MJXp-Span-185\"\u003e\u003cspan class=\"MJXp-msubsup\" id=\"MJXp-Span-186\"\u003e\u003cspan class=\"MJXp-mi MJXp-italic\" id=\"MJXp-Span-187\" style=\"margin-right: 0.05em;\"\u003ea\u003c/span\u003e\u003cspan class=\"MJXp-mi MJXp-italic MJXp-script\" id=\"MJXp-Span-188\" style=\"vertical-align: -0.4em;\"\u003ei\u003c/span\u003e\u003c/span\u003e\u003cspan class=\"MJXp-mtext\" id=\"MJXp-Span-189\"\u003e\u0026nbsp;\u003c/span\u003e\u003cspan class=\"MJXp-mo\" id=\"MJXp-Span-190\" style=\"margin-left: 0em; margin-right: 0em;\"\u003e(\u003c/span\u003e\u003cspan class=\"MJXp-mn\" id=\"MJXp-Span-191\"\u003e1\u003c/span\u003e\u003cspan class=\"MJXp-mo\" id=\"MJXp-Span-192\" style=\"margin-left: 0.333em; margin-right: 0.333em;\"\u003e\u0026lt;\u003c/span\u003e\u003cspan class=\"MJXp-mi MJXp-italic\" id=\"MJXp-Span-193\"\u003ei\u003c/span\u003e\u003cspan class=\"MJXp-mo\" id=\"MJXp-Span-194\" style=\"margin-left: 0.333em; margin-right: 0.333em;\"\u003e≤\u003c/span\u003e\u003cspan class=\"MJXp-mi MJXp-italic\" id=\"MJXp-Span-195\"\u003en\u003c/span\u003e\u003cspan class=\"MJXp-mo\" id=\"MJXp-Span-196\" style=\"margin-left: 0em; margin-right: 0em;\"\u003e)\u003c/span\u003e\u003c/span\u003e\u003c/span\u003e\u003cscript type=\"math/tex\" id=\"MathJax-Element-61\"\u003ea_i ~ (1 \u003c i \\le n)\u003c/script\u003e 与结点 \u003cspan class=\"MathJax_Preview\" style=\"color: inherit;\"\u003e\u003cspan class=\"MJXp-math\" id=\"MJXp-Span-197\"\u003e\u003cspan class=\"MJXp-msubsup\" id=\"MJXp-Span-198\"\u003e\u003cspan class=\"MJXp-mi MJXp-italic\" id=\"MJXp-Span-199\" style=\"margin-right: 0.05em;\"\u003ea\u003c/span\u003e\u003cspan class=\"MJXp-mrow MJXp-script\" id=\"MJXp-Span-200\" style=\"vertical-align: -0.4em;\"\u003e\u003cspan class=\"MJXp-mo\" id=\"MJXp-Span-201\"\u003e⌊\u003c/span\u003e\u003cspan class=\"MJXp-mi MJXp-italic\" id=\"MJXp-Span-202\"\u003ei\u003c/span\u003e\u003cspan class=\"MJXp-mrow\" id=\"MJXp-Span-203\"\u003e\u003cspan class=\"MJXp-mo\" id=\"MJXp-Span-204\"\u003e/\u003c/span\u003e\u003c/span\u003e\u003cspan class=\"MJXp-mn\" id=\"MJXp-Span-205\"\u003e2\u003c/span\u003e\u003cspan class=\"MJXp-mo\" id=\"MJXp-Span-206\"\u003e⌋\u003c/span\u003e\u003c/span\u003e\u003c/span\u003e\u003c/span\u003e\u003c/span\u003e\u003cscript type=\"math/tex\" id=\"MathJax-Element-62\"\u003ea_{\\lfloor i/2 \\rfloor}\u003c/script\u003e 之间有一条边相连\u003c/li\u003e\n\u003cli\u003e对于 \u003cspan class=\"MathJax_Preview\" style=\"color: inherit;\"\u003e\u003cspan class=\"MJXp-math\" id=\"MJXp-Span-207\"\u003e\u003cspan class=\"MJXp-mrow\" id=\"MJXp-Span-208\"\u003e\u003cspan class=\"MJXp-mtext MJXp-mono\" id=\"MJXp-Span-209\"\u003edataType\u003c/span\u003e\u003c/span\u003e\u003cspan class=\"MJXp-mo\" id=\"MJXp-Span-210\" style=\"margin-left: 0.333em; margin-right: 0.333em;\"\u003e=\u003c/span\u003e\u003cspan class=\"MJXp-mn\" id=\"MJXp-Span-211\"\u003e3\u003c/span\u003e\u003c/span\u003e\u003c/span\u003e\u003cscript type=\"math/tex\" id=\"MathJax-Element-63\"\u003e\\texttt{dataType} = 3\u003c/script\u003e 的测试点，游戏的地图是一条链，\n即，存在一个 \u003cspan class=\"MathJax_Preview\" style=\"color: inherit;\"\u003e\u003cspan class=\"MJXp-math\" id=\"MJXp-Span-212\"\u003e\u003cspan class=\"MJXp-mn\" id=\"MJXp-Span-213\"\u003e1\u003c/span\u003e\u003c/span\u003e\u003c/span\u003e\u003cscript type=\"math/tex\" id=\"MathJax-Element-64\"\u003e1\u003c/script\u003e ~ \u003cspan class=\"MathJax_Preview\" style=\"color: inherit;\"\u003e\u003cspan class=\"MJXp-math\" id=\"MJXp-Span-214\"\u003e\u003cspan class=\"MJXp-mi MJXp-italic\" id=\"MJXp-Span-215\"\u003en\u003c/span\u003e\u003c/span\u003e\u003c/span\u003e\u003cscript type=\"math/tex\" id=\"MathJax-Element-65\"\u003en\u003c/script\u003e 的排列 \u003cspan class=\"MathJax_Preview\" style=\"color: inherit;\"\u003e\u003cspan class=\"MJXp-math\" id=\"MJXp-Span-216\"\u003e\u003cspan class=\"MJXp-mi MJXp-italic\" id=\"MJXp-Span-217\"\u003ea\u003c/span\u003e\u003c/span\u003e\u003c/span\u003e\u003cscript type=\"math/tex\" id=\"MathJax-Element-66\"\u003ea\u003c/script\u003e，满足结点 \u003cspan class=\"MathJax_Preview\" style=\"color: inherit;\"\u003e\u003cspan class=\"MJXp-math\" id=\"MJXp-Span-218\"\u003e\u003cspan class=\"MJXp-msubsup\" id=\"MJXp-Span-219\"\u003e\u003cspan class=\"MJXp-mi MJXp-italic\" id=\"MJXp-Span-220\" style=\"margin-right: 0.05em;\"\u003ea\u003c/span\u003e\u003cspan class=\"MJXp-mi MJXp-italic MJXp-script\" id=\"MJXp-Span-221\" style=\"vertical-align: -0.4em;\"\u003ei\u003c/span\u003e\u003c/span\u003e\u003cspan class=\"MJXp-mtext\" id=\"MJXp-Span-222\"\u003e\u0026nbsp;\u003c/span\u003e\u003cspan class=\"MJXp-mo\" id=\"MJXp-Span-223\" style=\"margin-left: 0em; margin-right: 0em;\"\u003e(\u003c/span\u003e\u003cspan class=\"MJXp-mn\" id=\"MJXp-Span-224\"\u003e1\u003c/span\u003e\u003cspan class=\"MJXp-mo\" id=\"MJXp-Span-225\" style=\"margin-left: 0.333em; margin-right: 0.333em;\"\u003e\u0026lt;\u003c/span\u003e\u003cspan class=\"MJXp-mi MJXp-italic\" id=\"MJXp-Span-226\"\u003ei\u003c/span\u003e\u003cspan class=\"MJXp-mo\" id=\"MJXp-Span-227\" style=\"margin-left: 0.333em; margin-right: 0.333em;\"\u003e≤\u003c/span\u003e\u003cspan class=\"MJXp-mi MJXp-italic\" id=\"MJXp-Span-228\"\u003en\u003c/span\u003e\u003cspan class=\"MJXp-mo\" id=\"MJXp-Span-229\" style=\"margin-left: 0em; margin-right: 0em;\"\u003e)\u003c/span\u003e\u003c/span\u003e\u003c/span\u003e\u003cscript type=\"math/tex\" id=\"MathJax-Element-67\"\u003ea_i ~ (1 \u003c i \\le n)\u003c/script\u003e 与结点 \u003cspan class=\"MathJax_Preview\" style=\"color: inherit;\"\u003e\u003cspan class=\"MJXp-math\" id=\"MJXp-Span-230\"\u003e\u003cspan class=\"MJXp-msubsup\" id=\"MJXp-Span-231\"\u003e\u003cspan class=\"MJXp-mi MJXp-italic\" id=\"MJXp-Span-232\" style=\"margin-right: 0.05em;\"\u003ea\u003c/span\u003e\u003cspan class=\"MJXp-mrow MJXp-script\" id=\"MJXp-Span-233\" style=\"vertical-align: -0.4em;\"\u003e\u003cspan class=\"MJXp-mi MJXp-italic\" id=\"MJXp-Span-234\"\u003ei\u003c/span\u003e\u003cspan class=\"MJXp-mo\" id=\"MJXp-Span-235\"\u003e−\u003c/span\u003e\u003cspan class=\"MJXp-mn\" id=\"MJXp-Span-236\"\u003e1\u003c/span\u003e\u003c/span\u003e\u003c/span\u003e\u003c/span\u003e\u003c/span\u003e\u003cscript type=\"math/tex\" id=\"MathJax-Element-68\"\u003ea_{i-1}\u003c/script\u003e 之间有一条边相连\u003c/li\u003e\n\u003c/ul\u003e\u003cp\u003e对于每个测试点，\u003cspan class=\"MathJax_Preview\" style=\"color: inherit;\"\u003e\u003cspan class=\"MJXp-math\" id=\"MJXp-Span-237\"\u003e\u003cspan class=\"MJXp-mi MJXp-italic\" id=\"MJXp-Span-238\"\u003en\u003c/span\u003e\u003cspan class=\"MJXp-mo\" id=\"MJXp-Span-239\" style=\"margin-left: 0em; margin-right: 0.222em;\"\u003e,\u003c/span\u003e\u003cspan class=\"MJXp-mi MJXp-italic\" id=\"MJXp-Span-240\"\u003eT\u003c/span\u003e\u003cspan class=\"MJXp-mo\" id=\"MJXp-Span-241\" style=\"margin-left: 0em; margin-right: 0.222em;\"\u003e,\u003c/span\u003e\u003cspan class=\"MJXp-mrow\" id=\"MJXp-Span-242\"\u003e\u003cspan class=\"MJXp-mtext MJXp-mono\" id=\"MJXp-Span-243\"\u003edataType\u003c/span\u003e\u003c/span\u003e\u003c/span\u003e\u003c/span\u003e\u003cscript type=\"math/tex\" id=\"MathJax-Element-69\"\u003en, T, \\texttt{dataType}\u003c/script\u003e 的取值如下表：\u003c/p\u003e\u003cdiv class=\"table-responsive\"\u003e\n\u003ctable class=\"table table-bordered table-text-center table-vertical-middle\"\u003e\u003cthead\u003e\u003ctr\u003e\u003cth rowspan=\"1\"\u003e测试点编号\u003c/th\u003e\u003cth rowspan=\"1\"\u003e\u003cspan class=\"MathJax_Preview\" style=\"color: inherit;\"\u003e\u003cspan class=\"MJXp-math\" id=\"MJXp-Span-244\"\u003e\u003cspan class=\"MJXp-mi MJXp-italic\" id=\"MJXp-Span-245\"\u003en\u003c/span\u003e\u003c/span\u003e\u003c/span\u003e\u003cscript type=\"math/tex\" id=\"MathJax-Element-70\"\u003en\u003c/script\u003e\u003c/th\u003e\u003cth rowspan=\"1\"\u003e\u003cspan class=\"MathJax_Preview\" style=\"color: inherit;\"\u003e\u003cspan class=\"MJXp-math\" id=\"MJXp-Span-246\"\u003e\u003cspan class=\"MJXp-mi MJXp-italic\" id=\"MJXp-Span-247\"\u003eT\u003c/span\u003e\u003c/span\u003e\u003c/span\u003e\u003cscript type=\"math/tex\" id=\"MathJax-Element-71\"\u003eT\u003c/script\u003e\u003c/th\u003e\u003cth rowspan=\"1\"\u003e\u003cspan class=\"MathJax_Preview\" style=\"color: inherit;\"\u003e\u003cspan class=\"MJXp-math\" id=\"MJXp-Span-248\"\u003e\u003cspan class=\"MJXp-mrow\" id=\"MJXp-Span-249\"\u003e\u003cspan class=\"MJXp-mtext MJXp-mono\" id=\"MJXp-Span-250\"\u003edataType\u003c/span\u003e\u003c/span\u003e\u003c/span\u003e\u003c/span\u003e\u003cscript type=\"math/tex\" id=\"MathJax-Element-72\"\u003e\\texttt{dataType}\u003c/script\u003e\u003c/th\u003e\u003c/tr\u003e\u003c/thead\u003e\u003ctbody\u003e\u003ctr\u003e\u003ctd rowspan=\"1\"\u003e1\u003c/td\u003e\u003ctd rowspan=\"1\"\u003e2\u003c/td\u003e\u003ctd rowspan=\"1\"\u003e10000\u003c/td\u003e\u003ctd rowspan=\"4\"\u003e1\u003c/td\u003e\u003c/tr\u003e\u003ctr\u003e\u003ctd rowspan=\"1\"\u003e2\u003c/td\u003e\u003ctd rowspan=\"1\"\u003e3\u003c/td\u003e\u003ctd rowspan=\"1\"\u003e10000\u003c/td\u003e\u003c/tr\u003e\u003ctr\u003e\u003ctd rowspan=\"1\"\u003e3\u003c/td\u003e\u003ctd rowspan=\"1\"\u003e10\u003c/td\u003e\u003ctd rowspan=\"1\"\u003e10000\u003c/td\u003e\u003c/tr\u003e\u003ctr\u003e\u003ctd rowspan=\"1\"\u003e4\u003c/td\u003e\u003ctd rowspan=\"1\"\u003e100\u003c/td\u003e\u003ctd rowspan=\"1\"\u003e10000\u003c/td\u003e\u003c/tr\u003e\u003ctr\u003e\u003ctd rowspan=\"1\"\u003e5\u003c/td\u003e\u003ctd rowspan=\"1\"\u003e1000\u003c/td\u003e\u003ctd rowspan=\"1\"\u003e10000\u003c/td\u003e\u003ctd rowspan=\"3\"\u003e2\u003c/td\u003e\u003c/tr\u003e\u003ctr\u003e\u003ctd rowspan=\"1\"\u003e6\u003c/td\u003e\u003ctd rowspan=\"1\"\u003e20000\u003c/td\u003e\u003ctd rowspan=\"1\"\u003e300000\u003c/td\u003e\u003c/tr\u003e\u003ctr\u003e\u003ctd rowspan=\"1\"\u003e7\u003c/td\u003e\u003ctd rowspan=\"1\"\u003e250000\u003c/td\u003e\u003ctd rowspan=\"1\"\u003e5000000\u003c/td\u003e\u003c/tr\u003e\u003ctr\u003e\u003ctd rowspan=\"1\"\u003e8\u003c/td\u003e\u003ctd rowspan=\"1\"\u003e1000\u003c/td\u003e\u003ctd rowspan=\"1\"\u003e20000\u003c/td\u003e\u003ctd rowspan=\"6\"\u003e3\u003c/td\u003e\u003c/tr\u003e\u003ctr\u003e\u003ctd rowspan=\"1\"\u003e9\u003c/td\u003e\u003ctd rowspan=\"1\"\u003e5000\u003c/td\u003e\u003ctd rowspan=\"1\"\u003e15500\u003c/td\u003e\u003c/tr\u003e\u003ctr\u003e\u003ctd rowspan=\"1\"\u003e10\u003c/td\u003e\u003ctd rowspan=\"1\"\u003e30000\u003c/td\u003e\u003ctd rowspan=\"1\"\u003e63000\u003c/td\u003e\u003c/tr\u003e\u003ctr\u003e\u003ctd rowspan=\"1\"\u003e11\u003c/td\u003e\u003ctd rowspan=\"1\"\u003e150000\u003c/td\u003e\u003ctd rowspan=\"1\"\u003e165000\u003c/td\u003e\u003c/tr\u003e\u003ctr\u003e\u003ctd rowspan=\"1\"\u003e12\u003c/td\u003e\u003ctd rowspan=\"1\"\u003e250000\u003c/td\u003e\u003ctd rowspan=\"1\"\u003e250100\u003c/td\u003e\u003c/tr\u003e\u003ctr\u003e\u003ctd rowspan=\"1\"\u003e13\u003c/td\u003e\u003ctd rowspan=\"1\"\u003e300000\u003c/td\u003e\u003ctd rowspan=\"1\"\u003e300020\u003c/td\u003e\u003c/tr\u003e\u003ctr\u003e\u003ctd rowspan=\"1\"\u003e14\u003c/td\u003e\u003ctd rowspan=\"1\"\u003e1000\u003c/td\u003e\u003ctd rowspan=\"1\"\u003e50000\u003c/td\u003e\u003ctd rowspan=\"7\"\u003e1\u003c/td\u003e\u003c/tr\u003e\u003ctr\u003e\u003ctd rowspan=\"1\"\u003e15\u003c/td\u003e\u003ctd rowspan=\"1\"\u003e5000\u003c/td\u003e\u003ctd rowspan=\"1\"\u003e200000\u003c/td\u003e\u003c/tr\u003e\u003ctr\u003e\u003ctd rowspan=\"1\"\u003e16\u003c/td\u003e\u003ctd rowspan=\"1\"\u003e30000\u003c/td\u003e\u003ctd rowspan=\"1\"\u003e900000\u003c/td\u003e\u003c/tr\u003e\u003ctr\u003e\u003ctd rowspan=\"1\"\u003e17\u003c/td\u003e\u003ctd rowspan=\"1\"\u003e150000\u003c/td\u003e\u003ctd rowspan=\"1\"\u003e3750000\u003c/td\u003e\u003c/tr\u003e\u003ctr\u003e\u003ctd rowspan=\"1\"\u003e18\u003c/td\u003e\u003ctd rowspan=\"1\"\u003e200000\u003c/td\u003e\u003ctd rowspan=\"1\"\u003e4400000\u003c/td\u003e\u003c/tr\u003e\u003ctr\u003e\u003ctd rowspan=\"1\"\u003e19\u003c/td\u003e\u003ctd rowspan=\"1\"\u003e250000\u003c/td\u003e\u003ctd rowspan=\"1\"\u003e5000000\u003c/td\u003e\u003c/tr\u003e\u003ctr\u003e\u003ctd rowspan=\"1\"\u003e20\u003c/td\u003e\u003ctd rowspan=\"1\"\u003e300000\u003c/td\u003e\u003ctd rowspan=\"1\"\u003e5000000\u003c/td\u003e\u003c/tr\u003e\u003c/tbody\u003e\u003c/table\u003e\u003c/div\u003e",
      "misc": ""
    },
    {
      "title": "下载",
      "content": "\u003cp\u003e\u003ca href=\"/download.php?type=problem\u0026amp;id=349\"\u003e样例和交互库下载\u003c/a\u003e\u003c/p\u003e",
      "misc": ""
    }
  ],
  "samples": [
    {
      "title": "样例一",
      "input": "\u003cpre\u003e4 100 1\n1 3\n3 4\n3 2\n\u003c/pre\u003e",
      "output": "\u003cpre\u003eCorrect\n\u003c/pre\u003e",
      "explanation": "\u003cp\u003e这是使用试题目录的 grader 和正确的源程序得到的输出文件。\u003c/p\u003e\u003cp\u003e对于此样例，一种可能的 \u003ccode\u003eexplore\u003c/code\u003e 函数的调用顺序为：\u003c/p\u003e\u003cul\u003e\u003cli\u003e\u003ccode\u003eexplore(1, 2)\u003c/code\u003e，返回 3\u003c/li\u003e\n\u003cli\u003e\u003ccode\u003eexplore(3, 2)\u003c/code\u003e，返回 2\u003c/li\u003e\n\u003cli\u003e\u003ccode\u003eexplore(2, 4)\u003c/code\u003e，返回 3\u003c/li\u003e\n\u003cli\u003e\u003ccode\u003eexplore(3, 4)\u003c/code\u003e，返回 4\u003c/li\u003e\n\u003c/ul\u003e",
      "misc": ""
    },
    {
      "title": "样例二",
      "input": "",
      "output": "",
      "explanation": "",
      "misc": "\u003cp\u003e见\u003ca href=\"/download.php?type=problem\u0026amp;id=349\"\u003e下载目录\u003c/a\u003e下的 \u003cem\u003eex_2.in\u003c/em\u003e 与 \u003cem\u003eex_2.ans\u003c/em\u003e。\u003c/p\u003e\u003cp\u003e该组样例的数据范围同第 5 个测试点。\u003c/p\u003e"
    },
    {
      "title": "样例三",
      "input": "",
      "output": "",
      "explanation": "",
      "misc": "\u003cp\u003e见\u003ca href=\"/download.php?type=problem\u0026amp;id=349\"\u003e下载目录\u003c/a\u003e下的 \u003cem\u003eex_3.in\u003c/em\u003e 与 \u003cem\u003eex_3.ans\u003c/em\u003e。\u003c/p\u003e\u003cp\u003e该组样例的数据范围同第 8 个测试点。\u003c/p\u003e"
    }
  ],
  "tags": [
    "UOJ",
    "WC2018"
  ],
  "rules": {
    "runtime": "2000000000",
    "memory": "536870912",
    "stack": "536870912",
    "source": "51200"
  },
  "meta": {
    "created": "2021-04-09T21:43:51.78977915+08:00",
    "updated": "2021-04-09T21:43:51.78977915+08:00",
    "checked": "2021-04-09T21:43:51.78977915+08:00"
  },
  "misc": ""
}
