{
  "id": "445",
  "title": "暴躁的排序鸽",
  "type": "interactive",
  "sections": [
    {
      "title": "",
      "content": "\u003cp\u003e这是一道\u003cstrong\u003e交互题\u003c/strong\u003e。\u003c/p\u003e\u003cp\u003eOld Pigeon是一名神仙OI选手，在鸽国信息学冬令营PWC2017 Challenge一题中仅用\u003cspan class=\"MathJax_Preview\" style=\"color: inherit;\"\u003e\u003cspan class=\"MJXp-math\" id=\"MJXp-Span-1\"\u003e\u003cspan class=\"MJXp-mn\" id=\"MJXp-Span-2\"\u003e1\u003c/span\u003e\u003cspan class=\"MJXp-mi MJXp-italic\" id=\"MJXp-Span-3\"\u003em\u003c/span\u003e\u003cspan class=\"MJXp-mi MJXp-italic\" id=\"MJXp-Span-4\"\u003es\u003c/span\u003e\u003c/span\u003e\u003c/span\u003e\u003cscript type=\"math/tex\" id=\"MathJax-Element-1\"\u003e1ms\u003c/script\u003e就完成了第二个子任务——对于\u003cspan class=\"MathJax_Preview\" style=\"color: inherit;\"\u003e\u003cspan class=\"MJXp-math\" id=\"MJXp-Span-5\"\u003e\u003cspan class=\"MJXp-mn\" id=\"MJXp-Span-6\"\u003e2\u003c/span\u003e\u003cspan class=\"MJXp-mo\" id=\"MJXp-Span-7\" style=\"margin-left: 0.267em; margin-right: 0.267em;\"\u003e×\u003c/span\u003e\u003cspan class=\"MJXp-msubsup\" id=\"MJXp-Span-8\"\u003e\u003cspan class=\"MJXp-mn\" id=\"MJXp-Span-9\" style=\"margin-right: 0.05em;\"\u003e10\u003c/span\u003e\u003cspan class=\"MJXp-mn MJXp-script\" id=\"MJXp-Span-10\" style=\"vertical-align: 0.5em;\"\u003e8\u003c/span\u003e\u003c/span\u003e\u003c/span\u003e\u003c/span\u003e\u003cscript type=\"math/tex\" id=\"MathJax-Element-2\"\u003e2\\times 10^8\u003c/script\u003e个数排序，吊打了\u003cspan class=\"MathJax_Preview\" style=\"color: inherit;\"\u003e\u003cspan class=\"MJXp-math\" id=\"MJXp-Span-11\"\u003e\u003cspan class=\"MJXp-mi MJXp-italic\" id=\"MJXp-Span-12\"\u003es\u003c/span\u003e\u003cspan class=\"MJXp-mi MJXp-italic\" id=\"MJXp-Span-13\"\u003et\u003c/span\u003e\u003cspan class=\"MJXp-mi MJXp-italic\" id=\"MJXp-Span-14\"\u003ed\u003c/span\u003e\u003c/span\u003e\u003c/span\u003e\u003cscript type=\"math/tex\" id=\"MathJax-Element-3\"\u003estd\u003c/script\u003e。当ljt12138向他询问解题方法时，他总是笑而不语。\u003c/p\u003e\u003cp\u003e进入鸽华大学后，他遇到了这样一道数据结构课习题：给你\u003cspan class=\"MathJax_Preview\" style=\"color: inherit;\"\u003e\u003cspan class=\"MJXp-math\" id=\"MJXp-Span-15\"\u003e\u003cspan class=\"MJXp-mi MJXp-italic\" id=\"MJXp-Span-16\"\u003en\u003c/span\u003e\u003c/span\u003e\u003c/span\u003e\u003cscript type=\"math/tex\" id=\"MathJax-Element-4\"\u003en\u003c/script\u003e个数和一个三元比较器\u003cspan class=\"MathJax_Preview\" style=\"color: inherit;\"\u003e\u003cspan class=\"MJXp-math\" id=\"MJXp-Span-17\"\u003e\u003cspan class=\"MJXp-mi MJXp-italic\" id=\"MJXp-Span-18\"\u003ec\u003c/span\u003e\u003cspan class=\"MJXp-mi MJXp-italic\" id=\"MJXp-Span-19\"\u003eo\u003c/span\u003e\u003cspan class=\"MJXp-mi MJXp-italic\" id=\"MJXp-Span-20\"\u003em\u003c/span\u003e\u003cspan class=\"MJXp-mi MJXp-italic\" id=\"MJXp-Span-21\"\u003ep\u003c/span\u003e\u003cspan class=\"MJXp-mi MJXp-italic\" id=\"MJXp-Span-22\"\u003ea\u003c/span\u003e\u003cspan class=\"MJXp-mi MJXp-italic\" id=\"MJXp-Span-23\"\u003er\u003c/span\u003e\u003cspan class=\"MJXp-mi MJXp-italic\" id=\"MJXp-Span-24\"\u003ee\u003c/span\u003e\u003cspan class=\"MJXp-mo\" id=\"MJXp-Span-25\" style=\"margin-left: 0em; margin-right: 0em;\"\u003e(\u003c/span\u003e\u003cspan class=\"MJXp-mi MJXp-italic\" id=\"MJXp-Span-26\"\u003ex\u003c/span\u003e\u003cspan class=\"MJXp-mo\" id=\"MJXp-Span-27\" style=\"margin-left: 0em; margin-right: 0.222em;\"\u003e,\u003c/span\u003e\u003cspan class=\"MJXp-mi MJXp-italic\" id=\"MJXp-Span-28\"\u003ey\u003c/span\u003e\u003cspan class=\"MJXp-mo\" id=\"MJXp-Span-29\" style=\"margin-left: 0em; margin-right: 0.222em;\"\u003e,\u003c/span\u003e\u003cspan class=\"MJXp-mi MJXp-italic\" id=\"MJXp-Span-30\"\u003ez\u003c/span\u003e\u003cspan class=\"MJXp-mo\" id=\"MJXp-Span-31\" style=\"margin-left: 0em; margin-right: 0em;\"\u003e)\u003c/span\u003e\u003c/span\u003e\u003c/span\u003e\u003cscript type=\"math/tex\" id=\"MathJax-Element-5\"\u003ecompare(x, y, z)\u003c/script\u003e，你可以给三元比较器三个数，它会将最大的数和最小的数返回给你，要求你用尽可能少的次数给\u003cspan class=\"MathJax_Preview\" style=\"color: inherit;\"\u003e\u003cspan class=\"MJXp-math\" id=\"MJXp-Span-32\"\u003e\u003cspan class=\"MJXp-mi MJXp-italic\" id=\"MJXp-Span-33\"\u003en\u003c/span\u003e\u003c/span\u003e\u003c/span\u003e\u003cscript type=\"math/tex\" id=\"MathJax-Element-6\"\u003en\u003c/script\u003e个数排序。看到这道似曾相识的题目，Old Pigeon变得暴躁了起来：“我有一只神奇的排序鸽，你给它不超过\u003cspan class=\"MathJax_Preview\" style=\"color: inherit;\"\u003e\u003cspan class=\"MJXp-math\" id=\"MJXp-Span-34\"\u003e\u003cspan class=\"MJXp-mi MJXp-italic\" id=\"MJXp-Span-35\"\u003ek\u003c/span\u003e\u003c/span\u003e\u003c/span\u003e\u003cscript type=\"math/tex\" id=\"MathJax-Element-7\"\u003ek\u003c/script\u003e个数，它就能将\u003cspan class=\"MathJax_Preview\" style=\"color: inherit;\"\u003e\u003cspan class=\"MJXp-math\" id=\"MJXp-Span-36\"\u003e\u003cspan class=\"MJXp-mi MJXp-italic\" id=\"MJXp-Span-37\"\u003ek\u003c/span\u003e\u003c/span\u003e\u003c/span\u003e\u003cscript type=\"math/tex\" id=\"MathJax-Element-8\"\u003ek\u003c/script\u003e个数返回给你，比三元比较器高到不知哪里去了！”\u003c/p\u003e\u003cp\u003e在PWC2017中获得狗牌的ljt12138想知道，如果你有一只这样的排序鸽，可以在多少次比较之内将\u003cspan class=\"MathJax_Preview\" style=\"color: inherit;\"\u003e\u003cspan class=\"MJXp-math\" id=\"MJXp-Span-38\"\u003e\u003cspan class=\"MJXp-mi MJXp-italic\" id=\"MJXp-Span-39\"\u003en\u003c/span\u003e\u003c/span\u003e\u003c/span\u003e\u003cscript type=\"math/tex\" id=\"MathJax-Element-9\"\u003en\u003c/script\u003e个数排序呢？\u003c/p\u003e",
      "misc": ""
    },
    {
      "title": "任务介绍",
      "content": "\u003cp\u003e你需要实现一个函数\u003ccode\u003esort(int id, int n, int k, int *a)\u003c/code\u003e：\u003c/p\u003e\u003cul\u003e\u003cli\u003e\u003cspan class=\"MathJax_Preview\" style=\"color: inherit;\"\u003e\u003cspan class=\"MJXp-math\" id=\"MJXp-Span-40\"\u003e\u003cspan class=\"MJXp-mn\" id=\"MJXp-Span-41\"\u003e1\u003c/span\u003e\u003cspan class=\"MJXp-mo\" id=\"MJXp-Span-42\" style=\"margin-left: 0.333em; margin-right: 0.333em;\"\u003e≤\u003c/span\u003e\u003cspan class=\"MJXp-mi MJXp-italic\" id=\"MJXp-Span-43\"\u003ei\u003c/span\u003e\u003cspan class=\"MJXp-mi MJXp-italic\" id=\"MJXp-Span-44\"\u003ed\u003c/span\u003e\u003cspan class=\"MJXp-mo\" id=\"MJXp-Span-45\" style=\"margin-left: 0.333em; margin-right: 0.333em;\"\u003e≤\u003c/span\u003e\u003cspan class=\"MJXp-mn\" id=\"MJXp-Span-46\"\u003e3\u003c/span\u003e\u003c/span\u003e\u003c/span\u003e\u003cscript type=\"math/tex\" id=\"MathJax-Element-10\"\u003e1\\le id\\le 3\u003c/script\u003e为传入的子任务编号；\u003c/li\u003e\n\u003cli\u003e\u003cspan class=\"MathJax_Preview\" style=\"color: inherit;\"\u003e\u003cspan class=\"MJXp-math\" id=\"MJXp-Span-47\"\u003e\u003cspan class=\"MJXp-mi MJXp-italic\" id=\"MJXp-Span-48\"\u003en\u003c/span\u003e\u003c/span\u003e\u003c/span\u003e\u003cscript type=\"math/tex\" id=\"MathJax-Element-11\"\u003en\u003c/script\u003e为序列长度；\u003c/li\u003e\n\u003cli\u003e\u003cspan class=\"MathJax_Preview\" style=\"color: inherit;\"\u003e\u003cspan class=\"MJXp-math\" id=\"MJXp-Span-49\"\u003e\u003cspan class=\"MJXp-mi MJXp-italic\" id=\"MJXp-Span-50\"\u003ek\u003c/span\u003e\u003c/span\u003e\u003c/span\u003e\u003cscript type=\"math/tex\" id=\"MathJax-Element-12\"\u003ek\u003c/script\u003e为排序鸽允许的最大排序个数；\u003c/li\u003e\n\u003cli\u003e\u003cspan class=\"MathJax_Preview\" style=\"color: inherit;\"\u003e\u003cspan class=\"MJXp-math\" id=\"MJXp-Span-51\"\u003e\u003cspan class=\"MJXp-mi MJXp-italic\" id=\"MJXp-Span-52\"\u003ea\u003c/span\u003e\u003c/span\u003e\u003c/span\u003e\u003cscript type=\"math/tex\" id=\"MathJax-Element-13\"\u003ea\u003c/script\u003e为传出答案的数组。\u003c/li\u003e\n\u003c/ul\u003e\u003cp\u003e你需要将排序后第\u003cspan class=\"MathJax_Preview\" style=\"color: inherit;\"\u003e\u003cspan class=\"MJXp-math\" id=\"MJXp-Span-53\"\u003e\u003cspan class=\"MJXp-mn\" id=\"MJXp-Span-54\"\u003e1\u003c/span\u003e\u003cspan class=\"MJXp-mo\" id=\"MJXp-Span-55\" style=\"margin-left: 0.333em; margin-right: 0.333em;\"\u003e≤\u003c/span\u003e\u003cspan class=\"MJXp-mi MJXp-italic\" id=\"MJXp-Span-56\"\u003ei\u003c/span\u003e\u003cspan class=\"MJXp-mo\" id=\"MJXp-Span-57\" style=\"margin-left: 0.333em; margin-right: 0.333em;\"\u003e≤\u003c/span\u003e\u003cspan class=\"MJXp-mi MJXp-italic\" id=\"MJXp-Span-58\"\u003en\u003c/span\u003e\u003c/span\u003e\u003c/span\u003e\u003cscript type=\"math/tex\" id=\"MathJax-Element-14\"\u003e1\\le i\\le n\u003c/script\u003e小的数\u003cstrong\u003e在原数列中的位置\u003c/strong\u003e\u003cspan class=\"MathJax_Preview\" style=\"color: inherit;\"\u003e\u003cspan class=\"MJXp-math\" id=\"MJXp-Span-59\"\u003e\u003cspan class=\"MJXp-mn\" id=\"MJXp-Span-60\"\u003e0\u003c/span\u003e\u003cspan class=\"MJXp-mo\" id=\"MJXp-Span-61\" style=\"margin-left: 0.333em; margin-right: 0.333em;\"\u003e≤\u003c/span\u003e\u003cspan class=\"MJXp-mi MJXp-italic\" id=\"MJXp-Span-62\"\u003ep\u003c/span\u003e\u003cspan class=\"MJXp-mo\" id=\"MJXp-Span-63\" style=\"margin-left: 0.333em; margin-right: 0.333em;\"\u003e\u0026lt;\u003c/span\u003e\u003cspan class=\"MJXp-mi MJXp-italic\" id=\"MJXp-Span-64\"\u003en\u003c/span\u003e\u003c/span\u003e\u003c/span\u003e\u003cscript type=\"math/tex\" id=\"MathJax-Element-15\"\u003e0\\le p \u003c n\u003c/script\u003e，存放到\u003cspan class=\"MathJax_Preview\" style=\"color: inherit;\"\u003e\u003cspan class=\"MJXp-math\" id=\"MJXp-Span-65\"\u003e\u003cspan class=\"MJXp-mi MJXp-italic\" id=\"MJXp-Span-66\"\u003ea\u003c/span\u003e\u003cspan class=\"MJXp-mo\" id=\"MJXp-Span-67\" style=\"margin-left: 0em; margin-right: 0em;\"\u003e[\u003c/span\u003e\u003cspan class=\"MJXp-mi MJXp-italic\" id=\"MJXp-Span-68\"\u003ei\u003c/span\u003e\u003cspan class=\"MJXp-mo\" id=\"MJXp-Span-69\" style=\"margin-left: 0.267em; margin-right: 0.267em;\"\u003e−\u003c/span\u003e\u003cspan class=\"MJXp-mn\" id=\"MJXp-Span-70\"\u003e1\u003c/span\u003e\u003cspan class=\"MJXp-mo\" id=\"MJXp-Span-71\" style=\"margin-left: 0em; margin-right: 0em;\"\u003e]\u003c/span\u003e\u003c/span\u003e\u003c/span\u003e\u003cscript type=\"math/tex\" id=\"MathJax-Element-16\"\u003ea[i-1]\u003c/script\u003e的位置。所有的下标都是从\u003cstrong\u003e0\u003c/strong\u003e开始的。\u003c/p\u003e\u003cp\u003e举例而言，如果待排序的数组\u003cspan class=\"MathJax_Preview\" style=\"color: inherit;\"\u003e\u003cspan class=\"MJXp-math\" id=\"MJXp-Span-72\"\u003e\u003cspan class=\"MJXp-mi MJXp-italic\" id=\"MJXp-Span-73\"\u003eA\u003c/span\u003e\u003cspan class=\"MJXp-mo\" id=\"MJXp-Span-74\" style=\"margin-left: 0.333em; margin-right: 0.333em;\"\u003e=\u003c/span\u003e\u003cspan class=\"MJXp-mo\" id=\"MJXp-Span-75\" style=\"margin-left: 0em; margin-right: 0em;\"\u003e[\u003c/span\u003e\u003cspan class=\"MJXp-mn\" id=\"MJXp-Span-76\"\u003e3\u003c/span\u003e\u003cspan class=\"MJXp-mo\" id=\"MJXp-Span-77\" style=\"margin-left: 0em; margin-right: 0.222em;\"\u003e,\u003c/span\u003e\u003cspan class=\"MJXp-mn\" id=\"MJXp-Span-78\"\u003e2\u003c/span\u003e\u003cspan class=\"MJXp-mo\" id=\"MJXp-Span-79\" style=\"margin-left: 0em; margin-right: 0.222em;\"\u003e,\u003c/span\u003e\u003cspan class=\"MJXp-mn\" id=\"MJXp-Span-80\"\u003e0\u003c/span\u003e\u003cspan class=\"MJXp-mo\" id=\"MJXp-Span-81\" style=\"margin-left: 0em; margin-right: 0.222em;\"\u003e,\u003c/span\u003e\u003cspan class=\"MJXp-mn\" id=\"MJXp-Span-82\"\u003e1\u003c/span\u003e\u003cspan class=\"MJXp-mo\" id=\"MJXp-Span-83\" style=\"margin-left: 0em; margin-right: 0.222em;\"\u003e,\u003c/span\u003e\u003cspan class=\"MJXp-mn\" id=\"MJXp-Span-84\"\u003e4\u003c/span\u003e\u003cspan class=\"MJXp-mo\" id=\"MJXp-Span-85\" style=\"margin-left: 0em; margin-right: 0em;\"\u003e]\u003c/span\u003e\u003c/span\u003e\u003c/span\u003e\u003cscript type=\"math/tex\" id=\"MathJax-Element-17\"\u003eA = [3, 2, 0, 1, 4]\u003c/script\u003e，排好序后的数组是\u003cspan class=\"MathJax_Preview\" style=\"color: inherit;\"\u003e\u003cspan class=\"MJXp-math\" id=\"MJXp-Span-86\"\u003e\u003cspan class=\"MJXp-msup\" id=\"MJXp-Span-87\"\u003e\u003cspan class=\"MJXp-mi MJXp-italic\" id=\"MJXp-Span-88\" style=\"margin-right: 0.05em;\"\u003eA\u003c/span\u003e\u003cspan class=\"MJXp-mo MJXp-script\" id=\"MJXp-Span-89\" style=\"vertical-align: 0.5em;\"\u003e′\u003c/span\u003e\u003c/span\u003e\u003cspan class=\"MJXp-mo\" id=\"MJXp-Span-90\" style=\"margin-left: 0.333em; margin-right: 0.333em;\"\u003e=\u003c/span\u003e\u003cspan class=\"MJXp-mo\" id=\"MJXp-Span-91\" style=\"margin-left: 0em; margin-right: 0em;\"\u003e[\u003c/span\u003e\u003cspan class=\"MJXp-mn\" id=\"MJXp-Span-92\"\u003e0\u003c/span\u003e\u003cspan class=\"MJXp-mo\" id=\"MJXp-Span-93\" style=\"margin-left: 0em; margin-right: 0.222em;\"\u003e,\u003c/span\u003e\u003cspan class=\"MJXp-mn\" id=\"MJXp-Span-94\"\u003e1\u003c/span\u003e\u003cspan class=\"MJXp-mo\" id=\"MJXp-Span-95\" style=\"margin-left: 0em; margin-right: 0.222em;\"\u003e,\u003c/span\u003e\u003cspan class=\"MJXp-mn\" id=\"MJXp-Span-96\"\u003e2\u003c/span\u003e\u003cspan class=\"MJXp-mo\" id=\"MJXp-Span-97\" style=\"margin-left: 0em; margin-right: 0.222em;\"\u003e,\u003c/span\u003e\u003cspan class=\"MJXp-mn\" id=\"MJXp-Span-98\"\u003e3\u003c/span\u003e\u003cspan class=\"MJXp-mo\" id=\"MJXp-Span-99\" style=\"margin-left: 0em; margin-right: 0.222em;\"\u003e,\u003c/span\u003e\u003cspan class=\"MJXp-mn\" id=\"MJXp-Span-100\"\u003e4\u003c/span\u003e\u003cspan class=\"MJXp-mo\" id=\"MJXp-Span-101\" style=\"margin-left: 0em; margin-right: 0em;\"\u003e]\u003c/span\u003e\u003c/span\u003e\u003c/span\u003e\u003cscript type=\"math/tex\" id=\"MathJax-Element-18\"\u003eA' = [0, 1, 2, 3, 4]\u003c/script\u003e，你应当返回的数组\u003cspan class=\"MathJax_Preview\" style=\"color: inherit;\"\u003e\u003cspan class=\"MJXp-math\" id=\"MJXp-Span-102\"\u003e\u003cspan class=\"MJXp-mi MJXp-italic\" id=\"MJXp-Span-103\"\u003ea\u003c/span\u003e\u003cspan class=\"MJXp-mo\" id=\"MJXp-Span-104\" style=\"margin-left: 0.333em; margin-right: 0.333em;\"\u003e=\u003c/span\u003e\u003cspan class=\"MJXp-mo\" id=\"MJXp-Span-105\" style=\"margin-left: 0em; margin-right: 0em;\"\u003e[\u003c/span\u003e\u003cspan class=\"MJXp-mn\" id=\"MJXp-Span-106\"\u003e2\u003c/span\u003e\u003cspan class=\"MJXp-mo\" id=\"MJXp-Span-107\" style=\"margin-left: 0em; margin-right: 0.222em;\"\u003e,\u003c/span\u003e\u003cspan class=\"MJXp-mn\" id=\"MJXp-Span-108\"\u003e3\u003c/span\u003e\u003cspan class=\"MJXp-mo\" id=\"MJXp-Span-109\" style=\"margin-left: 0em; margin-right: 0.222em;\"\u003e,\u003c/span\u003e\u003cspan class=\"MJXp-mn\" id=\"MJXp-Span-110\"\u003e1\u003c/span\u003e\u003cspan class=\"MJXp-mo\" id=\"MJXp-Span-111\" style=\"margin-left: 0em; margin-right: 0.222em;\"\u003e,\u003c/span\u003e\u003cspan class=\"MJXp-mn\" id=\"MJXp-Span-112\"\u003e0\u003c/span\u003e\u003cspan class=\"MJXp-mo\" id=\"MJXp-Span-113\" style=\"margin-left: 0em; margin-right: 0.222em;\"\u003e,\u003c/span\u003e\u003cspan class=\"MJXp-mn\" id=\"MJXp-Span-114\"\u003e4\u003c/span\u003e\u003cspan class=\"MJXp-mo\" id=\"MJXp-Span-115\" style=\"margin-left: 0em; margin-right: 0em;\"\u003e]\u003c/span\u003e\u003c/span\u003e\u003c/span\u003e\u003cscript type=\"math/tex\" id=\"MathJax-Element-19\"\u003ea = [2, 3, 1, 0, 4]\u003c/script\u003e。\u003c/p\u003e\u003cp\u003e在每个测试点中，交互库都会调用恰好一次\u003ccode\u003esort\u003c/code\u003e函数。\u003c/p\u003e\u003cp\u003e你可以调用函数\u003ccode\u003esuper_sort(int *a, int len, int *b)\u003c/code\u003e来请求排序鸽为你排序：\u003c/p\u003e\u003cul\u003e\u003cli\u003e\u003cspan class=\"MathJax_Preview\" style=\"color: inherit;\"\u003e\u003cspan class=\"MJXp-math\" id=\"MJXp-Span-116\"\u003e\u003cspan class=\"MJXp-mi MJXp-italic\" id=\"MJXp-Span-117\"\u003el\u003c/span\u003e\u003cspan class=\"MJXp-mi MJXp-italic\" id=\"MJXp-Span-118\"\u003ee\u003c/span\u003e\u003cspan class=\"MJXp-mi MJXp-italic\" id=\"MJXp-Span-119\"\u003en\u003c/span\u003e\u003c/span\u003e\u003c/span\u003e\u003cscript type=\"math/tex\" id=\"MathJax-Element-20\"\u003elen\u003c/script\u003e表示待排序的数的个数，要求\u003cspan class=\"MathJax_Preview\" style=\"color: inherit;\"\u003e\u003cspan class=\"MJXp-math\" id=\"MJXp-Span-120\"\u003e\u003cspan class=\"MJXp-mi MJXp-italic\" id=\"MJXp-Span-121\"\u003el\u003c/span\u003e\u003cspan class=\"MJXp-mi MJXp-italic\" id=\"MJXp-Span-122\"\u003ee\u003c/span\u003e\u003cspan class=\"MJXp-mi MJXp-italic\" id=\"MJXp-Span-123\"\u003en\u003c/span\u003e\u003cspan class=\"MJXp-mo\" id=\"MJXp-Span-124\" style=\"margin-left: 0.333em; margin-right: 0.333em;\"\u003e≤\u003c/span\u003e\u003cspan class=\"MJXp-mi MJXp-italic\" id=\"MJXp-Span-125\"\u003ek\u003c/span\u003e\u003c/span\u003e\u003c/span\u003e\u003cscript type=\"math/tex\" id=\"MathJax-Element-21\"\u003elen \\le k\u003c/script\u003e；\u003c/li\u003e\n\u003cli\u003e\u003cspan class=\"MathJax_Preview\" style=\"color: inherit;\"\u003e\u003cspan class=\"MJXp-math\" id=\"MJXp-Span-126\"\u003e\u003cspan class=\"MJXp-mi MJXp-italic\" id=\"MJXp-Span-127\"\u003ea\u003c/span\u003e\u003c/span\u003e\u003c/span\u003e\u003cscript type=\"math/tex\" id=\"MathJax-Element-22\"\u003ea\u003c/script\u003e传入待排序的数\u003cstrong\u003e在原数列中的位置\u003c/strong\u003e，且\u003cspan class=\"MathJax_Preview\" style=\"color: inherit;\"\u003e\u003cspan class=\"MJXp-math\" id=\"MJXp-Span-128\"\u003e\u003cspan class=\"MJXp-mn\" id=\"MJXp-Span-129\"\u003e0\u003c/span\u003e\u003cspan class=\"MJXp-mo\" id=\"MJXp-Span-130\" style=\"margin-left: 0.333em; margin-right: 0.333em;\"\u003e≤\u003c/span\u003e\u003cspan class=\"MJXp-mi MJXp-italic\" id=\"MJXp-Span-131\"\u003ea\u003c/span\u003e\u003cspan class=\"MJXp-mo\" id=\"MJXp-Span-132\" style=\"margin-left: 0em; margin-right: 0em;\"\u003e[\u003c/span\u003e\u003cspan class=\"MJXp-mi MJXp-italic\" id=\"MJXp-Span-133\"\u003ei\u003c/span\u003e\u003cspan class=\"MJXp-mo\" id=\"MJXp-Span-134\" style=\"margin-left: 0em; margin-right: 0em;\"\u003e]\u003c/span\u003e\u003cspan class=\"MJXp-mo\" id=\"MJXp-Span-135\" style=\"margin-left: 0.333em; margin-right: 0.333em;\"\u003e\u0026lt;\u003c/span\u003e\u003cspan class=\"MJXp-mi MJXp-italic\" id=\"MJXp-Span-136\"\u003en\u003c/span\u003e\u003c/span\u003e\u003c/span\u003e\u003cscript type=\"math/tex\" id=\"MathJax-Element-23\"\u003e0\\le a[i] \u003c n\u003c/script\u003e；\u003c/li\u003e\n\u003cli\u003e\u003cspan class=\"MathJax_Preview\" style=\"color: inherit;\"\u003e\u003cspan class=\"MJXp-math\" id=\"MJXp-Span-137\"\u003e\u003cspan class=\"MJXp-mi MJXp-italic\" id=\"MJXp-Span-138\"\u003eb\u003c/span\u003e\u003c/span\u003e\u003c/span\u003e\u003cscript type=\"math/tex\" id=\"MathJax-Element-24\"\u003eb\u003c/script\u003e传出排好序的数\u003cstrong\u003e在原数列中的位置\u003c/strong\u003e，即\u003cspan class=\"MathJax_Preview\" style=\"color: inherit;\"\u003e\u003cspan class=\"MJXp-math\" id=\"MJXp-Span-139\"\u003e\u003cspan class=\"MJXp-mi MJXp-italic\" id=\"MJXp-Span-140\"\u003eb\u003c/span\u003e\u003c/span\u003e\u003c/span\u003e\u003cscript type=\"math/tex\" id=\"MathJax-Element-25\"\u003eb\u003c/script\u003e是\u003cspan class=\"MathJax_Preview\" style=\"color: inherit;\"\u003e\u003cspan class=\"MJXp-math\" id=\"MJXp-Span-141\"\u003e\u003cspan class=\"MJXp-mi MJXp-italic\" id=\"MJXp-Span-142\"\u003ea\u003c/span\u003e\u003c/span\u003e\u003c/span\u003e\u003cscript type=\"math/tex\" id=\"MathJax-Element-26\"\u003ea\u003c/script\u003e的一个排列，且对于任意的\u003cspan class=\"MathJax_Preview\" style=\"color: inherit;\"\u003e\u003cspan class=\"MJXp-math\" id=\"MJXp-Span-143\"\u003e\u003cspan class=\"MJXp-mi MJXp-italic\" id=\"MJXp-Span-144\"\u003ei\u003c/span\u003e\u003cspan class=\"MJXp-mo\" id=\"MJXp-Span-145\" style=\"margin-left: 0.333em; margin-right: 0.333em;\"\u003e\u0026lt;\u003c/span\u003e\u003cspan class=\"MJXp-mi MJXp-italic\" id=\"MJXp-Span-146\"\u003ej\u003c/span\u003e\u003c/span\u003e\u003c/span\u003e\u003cscript type=\"math/tex\" id=\"MathJax-Element-27\"\u003ei \u003c j\u003c/script\u003e，\u003cspan class=\"MathJax_Preview\" style=\"color: inherit;\"\u003e\u003cspan class=\"MJXp-math\" id=\"MJXp-Span-147\"\u003e\u003cspan class=\"MJXp-mi MJXp-italic\" id=\"MJXp-Span-148\"\u003eA\u003c/span\u003e\u003cspan class=\"MJXp-mo\" id=\"MJXp-Span-149\" style=\"margin-left: 0em; margin-right: 0em;\"\u003e[\u003c/span\u003e\u003cspan class=\"MJXp-mi MJXp-italic\" id=\"MJXp-Span-150\"\u003eb\u003c/span\u003e\u003cspan class=\"MJXp-mo\" id=\"MJXp-Span-151\" style=\"margin-left: 0em; margin-right: 0em;\"\u003e[\u003c/span\u003e\u003cspan class=\"MJXp-mi MJXp-italic\" id=\"MJXp-Span-152\"\u003ei\u003c/span\u003e\u003cspan class=\"MJXp-mo\" id=\"MJXp-Span-153\" style=\"margin-left: 0em; margin-right: 0em;\"\u003e]\u003c/span\u003e\u003cspan class=\"MJXp-mo\" id=\"MJXp-Span-154\" style=\"margin-left: 0em; margin-right: 0em;\"\u003e]\u003c/span\u003e\u003cspan class=\"MJXp-mo\" id=\"MJXp-Span-155\" style=\"margin-left: 0.333em; margin-right: 0.333em;\"\u003e\u0026lt;\u003c/span\u003e\u003cspan class=\"MJXp-mi MJXp-italic\" id=\"MJXp-Span-156\"\u003eA\u003c/span\u003e\u003cspan class=\"MJXp-mo\" id=\"MJXp-Span-157\" style=\"margin-left: 0em; margin-right: 0em;\"\u003e[\u003c/span\u003e\u003cspan class=\"MJXp-mi MJXp-italic\" id=\"MJXp-Span-158\"\u003eb\u003c/span\u003e\u003cspan class=\"MJXp-mo\" id=\"MJXp-Span-159\" style=\"margin-left: 0em; margin-right: 0em;\"\u003e[\u003c/span\u003e\u003cspan class=\"MJXp-mi MJXp-italic\" id=\"MJXp-Span-160\"\u003ej\u003c/span\u003e\u003cspan class=\"MJXp-mo\" id=\"MJXp-Span-161\" style=\"margin-left: 0em; margin-right: 0em;\"\u003e]\u003c/span\u003e\u003cspan class=\"MJXp-mo\" id=\"MJXp-Span-162\" style=\"margin-left: 0em; margin-right: 0em;\"\u003e]\u003c/span\u003e\u003c/span\u003e\u003c/span\u003e\u003cscript type=\"math/tex\" id=\"MathJax-Element-28\"\u003eA[b[i]] \u003c A[b[j]]\u003c/script\u003e。\u003c/li\u003e\n\u003c/ul\u003e",
      "misc": ""
    },
    {
      "title": "实现方法",
      "content": "\u003cp\u003e本题只支持C++。\u003c/p\u003e\u003cp\u003e源代码中需要包含头文件\u003ccode\u003esort.h\u003c/code\u003e。\u003c/p\u003e\u003cp\u003e你需要实现的函数\u003ccode\u003esort\u003c/code\u003e：\u003c/p\u003e\u003cpre class=\"sh_sourceCode\"\u003e\u003ccode class=\"sh_cpp\"\u003e\u003cspan class=\"sh_type\"\u003evoid\u003c/span\u003e \u003cspan class=\"sh_function\"\u003esort\u003c/span\u003e\u003cspan class=\"sh_symbol\"\u003e(\u003c/span\u003e\u003cspan class=\"sh_type\"\u003eint\u003c/span\u003e id\u003cspan class=\"sh_symbol\"\u003e,\u003c/span\u003e \u003cspan class=\"sh_type\"\u003eint\u003c/span\u003e n\u003cspan class=\"sh_symbol\"\u003e,\u003c/span\u003e \u003cspan class=\"sh_type\"\u003eint\u003c/span\u003e k\u003cspan class=\"sh_symbol\"\u003e,\u003c/span\u003e \u003cspan class=\"sh_type\"\u003eint\u003c/span\u003e \u003cspan class=\"sh_symbol\"\u003e*\u003c/span\u003ea\u003cspan class=\"sh_symbol\"\u003e);\u003c/span\u003e\u003c/code\u003e\u003c/pre\u003e\u003cp\u003e函数\u003ccode\u003esuper_sort\u003c/code\u003e的接口信息如下：\u003c/p\u003e\u003cpre class=\"sh_sourceCode\"\u003e\u003ccode class=\"sh_cpp\"\u003e\u003cspan class=\"sh_type\"\u003evoid\u003c/span\u003e \u003cspan class=\"sh_function\"\u003esuper_sort\u003c/span\u003e\u003cspan class=\"sh_symbol\"\u003e(\u003c/span\u003e\u003cspan class=\"sh_type\"\u003eint\u003c/span\u003e \u003cspan class=\"sh_symbol\"\u003e*\u003c/span\u003ea\u003cspan class=\"sh_symbol\"\u003e,\u003c/span\u003e \u003cspan class=\"sh_type\"\u003eint\u003c/span\u003e len\u003cspan class=\"sh_symbol\"\u003e,\u003c/span\u003e \u003cspan class=\"sh_type\"\u003eint\u003c/span\u003e \u003cspan class=\"sh_symbol\"\u003e*\u003c/span\u003eb\u003cspan class=\"sh_symbol\"\u003e);\u003c/span\u003e\u003c/code\u003e\u003c/pre\u003e",
      "misc": ""
    },
    {
      "title": "如何测试你的程序",
      "content": "\u003cp\u003e你需要在本题目录下使用如下命令编译得到可执行程序：\u003c/p\u003e\u003cpre\u003e\u003ccode class=\"sh_bash\"\u003eg++ grader.cpp sort.cpp -o sort -O2\u003c/code\u003e\u003c/pre\u003e\u003cp\u003e可执行文件将从\u003cstrong\u003e标准输入\u003c/strong\u003e读取以下格式的数据：\u003c/p\u003e\u003cul\u003e\u003cli\u003e\u003cp\u003e第一行包含六个数：\u003cspan class=\"MathJax_Preview\" style=\"color: inherit;\"\u003e\u003cspan class=\"MJXp-math\" id=\"MJXp-Span-163\"\u003e\u003cspan class=\"MJXp-mi MJXp-italic\" id=\"MJXp-Span-164\"\u003ei\u003c/span\u003e\u003cspan class=\"MJXp-mi MJXp-italic\" id=\"MJXp-Span-165\"\u003ed\u003c/span\u003e\u003cspan class=\"MJXp-mo\" id=\"MJXp-Span-166\" style=\"margin-left: 0em; margin-right: 0.222em;\"\u003e,\u003c/span\u003e\u003cspan class=\"MJXp-mi MJXp-italic\" id=\"MJXp-Span-167\"\u003en\u003c/span\u003e\u003cspan class=\"MJXp-mo\" id=\"MJXp-Span-168\" style=\"margin-left: 0em; margin-right: 0.222em;\"\u003e,\u003c/span\u003e\u003cspan class=\"MJXp-mi MJXp-italic\" id=\"MJXp-Span-169\"\u003ek\u003c/span\u003e\u003cspan class=\"MJXp-mo\" id=\"MJXp-Span-170\" style=\"margin-left: 0em; margin-right: 0.222em;\"\u003e,\u003c/span\u003e\u003cspan class=\"MJXp-mi MJXp-italic\" id=\"MJXp-Span-171\"\u003eL\u003c/span\u003e\u003cspan class=\"MJXp-mn\" id=\"MJXp-Span-172\"\u003e1\u003c/span\u003e\u003cspan class=\"MJXp-mo\" id=\"MJXp-Span-173\" style=\"margin-left: 0em; margin-right: 0.222em;\"\u003e,\u003c/span\u003e\u003cspan class=\"MJXp-mi MJXp-italic\" id=\"MJXp-Span-174\"\u003eL\u003c/span\u003e\u003cspan class=\"MJXp-mn\" id=\"MJXp-Span-175\"\u003e2\u003c/span\u003e\u003cspan class=\"MJXp-mo\" id=\"MJXp-Span-176\" style=\"margin-left: 0em; margin-right: 0.222em;\"\u003e,\u003c/span\u003e\u003cspan class=\"MJXp-mi MJXp-italic\" id=\"MJXp-Span-177\"\u003eL\u003c/span\u003e\u003cspan class=\"MJXp-mn\" id=\"MJXp-Span-178\"\u003e4\u003c/span\u003e\u003c/span\u003e\u003c/span\u003e\u003cscript type=\"math/tex\" id=\"MathJax-Element-29\"\u003eid, n, k, L1, L2, L4\u003c/script\u003e，其中\u003cspan class=\"MathJax_Preview\" style=\"color: inherit;\"\u003e\u003cspan class=\"MJXp-math\" id=\"MJXp-Span-179\"\u003e\u003cspan class=\"MJXp-mn\" id=\"MJXp-Span-180\"\u003e1\u003c/span\u003e\u003cspan class=\"MJXp-mo\" id=\"MJXp-Span-181\" style=\"margin-left: 0.333em; margin-right: 0.333em;\"\u003e≤\u003c/span\u003e\u003cspan class=\"MJXp-mi MJXp-italic\" id=\"MJXp-Span-182\"\u003ei\u003c/span\u003e\u003cspan class=\"MJXp-mi MJXp-italic\" id=\"MJXp-Span-183\"\u003ed\u003c/span\u003e\u003cspan class=\"MJXp-mo\" id=\"MJXp-Span-184\" style=\"margin-left: 0.333em; margin-right: 0.333em;\"\u003e≤\u003c/span\u003e\u003cspan class=\"MJXp-mn\" id=\"MJXp-Span-185\"\u003e3\u003c/span\u003e\u003c/span\u003e\u003c/span\u003e\u003cscript type=\"math/tex\" id=\"MathJax-Element-30\"\u003e1\\le id\\le 3\u003c/script\u003e为子任务编号，\u003cspan class=\"MathJax_Preview\" style=\"color: inherit;\"\u003e\u003cspan class=\"MJXp-math\" id=\"MJXp-Span-186\"\u003e\u003cspan class=\"MJXp-mi MJXp-italic\" id=\"MJXp-Span-187\"\u003en\u003c/span\u003e\u003c/span\u003e\u003c/span\u003e\u003cscript type=\"math/tex\" id=\"MathJax-Element-31\"\u003en\u003c/script\u003e为排序数组长度，\u003cspan class=\"MathJax_Preview\" style=\"color: inherit;\"\u003e\u003cspan class=\"MJXp-math\" id=\"MJXp-Span-188\"\u003e\u003cspan class=\"MJXp-mi MJXp-italic\" id=\"MJXp-Span-189\"\u003ek\u003c/span\u003e\u003c/span\u003e\u003c/span\u003e\u003cscript type=\"math/tex\" id=\"MathJax-Element-32\"\u003ek\u003c/script\u003e为排序鸽每次能排序的最长长度，\u003cspan class=\"MathJax_Preview\" style=\"color: inherit;\"\u003e\u003cspan class=\"MJXp-math\" id=\"MJXp-Span-190\"\u003e\u003cspan class=\"MJXp-mi MJXp-italic\" id=\"MJXp-Span-191\"\u003eL\u003c/span\u003e\u003cspan class=\"MJXp-mn\" id=\"MJXp-Span-192\"\u003e1\u003c/span\u003e\u003cspan class=\"MJXp-mo\" id=\"MJXp-Span-193\" style=\"margin-left: 0em; margin-right: 0.222em;\"\u003e,\u003c/span\u003e\u003cspan class=\"MJXp-mi MJXp-italic\" id=\"MJXp-Span-194\"\u003eL\u003c/span\u003e\u003cspan class=\"MJXp-mn\" id=\"MJXp-Span-195\"\u003e2\u003c/span\u003e\u003cspan class=\"MJXp-mo\" id=\"MJXp-Span-196\" style=\"margin-left: 0em; margin-right: 0.222em;\"\u003e,\u003c/span\u003e\u003cspan class=\"MJXp-mi MJXp-italic\" id=\"MJXp-Span-197\"\u003eL\u003c/span\u003e\u003cspan class=\"MJXp-mn\" id=\"MJXp-Span-198\"\u003e4\u003c/span\u003e\u003c/span\u003e\u003c/span\u003e\u003cscript type=\"math/tex\" id=\"MathJax-Element-33\"\u003eL1, L2, L4\u003c/script\u003e为评分参数，将在子任务中解释用处。\u003c/p\u003e\n\u003c/li\u003e\n\u003cli\u003e\u003cp\u003e第二行包含\u003cspan class=\"MathJax_Preview\" style=\"color: inherit;\"\u003e\u003cspan class=\"MJXp-math\" id=\"MJXp-Span-199\"\u003e\u003cspan class=\"MJXp-mi MJXp-italic\" id=\"MJXp-Span-200\"\u003en\u003c/span\u003e\u003c/span\u003e\u003c/span\u003e\u003cscript type=\"math/tex\" id=\"MathJax-Element-34\"\u003en\u003c/script\u003e个数：\u003cspan class=\"MathJax_Preview\" style=\"color: inherit;\"\u003e\u003cspan class=\"MJXp-math\" id=\"MJXp-Span-201\"\u003e\u003cspan class=\"MJXp-msubsup\" id=\"MJXp-Span-202\"\u003e\u003cspan class=\"MJXp-mi MJXp-italic\" id=\"MJXp-Span-203\" style=\"margin-right: 0.05em;\"\u003eA\u003c/span\u003e\u003cspan class=\"MJXp-mn MJXp-script\" id=\"MJXp-Span-204\" style=\"vertical-align: -0.4em;\"\u003e0\u003c/span\u003e\u003c/span\u003e\u003cspan class=\"MJXp-mo\" id=\"MJXp-Span-205\" style=\"margin-left: 0em; margin-right: 0.222em;\"\u003e,\u003c/span\u003e\u003cspan class=\"MJXp-msubsup\" id=\"MJXp-Span-206\"\u003e\u003cspan class=\"MJXp-mi MJXp-italic\" id=\"MJXp-Span-207\" style=\"margin-right: 0.05em;\"\u003eA\u003c/span\u003e\u003cspan class=\"MJXp-mn MJXp-script\" id=\"MJXp-Span-208\" style=\"vertical-align: -0.4em;\"\u003e1\u003c/span\u003e\u003c/span\u003e\u003cspan class=\"MJXp-mo\" id=\"MJXp-Span-209\" style=\"margin-left: 0em; margin-right: 0.222em;\"\u003e,\u003c/span\u003e\u003cspan class=\"MJXp-mo\" id=\"MJXp-Span-210\" style=\"margin-left: 0em; margin-right: 0em;\"\u003e…\u003c/span\u003e\u003cspan class=\"MJXp-mo\" id=\"MJXp-Span-211\" style=\"margin-left: 0em; margin-right: 0.222em;\"\u003e,\u003c/span\u003e\u003cspan class=\"MJXp-msubsup\" id=\"MJXp-Span-212\"\u003e\u003cspan class=\"MJXp-mi MJXp-italic\" id=\"MJXp-Span-213\" style=\"margin-right: 0.05em;\"\u003eA\u003c/span\u003e\u003cspan class=\"MJXp-mrow MJXp-script\" id=\"MJXp-Span-214\" style=\"vertical-align: -0.4em;\"\u003e\u003cspan class=\"MJXp-mi MJXp-italic\" id=\"MJXp-Span-215\"\u003en\u003c/span\u003e\u003cspan class=\"MJXp-mo\" id=\"MJXp-Span-216\"\u003e−\u003c/span\u003e\u003cspan class=\"MJXp-mn\" id=\"MJXp-Span-217\"\u003e1\u003c/span\u003e\u003c/span\u003e\u003c/span\u003e\u003c/span\u003e\u003c/span\u003e\u003cscript type=\"math/tex\" id=\"MathJax-Element-35\"\u003eA_0, A_1, \\dots, A_{n-1}\u003c/script\u003e，表示待排序的数组。\u003cspan class=\"MathJax_Preview\" style=\"color: inherit;\"\u003e\u003cspan class=\"MJXp-math\" id=\"MJXp-Span-218\"\u003e\u003cspan class=\"MJXp-mi MJXp-italic\" id=\"MJXp-Span-219\"\u003eA\u003c/span\u003e\u003c/span\u003e\u003c/span\u003e\u003cscript type=\"math/tex\" id=\"MathJax-Element-36\"\u003eA\u003c/script\u003e应该是\u003cspan class=\"MathJax_Preview\" style=\"color: inherit;\"\u003e\u003cspan class=\"MJXp-math\" id=\"MJXp-Span-220\"\u003e\u003cspan class=\"MJXp-mo\" id=\"MJXp-Span-221\" style=\"margin-left: 0em; margin-right: 0em;\"\u003e{\u003c/span\u003e\u003cspan class=\"MJXp-mn\" id=\"MJXp-Span-222\"\u003e0\u003c/span\u003e\u003cspan class=\"MJXp-mo\" id=\"MJXp-Span-223\" style=\"margin-left: 0em; margin-right: 0.222em;\"\u003e,\u003c/span\u003e\u003cspan class=\"MJXp-mn\" id=\"MJXp-Span-224\"\u003e1\u003c/span\u003e\u003cspan class=\"MJXp-mo\" id=\"MJXp-Span-225\" style=\"margin-left: 0em; margin-right: 0.222em;\"\u003e,\u003c/span\u003e\u003cspan class=\"MJXp-mn\" id=\"MJXp-Span-226\"\u003e2\u003c/span\u003e\u003cspan class=\"MJXp-mo\" id=\"MJXp-Span-227\" style=\"margin-left: 0em; margin-right: 0.222em;\"\u003e,\u003c/span\u003e\u003cspan class=\"MJXp-mo\" id=\"MJXp-Span-228\" style=\"margin-left: 0em; margin-right: 0em;\"\u003e…\u003c/span\u003e\u003cspan class=\"MJXp-mo\" id=\"MJXp-Span-229\" style=\"margin-left: 0em; margin-right: 0.222em;\"\u003e,\u003c/span\u003e\u003cspan class=\"MJXp-mi MJXp-italic\" id=\"MJXp-Span-230\"\u003en\u003c/span\u003e\u003cspan class=\"MJXp-mo\" id=\"MJXp-Span-231\" style=\"margin-left: 0.267em; margin-right: 0.267em;\"\u003e−\u003c/span\u003e\u003cspan class=\"MJXp-mn\" id=\"MJXp-Span-232\"\u003e1\u003c/span\u003e\u003cspan class=\"MJXp-mo\" id=\"MJXp-Span-233\" style=\"margin-left: 0em; margin-right: 0em;\"\u003e}\u003c/span\u003e\u003c/span\u003e\u003c/span\u003e\u003cscript type=\"math/tex\" id=\"MathJax-Element-37\"\u003e\\{0, 1, 2, \\dots, n-1\\}\u003c/script\u003e的一个\u003cstrong\u003e排列\u003c/strong\u003e，表示待排序的数组。\u003c/p\u003e\n\u003c/li\u003e\n\u003c/ul\u003e\u003cp\u003e交互库将会输出以下信息：\u003c/p\u003e\u003cul\u003e\u003cli\u003e如果数组成功排序，输出一行形如\"cmp_cnt = cnt\"，表示你调用super_sort的次数\u003c/li\u003e\n\u003cli\u003e否则，将输出对应的错误信息。\u003c/li\u003e\n\u003c/ul\u003e\u003cp\u003e如果输入数据不合法，交互库可能不能正常运行。\u003c/p\u003e\u003cp\u003e你可以参考下发的交互库了解更多的信息。\u003c/p\u003e\u003cp\u003e\u003ca href=\"/faq\"\u003e交互式类型的题目怎么本地测试\u003c/a\u003e\u003c/p\u003e",
      "misc": ""
    },
    {
      "title": "样例源代码",
      "content": "\u003cp\u003e按照上文中提到的方式进行编译，即能通过编译得到可执行程序。\u003c/p\u003e\u003cp\u003e样例源代码只是帮助理解题目，结果\u003cstrong\u003e不一定正确\u003c/strong\u003e。\u003c/p\u003e\u003cp\u003e由于提供了交互式验证答案正确性的方法，本题不提供输出样例。\u003c/p\u003e",
      "misc": ""
    },
    {
      "title": "限制及约定",
      "content": "\u003cp\u003eSubtask1（8分）：\u003cspan class=\"MathJax_Preview\" style=\"color: inherit;\"\u003e\u003cspan class=\"MJXp-math\" id=\"MJXp-Span-239\"\u003e\u003cspan class=\"MJXp-mi MJXp-italic\" id=\"MJXp-Span-240\"\u003en\u003c/span\u003e\u003cspan class=\"MJXp-mo\" id=\"MJXp-Span-241\" style=\"margin-left: 0.333em; margin-right: 0.333em;\"\u003e=\u003c/span\u003e\u003cspan class=\"MJXp-mn\" id=\"MJXp-Span-242\"\u003e1024\u003c/span\u003e\u003cspan class=\"MJXp-mo\" id=\"MJXp-Span-243\" style=\"margin-left: 0em; margin-right: 0.222em;\"\u003e,\u003c/span\u003e\u003cspan class=\"MJXp-mi MJXp-italic\" id=\"MJXp-Span-244\"\u003ek\u003c/span\u003e\u003cspan class=\"MJXp-mo\" id=\"MJXp-Span-245\" style=\"margin-left: 0.333em; margin-right: 0.333em;\"\u003e=\u003c/span\u003e\u003cspan class=\"MJXp-mn\" id=\"MJXp-Span-246\"\u003e4\u003c/span\u003e\u003cspan class=\"MJXp-mo\" id=\"MJXp-Span-247\" style=\"margin-left: 0em; margin-right: 0.222em;\"\u003e,\u003c/span\u003e\u003cspan class=\"MJXp-mi MJXp-italic\" id=\"MJXp-Span-248\"\u003eL\u003c/span\u003e\u003cspan class=\"MJXp-mn\" id=\"MJXp-Span-249\"\u003e1\u003c/span\u003e\u003cspan class=\"MJXp-mo\" id=\"MJXp-Span-250\" style=\"margin-left: 0.333em; margin-right: 0.333em;\"\u003e=\u003c/span\u003e\u003cspan class=\"MJXp-mn\" id=\"MJXp-Span-251\"\u003e5700\u003c/span\u003e\u003cspan class=\"MJXp-mo\" id=\"MJXp-Span-252\" style=\"margin-left: 0em; margin-right: 0.222em;\"\u003e,\u003c/span\u003e\u003cspan class=\"MJXp-mi MJXp-italic\" id=\"MJXp-Span-253\"\u003eL\u003c/span\u003e\u003cspan class=\"MJXp-mn\" id=\"MJXp-Span-254\"\u003e2\u003c/span\u003e\u003cspan class=\"MJXp-mo\" id=\"MJXp-Span-255\" style=\"margin-left: 0.333em; margin-right: 0.333em;\"\u003e=\u003c/span\u003e\u003cspan class=\"MJXp-mn\" id=\"MJXp-Span-256\"\u003e10000\u003c/span\u003e\u003cspan class=\"MJXp-mo\" id=\"MJXp-Span-257\" style=\"margin-left: 0em; margin-right: 0.222em;\"\u003e,\u003c/span\u003e\u003cspan class=\"MJXp-mi MJXp-italic\" id=\"MJXp-Span-258\"\u003eL\u003c/span\u003e\u003cspan class=\"MJXp-mn\" id=\"MJXp-Span-259\"\u003e4\u003c/span\u003e\u003cspan class=\"MJXp-mo\" id=\"MJXp-Span-260\" style=\"margin-left: 0.333em; margin-right: 0.333em;\"\u003e=\u003c/span\u003e\u003cspan class=\"MJXp-mn\" id=\"MJXp-Span-261\"\u003e100000\u003c/span\u003e\u003c/span\u003e\u003c/span\u003e\u003cscript type=\"math/tex\" id=\"MathJax-Element-39\"\u003en = 1024, k = 4, L1 = 5700, L2 = 10000, L4 = 100000\u003c/script\u003e\u003c/p\u003e\u003cp\u003eSubtask2（24分）：\u003cspan class=\"MathJax_Preview\" style=\"color: inherit;\"\u003e\u003cspan class=\"MJXp-math\" id=\"MJXp-Span-262\"\u003e\u003cspan class=\"MJXp-mi MJXp-italic\" id=\"MJXp-Span-263\"\u003en\u003c/span\u003e\u003cspan class=\"MJXp-mo\" id=\"MJXp-Span-264\" style=\"margin-left: 0.333em; margin-right: 0.333em;\"\u003e=\u003c/span\u003e\u003cspan class=\"MJXp-mn\" id=\"MJXp-Span-265\"\u003e1024\u003c/span\u003e\u003cspan class=\"MJXp-mo\" id=\"MJXp-Span-266\" style=\"margin-left: 0em; margin-right: 0.222em;\"\u003e,\u003c/span\u003e\u003cspan class=\"MJXp-mi MJXp-italic\" id=\"MJXp-Span-267\"\u003ek\u003c/span\u003e\u003cspan class=\"MJXp-mo\" id=\"MJXp-Span-268\" style=\"margin-left: 0.333em; margin-right: 0.333em;\"\u003e=\u003c/span\u003e\u003cspan class=\"MJXp-mn\" id=\"MJXp-Span-269\"\u003e16\u003c/span\u003e\u003cspan class=\"MJXp-mo\" id=\"MJXp-Span-270\" style=\"margin-left: 0em; margin-right: 0.222em;\"\u003e,\u003c/span\u003e\u003cspan class=\"MJXp-mi MJXp-italic\" id=\"MJXp-Span-271\"\u003eL\u003c/span\u003e\u003cspan class=\"MJXp-mn\" id=\"MJXp-Span-272\"\u003e1\u003c/span\u003e\u003cspan class=\"MJXp-mo\" id=\"MJXp-Span-273\" style=\"margin-left: 0.333em; margin-right: 0.333em;\"\u003e=\u003c/span\u003e\u003cspan class=\"MJXp-mn\" id=\"MJXp-Span-274\"\u003e840\u003c/span\u003e\u003cspan class=\"MJXp-mo\" id=\"MJXp-Span-275\" style=\"margin-left: 0em; margin-right: 0.222em;\"\u003e,\u003c/span\u003e\u003cspan class=\"MJXp-mi MJXp-italic\" id=\"MJXp-Span-276\"\u003eL\u003c/span\u003e\u003cspan class=\"MJXp-mn\" id=\"MJXp-Span-277\"\u003e2\u003c/span\u003e\u003cspan class=\"MJXp-mo\" id=\"MJXp-Span-278\" style=\"margin-left: 0.333em; margin-right: 0.333em;\"\u003e=\u003c/span\u003e\u003cspan class=\"MJXp-mn\" id=\"MJXp-Span-279\"\u003e1100\u003c/span\u003e\u003cspan class=\"MJXp-mo\" id=\"MJXp-Span-280\" style=\"margin-left: 0em; margin-right: 0.222em;\"\u003e,\u003c/span\u003e\u003cspan class=\"MJXp-mi MJXp-italic\" id=\"MJXp-Span-281\"\u003eL\u003c/span\u003e\u003cspan class=\"MJXp-mn\" id=\"MJXp-Span-282\"\u003e4\u003c/span\u003e\u003cspan class=\"MJXp-mo\" id=\"MJXp-Span-283\" style=\"margin-left: 0.333em; margin-right: 0.333em;\"\u003e=\u003c/span\u003e\u003cspan class=\"MJXp-mn\" id=\"MJXp-Span-284\"\u003e3100\u003c/span\u003e\u003c/span\u003e\u003c/span\u003e\u003cscript type=\"math/tex\" id=\"MathJax-Element-40\"\u003en = 1024, k = 16, L1 = 840, L2 = 1100, L4 = 3100\u003c/script\u003e\u003c/p\u003e\u003cp\u003eSubtask3（68分）：\u003cspan class=\"MathJax_Preview\" style=\"color: inherit;\"\u003e\u003cspan class=\"MJXp-math\" id=\"MJXp-Span-285\"\u003e\u003cspan class=\"MJXp-mi MJXp-italic\" id=\"MJXp-Span-286\"\u003en\u003c/span\u003e\u003cspan class=\"MJXp-mo\" id=\"MJXp-Span-287\" style=\"margin-left: 0.333em; margin-right: 0.333em;\"\u003e=\u003c/span\u003e\u003cspan class=\"MJXp-mn\" id=\"MJXp-Span-288\"\u003e524288\u003c/span\u003e\u003cspan class=\"MJXp-mo\" id=\"MJXp-Span-289\" style=\"margin-left: 0em; margin-right: 0.222em;\"\u003e,\u003c/span\u003e\u003cspan class=\"MJXp-mi MJXp-italic\" id=\"MJXp-Span-290\"\u003ek\u003c/span\u003e\u003cspan class=\"MJXp-mo\" id=\"MJXp-Span-291\" style=\"margin-left: 0.333em; margin-right: 0.333em;\"\u003e=\u003c/span\u003e\u003cspan class=\"MJXp-mn\" id=\"MJXp-Span-292\"\u003e16\u003c/span\u003e\u003cspan class=\"MJXp-mo\" id=\"MJXp-Span-293\" style=\"margin-left: 0em; margin-right: 0.222em;\"\u003e,\u003c/span\u003e\u003cspan class=\"MJXp-mi MJXp-italic\" id=\"MJXp-Span-294\"\u003eL\u003c/span\u003e\u003cspan class=\"MJXp-mn\" id=\"MJXp-Span-295\"\u003e1\u003c/span\u003e\u003cspan class=\"MJXp-mo\" id=\"MJXp-Span-296\" style=\"margin-left: 0.333em; margin-right: 0.333em;\"\u003e=\u003c/span\u003e\u003cspan class=\"MJXp-mn\" id=\"MJXp-Span-297\"\u003e562000\u003c/span\u003e\u003cspan class=\"MJXp-mo\" id=\"MJXp-Span-298\" style=\"margin-left: 0em; margin-right: 0.222em;\"\u003e,\u003c/span\u003e\u003cspan class=\"MJXp-mi MJXp-italic\" id=\"MJXp-Span-299\"\u003eL\u003c/span\u003e\u003cspan class=\"MJXp-mn\" id=\"MJXp-Span-300\"\u003e2\u003c/span\u003e\u003cspan class=\"MJXp-mo\" id=\"MJXp-Span-301\" style=\"margin-left: 0.333em; margin-right: 0.333em;\"\u003e=\u003c/span\u003e\u003cspan class=\"MJXp-mn\" id=\"MJXp-Span-302\"\u003e800000\u003c/span\u003e\u003cspan class=\"MJXp-mo\" id=\"MJXp-Span-303\" style=\"margin-left: 0em; margin-right: 0.222em;\"\u003e,\u003c/span\u003e\u003cspan class=\"MJXp-mi MJXp-italic\" id=\"MJXp-Span-304\"\u003eL\u003c/span\u003e\u003cspan class=\"MJXp-mn\" id=\"MJXp-Span-305\"\u003e4\u003c/span\u003e\u003cspan class=\"MJXp-mo\" id=\"MJXp-Span-306\" style=\"margin-left: 0.333em; margin-right: 0.333em;\"\u003e=\u003c/span\u003e\u003cspan class=\"MJXp-mn\" id=\"MJXp-Span-307\"\u003e1016000\u003c/span\u003e\u003c/span\u003e\u003c/span\u003e\u003cscript type=\"math/tex\" id=\"MathJax-Element-41\"\u003en = 524288, k = 16, L1 = 562000, L2 = 800000, L4 = 1016000\u003c/script\u003e\u003c/p\u003e\u003cp\u003e对于每个子任务，设\u003ccode\u003ec = cmp_cnt\u003c/code\u003e：\u003c/p\u003e\u003cul\u003e\u003cli\u003e如果 \u003cspan class=\"MathJax_Preview\" style=\"color: inherit;\"\u003e\u003cspan class=\"MJXp-math\" id=\"MJXp-Span-308\"\u003e\u003cspan class=\"MJXp-mi MJXp-italic\" id=\"MJXp-Span-309\"\u003ec\u003c/span\u003e\u003cspan class=\"MJXp-mo\" id=\"MJXp-Span-310\" style=\"margin-left: 0.333em; margin-right: 0.333em;\"\u003e≤\u003c/span\u003e\u003cspan class=\"MJXp-mi MJXp-italic\" id=\"MJXp-Span-311\"\u003eL\u003c/span\u003e\u003cspan class=\"MJXp-mn\" id=\"MJXp-Span-312\"\u003e1\u003c/span\u003e\u003c/span\u003e\u003c/span\u003e\u003cscript type=\"math/tex\" id=\"MathJax-Element-42\"\u003ec \\le L1\u003c/script\u003e ，将获得子任务全部的分数；\u003c/li\u003e\n\u003cli\u003e如果 \u003cspan class=\"MathJax_Preview\" style=\"color: inherit;\"\u003e\u003cspan class=\"MJXp-math\" id=\"MJXp-Span-313\"\u003e\u003cspan class=\"MJXp-mi MJXp-italic\" id=\"MJXp-Span-314\"\u003eL\u003c/span\u003e\u003cspan class=\"MJXp-mn\" id=\"MJXp-Span-315\"\u003e1\u003c/span\u003e\u003cspan class=\"MJXp-mo\" id=\"MJXp-Span-316\" style=\"margin-left: 0.333em; margin-right: 0.333em;\"\u003e\u0026lt;\u003c/span\u003e\u003cspan class=\"MJXp-mi MJXp-italic\" id=\"MJXp-Span-317\"\u003ec\u003c/span\u003e\u003cspan class=\"MJXp-mo\" id=\"MJXp-Span-318\" style=\"margin-left: 0.333em; margin-right: 0.333em;\"\u003e≤\u003c/span\u003e\u003cspan class=\"MJXp-mi MJXp-italic\" id=\"MJXp-Span-319\"\u003eL\u003c/span\u003e\u003cspan class=\"MJXp-mn\" id=\"MJXp-Span-320\"\u003e2\u003c/span\u003e\u003c/span\u003e\u003c/span\u003e\u003cscript type=\"math/tex\" id=\"MathJax-Element-43\"\u003eL1 \u003c c \\le L2\u003c/script\u003e，将获得子任务一半的分数；\u003c/li\u003e\n\u003cli\u003e如果 \u003cspan class=\"MathJax_Preview\" style=\"color: inherit;\"\u003e\u003cspan class=\"MJXp-math\" id=\"MJXp-Span-321\"\u003e\u003cspan class=\"MJXp-mi MJXp-italic\" id=\"MJXp-Span-322\"\u003eL\u003c/span\u003e\u003cspan class=\"MJXp-mn\" id=\"MJXp-Span-323\"\u003e2\u003c/span\u003e\u003cspan class=\"MJXp-mo\" id=\"MJXp-Span-324\" style=\"margin-left: 0.333em; margin-right: 0.333em;\"\u003e\u0026lt;\u003c/span\u003e\u003cspan class=\"MJXp-mi MJXp-italic\" id=\"MJXp-Span-325\"\u003ec\u003c/span\u003e\u003cspan class=\"MJXp-mo\" id=\"MJXp-Span-326\" style=\"margin-left: 0.333em; margin-right: 0.333em;\"\u003e≤\u003c/span\u003e\u003cspan class=\"MJXp-mi MJXp-italic\" id=\"MJXp-Span-327\"\u003eL\u003c/span\u003e\u003cspan class=\"MJXp-mn\" id=\"MJXp-Span-328\"\u003e4\u003c/span\u003e\u003c/span\u003e\u003c/span\u003e\u003cscript type=\"math/tex\" id=\"MathJax-Element-44\"\u003eL2 \u003c c \\le L4\u003c/script\u003e ，将获得子任务四分之一的分数；\u003c/li\u003e\n\u003cli\u003e如果 \u003cspan class=\"MathJax_Preview\" style=\"color: inherit;\"\u003e\u003cspan class=\"MJXp-math\" id=\"MJXp-Span-329\"\u003e\u003cspan class=\"MJXp-mi MJXp-italic\" id=\"MJXp-Span-330\"\u003eL\u003c/span\u003e\u003cspan class=\"MJXp-mn\" id=\"MJXp-Span-331\"\u003e4\u003c/span\u003e\u003cspan class=\"MJXp-mo\" id=\"MJXp-Span-332\" style=\"margin-left: 0.333em; margin-right: 0.333em;\"\u003e\u0026lt;\u003c/span\u003e\u003cspan class=\"MJXp-mi MJXp-italic\" id=\"MJXp-Span-333\"\u003ec\u003c/span\u003e\u003c/span\u003e\u003c/span\u003e\u003cscript type=\"math/tex\" id=\"MathJax-Element-45\"\u003eL4 \u003c c\u003c/script\u003e 或没有成功排序，将不会获得任何分数，并被暴躁的排序鸽D一番。\u003c/li\u003e\n\u003c/ul\u003e\u003cp\u003e题目中所给的时间、空间限制为你的代码和交互库加起来可以使用的时间和空间。我们保证，对于任何合法的数据及在限制范围内的调用，任何版本的交互库（包括下发给选手的和最终评测使用的），运行所用的时间不会超过0.5s，运行所用的空间不会超过12MB，也就是说，选手实际可用的时间至少为\u003cstrong\u003e1.5s\u003c/strong\u003e，实际可用的空间至少为\u003cstrong\u003e500MB\u003c/strong\u003e。\u003c/p\u003e",
      "misc": ""
    },
    {
      "title": "下载",
      "content": "\u003cp\u003e\u003ca href=\"/download.php?type=problem\u0026amp;id=445\"\u003e交互库下载\u003c/a\u003e\u003c/p\u003e",
      "misc": ""
    }
  ],
  "samples": [
    {
      "title": "样例一",
      "input": "\u003cpre\u003e\u003ccode\u003e0 8 2 100 1000 10000\n2 1 0 3 4 6 5 7\u003c/code\u003e\u003c/pre\u003e\u003cp\u003e\u003cstrong\u003e注意：\u003c/strong\u003e 样例中的\u003cspan class=\"MathJax_Preview\" style=\"color: inherit;\"\u003e\u003cspan class=\"MJXp-math\" id=\"MJXp-Span-234\"\u003e\u003cspan class=\"MJXp-mi MJXp-italic\" id=\"MJXp-Span-235\"\u003ei\u003c/span\u003e\u003cspan class=\"MJXp-mi MJXp-italic\" id=\"MJXp-Span-236\"\u003ed\u003c/span\u003e\u003cspan class=\"MJXp-mo\" id=\"MJXp-Span-237\" style=\"margin-left: 0.333em; margin-right: 0.333em;\"\u003e=\u003c/span\u003e\u003cspan class=\"MJXp-mn\" id=\"MJXp-Span-238\"\u003e0\u003c/span\u003e\u003c/span\u003e\u003c/span\u003e\u003cscript type=\"math/tex\" id=\"MathJax-Element-38\"\u003eid = 0\u003c/script\u003e，在实际的测试数据中不会出现。这里仅用于演示输入的格式。\u003c/p\u003e",
      "output": "",
      "explanation": "",
      "misc": ""
    }
  ],
  "tags": [
    "UOJ",
    "集训队作业2018"
  ],
  "rules": {
    "runtime": "2000000000",
    "memory": "536870912",
    "stack": "536870912",
    "source": "51200"
  },
  "meta": {
    "created": "2021-04-09T21:47:56.161494338+08:00",
    "updated": "2021-04-09T21:47:56.161494338+08:00",
    "checked": "2021-04-09T21:47:56.161494338+08:00"
  },
  "misc": ""
}
