{
  "id": "489",
  "title": "括号树",
  "type": "traditional",
  "sections": [
    {
      "title": "",
      "content": "\u003cp\u003e本题中\u003cstrong\u003e合法括号\u003c/strong\u003e串的定义如下:\u003c/p\u003e\u003col\u003e\u003cli\u003e() 是合法括号串。\u003c/li\u003e\n\u003cli\u003e如果 A 是合法括号串,则 (A) 是合法括号串。\u003c/li\u003e\n\u003cli\u003e如果 A,B 是合法括号串,则 AB 是合法括号串。\u003c/li\u003e\n\u003c/ol\u003e\u003cp\u003e本题中\u003cstrong\u003e子串\u003c/strong\u003e与\u003cstrong\u003e不同的子串\u003c/strong\u003e的定义如下:\u003c/p\u003e\u003col\u003e\u003cli\u003e字符串 \u003cspan class=\"MathJax_Preview\" style=\"color: inherit;\"\u003e\u003cspan class=\"MJXp-math\" id=\"MJXp-Span-1\"\u003e\u003cspan class=\"MJXp-mi MJXp-italic\" id=\"MJXp-Span-2\"\u003eS\u003c/span\u003e\u003c/span\u003e\u003c/span\u003e\u003cscript type=\"math/tex\" id=\"MathJax-Element-1\"\u003eS\u003c/script\u003e 的子串是 \u003cspan class=\"MathJax_Preview\" style=\"color: inherit;\"\u003e\u003cspan class=\"MJXp-math\" id=\"MJXp-Span-3\"\u003e\u003cspan class=\"MJXp-mi MJXp-italic\" id=\"MJXp-Span-4\"\u003eS\u003c/span\u003e\u003c/span\u003e\u003c/span\u003e\u003cscript type=\"math/tex\" id=\"MathJax-Element-2\"\u003eS\u003c/script\u003e 中\u003cstrong\u003e连续\u003c/strong\u003e的任意个字符组成的字符串。\u003cspan class=\"MathJax_Preview\" style=\"color: inherit;\"\u003e\u003cspan class=\"MJXp-math\" id=\"MJXp-Span-5\"\u003e\u003cspan class=\"MJXp-mi MJXp-italic\" id=\"MJXp-Span-6\"\u003eS\u003c/span\u003e\u003c/span\u003e\u003c/span\u003e\u003cscript type=\"math/tex\" id=\"MathJax-Element-3\"\u003eS\u003c/script\u003e 的子串可用起始位置 \u003cspan class=\"MathJax_Preview\" style=\"color: inherit;\"\u003e\u003cspan class=\"MJXp-math\" id=\"MJXp-Span-7\"\u003e\u003cspan class=\"MJXp-mi MJXp-italic\" id=\"MJXp-Span-8\"\u003el\u003c/span\u003e\u003c/span\u003e\u003c/span\u003e\u003cscript type=\"math/tex\" id=\"MathJax-Element-4\"\u003el\u003c/script\u003e 与终止位置 \u003cspan class=\"MathJax_Preview\" style=\"color: inherit;\"\u003e\u003cspan class=\"MJXp-math\" id=\"MJXp-Span-9\"\u003e\u003cspan class=\"MJXp-mi MJXp-italic\" id=\"MJXp-Span-10\"\u003er\u003c/span\u003e\u003c/span\u003e\u003c/span\u003e\u003cscript type=\"math/tex\" id=\"MathJax-Element-5\"\u003er\u003c/script\u003e 来表示,记为 \u003cspan class=\"MathJax_Preview\" style=\"color: inherit;\"\u003e\u003cspan class=\"MJXp-math\" id=\"MJXp-Span-11\"\u003e\u003cspan class=\"MJXp-mi MJXp-italic\" id=\"MJXp-Span-12\"\u003eS\u003c/span\u003e\u003cspan class=\"MJXp-mo\" id=\"MJXp-Span-13\" style=\"margin-left: 0em; margin-right: 0em;\"\u003e(\u003c/span\u003e\u003cspan class=\"MJXp-mi MJXp-italic\" id=\"MJXp-Span-14\"\u003el\u003c/span\u003e\u003cspan class=\"MJXp-mo\" id=\"MJXp-Span-15\" style=\"margin-left: 0em; margin-right: 0.222em;\"\u003e,\u003c/span\u003e\u003cspan class=\"MJXp-mi MJXp-italic\" id=\"MJXp-Span-16\"\u003er\u003c/span\u003e\u003cspan class=\"MJXp-mo\" id=\"MJXp-Span-17\" style=\"margin-left: 0em; margin-right: 0em;\"\u003e)\u003c/span\u003e\u003c/span\u003e\u003c/span\u003e\u003cscript type=\"math/tex\" id=\"MathJax-Element-6\"\u003eS(l, r)\u003c/script\u003e (\u003cspan class=\"MathJax_Preview\" style=\"color: inherit;\"\u003e\u003cspan class=\"MJXp-math\" id=\"MJXp-Span-18\"\u003e\u003cspan class=\"MJXp-mn\" id=\"MJXp-Span-19\"\u003e1\u003c/span\u003e\u003cspan class=\"MJXp-mo\" id=\"MJXp-Span-20\" style=\"margin-left: 0.333em; margin-right: 0.333em;\"\u003e≤\u003c/span\u003e\u003cspan class=\"MJXp-mi MJXp-italic\" id=\"MJXp-Span-21\"\u003el\u003c/span\u003e\u003cspan class=\"MJXp-mo\" id=\"MJXp-Span-22\" style=\"margin-left: 0.333em; margin-right: 0.333em;\"\u003e≤\u003c/span\u003e\u003cspan class=\"MJXp-mi MJXp-italic\" id=\"MJXp-Span-23\"\u003er\u003c/span\u003e\u003cspan class=\"MJXp-mo\" id=\"MJXp-Span-24\" style=\"margin-left: 0.333em; margin-right: 0.333em;\"\u003e≤\u003c/span\u003e\u003cspan class=\"MJXp-mrow\" id=\"MJXp-Span-25\"\u003e\u003cspan class=\"MJXp-mo\" id=\"MJXp-Span-26\" style=\"margin-left: 0.167em; margin-right: 0.167em;\"\u003e|\u003c/span\u003e\u003c/span\u003e\u003cspan class=\"MJXp-mi MJXp-italic\" id=\"MJXp-Span-27\"\u003eS\u003c/span\u003e\u003cspan class=\"MJXp-mrow\" id=\"MJXp-Span-28\"\u003e\u003cspan class=\"MJXp-mo\" id=\"MJXp-Span-29\" style=\"margin-left: 0.167em; margin-right: 0.167em;\"\u003e|\u003c/span\u003e\u003c/span\u003e\u003c/span\u003e\u003c/span\u003e\u003cscript type=\"math/tex\" id=\"MathJax-Element-7\"\u003e1 \\leq l \\leq r \\leq |S |\u003c/script\u003e,\u003cspan class=\"MathJax_Preview\" style=\"color: inherit;\"\u003e\u003cspan class=\"MJXp-math\" id=\"MJXp-Span-30\"\u003e\u003cspan class=\"MJXp-mrow\" id=\"MJXp-Span-31\"\u003e\u003cspan class=\"MJXp-mo\" id=\"MJXp-Span-32\" style=\"margin-left: 0.167em; margin-right: 0.167em;\"\u003e|\u003c/span\u003e\u003c/span\u003e\u003cspan class=\"MJXp-mi MJXp-italic\" id=\"MJXp-Span-33\"\u003eS\u003c/span\u003e\u003cspan class=\"MJXp-mrow\" id=\"MJXp-Span-34\"\u003e\u003cspan class=\"MJXp-mo\" id=\"MJXp-Span-35\" style=\"margin-left: 0.167em; margin-right: 0.167em;\"\u003e|\u003c/span\u003e\u003c/span\u003e\u003c/span\u003e\u003c/span\u003e\u003cscript type=\"math/tex\" id=\"MathJax-Element-8\"\u003e|S |\u003c/script\u003e 表示 \u003cspan class=\"MathJax_Preview\" style=\"color: inherit;\"\u003e\u003cspan class=\"MJXp-math\" id=\"MJXp-Span-36\"\u003e\u003cspan class=\"MJXp-mi MJXp-italic\" id=\"MJXp-Span-37\"\u003eS\u003c/span\u003e\u003c/span\u003e\u003c/span\u003e\u003cscript type=\"math/tex\" id=\"MathJax-Element-9\"\u003eS\u003c/script\u003e 的长度)。\u003c/li\u003e\n\u003cli\u003e\u003cspan class=\"MathJax_Preview\" style=\"color: inherit;\"\u003e\u003cspan class=\"MJXp-math\" id=\"MJXp-Span-38\"\u003e\u003cspan class=\"MJXp-mi MJXp-italic\" id=\"MJXp-Span-39\"\u003eS\u003c/span\u003e\u003c/span\u003e\u003c/span\u003e\u003cscript type=\"math/tex\" id=\"MathJax-Element-10\"\u003eS\u003c/script\u003e 的两个子串视作不同\u003cstrong\u003e当且仅当\u003c/strong\u003e它们在 \u003cspan class=\"MathJax_Preview\" style=\"color: inherit;\"\u003e\u003cspan class=\"MJXp-math\" id=\"MJXp-Span-40\"\u003e\u003cspan class=\"MJXp-mi MJXp-italic\" id=\"MJXp-Span-41\"\u003eS\u003c/span\u003e\u003c/span\u003e\u003c/span\u003e\u003cscript type=\"math/tex\" id=\"MathJax-Element-11\"\u003eS\u003c/script\u003e 中的位置不同，即 \u003cspan class=\"MathJax_Preview\" style=\"color: inherit;\"\u003e\u003cspan class=\"MJXp-math\" id=\"MJXp-Span-42\"\u003e\u003cspan class=\"MJXp-mi MJXp-italic\" id=\"MJXp-Span-43\"\u003el\u003c/span\u003e\u003c/span\u003e\u003c/span\u003e\u003cscript type=\"math/tex\" id=\"MathJax-Element-12\"\u003el\u003c/script\u003e 不同或 \u003cspan class=\"MathJax_Preview\" style=\"color: inherit;\"\u003e\u003cspan class=\"MJXp-math\" id=\"MJXp-Span-44\"\u003e\u003cspan class=\"MJXp-mi MJXp-italic\" id=\"MJXp-Span-45\"\u003er\u003c/span\u003e\u003c/span\u003e\u003c/span\u003e\u003cscript type=\"math/tex\" id=\"MathJax-Element-13\"\u003er\u003c/script\u003e 不同。\u003c/li\u003e\n\u003c/ol\u003e\u003cp\u003e一个大小为 \u003cspan class=\"MathJax_Preview\" style=\"color: inherit;\"\u003e\u003cspan class=\"MJXp-math\" id=\"MJXp-Span-46\"\u003e\u003cspan class=\"MJXp-mi MJXp-italic\" id=\"MJXp-Span-47\"\u003en\u003c/span\u003e\u003c/span\u003e\u003c/span\u003e\u003cscript type=\"math/tex\" id=\"MathJax-Element-14\"\u003en\u003c/script\u003e 的树包含 \u003cspan class=\"MathJax_Preview\" style=\"color: inherit;\"\u003e\u003cspan class=\"MJXp-math\" id=\"MJXp-Span-48\"\u003e\u003cspan class=\"MJXp-mi MJXp-italic\" id=\"MJXp-Span-49\"\u003en\u003c/span\u003e\u003c/span\u003e\u003c/span\u003e\u003cscript type=\"math/tex\" id=\"MathJax-Element-15\"\u003en\u003c/script\u003e 个结点和 \u003cspan class=\"MathJax_Preview\" style=\"color: inherit;\"\u003e\u003cspan class=\"MJXp-math\" id=\"MJXp-Span-50\"\u003e\u003cspan class=\"MJXp-mi MJXp-italic\" id=\"MJXp-Span-51\"\u003en\u003c/span\u003e\u003cspan class=\"MJXp-mo\" id=\"MJXp-Span-52\" style=\"margin-left: 0.267em; margin-right: 0.267em;\"\u003e−\u003c/span\u003e\u003cspan class=\"MJXp-mn\" id=\"MJXp-Span-53\"\u003e1\u003c/span\u003e\u003c/span\u003e\u003c/span\u003e\u003cscript type=\"math/tex\" id=\"MathJax-Element-16\"\u003en − 1\u003c/script\u003e 条边,每条边连接两个结点,且任意两个结点间\u003cstrong\u003e有且仅有\u003c/strong\u003e一条简单路径互相可达。\u003c/p\u003e\u003cp\u003e小 Q 是一个充满好奇心的小朋友，有一天他在上学的路上碰见了一个大小为 \u003cspan class=\"MathJax_Preview\" style=\"color: inherit;\"\u003e\u003cspan class=\"MJXp-math\" id=\"MJXp-Span-54\"\u003e\u003cspan class=\"MJXp-mi MJXp-italic\" id=\"MJXp-Span-55\"\u003en\u003c/span\u003e\u003c/span\u003e\u003c/span\u003e\u003cscript type=\"math/tex\" id=\"MathJax-Element-17\"\u003en\u003c/script\u003e 的树,树上结点从 \u003cspan class=\"MathJax_Preview\" style=\"color: inherit;\"\u003e\u003cspan class=\"MJXp-math\" id=\"MJXp-Span-56\"\u003e\u003cspan class=\"MJXp-mn\" id=\"MJXp-Span-57\"\u003e1\u003c/span\u003e\u003cspan class=\"MJXp-mo\" id=\"MJXp-Span-58\" style=\"margin-left: 0.333em; margin-right: 0.333em;\"\u003e∼\u003c/span\u003e\u003cspan class=\"MJXp-mi MJXp-italic\" id=\"MJXp-Span-59\"\u003en\u003c/span\u003e\u003c/span\u003e\u003c/span\u003e\u003cscript type=\"math/tex\" id=\"MathJax-Element-18\"\u003e1 ∼ n\u003c/script\u003e 编号, \u003cspan class=\"MathJax_Preview\" style=\"color: inherit;\"\u003e\u003cspan class=\"MJXp-math\" id=\"MJXp-Span-60\"\u003e\u003cspan class=\"MJXp-mn\" id=\"MJXp-Span-61\"\u003e1\u003c/span\u003e\u003c/span\u003e\u003c/span\u003e\u003cscript type=\"math/tex\" id=\"MathJax-Element-19\"\u003e1\u003c/script\u003e 号结点为树的根。除 \u003cspan class=\"MathJax_Preview\" style=\"color: inherit;\"\u003e\u003cspan class=\"MJXp-math\" id=\"MJXp-Span-62\"\u003e\u003cspan class=\"MJXp-mn\" id=\"MJXp-Span-63\"\u003e1\u003c/span\u003e\u003c/span\u003e\u003c/span\u003e\u003cscript type=\"math/tex\" id=\"MathJax-Element-20\"\u003e1\u003c/script\u003e 号结点外,每个结点有一个父亲\n结点,\u003cspan class=\"MathJax_Preview\" style=\"color: inherit;\"\u003e\u003cspan class=\"MJXp-math\" id=\"MJXp-Span-64\"\u003e\u003cspan class=\"MJXp-mi MJXp-italic\" id=\"MJXp-Span-65\"\u003eu\u003c/span\u003e\u003cspan class=\"MJXp-mo\" id=\"MJXp-Span-66\" style=\"margin-left: 0em; margin-right: 0em;\"\u003e(\u003c/span\u003e\u003cspan class=\"MJXp-mn\" id=\"MJXp-Span-67\"\u003e2\u003c/span\u003e\u003cspan class=\"MJXp-mo\" id=\"MJXp-Span-68\" style=\"margin-left: 0.333em; margin-right: 0.333em;\"\u003e≤\u003c/span\u003e\u003cspan class=\"MJXp-mi MJXp-italic\" id=\"MJXp-Span-69\"\u003eu\u003c/span\u003e\u003cspan class=\"MJXp-mo\" id=\"MJXp-Span-70\" style=\"margin-left: 0.333em; margin-right: 0.333em;\"\u003e≤\u003c/span\u003e\u003cspan class=\"MJXp-mi MJXp-italic\" id=\"MJXp-Span-71\"\u003en\u003c/span\u003e\u003cspan class=\"MJXp-mo\" id=\"MJXp-Span-72\" style=\"margin-left: 0em; margin-right: 0em;\"\u003e)\u003c/span\u003e\u003c/span\u003e\u003c/span\u003e\u003cscript type=\"math/tex\" id=\"MathJax-Element-21\"\u003eu(2 \\leq  u \\leq n)\u003c/script\u003e号结点的父亲为 \u003cspan class=\"MathJax_Preview\" style=\"color: inherit;\"\u003e\u003cspan class=\"MJXp-math\" id=\"MJXp-Span-73\"\u003e\u003cspan class=\"MJXp-msubsup\" id=\"MJXp-Span-74\"\u003e\u003cspan class=\"MJXp-mi MJXp-italic\" id=\"MJXp-Span-75\" style=\"margin-right: 0.05em;\"\u003ef\u003c/span\u003e\u003cspan class=\"MJXp-mi MJXp-italic MJXp-script\" id=\"MJXp-Span-76\" style=\"vertical-align: -0.4em;\"\u003eu\u003c/span\u003e\u003c/span\u003e\u003cspan class=\"MJXp-mo\" id=\"MJXp-Span-77\" style=\"margin-left: 0em; margin-right: 0em;\"\u003e(\u003c/span\u003e\u003cspan class=\"MJXp-mn\" id=\"MJXp-Span-78\"\u003e1\u003c/span\u003e\u003cspan class=\"MJXp-mo\" id=\"MJXp-Span-79\" style=\"margin-left: 0.333em; margin-right: 0.333em;\"\u003e≤\u003c/span\u003e\u003cspan class=\"MJXp-msubsup\" id=\"MJXp-Span-80\"\u003e\u003cspan class=\"MJXp-mi MJXp-italic\" id=\"MJXp-Span-81\" style=\"margin-right: 0.05em;\"\u003ef\u003c/span\u003e\u003cspan class=\"MJXp-mi MJXp-italic MJXp-script\" id=\"MJXp-Span-82\" style=\"vertical-align: -0.4em;\"\u003eu\u003c/span\u003e\u003c/span\u003e\u003cspan class=\"MJXp-mo\" id=\"MJXp-Span-83\" style=\"margin-left: 0.333em; margin-right: 0.333em;\"\u003e\u0026lt;\u003c/span\u003e\u003cspan class=\"MJXp-mi MJXp-italic\" id=\"MJXp-Span-84\"\u003eu\u003c/span\u003e\u003cspan class=\"MJXp-mo\" id=\"MJXp-Span-85\" style=\"margin-left: 0em; margin-right: 0em;\"\u003e)\u003c/span\u003e\u003c/span\u003e\u003c/span\u003e\u003cscript type=\"math/tex\" id=\"MathJax-Element-22\"\u003ef_u (1 \\leq f_u \u003c u)\u003c/script\u003e 号结点。\u003c/p\u003e\u003cp\u003e小 Q 发现这个树的每个结点上\u003cstrong\u003e恰有\u003c/strong\u003e一个括号，可能是\u003ccode\u003e(\u003c/code\u003e或\u003ccode\u003e)\u003c/code\u003e。\u003c/p\u003e\u003cp\u003e小 Q 定义 \u003cspan class=\"MathJax_Preview\" style=\"color: inherit;\"\u003e\u003cspan class=\"MJXp-math\" id=\"MJXp-Span-86\"\u003e\u003cspan class=\"MJXp-msubsup\" id=\"MJXp-Span-87\"\u003e\u003cspan class=\"MJXp-mi MJXp-italic\" id=\"MJXp-Span-88\" style=\"margin-right: 0.05em;\"\u003es\u003c/span\u003e\u003cspan class=\"MJXp-mi MJXp-italic MJXp-script\" id=\"MJXp-Span-89\" style=\"vertical-align: -0.4em;\"\u003ei\u003c/span\u003e\u003c/span\u003e\u003c/span\u003e\u003c/span\u003e\u003cscript type=\"math/tex\" id=\"MathJax-Element-23\"\u003es_i\u003c/script\u003e 为：将根结点到 \u003cspan class=\"MathJax_Preview\" style=\"color: inherit;\"\u003e\u003cspan class=\"MJXp-math\" id=\"MJXp-Span-90\"\u003e\u003cspan class=\"MJXp-mi MJXp-italic\" id=\"MJXp-Span-91\"\u003ei\u003c/span\u003e\u003c/span\u003e\u003c/span\u003e\u003cscript type=\"math/tex\" id=\"MathJax-Element-24\"\u003ei\u003c/script\u003e 号结点的简单路径上的括号，按结点经过顺序依次排列组成的字符串。\u003c/p\u003e\u003cp\u003e显然 \u003cspan class=\"MathJax_Preview\" style=\"color: inherit;\"\u003e\u003cspan class=\"MJXp-math\" id=\"MJXp-Span-92\"\u003e\u003cspan class=\"MJXp-msubsup\" id=\"MJXp-Span-93\"\u003e\u003cspan class=\"MJXp-mi MJXp-italic\" id=\"MJXp-Span-94\" style=\"margin-right: 0.05em;\"\u003es\u003c/span\u003e\u003cspan class=\"MJXp-mi MJXp-italic MJXp-script\" id=\"MJXp-Span-95\" style=\"vertical-align: -0.4em;\"\u003ei\u003c/span\u003e\u003c/span\u003e\u003c/span\u003e\u003c/span\u003e\u003cscript type=\"math/tex\" id=\"MathJax-Element-25\"\u003es_i\u003c/script\u003e 是个括号串，但不一定是合法括号串，因此现在小 Q 想对所有的 \u003cspan class=\"MathJax_Preview\" style=\"color: inherit;\"\u003e\u003cspan class=\"MJXp-math\" id=\"MJXp-Span-96\"\u003e\u003cspan class=\"MJXp-mi MJXp-italic\" id=\"MJXp-Span-97\"\u003en\u003c/span\u003e\u003cspan class=\"MJXp-mrow\" id=\"MJXp-Span-98\"\u003e\u003cspan class=\"MJXp-mo\" id=\"MJXp-Span-99\" style=\"margin-left: 0.278em; margin-right: 0.278em;\"\u003e（\u003c/span\u003e\u003c/span\u003e\u003cspan class=\"MJXp-mn\" id=\"MJXp-Span-100\"\u003e1\u003c/span\u003e\u003cspan class=\"MJXp-mo\" id=\"MJXp-Span-101\" style=\"margin-left: 0.333em; margin-right: 0.333em;\"\u003e≤\u003c/span\u003e\u003cspan class=\"MJXp-mi MJXp-italic\" id=\"MJXp-Span-102\"\u003ei\u003c/span\u003e\u003cspan class=\"MJXp-mo\" id=\"MJXp-Span-103\" style=\"margin-left: 0.333em; margin-right: 0.333em;\"\u003e≤\u003c/span\u003e\u003cspan class=\"MJXp-mi MJXp-italic\" id=\"MJXp-Span-104\"\u003en\u003c/span\u003e\u003cspan class=\"MJXp-mrow\" id=\"MJXp-Span-105\"\u003e\u003cspan class=\"MJXp-mo\" id=\"MJXp-Span-106\" style=\"margin-left: 0.278em; margin-right: 0.278em;\"\u003e）\u003c/span\u003e\u003c/span\u003e\u003c/span\u003e\u003c/span\u003e\u003cscript type=\"math/tex\" id=\"MathJax-Element-26\"\u003en（1 \\leq i \\leq n）\u003c/script\u003e求出，\u003cspan class=\"MathJax_Preview\" style=\"color: inherit;\"\u003e\u003cspan class=\"MJXp-math\" id=\"MJXp-Span-107\"\u003e\u003cspan class=\"MJXp-msubsup\" id=\"MJXp-Span-108\"\u003e\u003cspan class=\"MJXp-mi MJXp-italic\" id=\"MJXp-Span-109\" style=\"margin-right: 0.05em;\"\u003es\u003c/span\u003e\u003cspan class=\"MJXp-mi MJXp-italic MJXp-script\" id=\"MJXp-Span-110\" style=\"vertical-align: -0.4em;\"\u003ei\u003c/span\u003e\u003c/span\u003e\u003c/span\u003e\u003c/span\u003e\u003cscript type=\"math/tex\" id=\"MathJax-Element-27\"\u003es_i\u003c/script\u003e 中有多少个互不相同的子串是合法括号串。\u003c/p\u003e\u003cp\u003e这个问题难倒了小 Q，他只好向你求助。设 \u003cspan class=\"MathJax_Preview\" style=\"color: inherit;\"\u003e\u003cspan class=\"MJXp-math\" id=\"MJXp-Span-111\"\u003e\u003cspan class=\"MJXp-msubsup\" id=\"MJXp-Span-112\"\u003e\u003cspan class=\"MJXp-mi MJXp-italic\" id=\"MJXp-Span-113\" style=\"margin-right: 0.05em;\"\u003es\u003c/span\u003e\u003cspan class=\"MJXp-mi MJXp-italic MJXp-script\" id=\"MJXp-Span-114\" style=\"vertical-align: -0.4em;\"\u003ei\u003c/span\u003e\u003c/span\u003e\u003c/span\u003e\u003c/span\u003e\u003cscript type=\"math/tex\" id=\"MathJax-Element-28\"\u003es_i\u003c/script\u003e 共有 \u003cspan class=\"MathJax_Preview\" style=\"color: inherit;\"\u003e\u003cspan class=\"MJXp-math\" id=\"MJXp-Span-115\"\u003e\u003cspan class=\"MJXp-msubsup\" id=\"MJXp-Span-116\"\u003e\u003cspan class=\"MJXp-mi MJXp-italic\" id=\"MJXp-Span-117\" style=\"margin-right: 0.05em;\"\u003ek\u003c/span\u003e\u003cspan class=\"MJXp-mi MJXp-italic MJXp-script\" id=\"MJXp-Span-118\" style=\"vertical-align: -0.4em;\"\u003ei\u003c/span\u003e\u003c/span\u003e\u003c/span\u003e\u003c/span\u003e\u003cscript type=\"math/tex\" id=\"MathJax-Element-29\"\u003ek_i\u003c/script\u003e 个不同子串是合法括号串， 你只需要告诉小 Q 所有 \u003cspan class=\"MathJax_Preview\" style=\"color: inherit;\"\u003e\u003cspan class=\"MJXp-math\" id=\"MJXp-Span-119\"\u003e\u003cspan class=\"MJXp-mi MJXp-italic\" id=\"MJXp-Span-120\"\u003ei\u003c/span\u003e\u003cspan class=\"MJXp-mo\" id=\"MJXp-Span-121\" style=\"margin-left: 0.267em; margin-right: 0.267em;\"\u003e×\u003c/span\u003e\u003cspan class=\"MJXp-msubsup\" id=\"MJXp-Span-122\"\u003e\u003cspan class=\"MJXp-mi MJXp-italic\" id=\"MJXp-Span-123\" style=\"margin-right: 0.05em;\"\u003ek\u003c/span\u003e\u003cspan class=\"MJXp-mi MJXp-italic MJXp-script\" id=\"MJXp-Span-124\" style=\"vertical-align: -0.4em;\"\u003ei\u003c/span\u003e\u003c/span\u003e\u003c/span\u003e\u003c/span\u003e\u003cscript type=\"math/tex\" id=\"MathJax-Element-30\"\u003ei \\times k_i\u003c/script\u003e 的异或和，即：\u003c/p\u003e\u003cp\u003e\u003cspan class=\"MathJax_Preview\" style=\"color: inherit;\"\u003e\u003cspan class=\"MJXp-math MJXp-display\" id=\"MJXp-Span-125\"\u003e\u003cspan class=\"MJXp-mo\" id=\"MJXp-Span-126\" style=\"margin-left: 0em; margin-right: 0em;\"\u003e(\u003c/span\u003e\u003cspan class=\"MJXp-mn\" id=\"MJXp-Span-127\"\u003e1\u003c/span\u003e\u003cspan class=\"MJXp-mo\" id=\"MJXp-Span-128\" style=\"margin-left: 0.267em; margin-right: 0.267em;\"\u003e×\u003c/span\u003e\u003cspan class=\"MJXp-msubsup\" id=\"MJXp-Span-129\"\u003e\u003cspan class=\"MJXp-mi MJXp-italic\" id=\"MJXp-Span-130\" style=\"margin-right: 0.05em;\"\u003ek\u003c/span\u003e\u003cspan class=\"MJXp-mn MJXp-script\" id=\"MJXp-Span-131\" style=\"vertical-align: -0.4em;\"\u003e1\u003c/span\u003e\u003c/span\u003e\u003cspan class=\"MJXp-mo\" id=\"MJXp-Span-132\" style=\"margin-left: 0em; margin-right: 0em;\"\u003e)\u003c/span\u003e\u003cspan class=\"MJXp-mtext\" id=\"MJXp-Span-133\"\u003e\u0026nbsp;\u003c/span\u003e\u003cspan class=\"MJXp-mi MJXp-italic\" id=\"MJXp-Span-134\"\u003ex\u003c/span\u003e\u003cspan class=\"MJXp-mi MJXp-italic\" id=\"MJXp-Span-135\"\u003eo\u003c/span\u003e\u003cspan class=\"MJXp-mi MJXp-italic\" id=\"MJXp-Span-136\"\u003er\u003c/span\u003e\u003cspan class=\"MJXp-mtext\" id=\"MJXp-Span-137\"\u003e\u0026nbsp;\u003c/span\u003e\u003cspan class=\"MJXp-mo\" id=\"MJXp-Span-138\" style=\"margin-left: 0em; margin-right: 0em;\"\u003e(\u003c/span\u003e\u003cspan class=\"MJXp-mn\" id=\"MJXp-Span-139\"\u003e2\u003c/span\u003e\u003cspan class=\"MJXp-mo\" id=\"MJXp-Span-140\" style=\"margin-left: 0.267em; margin-right: 0.267em;\"\u003e×\u003c/span\u003e\u003cspan class=\"MJXp-msubsup\" id=\"MJXp-Span-141\"\u003e\u003cspan class=\"MJXp-mi MJXp-italic\" id=\"MJXp-Span-142\" style=\"margin-right: 0.05em;\"\u003ek\u003c/span\u003e\u003cspan class=\"MJXp-mn MJXp-script\" id=\"MJXp-Span-143\" style=\"vertical-align: -0.4em;\"\u003e2\u003c/span\u003e\u003c/span\u003e\u003cspan class=\"MJXp-mo\" id=\"MJXp-Span-144\" style=\"margin-left: 0em; margin-right: 0em;\"\u003e)\u003c/span\u003e\u003cspan class=\"MJXp-mtext\" id=\"MJXp-Span-145\"\u003e\u0026nbsp;\u003c/span\u003e\u003cspan class=\"MJXp-mi MJXp-italic\" id=\"MJXp-Span-146\"\u003ex\u003c/span\u003e\u003cspan class=\"MJXp-mi MJXp-italic\" id=\"MJXp-Span-147\"\u003eo\u003c/span\u003e\u003cspan class=\"MJXp-mi MJXp-italic\" id=\"MJXp-Span-148\"\u003er\u003c/span\u003e\u003cspan class=\"MJXp-mtext\" id=\"MJXp-Span-149\"\u003e\u0026nbsp;\u003c/span\u003e\u003cspan class=\"MJXp-mo\" id=\"MJXp-Span-150\" style=\"margin-left: 0em; margin-right: 0em;\"\u003e⋯\u003c/span\u003e\u003cspan class=\"MJXp-mtext\" id=\"MJXp-Span-151\"\u003e\u0026nbsp;\u003c/span\u003e\u003cspan class=\"MJXp-mi MJXp-italic\" id=\"MJXp-Span-152\"\u003ex\u003c/span\u003e\u003cspan class=\"MJXp-mi MJXp-italic\" id=\"MJXp-Span-153\"\u003eo\u003c/span\u003e\u003cspan class=\"MJXp-mi MJXp-italic\" id=\"MJXp-Span-154\"\u003er\u003c/span\u003e\u003cspan class=\"MJXp-mtext\" id=\"MJXp-Span-155\"\u003e\u0026nbsp;\u003c/span\u003e\u003cspan class=\"MJXp-mo\" id=\"MJXp-Span-156\" style=\"margin-left: 0em; margin-right: 0em;\"\u003e(\u003c/span\u003e\u003cspan class=\"MJXp-mi MJXp-italic\" id=\"MJXp-Span-157\"\u003en\u003c/span\u003e\u003cspan class=\"MJXp-mo\" id=\"MJXp-Span-158\" style=\"margin-left: 0.267em; margin-right: 0.267em;\"\u003e×\u003c/span\u003e\u003cspan class=\"MJXp-msubsup\" id=\"MJXp-Span-159\"\u003e\u003cspan class=\"MJXp-mi MJXp-italic\" id=\"MJXp-Span-160\" style=\"margin-right: 0.05em;\"\u003ek\u003c/span\u003e\u003cspan class=\"MJXp-mi MJXp-italic MJXp-script\" id=\"MJXp-Span-161\" style=\"vertical-align: -0.4em;\"\u003en\u003c/span\u003e\u003c/span\u003e\u003cspan class=\"MJXp-mo\" id=\"MJXp-Span-162\" style=\"margin-left: 0em; margin-right: 0em;\"\u003e)\u003c/span\u003e\u003c/span\u003e\u003c/span\u003e\u003cscript type=\"math/tex; mode=display\" id=\"MathJax-Element-31\"\u003e (1 \\times k_1)\\ xor\\ (2 \\times k_2)\\ xor\\ \\cdots \\ xor\\ (n \\times k_n)\u003c/script\u003e\u003c/p\u003e\u003cp\u003e其中 \u003cspan class=\"MathJax_Preview\" style=\"color: inherit;\"\u003e\u003cspan class=\"MJXp-math\" id=\"MJXp-Span-163\"\u003e\u003cspan class=\"MJXp-mi MJXp-italic\" id=\"MJXp-Span-164\"\u003ex\u003c/span\u003e\u003cspan class=\"MJXp-mi MJXp-italic\" id=\"MJXp-Span-165\"\u003eo\u003c/span\u003e\u003cspan class=\"MJXp-mi MJXp-italic\" id=\"MJXp-Span-166\"\u003er\u003c/span\u003e\u003c/span\u003e\u003c/span\u003e\u003cscript type=\"math/tex\" id=\"MathJax-Element-32\"\u003exor\u003c/script\u003e 是位异或运算。\u003c/p\u003e",
      "misc": ""
    },
    {
      "title": "输入格式",
      "content": "\u003cp\u003e第一行一个整数 \u003cspan class=\"MathJax_Preview\" style=\"color: inherit;\"\u003e\u003cspan class=\"MJXp-math\" id=\"MJXp-Span-167\"\u003e\u003cspan class=\"MJXp-mi MJXp-italic\" id=\"MJXp-Span-168\"\u003en\u003c/span\u003e\u003c/span\u003e\u003c/span\u003e\u003cscript type=\"math/tex\" id=\"MathJax-Element-33\"\u003en\u003c/script\u003e ,表示树的大小。\u003c/p\u003e\u003cp\u003e第二行一个长为 \u003cspan class=\"MathJax_Preview\" style=\"color: inherit;\"\u003e\u003cspan class=\"MJXp-math\" id=\"MJXp-Span-169\"\u003e\u003cspan class=\"MJXp-mi MJXp-italic\" id=\"MJXp-Span-170\"\u003en\u003c/span\u003e\u003c/span\u003e\u003c/span\u003e\u003cscript type=\"math/tex\" id=\"MathJax-Element-34\"\u003en\u003c/script\u003e 的由 \u003ccode\u003e(\u003c/code\u003e 与 \u003ccode\u003e)\u003c/code\u003e 组成的括号串,第 \u003cspan class=\"MathJax_Preview\" style=\"color: inherit;\"\u003e\u003cspan class=\"MJXp-math\" id=\"MJXp-Span-171\"\u003e\u003cspan class=\"MJXp-mi MJXp-italic\" id=\"MJXp-Span-172\"\u003ei\u003c/span\u003e\u003c/span\u003e\u003c/span\u003e\u003cscript type=\"math/tex\" id=\"MathJax-Element-35\"\u003ei\u003c/script\u003e 个括号表示 \u003cspan class=\"MathJax_Preview\" style=\"color: inherit;\"\u003e\u003cspan class=\"MJXp-math\" id=\"MJXp-Span-173\"\u003e\u003cspan class=\"MJXp-mi MJXp-italic\" id=\"MJXp-Span-174\"\u003ei\u003c/span\u003e\u003c/span\u003e\u003c/span\u003e\u003cscript type=\"math/tex\" id=\"MathJax-Element-36\"\u003ei\u003c/script\u003e 号结点上的括号。\u003c/p\u003e\u003cp\u003e第三行包含 \u003cspan class=\"MathJax_Preview\" style=\"color: inherit;\"\u003e\u003cspan class=\"MJXp-math\" id=\"MJXp-Span-175\"\u003e\u003cspan class=\"MJXp-mi MJXp-italic\" id=\"MJXp-Span-176\"\u003en\u003c/span\u003e\u003cspan class=\"MJXp-mo\" id=\"MJXp-Span-177\" style=\"margin-left: 0.267em; margin-right: 0.267em;\"\u003e−\u003c/span\u003e\u003cspan class=\"MJXp-mn\" id=\"MJXp-Span-178\"\u003e1\u003c/span\u003e\u003c/span\u003e\u003c/span\u003e\u003cscript type=\"math/tex\" id=\"MathJax-Element-37\"\u003en − 1\u003c/script\u003e 个整数,第 \u003cspan class=\"MathJax_Preview\" style=\"color: inherit;\"\u003e\u003cspan class=\"MJXp-math\" id=\"MJXp-Span-179\"\u003e\u003cspan class=\"MJXp-mi MJXp-italic\" id=\"MJXp-Span-180\"\u003ei\u003c/span\u003e\u003cspan class=\"MJXp-mo\" id=\"MJXp-Span-181\" style=\"margin-left: 0em; margin-right: 0em;\"\u003e(\u003c/span\u003e\u003cspan class=\"MJXp-mn\" id=\"MJXp-Span-182\"\u003e1\u003c/span\u003e\u003cspan class=\"MJXp-mo\" id=\"MJXp-Span-183\" style=\"margin-left: 0.333em; margin-right: 0.333em;\"\u003e≤\u003c/span\u003e\u003cspan class=\"MJXp-mi MJXp-italic\" id=\"MJXp-Span-184\"\u003ei\u003c/span\u003e\u003cspan class=\"MJXp-mo\" id=\"MJXp-Span-185\" style=\"margin-left: 0.333em; margin-right: 0.333em;\"\u003e\u0026lt;\u003c/span\u003e\u003cspan class=\"MJXp-mi MJXp-italic\" id=\"MJXp-Span-186\"\u003en\u003c/span\u003e\u003cspan class=\"MJXp-mo\" id=\"MJXp-Span-187\" style=\"margin-left: 0em; margin-right: 0em;\"\u003e)\u003c/span\u003e\u003c/span\u003e\u003c/span\u003e\u003cscript type=\"math/tex\" id=\"MathJax-Element-38\"\u003ei(1 \\leq i \u003c n)\u003c/script\u003e 个整数表示 \u003cspan class=\"MathJax_Preview\" style=\"color: inherit;\"\u003e\u003cspan class=\"MJXp-math\" id=\"MJXp-Span-188\"\u003e\u003cspan class=\"MJXp-mi MJXp-italic\" id=\"MJXp-Span-189\"\u003ei\u003c/span\u003e\u003cspan class=\"MJXp-mo\" id=\"MJXp-Span-190\" style=\"margin-left: 0.267em; margin-right: 0.267em;\"\u003e+\u003c/span\u003e\u003cspan class=\"MJXp-mn\" id=\"MJXp-Span-191\"\u003e1\u003c/span\u003e\u003c/span\u003e\u003c/span\u003e\u003cscript type=\"math/tex\" id=\"MathJax-Element-39\"\u003ei + 1\u003c/script\u003e 号结点的父亲编号 \u003cspan class=\"MathJax_Preview\" style=\"color: inherit;\"\u003e\u003cspan class=\"MJXp-math\" id=\"MJXp-Span-192\"\u003e\u003cspan class=\"MJXp-msubsup\" id=\"MJXp-Span-193\"\u003e\u003cspan class=\"MJXp-mi MJXp-italic\" id=\"MJXp-Span-194\" style=\"margin-right: 0.05em;\"\u003ef\u003c/span\u003e\u003cspan class=\"MJXp-mrow MJXp-script\" id=\"MJXp-Span-195\" style=\"vertical-align: -0.4em;\"\u003e\u003cspan class=\"MJXp-mi MJXp-italic\" id=\"MJXp-Span-196\"\u003ei\u003c/span\u003e\u003cspan class=\"MJXp-mo\" id=\"MJXp-Span-197\"\u003e+\u003c/span\u003e\u003cspan class=\"MJXp-mn\" id=\"MJXp-Span-198\"\u003e1\u003c/span\u003e\u003c/span\u003e\u003c/span\u003e\u003c/span\u003e\u003c/span\u003e\u003cscript type=\"math/tex\" id=\"MathJax-Element-40\"\u003ef_{i+1}\u003c/script\u003e 。\u003c/p\u003e",
      "misc": ""
    },
    {
      "title": "输出格式",
      "content": "\u003cp\u003e仅一行一个整数表示答案。\u003c/p\u003e",
      "misc": ""
    },
    {
      "title": "限制与约定",
      "content": "\u003cdiv class=\"table-responsive\"\u003e\n    \u003ctable class=\"table table-bordered table-text-center table-vertical-middle\"\u003e\u003cthead\u003e\u003ctr\u003e\u003cth\u003e测试点编号\u003c/th\u003e\u003cth\u003e\u003cspan class=\"MathJax_Preview\" style=\"color: inherit;\"\u003e\u003cspan class=\"MJXp-math\" id=\"MJXp-Span-209\"\u003e\u003cspan class=\"MJXp-mi MJXp-italic\" id=\"MJXp-Span-210\"\u003en\u003c/span\u003e\u003cspan class=\"MJXp-mo\" id=\"MJXp-Span-211\" style=\"margin-left: 0.333em; margin-right: 0.333em;\"\u003e≤\u003c/span\u003e\u003c/span\u003e\u003c/span\u003e\u003cscript type=\"math/tex\" id=\"MathJax-Element-46\"\u003en \\leq \u003c/script\u003e\u003c/th\u003e\u003cth\u003e特殊性质\u003c/th\u003e\u003c/tr\u003e\u003c/thead\u003e\u003ctbody\u003e\u003ctr\u003e\u003ctd\u003e\u003cspan class=\"MathJax_Preview\" style=\"color: inherit;\"\u003e\u003cspan class=\"MJXp-math\" id=\"MJXp-Span-212\"\u003e\u003cspan class=\"MJXp-mn\" id=\"MJXp-Span-213\"\u003e1\u003c/span\u003e\u003cspan class=\"MJXp-mo\" id=\"MJXp-Span-214\" style=\"margin-left: 0.333em; margin-right: 0.333em;\"\u003e∼\u003c/span\u003e\u003cspan class=\"MJXp-mn\" id=\"MJXp-Span-215\"\u003e2\u003c/span\u003e\u003c/span\u003e\u003c/span\u003e\u003cscript type=\"math/tex\" id=\"MathJax-Element-47\"\u003e1 \\sim 2\u003c/script\u003e\u003c/td\u003e\u003ctd\u003e\u003cspan class=\"MathJax_Preview\" style=\"color: inherit;\"\u003e\u003cspan class=\"MJXp-math\" id=\"MJXp-Span-216\"\u003e\u003cspan class=\"MJXp-mn\" id=\"MJXp-Span-217\"\u003e8\u003c/span\u003e\u003c/span\u003e\u003c/span\u003e\u003cscript type=\"math/tex\" id=\"MathJax-Element-48\"\u003e8\u003c/script\u003e\u003c/td\u003e\u003ctd rowspan=\"3\"\u003e\u003cspan class=\"MathJax_Preview\" style=\"color: inherit;\"\u003e\u003cspan class=\"MJXp-math\" id=\"MJXp-Span-218\"\u003e\u003cspan class=\"MJXp-msubsup\" id=\"MJXp-Span-219\"\u003e\u003cspan class=\"MJXp-mi MJXp-italic\" id=\"MJXp-Span-220\" style=\"margin-right: 0.05em;\"\u003ef\u003c/span\u003e\u003cspan class=\"MJXp-mi MJXp-italic MJXp-script\" id=\"MJXp-Span-221\" style=\"vertical-align: -0.4em;\"\u003ei\u003c/span\u003e\u003c/span\u003e\u003cspan class=\"MJXp-mo\" id=\"MJXp-Span-222\" style=\"margin-left: 0.333em; margin-right: 0.333em;\"\u003e=\u003c/span\u003e\u003cspan class=\"MJXp-mi MJXp-italic\" id=\"MJXp-Span-223\"\u003ei\u003c/span\u003e\u003cspan class=\"MJXp-mo\" id=\"MJXp-Span-224\" style=\"margin-left: 0.267em; margin-right: 0.267em;\"\u003e−\u003c/span\u003e\u003cspan class=\"MJXp-mn\" id=\"MJXp-Span-225\"\u003e1\u003c/span\u003e\u003c/span\u003e\u003c/span\u003e\u003cscript type=\"math/tex\" id=\"MathJax-Element-49\"\u003ef_i=i-1\u003c/script\u003e\u003c/td\u003e\u003c/tr\u003e\u003ctr\u003e\u003ctd\u003e\u003cspan class=\"MathJax_Preview\" style=\"color: inherit;\"\u003e\u003cspan class=\"MJXp-math\" id=\"MJXp-Span-226\"\u003e\u003cspan class=\"MJXp-mn\" id=\"MJXp-Span-227\"\u003e3\u003c/span\u003e\u003cspan class=\"MJXp-mo\" id=\"MJXp-Span-228\" style=\"margin-left: 0.333em; margin-right: 0.333em;\"\u003e∼\u003c/span\u003e\u003cspan class=\"MJXp-mn\" id=\"MJXp-Span-229\"\u003e4\u003c/span\u003e\u003c/span\u003e\u003c/span\u003e\u003cscript type=\"math/tex\" id=\"MathJax-Element-50\"\u003e3 \\sim 4\u003c/script\u003e\u003c/td\u003e\u003ctd\u003e\u003cspan class=\"MathJax_Preview\" style=\"color: inherit;\"\u003e\u003cspan class=\"MJXp-math\" id=\"MJXp-Span-230\"\u003e\u003cspan class=\"MJXp-mn\" id=\"MJXp-Span-231\"\u003e200\u003c/span\u003e\u003c/span\u003e\u003c/span\u003e\u003cscript type=\"math/tex\" id=\"MathJax-Element-51\"\u003e200\u003c/script\u003e\u003c/td\u003e\u003c/tr\u003e\u003ctr\u003e\u003ctd\u003e\u003cspan class=\"MathJax_Preview\" style=\"color: inherit;\"\u003e\u003cspan class=\"MJXp-math\" id=\"MJXp-Span-232\"\u003e\u003cspan class=\"MJXp-mn\" id=\"MJXp-Span-233\"\u003e5\u003c/span\u003e\u003cspan class=\"MJXp-mo\" id=\"MJXp-Span-234\" style=\"margin-left: 0.333em; margin-right: 0.333em;\"\u003e∼\u003c/span\u003e\u003cspan class=\"MJXp-mn\" id=\"MJXp-Span-235\"\u003e7\u003c/span\u003e\u003c/span\u003e\u003c/span\u003e\u003cscript type=\"math/tex\" id=\"MathJax-Element-52\"\u003e5 \\sim 7\u003c/script\u003e\u003c/td\u003e\u003ctd rowspan=\"2\"\u003e\u003cspan class=\"MathJax_Preview\" style=\"color: inherit;\"\u003e\u003cspan class=\"MJXp-math\" id=\"MJXp-Span-236\"\u003e\u003cspan class=\"MJXp-mn\" id=\"MJXp-Span-237\"\u003e2000\u003c/span\u003e\u003c/span\u003e\u003c/span\u003e\u003cscript type=\"math/tex\" id=\"MathJax-Element-53\"\u003e2000\u003c/script\u003e\u003c/td\u003e\u003c/tr\u003e\u003ctr\u003e\u003ctd\u003e\u003cspan class=\"MathJax_Preview\" style=\"color: inherit;\"\u003e\u003cspan class=\"MJXp-math\" id=\"MJXp-Span-238\"\u003e\u003cspan class=\"MJXp-mn\" id=\"MJXp-Span-239\"\u003e8\u003c/span\u003e\u003cspan class=\"MJXp-mo\" id=\"MJXp-Span-240\" style=\"margin-left: 0.333em; margin-right: 0.333em;\"\u003e∼\u003c/span\u003e\u003cspan class=\"MJXp-mn\" id=\"MJXp-Span-241\"\u003e10\u003c/span\u003e\u003c/span\u003e\u003c/span\u003e\u003cscript type=\"math/tex\" id=\"MathJax-Element-54\"\u003e8 \\sim 10\u003c/script\u003e\u003c/td\u003e\u003ctd\u003e\u003c/td\u003e\u003c/tr\u003e\u003ctr\u003e\u003ctd\u003e\u003cspan class=\"MathJax_Preview\" style=\"color: inherit;\"\u003e\u003cspan class=\"MJXp-math\" id=\"MJXp-Span-242\"\u003e\u003cspan class=\"MJXp-mn\" id=\"MJXp-Span-243\"\u003e11\u003c/span\u003e\u003cspan class=\"MJXp-mo\" id=\"MJXp-Span-244\" style=\"margin-left: 0.333em; margin-right: 0.333em;\"\u003e∼\u003c/span\u003e\u003cspan class=\"MJXp-mn\" id=\"MJXp-Span-245\"\u003e14\u003c/span\u003e\u003c/span\u003e\u003c/span\u003e\u003cscript type=\"math/tex\" id=\"MathJax-Element-55\"\u003e11 \\sim 14\u003c/script\u003e\u003c/td\u003e\u003ctd rowspan=\"2\"\u003e\u003cspan class=\"MathJax_Preview\" style=\"color: inherit;\"\u003e\u003cspan class=\"MJXp-math\" id=\"MJXp-Span-246\"\u003e\u003cspan class=\"MJXp-msubsup\" id=\"MJXp-Span-247\"\u003e\u003cspan class=\"MJXp-mn\" id=\"MJXp-Span-248\" style=\"margin-right: 0.05em;\"\u003e10\u003c/span\u003e\u003cspan class=\"MJXp-mn MJXp-script\" id=\"MJXp-Span-249\" style=\"vertical-align: 0.5em;\"\u003e5\u003c/span\u003e\u003c/span\u003e\u003c/span\u003e\u003c/span\u003e\u003cscript type=\"math/tex\" id=\"MathJax-Element-56\"\u003e10^5\u003c/script\u003e\u003c/td\u003e\u003ctd\u003e\u003cspan class=\"MathJax_Preview\" style=\"color: inherit;\"\u003e\u003cspan class=\"MJXp-math\" id=\"MJXp-Span-250\"\u003e\u003cspan class=\"MJXp-msubsup\" id=\"MJXp-Span-251\"\u003e\u003cspan class=\"MJXp-mi MJXp-italic\" id=\"MJXp-Span-252\" style=\"margin-right: 0.05em;\"\u003ef\u003c/span\u003e\u003cspan class=\"MJXp-mi MJXp-italic MJXp-script\" id=\"MJXp-Span-253\" style=\"vertical-align: -0.4em;\"\u003ei\u003c/span\u003e\u003c/span\u003e\u003cspan class=\"MJXp-mo\" id=\"MJXp-Span-254\" style=\"margin-left: 0.333em; margin-right: 0.333em;\"\u003e=\u003c/span\u003e\u003cspan class=\"MJXp-mi MJXp-italic\" id=\"MJXp-Span-255\"\u003ei\u003c/span\u003e\u003cspan class=\"MJXp-mo\" id=\"MJXp-Span-256\" style=\"margin-left: 0.267em; margin-right: 0.267em;\"\u003e−\u003c/span\u003e\u003cspan class=\"MJXp-mn\" id=\"MJXp-Span-257\"\u003e1\u003c/span\u003e\u003c/span\u003e\u003c/span\u003e\u003cscript type=\"math/tex\" id=\"MathJax-Element-57\"\u003ef_i=i-1\u003c/script\u003e\u003c/td\u003e\u003c/tr\u003e\u003ctr\u003e\u003ctd\u003e\u003cspan class=\"MathJax_Preview\" style=\"color: inherit;\"\u003e\u003cspan class=\"MJXp-math\" id=\"MJXp-Span-258\"\u003e\u003cspan class=\"MJXp-mn\" id=\"MJXp-Span-259\"\u003e15\u003c/span\u003e\u003cspan class=\"MJXp-mo\" id=\"MJXp-Span-260\" style=\"margin-left: 0.333em; margin-right: 0.333em;\"\u003e∼\u003c/span\u003e\u003cspan class=\"MJXp-mn\" id=\"MJXp-Span-261\"\u003e16\u003c/span\u003e\u003c/span\u003e\u003c/span\u003e\u003cscript type=\"math/tex\" id=\"MathJax-Element-58\"\u003e15 \\sim 16\u003c/script\u003e\u003c/td\u003e\u003ctd rowspan=\"2\"\u003e\u003c/td\u003e\u003c/tr\u003e\u003ctr\u003e\u003ctd\u003e\u003cspan class=\"MathJax_Preview\" style=\"color: inherit;\"\u003e\u003cspan class=\"MJXp-math\" id=\"MJXp-Span-262\"\u003e\u003cspan class=\"MJXp-mn\" id=\"MJXp-Span-263\"\u003e17\u003c/span\u003e\u003cspan class=\"MJXp-mo\" id=\"MJXp-Span-264\" style=\"margin-left: 0.333em; margin-right: 0.333em;\"\u003e∼\u003c/span\u003e\u003cspan class=\"MJXp-mn\" id=\"MJXp-Span-265\"\u003e20\u003c/span\u003e\u003c/span\u003e\u003c/span\u003e\u003cscript type=\"math/tex\" id=\"MathJax-Element-59\"\u003e17 \\sim 20\u003c/script\u003e\u003c/td\u003e\u003ctd\u003e\u003cspan class=\"MathJax_Preview\" style=\"color: inherit;\"\u003e\u003cspan class=\"MJXp-math\" id=\"MJXp-Span-266\"\u003e\u003cspan class=\"MJXp-mn\" id=\"MJXp-Span-267\"\u003e5\u003c/span\u003e\u003cspan class=\"MJXp-mo\" id=\"MJXp-Span-268\" style=\"margin-left: 0.267em; margin-right: 0.267em;\"\u003e×\u003c/span\u003e\u003cspan class=\"MJXp-msubsup\" id=\"MJXp-Span-269\"\u003e\u003cspan class=\"MJXp-mn\" id=\"MJXp-Span-270\" style=\"margin-right: 0.05em;\"\u003e10\u003c/span\u003e\u003cspan class=\"MJXp-mn MJXp-script\" id=\"MJXp-Span-271\" style=\"vertical-align: 0.5em;\"\u003e5\u003c/span\u003e\u003c/span\u003e\u003c/span\u003e\u003c/span\u003e\u003cscript type=\"math/tex\" id=\"MathJax-Element-60\"\u003e5 \\times 10^5\u003c/script\u003e\u003c/td\u003e\u003c/tr\u003e\u003c/tbody\u003e\u003c/table\u003e\u003c/div\u003e",
      "misc": ""
    },
    {
      "title": "下载",
      "content": "\u003cp\u003e\u003ca href=\"/download.php?type=problem\u0026amp;id=489\"\u003e样例数据下载\u003c/a\u003e\u003c/p\u003e",
      "misc": ""
    }
  ],
  "samples": [
    {
      "title": "样例1",
      "input": "\u003cpre\u003e\u003ccode class=\"sh_plain\"\u003e5\n(()()\n1 1 2 2\u003c/code\u003e\u003c/pre\u003e",
      "output": "\u003cpre\u003e\u003ccode class=\"sh_plain\"\u003e6\u003c/code\u003e\u003c/pre\u003e",
      "explanation": "\u003cp\u003e树的形态如下图:\u003c/p\u003e\u003cp\u003e\u003cimg class=\"img-responsive center-block\" src=\"//img.uoj.ac/problem/489/kuohaoshu.webp\" style=\"width:200px;\" alt=\"括号树\"\u003e\u003c/p\u003e\u003cp\u003e将根到 1 号结点的简单路径上的括号，按经过顺序排列所组成的字符串为 \u003ccode\u003e(\u003c/code\u003e，子串是合法括号串的个数为 \u003cspan class=\"MathJax_Preview\" style=\"color: inherit;\"\u003e\u003cspan class=\"MJXp-math\" id=\"MJXp-Span-199\"\u003e\u003cspan class=\"MJXp-mn\" id=\"MJXp-Span-200\"\u003e0\u003c/span\u003e\u003c/span\u003e\u003c/span\u003e\u003cscript type=\"math/tex\" id=\"MathJax-Element-41\"\u003e0\u003c/script\u003e。\u003c/p\u003e\u003cp\u003e将根到 2 号结点的字符串为 \u003ccode\u003e((\u003c/code\u003e，子串是合法括号串的个数为 \u003cspan class=\"MathJax_Preview\" style=\"color: inherit;\"\u003e\u003cspan class=\"MJXp-math\" id=\"MJXp-Span-201\"\u003e\u003cspan class=\"MJXp-mn\" id=\"MJXp-Span-202\"\u003e0\u003c/span\u003e\u003c/span\u003e\u003c/span\u003e\u003cscript type=\"math/tex\" id=\"MathJax-Element-42\"\u003e0\u003c/script\u003e。\u003c/p\u003e\u003cp\u003e将根到 3 号结点的字符串为 \u003ccode\u003e()\u003c/code\u003e，子串是合法括号串的个数为 \u003cspan class=\"MathJax_Preview\" style=\"color: inherit;\"\u003e\u003cspan class=\"MJXp-math\" id=\"MJXp-Span-203\"\u003e\u003cspan class=\"MJXp-mn\" id=\"MJXp-Span-204\"\u003e1\u003c/span\u003e\u003c/span\u003e\u003c/span\u003e\u003cscript type=\"math/tex\" id=\"MathJax-Element-43\"\u003e1\u003c/script\u003e。\u003c/p\u003e\u003cp\u003e将根到 4 号结点的字符串为 \u003ccode\u003e(((\u003c/code\u003e，子串是合法括号串的个数为 \u003cspan class=\"MathJax_Preview\" style=\"color: inherit;\"\u003e\u003cspan class=\"MJXp-math\" id=\"MJXp-Span-205\"\u003e\u003cspan class=\"MJXp-mn\" id=\"MJXp-Span-206\"\u003e0\u003c/span\u003e\u003c/span\u003e\u003c/span\u003e\u003cscript type=\"math/tex\" id=\"MathJax-Element-44\"\u003e0\u003c/script\u003e。\u003c/p\u003e\u003cp\u003e将根到 5 号结点的字符串为 \u003ccode\u003e(()\u003c/code\u003e，子串是合法括号串的个数为 \u003cspan class=\"MathJax_Preview\" style=\"color: inherit;\"\u003e\u003cspan class=\"MJXp-math\" id=\"MJXp-Span-207\"\u003e\u003cspan class=\"MJXp-mn\" id=\"MJXp-Span-208\"\u003e1\u003c/span\u003e\u003c/span\u003e\u003c/span\u003e\u003cscript type=\"math/tex\" id=\"MathJax-Element-45\"\u003e1\u003c/script\u003e。\u003c/p\u003e",
      "misc": ""
    }
  ],
  "tags": [
    "UOJ",
    "CSP-S 2019"
  ],
  "rules": {
    "runtime": "1000000000",
    "memory": "268435456",
    "stack": "268435456",
    "source": "51200"
  },
  "meta": {
    "created": "2021-04-09T21:49:16.901935674+08:00",
    "updated": "2021-04-09T21:49:16.901935674+08:00",
    "checked": "2021-04-09T21:49:16.901935674+08:00"
  },
  "misc": ""
}
