{
  "id": "522",
  "title": "版本答案",
  "type": "traditional",
  "sections": [
    {
      "title": "",
      "content": "\u003cp\u003e酒馆战棋也是蒜斜非常喜欢的游戏。他常常一边玩游戏一边思考着哲♂学问题。众所周知，当前的酒馆战棋的版本答案是多个圣盾剧毒的峰哥。作为一名善于发问的新世纪大学生，蒜斜想要明白当双方都拥有版本答案的时候，游戏会变成什么样呢？究竟是谁杀了峰哥，而峰哥又杀了谁呢？\u003c/p\u003e\u003cp\u003e现在，假设在酒馆战棋的一轮战斗中，战斗的一方有 \u003cspan class=\"MathJax_Preview\" style=\"color: inherit;\"\u003e\u003cspan class=\"MJXp-math\" id=\"MJXp-Span-1\"\u003e\u003cspan class=\"MJXp-mi MJXp-italic\" id=\"MJXp-Span-2\"\u003en\u003c/span\u003e\u003c/span\u003e\u003c/span\u003e\u003cscript type=\"math/tex\" id=\"MathJax-Element-1\"\u003en\u003c/script\u003e 个随从，另一方有 \u003cspan class=\"MathJax_Preview\" style=\"color: inherit;\"\u003e\u003cspan class=\"MJXp-math\" id=\"MJXp-Span-3\"\u003e\u003cspan class=\"MJXp-mi MJXp-italic\" id=\"MJXp-Span-4\"\u003em\u003c/span\u003e\u003c/span\u003e\u003c/span\u003e\u003cscript type=\"math/tex\" id=\"MathJax-Element-2\"\u003em\u003c/script\u003e 个随从，所有的随从都是圣盾剧毒的峰哥，问期望多少次进攻后战斗结束。\u003c/p\u003e",
      "misc": ""
    },
    {
      "title": "题目补充",
      "content": "\u003cp\u003e在这儿，我们补充介绍一下峰哥的属性以及酒馆战棋的战斗流程。峰哥的卡牌如下图所示，在本题中，血量、攻击力、费用都没有意义，你只需要留意峰哥的特殊属性。\u003c/p\u003e\u003cp\u003e\u003cimg class=\"img-responsive center-block\" src=\"//img.uoj.ac/problem/522/yuren.jpg\" alt=\"fgnb\"\u003e\u003c/p\u003e\u003cp\u003e酒馆战棋的战斗流程为：\u003c/p\u003e\u003col\u003e\u003cli\u003e战斗开始前，双方的随从按照从左到右的顺序被标上了序号。如果有 \u003cspan class=\"MathJax_Preview\" style=\"color: inherit;\"\u003e\u003cspan class=\"MJXp-math\" id=\"MJXp-Span-5\"\u003e\u003cspan class=\"MJXp-mi MJXp-italic\" id=\"MJXp-Span-6\"\u003ek\u003c/span\u003e\u003cspan class=\"MJXp-mo\" id=\"MJXp-Span-7\" style=\"margin-left: 0.333em; margin-right: 0.333em;\"\u003e∈\u003c/span\u003e\u003cspan class=\"MJXp-mo\" id=\"MJXp-Span-8\" style=\"margin-left: 0em; margin-right: 0em;\"\u003e{\u003c/span\u003e\u003cspan class=\"MJXp-mi MJXp-italic\" id=\"MJXp-Span-9\"\u003en\u003c/span\u003e\u003cspan class=\"MJXp-mo\" id=\"MJXp-Span-10\" style=\"margin-left: 0em; margin-right: 0.222em;\"\u003e,\u003c/span\u003e\u003cspan class=\"MJXp-mi MJXp-italic\" id=\"MJXp-Span-11\"\u003em\u003c/span\u003e\u003cspan class=\"MJXp-mo\" id=\"MJXp-Span-12\" style=\"margin-left: 0em; margin-right: 0em;\"\u003e}\u003c/span\u003e\u003c/span\u003e\u003c/span\u003e\u003cscript type=\"math/tex\" id=\"MathJax-Element-3\"\u003ek \\in \\{n,m\\}\u003c/script\u003e 个随从，那么第一个随从的编号为 \u003cspan class=\"MathJax_Preview\" style=\"color: inherit;\"\u003e\u003cspan class=\"MJXp-math\" id=\"MJXp-Span-13\"\u003e\u003cspan class=\"MJXp-mn\" id=\"MJXp-Span-14\"\u003e1\u003c/span\u003e\u003c/span\u003e\u003c/span\u003e\u003cscript type=\"math/tex\" id=\"MathJax-Element-4\"\u003e1\u003c/script\u003e，最后一个随从的编号为 \u003cspan class=\"MathJax_Preview\" style=\"color: inherit;\"\u003e\u003cspan class=\"MJXp-math\" id=\"MJXp-Span-15\"\u003e\u003cspan class=\"MJXp-mi MJXp-italic\" id=\"MJXp-Span-16\"\u003ek\u003c/span\u003e\u003c/span\u003e\u003c/span\u003e\u003cscript type=\"math/tex\" id=\"MathJax-Element-5\"\u003ek\u003c/script\u003e。其中编号为 \u003cspan class=\"MathJax_Preview\" style=\"color: inherit;\"\u003e\u003cspan class=\"MJXp-math\" id=\"MJXp-Span-17\"\u003e\u003cspan class=\"MJXp-mi MJXp-italic\" id=\"MJXp-Span-18\"\u003ei\u003c/span\u003e\u003cspan class=\"MJXp-mo\" id=\"MJXp-Span-19\" style=\"margin-left: 0.267em; margin-right: 0.267em;\"\u003e+\u003c/span\u003e\u003cspan class=\"MJXp-mn\" id=\"MJXp-Span-20\"\u003e1\u003c/span\u003e\u003c/span\u003e\u003c/span\u003e\u003cscript type=\"math/tex\" id=\"MathJax-Element-6\"\u003ei+1\u003c/script\u003e 的随从在 \u003cspan class=\"MathJax_Preview\" style=\"color: inherit;\"\u003e\u003cspan class=\"MJXp-math\" id=\"MJXp-Span-21\"\u003e\u003cspan class=\"MJXp-mi MJXp-italic\" id=\"MJXp-Span-22\"\u003ei\u003c/span\u003e\u003c/span\u003e\u003c/span\u003e\u003cscript type=\"math/tex\" id=\"MathJax-Element-7\"\u003ei\u003c/script\u003e 之后，编号为 \u003cspan class=\"MathJax_Preview\" style=\"color: inherit;\"\u003e\u003cspan class=\"MJXp-math\" id=\"MJXp-Span-23\"\u003e\u003cspan class=\"MJXp-mn\" id=\"MJXp-Span-24\"\u003e1\u003c/span\u003e\u003c/span\u003e\u003c/span\u003e\u003cscript type=\"math/tex\" id=\"MathJax-Element-8\"\u003e1\u003c/script\u003e 的随从在 \u003cspan class=\"MathJax_Preview\" style=\"color: inherit;\"\u003e\u003cspan class=\"MJXp-math\" id=\"MJXp-Span-25\"\u003e\u003cspan class=\"MJXp-mi MJXp-italic\" id=\"MJXp-Span-26\"\u003ek\u003c/span\u003e\u003c/span\u003e\u003c/span\u003e\u003cscript type=\"math/tex\" id=\"MathJax-Element-9\"\u003ek\u003c/script\u003e 之后。\u003c/li\u003e\n\u003cli\u003e双方轮流行动，随从多的一方先手，如果双方随从数相同，则等概率随机一方开始攻击。\u003c/li\u003e\n\u003cli\u003e当前攻击的一方的一个随从进行攻击。如果当前回合是这一方的第一个攻击回合，则编号为 \u003cspan class=\"MathJax_Preview\" style=\"color: inherit;\"\u003e\u003cspan class=\"MJXp-math\" id=\"MJXp-Span-27\"\u003e\u003cspan class=\"MJXp-mn\" id=\"MJXp-Span-28\"\u003e1\u003c/span\u003e\u003c/span\u003e\u003c/span\u003e\u003cscript type=\"math/tex\" id=\"MathJax-Element-10\"\u003e1\u003c/script\u003e 的随从攻击，否则假设上一次这一方攻击的随从编号是 \u003cspan class=\"MathJax_Preview\" style=\"color: inherit;\"\u003e\u003cspan class=\"MJXp-math\" id=\"MJXp-Span-29\"\u003e\u003cspan class=\"MJXp-mi MJXp-italic\" id=\"MJXp-Span-30\"\u003ex\u003c/span\u003e\u003c/span\u003e\u003c/span\u003e\u003cscript type=\"math/tex\" id=\"MathJax-Element-11\"\u003ex\u003c/script\u003e，这一次由 \u003cspan class=\"MathJax_Preview\" style=\"color: inherit;\"\u003e\u003cspan class=\"MJXp-math\" id=\"MJXp-Span-31\"\u003e\u003cspan class=\"MJXp-mi MJXp-italic\" id=\"MJXp-Span-32\"\u003ex\u003c/span\u003e\u003c/span\u003e\u003c/span\u003e\u003cscript type=\"math/tex\" id=\"MathJax-Element-12\"\u003ex\u003c/script\u003e 后面第一个还活着的随从攻击。\u003cstrong\u003e注意，当只有一个随从存活的时候，可能出现 \u003cspan class=\"MathJax_Preview\" style=\"color: inherit;\"\u003e\u003cspan class=\"MJXp-math\" id=\"MJXp-Span-33\"\u003e\u003cspan class=\"MJXp-mi MJXp-italic\" id=\"MJXp-Span-34\"\u003ex\u003c/span\u003e\u003c/span\u003e\u003c/span\u003e\u003cscript type=\"math/tex\" id=\"MathJax-Element-13\"\u003ex\u003c/script\u003e 再次攻击的情况。\u003c/strong\u003e\u003c/li\u003e\n\u003cli\u003e攻击的随从等概率随机挑选一个还存活的敌方随从攻击。攻击结果：无论是攻击的随从还是被攻击的随从，如果身上有圣盾，则圣盾失去；如果没有圣盾，则随从死亡。\u003c/li\u003e\n\u003cli\u003e峰哥的效果触发：对于每一个当前没有圣盾的峰哥，如果有一个和它同一方的其他随从（不包括自己）在刚才的攻击中失去了圣盾，则它获得圣盾。\u003c/li\u003e\n\u003cli\u003e如果存在一方没有任何随从存活，游戏结束。否则进入对方回合，回到步骤 \u003cspan class=\"MathJax_Preview\" style=\"color: inherit;\"\u003e\u003cspan class=\"MJXp-math\" id=\"MJXp-Span-35\"\u003e\u003cspan class=\"MJXp-mn\" id=\"MJXp-Span-36\"\u003e3\u003c/span\u003e\u003c/span\u003e\u003c/span\u003e\u003cscript type=\"math/tex\" id=\"MathJax-Element-14\"\u003e3\u003c/script\u003e。\u003c/li\u003e\n\u003c/ol\u003e\u003cp\u003e如果你对战斗流程依然不了解，你可以看\u003ca href=\"https://www.bilibili.com/video/BV1ME411W71f/?spm_id_from=333.788.videocard.1\"\u003e这个视频\u003c/a\u003e。 该视频从 0:55 开始就对应本题 \u003cspan class=\"MathJax_Preview\" style=\"color: inherit;\"\u003e\u003cspan class=\"MJXp-math\" id=\"MJXp-Span-37\"\u003e\u003cspan class=\"MJXp-mi MJXp-italic\" id=\"MJXp-Span-38\"\u003en\u003c/span\u003e\u003cspan class=\"MJXp-mo\" id=\"MJXp-Span-39\" style=\"margin-left: 0.333em; margin-right: 0.333em;\"\u003e=\u003c/span\u003e\u003cspan class=\"MJXp-mi MJXp-italic\" id=\"MJXp-Span-40\"\u003em\u003c/span\u003e\u003cspan class=\"MJXp-mo\" id=\"MJXp-Span-41\" style=\"margin-left: 0.333em; margin-right: 0.333em;\"\u003e=\u003c/span\u003e\u003cspan class=\"MJXp-mn\" id=\"MJXp-Span-42\"\u003e6\u003c/span\u003e\u003c/span\u003e\u003c/span\u003e\u003cscript type=\"math/tex\" id=\"MathJax-Element-15\"\u003en=m=6\u003c/script\u003e 的情况。\u003c/p\u003e",
      "misc": ""
    },
    {
      "title": "输入格式",
      "content": "\u003cp\u003e输入三个整数 \u003cspan class=\"MathJax_Preview\" style=\"color: inherit;\"\u003e\u003cspan class=\"MJXp-math\" id=\"MJXp-Span-43\"\u003e\u003cspan class=\"MJXp-mi MJXp-italic\" id=\"MJXp-Span-44\"\u003en\u003c/span\u003e\u003cspan class=\"MJXp-mo\" id=\"MJXp-Span-45\" style=\"margin-left: 0em; margin-right: 0.222em;\"\u003e,\u003c/span\u003e\u003cspan class=\"MJXp-mi MJXp-italic\" id=\"MJXp-Span-46\"\u003em\u003c/span\u003e\u003cspan class=\"MJXp-mo\" id=\"MJXp-Span-47\" style=\"margin-left: 0em; margin-right: 0.222em;\"\u003e,\u003c/span\u003e\u003cspan class=\"MJXp-mi MJXp-italic\" id=\"MJXp-Span-48\"\u003ep\u003c/span\u003e\u003cspan class=\"MJXp-mo\" id=\"MJXp-Span-49\" style=\"margin-left: 0em; margin-right: 0em;\"\u003e(\u003c/span\u003e\u003cspan class=\"MJXp-mn\" id=\"MJXp-Span-50\"\u003e1\u003c/span\u003e\u003cspan class=\"MJXp-mo\" id=\"MJXp-Span-51\" style=\"margin-left: 0.333em; margin-right: 0.333em;\"\u003e≤\u003c/span\u003e\u003cspan class=\"MJXp-mi MJXp-italic\" id=\"MJXp-Span-52\"\u003en\u003c/span\u003e\u003cspan class=\"MJXp-mo\" id=\"MJXp-Span-53\" style=\"margin-left: 0em; margin-right: 0.222em;\"\u003e,\u003c/span\u003e\u003cspan class=\"MJXp-mi MJXp-italic\" id=\"MJXp-Span-54\"\u003em\u003c/span\u003e\u003cspan class=\"MJXp-mo\" id=\"MJXp-Span-55\" style=\"margin-left: 0.333em; margin-right: 0.333em;\"\u003e≤\u003c/span\u003e\u003cspan class=\"MJXp-mn\" id=\"MJXp-Span-56\"\u003e2000\u003c/span\u003e\u003cspan class=\"MJXp-mo\" id=\"MJXp-Span-57\" style=\"margin-left: 0em; margin-right: 0.222em;\"\u003e,\u003c/span\u003e\u003cspan class=\"MJXp-mi MJXp-italic\" id=\"MJXp-Span-58\"\u003en\u003c/span\u003e\u003cspan class=\"MJXp-mo\" id=\"MJXp-Span-59\" style=\"margin-left: 0.267em; margin-right: 0.267em;\"\u003e+\u003c/span\u003e\u003cspan class=\"MJXp-mi MJXp-italic\" id=\"MJXp-Span-60\"\u003em\u003c/span\u003e\u003cspan class=\"MJXp-mo\" id=\"MJXp-Span-61\" style=\"margin-left: 0.333em; margin-right: 0.333em;\"\u003e\u0026lt;\u003c/span\u003e\u003cspan class=\"MJXp-mi MJXp-italic\" id=\"MJXp-Span-62\"\u003ep\u003c/span\u003e\u003cspan class=\"MJXp-mo\" id=\"MJXp-Span-63\" style=\"margin-left: 0.333em; margin-right: 0.333em;\"\u003e≤\u003c/span\u003e\u003cspan class=\"MJXp-msubsup\" id=\"MJXp-Span-64\"\u003e\u003cspan class=\"MJXp-mn\" id=\"MJXp-Span-65\" style=\"margin-right: 0.05em;\"\u003e10\u003c/span\u003e\u003cspan class=\"MJXp-mn MJXp-script\" id=\"MJXp-Span-66\" style=\"vertical-align: 0.5em;\"\u003e9\u003c/span\u003e\u003c/span\u003e\u003cspan class=\"MJXp-mo\" id=\"MJXp-Span-67\" style=\"margin-left: 0.267em; margin-right: 0.267em;\"\u003e+\u003c/span\u003e\u003cspan class=\"MJXp-mn\" id=\"MJXp-Span-68\"\u003e7\u003c/span\u003e\u003c/span\u003e\u003c/span\u003e\u003cscript type=\"math/tex\" id=\"MathJax-Element-16\"\u003en,m, p (1 \\leq n,m \\leq 2000, n+m \u003c p \\leq 10^9+7\u003c/script\u003e 且 \u003cspan class=\"MathJax_Preview\" style=\"color: inherit;\"\u003e\u003cspan class=\"MJXp-math\" id=\"MJXp-Span-69\"\u003e\u003cspan class=\"MJXp-mi MJXp-italic\" id=\"MJXp-Span-70\"\u003ep\u003c/span\u003e\u003c/span\u003e\u003c/span\u003e\u003cscript type=\"math/tex\" id=\"MathJax-Element-17\"\u003ep\u003c/script\u003e 为质数 \u003cspan class=\"MathJax_Preview\" style=\"color: inherit;\"\u003e\u003cspan class=\"MJXp-math\" id=\"MJXp-Span-71\"\u003e\u003cspan class=\"MJXp-mo\" id=\"MJXp-Span-72\" style=\"margin-left: 0em; margin-right: 0em;\"\u003e)\u003c/span\u003e\u003c/span\u003e\u003c/span\u003e\u003cscript type=\"math/tex\" id=\"MathJax-Element-18\"\u003e)\u003c/script\u003e\u003c/p\u003e",
      "misc": ""
    },
    {
      "title": "输出格式",
      "content": "\u003cp\u003e输出一行一个整数，表示期望轮数对 \u003cspan class=\"MathJax_Preview\" style=\"color: inherit;\"\u003e\u003cspan class=\"MJXp-math\" id=\"MJXp-Span-73\"\u003e\u003cspan class=\"MJXp-mi MJXp-italic\" id=\"MJXp-Span-74\"\u003ep\u003c/span\u003e\u003c/span\u003e\u003c/span\u003e\u003cscript type=\"math/tex\" id=\"MathJax-Element-19\"\u003ep\u003c/script\u003e 取模后的结果。即，如果期望轮数的最简分数表示为 \u003cspan class=\"MathJax_Preview\" style=\"color: inherit;\"\u003e\u003cspan class=\"MJXp-math\" id=\"MJXp-Span-75\"\u003e\u003cspan class=\"MJXp-mfrac\" id=\"MJXp-Span-76\" style=\"vertical-align: 0.25em;\"\u003e\u003cspan class=\"MJXp-box MJXp-script\"\u003e\u003cspan class=\"MJXp-mi MJXp-italic\" id=\"MJXp-Span-77\"\u003ea\u003c/span\u003e\u003c/span\u003e\u003cspan class=\"MJXp-box\" style=\"margin-top: -0.9em;\"\u003e\u003cspan class=\"MJXp-denom\"\u003e\u003cspan\u003e\u003cspan class=\"MJXp-rule\" style=\"height: 1em; border-top: none; border-bottom: 1px solid; margin: 0.1em 0px;\"\u003e\u003c/span\u003e\u003c/span\u003e\u003cspan\u003e\u003cspan class=\"MJXp-box MJXp-script\"\u003e\u003cspan class=\"MJXp-mi MJXp-italic\" id=\"MJXp-Span-78\"\u003eb\u003c/span\u003e\u003c/span\u003e\u003c/span\u003e\u003c/span\u003e\u003c/span\u003e\u003c/span\u003e\u003c/span\u003e\u003c/span\u003e\u003cscript type=\"math/tex\" id=\"MathJax-Element-20\"\u003e\\frac{a}{b}\u003c/script\u003e，你需要输出一个整数 \u003cspan class=\"MathJax_Preview\" style=\"color: inherit;\"\u003e\u003cspan class=\"MJXp-math\" id=\"MJXp-Span-79\"\u003e\u003cspan class=\"MJXp-mi MJXp-italic\" id=\"MJXp-Span-80\"\u003ec\u003c/span\u003e\u003c/span\u003e\u003c/span\u003e\u003cscript type=\"math/tex\" id=\"MathJax-Element-21\"\u003ec\u003c/script\u003e 满足 \u003cspan class=\"MathJax_Preview\" style=\"color: inherit;\"\u003e\u003cspan class=\"MJXp-math\" id=\"MJXp-Span-81\"\u003e\u003cspan class=\"MJXp-mi MJXp-italic\" id=\"MJXp-Span-82\"\u003ec\u003c/span\u003e\u003cspan class=\"MJXp-mo\" id=\"MJXp-Span-83\" style=\"margin-left: 0.267em; margin-right: 0.267em;\"\u003e×\u003c/span\u003e\u003cspan class=\"MJXp-mi MJXp-italic\" id=\"MJXp-Span-84\"\u003eb\u003c/span\u003e\u003cspan class=\"MJXp-mo\" id=\"MJXp-Span-85\" style=\"margin-left: 0.333em; margin-right: 0.333em;\"\u003e=\u003c/span\u003e\u003cspan class=\"MJXp-mi MJXp-italic\" id=\"MJXp-Span-86\"\u003ea\u003c/span\u003e\u003cspan class=\"MJXp-mtext\" id=\"MJXp-Span-87\"\u003e\u0026nbsp;mod\u0026nbsp;\u003c/span\u003e\u003cspan class=\"MJXp-mi MJXp-italic\" id=\"MJXp-Span-88\"\u003ep\u003c/span\u003e\u003c/span\u003e\u003c/span\u003e\u003cscript type=\"math/tex\" id=\"MathJax-Element-22\"\u003ec \\times b = a \\text{ mod } p\u003c/script\u003e。\u003c/p\u003e",
      "misc": ""
    },
    {
      "title": "限制与约定",
      "content": "\u003cp\u003e\u003cstrong\u003eSmall Task\u003c/strong\u003e: \u003cspan class=\"MathJax_Preview\" style=\"color: inherit;\"\u003e\u003cspan class=\"MJXp-math\" id=\"MJXp-Span-89\"\u003e\u003cspan class=\"MJXp-mi MJXp-italic\" id=\"MJXp-Span-90\"\u003en\u003c/span\u003e\u003cspan class=\"MJXp-mo\" id=\"MJXp-Span-91\" style=\"margin-left: 0.267em; margin-right: 0.267em;\"\u003e+\u003c/span\u003e\u003cspan class=\"MJXp-mi MJXp-italic\" id=\"MJXp-Span-92\"\u003em\u003c/span\u003e\u003cspan class=\"MJXp-mo\" id=\"MJXp-Span-93\" style=\"margin-left: 0.333em; margin-right: 0.333em;\"\u003e≤\u003c/span\u003e\u003cspan class=\"MJXp-mn\" id=\"MJXp-Span-94\"\u003e5\u003c/span\u003e\u003c/span\u003e\u003c/span\u003e\u003cscript type=\"math/tex\" id=\"MathJax-Element-23\"\u003en+m\\leq 5\u003c/script\u003e。\u003c/p\u003e\u003cp\u003e\u003cstrong\u003eLarge Task\u003c/strong\u003e: \u003cspan class=\"MathJax_Preview\" style=\"color: inherit;\"\u003e\u003cspan class=\"MJXp-math\" id=\"MJXp-Span-95\"\u003e\u003cspan class=\"MJXp-mi MJXp-italic\" id=\"MJXp-Span-96\"\u003en\u003c/span\u003e\u003cspan class=\"MJXp-mo\" id=\"MJXp-Span-97\" style=\"margin-left: 0em; margin-right: 0.222em;\"\u003e,\u003c/span\u003e\u003cspan class=\"MJXp-mi MJXp-italic\" id=\"MJXp-Span-98\"\u003em\u003c/span\u003e\u003cspan class=\"MJXp-mo\" id=\"MJXp-Span-99\" style=\"margin-left: 0.333em; margin-right: 0.333em;\"\u003e≤\u003c/span\u003e\u003cspan class=\"MJXp-mn\" id=\"MJXp-Span-100\"\u003e2000\u003c/span\u003e\u003c/span\u003e\u003c/span\u003e\u003cscript type=\"math/tex\" id=\"MathJax-Element-24\"\u003en,m \\leq 2000\u003c/script\u003e。\u003c/p\u003e",
      "misc": ""
    },
    {
      "title": "下载",
      "content": "\u003cp\u003e\u003ca href=\"/download.php?type=problem\u0026amp;id=522\"\u003e样例数据下载\u003c/a\u003e\u003c/p\u003e",
      "misc": ""
    }
  ],
  "samples": [
    {
      "title": "样例一",
      "input": "\u003cpre\u003e1 1 3\n\n\u003c/pre\u003e",
      "output": "\u003cpre\u003e2\n\n\u003c/pre\u003e",
      "explanation": "",
      "misc": ""
    },
    {
      "title": "样例二",
      "input": "\u003cpre\u003e1 2 5\n\n\u003c/pre\u003e",
      "output": "\u003cpre\u003e2\n\n\u003c/pre\u003e",
      "explanation": "",
      "misc": ""
    }
  ],
  "tags": [
    "UOJ",
    "美团杯2020"
  ],
  "rules": {
    "runtime": "2000000000",
    "memory": "536870912",
    "stack": "536870912",
    "source": "51200"
  },
  "meta": {
    "created": "2021-04-09T21:54:48.550010639+08:00",
    "updated": "2021-04-09T21:54:48.550010639+08:00",
    "checked": "2021-04-09T21:54:48.550010639+08:00"
  },
  "misc": ""
}
