{
  "id": "548",
  "title": "笔试",
  "type": "answer_submission",
  "sections": [
    {
      "title": "",
      "content": "\u003cp\u003e这里是NOI笔试模拟题，采用提交答案的方式提交。\u003c/p\u003e\u003cp\u003e\u003cstrong\u003e比赛时如果未得 \u003cspan class=\"MathJax_Preview\" style=\"color: inherit;\"\u003e\u003cspan class=\"MJXp-math\" id=\"MJXp-Span-1\"\u003e\u003cspan class=\"MJXp-mn\" id=\"MJXp-Span-2\"\u003e0\u003c/span\u003e\u003c/span\u003e\u003c/span\u003e\u003cscript type=\"math/tex\" id=\"MathJax-Element-1\"\u003e0\u003c/script\u003e 分则显示的分数即为满分。\u003c/strong\u003e\u003c/p\u003e\u003cp\u003e题目可以下载，也可以直接阅读下面的题面。\u003c/p\u003e\u003cp\u003e作答方式是提交一个答案文件，包含\u003cspan class=\"MathJax_Preview\" style=\"color: inherit;\"\u003e\u003cspan class=\"MJXp-math\" id=\"MJXp-Span-3\"\u003e\u003cspan class=\"MJXp-mn\" id=\"MJXp-Span-4\"\u003e51\u003c/span\u003e\u003c/span\u003e\u003c/span\u003e\u003cscript type=\"math/tex\" id=\"MathJax-Element-2\"\u003e51\u003c/script\u003e行，每行包含选择的序号。\u003c/p\u003e\u003cp\u003e\u003cspan class=\"MathJax_Preview\" style=\"color: inherit;\"\u003e\u003cspan class=\"MJXp-math\" id=\"MJXp-Span-5\"\u003e\u003cspan class=\"MJXp-mn\" id=\"MJXp-Span-6\"\u003e1\u003c/span\u003e\u003cspan class=\"MJXp-mo\" id=\"MJXp-Span-7\" style=\"margin-left: 0.333em; margin-right: 0.333em;\"\u003e∼\u003c/span\u003e\u003cspan class=\"MJXp-mn\" id=\"MJXp-Span-8\"\u003e40\u003c/span\u003e\u003c/span\u003e\u003c/span\u003e\u003cscript type=\"math/tex\" id=\"MathJax-Element-3\"\u003e1 \\sim 40\u003c/script\u003e和\u003cspan class=\"MathJax_Preview\" style=\"color: inherit;\"\u003e\u003cspan class=\"MJXp-math\" id=\"MJXp-Span-9\"\u003e\u003cspan class=\"MJXp-mn\" id=\"MJXp-Span-10\"\u003e51\u003c/span\u003e\u003c/span\u003e\u003c/span\u003e\u003cscript type=\"math/tex\" id=\"MathJax-Element-4\"\u003e51\u003c/script\u003e是单选题，\u003cspan class=\"MathJax_Preview\" style=\"color: inherit;\"\u003e\u003cspan class=\"MJXp-math\" id=\"MJXp-Span-11\"\u003e\u003cspan class=\"MJXp-mn\" id=\"MJXp-Span-12\"\u003e41\u003c/span\u003e\u003cspan class=\"MJXp-mo\" id=\"MJXp-Span-13\" style=\"margin-left: 0.333em; margin-right: 0.333em;\"\u003e∼\u003c/span\u003e\u003cspan class=\"MJXp-mn\" id=\"MJXp-Span-14\"\u003e50\u003c/span\u003e\u003c/span\u003e\u003c/span\u003e\u003cscript type=\"math/tex\" id=\"MathJax-Element-5\"\u003e41 \\sim 50\u003c/script\u003e是多选题，每道题的答案是一个由大写字母组成的无重复字符串，字母按照升序排列，表示你的选项。\u003c/p\u003e\u003cp\u003e评分方式，初始时你的得分为\u003cspan class=\"MathJax_Preview\" style=\"color: inherit;\"\u003e\u003cspan class=\"MJXp-math\" id=\"MJXp-Span-15\"\u003e\u003cspan class=\"MJXp-mn\" id=\"MJXp-Span-16\"\u003e100\u003c/span\u003e\u003c/span\u003e\u003c/span\u003e\u003cscript type=\"math/tex\" id=\"MathJax-Element-6\"\u003e100\u003c/script\u003e分，将比较\u003cspan class=\"MathJax_Preview\" style=\"color: inherit;\"\u003e\u003cspan class=\"MJXp-math\" id=\"MJXp-Span-17\"\u003e\u003cspan class=\"MJXp-mn\" id=\"MJXp-Span-18\"\u003e1\u003c/span\u003e\u003cspan class=\"MJXp-mo\" id=\"MJXp-Span-19\" style=\"margin-left: 0.333em; margin-right: 0.333em;\"\u003e∼\u003c/span\u003e\u003cspan class=\"MJXp-mn\" id=\"MJXp-Span-20\"\u003e50\u003c/span\u003e\u003c/span\u003e\u003c/span\u003e\u003cscript type=\"math/tex\" id=\"MathJax-Element-7\"\u003e1 \\sim 50\u003c/script\u003e题你的答案和标准答案，若不一样则扣一分。\u003cstrong\u003e注意：第\u003cspan class=\"MathJax_Preview\" style=\"color: inherit;\"\u003e\u003cspan class=\"MJXp-math\" id=\"MJXp-Span-21\"\u003e\u003cspan class=\"MJXp-mn\" id=\"MJXp-Span-22\"\u003e51\u003c/span\u003e\u003c/span\u003e\u003c/span\u003e\u003cscript type=\"math/tex\" id=\"MathJax-Element-8\"\u003e51\u003c/script\u003e题不计入最后得分\u003c/strong\u003e。\u003c/p\u003e\u003cp\u003e\u003cstrong\u003e请注意对每一行，即使不会做这道题，也请输出一个非空的由大写字母组成的字符串，否则会造成评分时题号错位。\u003c/strong\u003e\u003c/p\u003e\u003cp\u003e例如如下题目：\u003c/p\u003e\u003cpre\u003e\u003ccode\u003e1. UOJ的全称是什么？\n\nA. Universal Online Judge\n\nB. VFleaKing Online Judge\n\nC. UfO Joke\n\n2. 下列哪些是UOJ Round的题？\n\nA. 斗地主\n\nB. 跳蚤国王下江南\n\nC. NOIP十合一\n\nD. 人类补完计划\n\nE. 票数统计\u003c/code\u003e\u003c/pre\u003e\u003cp\u003e提交的答案文件应是：\u003c/p\u003e\u003cpre\u003e\u003ccode\u003eA\nBDE\u003c/code\u003e\u003c/pre\u003e\u003cp\u003e以下是笔试题\u003c/p\u003e\u003cp\u003e\u003ca href=\"/download.php?type=problem\u0026amp;id=548\"\u003e笔试题下载\u003c/a\u003e\u003c/p\u003e\u003cpre\u003e\n1.Linux 系统中可以查看隐藏文件的命令是：\n\nA.ls -a\n\nB.ls -d\n\nC.ls -g\n\nD.lp -a\n\n2.Linux 系统中杀掉名为 test 的后台进程的命令是：\n\nA.kill test\n\nB.killall test\n\nC.killail test\n\nD.rm -rf test\n\n3.在 Linux 中删除当前目录下的 test 目录的命令是：\n\nA.kill test\n\nB.rm -r test\n\nC.rm -m test\n\nD.ren test\n\n4.Linux 系统中，测量当前目录下程序test 运行时间的命令是：\n\nA.clock test\n\nB.clock ./test\n\nC.time test\n\nD.time ./test \n\n5. vim 编辑器中，定位到文件中第 12 行应当输入_______。\n\nA. ?12\n\nB. /12\n\nC. :12\n\nD. :/12\n\n6. vim 编辑器中，在文件中查找字符串“12”应当输入_______。\n\nA. ::12\n\nB. ?12\n\nC. /12\n\nD. :/12\n\n7.使用 g++ 编译 C++ 程序时，只编译生成目标文件的命令行选项是_______。\n\nA. -g\n\nB. -o\n\nC. -lm\n\nD. -c\n\n8.在 NOI Linux 中，从字符控制台切换回桌面环境使用的快捷键是_______。\n\nA. Ctrl+Alt+Shift\n\nB. Ctrl+Alt+F6\n\nC. Ctrl+Alt+F7\n\nD. Ctrl+Shift+F7\n\n9.在 Linux 中查看当前系统中的进程，使用的命令是_______。\n\nA. ps\n\nB. cd\n\nC. ls\n\nD. mv\n\n10.在 Linux 中查看进程的 CPU 利用率，使用的命令是_______。\n\nA. ps\n\nB. cd\n\nC. ls\n\nD. mv\n\n11. 当如果自己的程序进入死循环，应当如何终止？ \n\nA. Ctrl-C\n\nB. 关机\n\nC. killall \u0026lt;程序名\u0026gt;\n\nD. shutdown -s -t\n\n12. vim 编辑器中，强制退出不保存修改应当输入\n\nA. :!\n\nB. :w!\n\nC. :q!\n\nD. :q\n\n13.当前目录中有如下文件：\n\n-rw-r--r-- 1 user None 8.7K  Aug 17  19:26 a.out \n-rw-r--r-- 1 user None 93   Aug 17  19:26 a\n-rwx------ 1 user None 144      Aug 17  19:26 a.cpp \n\n其中，  可以执行的文件是：\n\nA. a.out\n\nB. a\n\nC. a.cpp\n\nD.以上文件均不可执行。\n\n14.评测系统中对程序源文件大小的限制是：\n\nA.小于 64KB \n\nB.小于 100KB \n\nC.小于 256KB \n\nD.以硬件资源为限。\n\n15.如无另行说明，评测系统中对程序使用内存的限制是：\n\nA.1GB。\n\nB.2GB。\n\nC.512MB。\n\nD.以硬件资源为限。\n\n16.为源代码文件my.cpp创建一个备份 mycpp.bak 时，使用的命令是：\n\nA.cp my.cpp mycpp.bak\n\nB.ls my.cpp mycpp.bak\n\nC.mv my.cpp mycpp.bak\n\nD.rm my.cpp mycpp.bak\n\n17. Linux 系统中，将当前目录下的文件名打印到 tmp 文件中的命令是：\n\nA. cd \u0026gt;tmp\n\nB. pwd \u0026gt;tmp \n\nC. ls \u0026gt;tmp \n\nD. rs \u0026gt;tmp\n\n18. 目录DIRECT 和目录 Direct 在 Linux 系统中被认为是\n\nA. 不同的目录\n\nB. 相同的目录 \n\nC. 同名的目录 \n\nD. 只有大小写不同的目录\n\n19.选手答案文件保存的目录是：\n\nA.选手目录下以选手编号命名的文件夹下和考题名称符合的目录\n\nB.选手目录下和考题名称符合的目录\n\nC.桌面下考题名称符合的目录\n\nD.桌面\n\n20. 考试结束后，应如何处理密码条:_______。\n\nA. 带回家里，留作纪念。\n\nB. 保存好密码条，用于复测。\n\nC. 折纸飞机，放飞梦想。\n\nD. 及时销毁，避免泄密。\n\n21.测试点时间限制的含义是指：\n\nA.题目允许程序编译所占用的用户时间总和的上限值\n\nB.题目允许程序编译所占用的系统时间总和的上限值\n\nC.题目允许程序运行所占用的系统时间总和的上限值\n\nD.题目允许程序运行所占用的用户时间总和的上限值\n\n22.水喝完了，如何处理：\n\nA.走出考场打水.\n\nB.向隔壁的选手要水。\n\nC.举手向监考人员再要一瓶\n\nD.从书包里拿一瓶\n\n23.选手答案的文件名要求是：\n\nA.和试卷的题目描述中所示文件名一致\n\nB.和试卷的题目摘要中所示文件名一致\n\nC.和选手目录下的下发文件中所示文件名一致\n\nD.和我想的文件名一致\n\n24.考试结束后选手需要：\n\nA.和同学大声交谈。\n\nB.修改自己的源代码。\n\nC.迅速离开。\n\nD.在座位上回忆OI生涯。\n\n25.在NOI考试中，C++源文件的扩展名规定为：\n\nA.c\n\nB.pas\n\nC.py\n\nD.cpp\n\n26.在 NOI 上机考试中，允许选手使用的编程语言包括：\n\nA.Python\n\nB.C\n\nC.Pascal\n\nD.C++\n\n27.目前微型计算机中采用的逻辑组件是:\n\nA.大规模和超大规模集成电路。\n\nB.中小规模集成电路。\n\nC.电子管电路。\n\nD.晶体管电路。\n\n28.ASCII 的含义是:\n\nA.美国信息交换标准代码\n\nB.澳大利亚信息交换标准代码\n\nC.美国字符标准交换代码\n\nD.美国字符串标准交换代码\n\n29.Linux 中查看当前路径使用的命令是\n\nA.ps\n\nB.ls\n\nC.mv\n\nD.pwd\n\n30.在 Linux 下建立目录使用的命令是\n\nA.dir\n\nB.pwd\n\nC.mkdir \n\nD.new\n\n31.NOI 比赛中提供的 C++ IDE 环境除了 GUIDE 之外，还有\n\nA.Lazarus\n\nB.Dev-cpp\n\nC.Anjuta\n\nD.sublime\n\n32. 以修改过的程序或答案为依据的申诉是否会被受理：\n\nA. 会\n\nB. 不会\n\n33. 选手程序在某测试点上的运行时间仅比时限多 0.005 秒，算不算超时？ \n\nA. 算\n\nB. 不算\n\n34.考试太简单AK了，能提前离开吗? \n\nA.能\n\nB.不能\n\n35.选手可以不使用集成开发环境（IDE）编辑程序源代码吗？\n\nA.可以\n\nB.不可以\n\n36.选手回答填空题，提交的答案中可以包含引号吗？\n\nA.可以\n\nB.不可以\n\n37.NOI 考试对 C++ 语言标准模板库的使用有限制吗？\n\nA.有\n\nB.没有\n\n38.离开考场后，发现还有个问题没改，能回去再改吗? \n\nA.能\n\nB.不能\n\n39.现代计算机所应用的存储程序原理是_________提出的。\n\nA.冯·诺依曼\n\nB.阿兰·图灵\n\nC.葛立恒\n\nD.Vfleaking\n\n\n40. 在计算机术语中经常用 RAM 表示 ______。\n\nA. 只读内存镜像 \n\nB. 随机存取存储器\n\nC. 中央处理器 \n\nD. 控制器\n\n41.  NOI比赛的题目类型有 ______。 \n\nA. 人类智慧题 \n\nB. 答案提交题 \n\nC. 非交互式程序题\n\nD. 交互式程序题 \n\nE. 通信式程序题\n\n42.在 NOI 比赛中  ，编辑源代码除了可以用 GUIDE、Lazarus、Anjuta 等集成开发环境（IDE）  之外，还可以使用\n\nA.Dev_cpp\n\nB.vi\n\nC.sublime\n\nD.gedit\n\n43.遇到下列哪些情况可以向工作人员申请加时补偿：\n\nA.计算机硬件故障\n\nB.一脚踢掉了电源线\n\nC.还有1分钟就能调完第三题的100分程序。\n\nD.操作系统死机。\n\n44. vim 编辑器中，强制退出并保存修改应当输入：\n\nA. :wq\n\nB. ggdG:wq\n\nC. :x\n\nD. :q! \n\nE. ZZ\n\n45. 选手提交的程序不得进行的操作包括______。\n\nA. 运行其他程序\n\nB. 试图访问网络\n\nC. 打开或创建题目规定的输入/输出文件之外的其他文件\n\nD. 使用fork或其他线程/进程生成函数\n\n46. NOI 比赛中，选手的哪些行为是禁止的？\n\nA. 在监考人员宣布 NOI 机试开始之前翻看试题\n\nB. 在监考人员宣布 NOI 机试开始之前登陆系统\n\nC. 在监考人员宣布 NOI 机试开始之前触摸键盘、鼠标等外设\n\nD. 使用网络。\n\n47. 竞赛组织者将在竞赛场地为选手提供的物品是______。\n\nA. 草稿纸\n\nB. 饮用水\n\nC. 密码条\n\nD. 食品 \n\nE. 餐巾纸\n\n48. 调试程序的方法有______。\n\nA. 佛系调题法 \n\nB. 放弃法 \n\nC. 读源代码\n\nD. 使用 print 类语句打印中间结果\n\nE. 交暴力 \n\nF. 单步调试\n\n49. 选手进入考场可以携带的物品是______。\n\nA. 笔记\n\nB. 手表\n\nC. 纸\n\nD. 密码条\n\nE. U盘 \n\nF. 佛经\n\n50. 选手比赛中提交的有效文件类型有______。\n\nA. 可执行文件 \n\nB. 源程序\n\nC. 答案文件 \n\nD. 评测结果 \n\n51. 答题环节已经结束，现在你可以猜测你的笔试得分了。你的得分为___________。\n\nA. 100\n\nB. 99\n\nC. 98\n\nD. 97\n\nE. 96\n\nF. 95\n\nG. 94\n\nH. 93\n\nI. 92\n\nJ. 91\n\nK. 90\n\nL. 51 ~ 89\n\nM. 1 ~ 50\n\nN. 0\n\n\u003c/pre\u003e",
      "misc": ""
    }
  ],
  "samples": [],
  "tags": [
    "UOJ",
    "UNR #4"
  ],
  "rules": {
    "runtime": "0",
    "memory": "0",
    "stack": "0",
    "source": "51200"
  },
  "meta": {
    "created": "2021-04-09T21:55:35.273998747+08:00",
    "updated": "2021-04-09T21:55:35.273998747+08:00",
    "checked": "2021-04-09T21:55:35.273998747+08:00"
  },
  "misc": ""
}
