{
  "id": "562",
  "title": "超现实树",
  "type": "traditional",
  "sections": [
    {
      "title": "",
      "content": "\u003cp\u003e下课铃声响起，机房里的两位女生从座位上站起来。(下面用 \u003cstrong\u003eX1\u003c/strong\u003e，\u003cstrong\u003eX2\u003c/strong\u003e 代指两人)\u003c/p\u003e\u003cp\u003e\u003cstrong\u003eX2：\u003c/strong\u003e省选前的集训真难熬啊……听课、考试、讲评、补题 —— 对于现在的我来说，即使在梦里想到一道数据结构题，也会不由自主地开始思考吧。\u003c/p\u003e\u003cp\u003e\u003cstrong\u003eX1：\u003c/strong\u003e重复训练对我来说似乎并不是什么负担，但我确实感觉到解决题目带来的愉悦感在最近逐渐减弱了。也许我们需要一些精神上的“刺激”：一些不拘泥于繁复技术的智力游戏，来让我们找回对于数学和算法的兴趣。\u003c/p\u003e\u003cp\u003e\u003cstrong\u003eX2：\u003c/strong\u003e咦，我好像收到了一封用英文写的短信，似乎是……数学书上的一些片段。\u003c/p\u003e",
      "misc": ""
    },
    {
      "title": "题目描述",
      "content": "\u003cp\u003e\u003cstrong\u003eX1：\u003c/strong\u003e我来翻译一下短信的内容。\u003c/p\u003e\u003cblockquote\u003e\n\u003cp\u003e\u003cstrong\u003e定义：\u003c/strong\u003e本文所述的树是归纳定义的：单独的结点构成一棵树，以一棵树作为左（或右）孩子可以构成一棵树，以两棵树分别作为左、右孩子也可以构成一棵树。仅由以上规则用有限步生成的所有结构被称为树。\u003c/p\u003e\n\u003c/blockquote\u003e\u003cp\u003e\u003cstrong\u003eX2：\u003c/strong\u003e也就是说,这里所说的树是指\u003cstrong\u003e非空、有根、区分左右孩子的二叉\u003c/strong\u003e树。\u003c/p\u003e\u003cp\u003e\u003cstrong\u003eX1：\u003c/strong\u003e的确如此。接下来书上定义了两棵树的同构。\u003c/p\u003e\u003cblockquote\u003e\n\u003cp\u003e\u003cstrong\u003e定义：\u003c/strong\u003e称两棵树 \u003cspan class=\"MathJax_Preview\" style=\"color: inherit;\"\u003e\u003cspan class=\"MJXp-math\" id=\"MJXp-Span-1\"\u003e\u003cspan class=\"MJXp-mi MJXp-italic\" id=\"MJXp-Span-2\"\u003eT\u003c/span\u003e\u003cspan class=\"MJXp-mo\" id=\"MJXp-Span-3\" style=\"margin-left: 0em; margin-right: 0.222em;\"\u003e,\u003c/span\u003e\u003cspan class=\"MJXp-msup\" id=\"MJXp-Span-4\"\u003e\u003cspan class=\"MJXp-mi MJXp-italic\" id=\"MJXp-Span-5\" style=\"margin-right: 0.05em;\"\u003eT\u003c/span\u003e\u003cspan class=\"MJXp-mo MJXp-script\" id=\"MJXp-Span-6\" style=\"vertical-align: 0.5em;\"\u003e′\u003c/span\u003e\u003c/span\u003e\u003c/span\u003e\u003c/span\u003e\u003cscript type=\"math/tex\" id=\"MathJax-Element-1\"\u003eT, T'\u003c/script\u003e 同构，记作 \u003cspan class=\"MathJax_Preview\" style=\"color: inherit;\"\u003e\u003cspan class=\"MJXp-math\" id=\"MJXp-Span-7\"\u003e\u003cspan class=\"MJXp-mi MJXp-italic\" id=\"MJXp-Span-8\"\u003eT\u003c/span\u003e\u003cspan class=\"MJXp-mo\" id=\"MJXp-Span-9\" style=\"margin-left: 0.333em; margin-right: 0.333em;\"\u003e≡\u003c/span\u003e\u003cspan class=\"MJXp-msup\" id=\"MJXp-Span-10\"\u003e\u003cspan class=\"MJXp-mi MJXp-italic\" id=\"MJXp-Span-11\" style=\"margin-right: 0.05em;\"\u003eT\u003c/span\u003e\u003cspan class=\"MJXp-mo MJXp-script\" id=\"MJXp-Span-12\" style=\"vertical-align: 0.5em;\"\u003e′\u003c/span\u003e\u003c/span\u003e\u003c/span\u003e\u003c/span\u003e\u003cscript type=\"math/tex\" id=\"MathJax-Element-2\"\u003eT \\equiv T'\u003c/script\u003e，由以下四条规则定义：\u003c/p\u003e\n\u003col\u003e\u003cli\u003e由单独结点构成的树是彼此同构的；\u003c/li\u003e\n\u003cli\u003e如果两棵树的根结点均只有左子树，并且它们的左子树同构，那么这两棵树是同构的；\u003c/li\u003e\n\u003cli\u003e如果两棵树的根结点均只有右子树，并且它们的右子树同构，那么这两棵树是同构的；\u003c/li\u003e\n\u003cli\u003e如果两棵树的根结点均有左、右子树，并且它们的左、右子树分别对应同构，那么这两棵树是同构的。\u003c/li\u003e\n\u003c/ol\u003e\u003cp\u003e很明显,同构关系构成了所有树上的一个等价关系。为了方便,我们将同构的树看作相同的树。\u003c/p\u003e\n\u003c/blockquote\u003e\u003cp\u003e\u003cstrong\u003eX2：\u003c/strong\u003e将同构的树看成相同的树就是说树的结点是彼此相同的。简单地说，两棵树同构当且仅当\u003cstrong\u003e他们在结点无标号、区分左右孩子的意义下相同\u003c/strong\u003e；我们说两棵树不同，当且仅当它们不同构。\u003c/p\u003e\u003cp\u003e\u003cstrong\u003eX1：\u003c/strong\u003e书里还定义了树的\u003cstrong\u003e叶子\u003c/strong\u003e：和通常的定义一样，叶子指\u003cstrong\u003e没有任何孩子的结点\u003c/strong\u003e。\u003c/p\u003e\u003cp\u003e\u003cstrong\u003eX2：\u003c/strong\u003e这和我们熟悉的定义完全一致。嘛，数学家真是有点啰嗦……恐怕只有 \u003cstrong\u003eX3\u003c/strong\u003e 那种家伙会喜欢这种做派吧。\u003c/p\u003e\u003cp\u003e\u003cstrong\u003eX1：\u003c/strong\u003e我倒是对此不太反感——比起基于经验的“直觉”，准确的定义和严谨的证明还是更加让人安心。你看，下一个定义就没有那么直观了。\u003c/p\u003e\u003cblockquote\u003e\n\u003cp\u003e\u003cstrong\u003e定义：\u003c/strong\u003e称一棵树 \u003cspan class=\"MathJax_Preview\" style=\"color: inherit;\"\u003e\u003cspan class=\"MJXp-math\" id=\"MJXp-Span-13\"\u003e\u003cspan class=\"MJXp-mi MJXp-italic\" id=\"MJXp-Span-14\"\u003eT\u003c/span\u003e\u003c/span\u003e\u003c/span\u003e\u003cscript type=\"math/tex\" id=\"MathJax-Element-3\"\u003eT\u003c/script\u003e \u003cstrong\u003e单步替换\u003c/strong\u003e成为 \u003cspan class=\"MathJax_Preview\" style=\"color: inherit;\"\u003e\u003cspan class=\"MJXp-math\" id=\"MJXp-Span-15\"\u003e\u003cspan class=\"MJXp-msup\" id=\"MJXp-Span-16\"\u003e\u003cspan class=\"MJXp-mi MJXp-italic\" id=\"MJXp-Span-17\" style=\"margin-right: 0.05em;\"\u003eT\u003c/span\u003e\u003cspan class=\"MJXp-mo MJXp-script\" id=\"MJXp-Span-18\" style=\"vertical-align: 0.5em;\"\u003e′\u003c/span\u003e\u003c/span\u003e\u003c/span\u003e\u003c/span\u003e\u003cscript type=\"math/tex\" id=\"MathJax-Element-4\"\u003eT'\u003c/script\u003e，如果将 \u003cspan class=\"MathJax_Preview\" style=\"color: inherit;\"\u003e\u003cspan class=\"MJXp-math\" id=\"MJXp-Span-19\"\u003e\u003cspan class=\"MJXp-mi MJXp-italic\" id=\"MJXp-Span-20\"\u003eT\u003c/span\u003e\u003c/span\u003e\u003c/span\u003e\u003cscript type=\"math/tex\" id=\"MathJax-Element-5\"\u003eT\u003c/script\u003e 的某一\u003cstrong\u003e叶子结点\u003c/strong\u003e替换为另一棵树 \u003cspan class=\"MathJax_Preview\" style=\"color: inherit;\"\u003e\u003cspan class=\"MJXp-math\" id=\"MJXp-Span-25\"\u003e\u003cspan class=\"MJXp-msup\" id=\"MJXp-Span-26\"\u003e\u003cspan class=\"MJXp-mi MJXp-italic\" id=\"MJXp-Span-27\" style=\"margin-right: 0.05em;\"\u003eT\u003c/span\u003e\u003cspan class=\"MJXp-mo MJXp-script\" id=\"MJXp-Span-28\" style=\"vertical-align: 0.5em;\"\u003e″\u003c/span\u003e\u003c/span\u003e\u003c/span\u003e\u003c/span\u003e\u003cscript type=\"math/tex\" id=\"MathJax-Element-6\"\u003eT''\u003c/script\u003e 得到的树与 \u003cspan class=\"MathJax_Preview\" style=\"color: inherit;\"\u003e\u003cspan class=\"MJXp-math\" id=\"MJXp-Span-29\"\u003e\u003cspan class=\"MJXp-msup\" id=\"MJXp-Span-30\"\u003e\u003cspan class=\"MJXp-mi MJXp-italic\" id=\"MJXp-Span-31\" style=\"margin-right: 0.05em;\"\u003eT\u003c/span\u003e\u003cspan class=\"MJXp-mo MJXp-script\" id=\"MJXp-Span-32\" style=\"vertical-align: 0.5em;\"\u003e′\u003c/span\u003e\u003c/span\u003e\u003c/span\u003e\u003c/span\u003e\u003cscript type=\"math/tex\" id=\"MathJax-Element-7\"\u003eT'\u003c/script\u003e 同构，记做 \u003cspan class=\"MathJax_Preview\" style=\"color: inherit;\"\u003e\u003cspan class=\"MJXp-math\" id=\"MJXp-Span-33\"\u003e\u003cspan class=\"MJXp-mi MJXp-italic\" id=\"MJXp-Span-34\"\u003eT\u003c/span\u003e\u003cspan class=\"MJXp-mo\" id=\"MJXp-Span-35\" style=\"margin-left: 0.333em; margin-right: 0.333em;\"\u003e→\u003c/span\u003e\u003cspan class=\"MJXp-msup\" id=\"MJXp-Span-36\"\u003e\u003cspan class=\"MJXp-mi MJXp-italic\" id=\"MJXp-Span-37\" style=\"margin-right: 0.05em;\"\u003eT\u003c/span\u003e\u003cspan class=\"MJXp-mo MJXp-script\" id=\"MJXp-Span-38\" style=\"vertical-align: 0.5em;\"\u003e′\u003c/span\u003e\u003c/span\u003e\u003c/span\u003e\u003c/span\u003e\u003cscript type=\"math/tex\" id=\"MathJax-Element-8\"\u003eT \\to T'\u003c/script\u003e；称一棵树 \u003cspan class=\"MathJax_Preview\" style=\"color: inherit;\"\u003e\u003cspan class=\"MJXp-math\" id=\"MJXp-Span-39\"\u003e\u003cspan class=\"MJXp-mi MJXp-italic\" id=\"MJXp-Span-40\"\u003eT\u003c/span\u003e\u003c/span\u003e\u003c/span\u003e\u003cscript type=\"math/tex\" id=\"MathJax-Element-9\"\u003eT\u003c/script\u003e \u003cstrong\u003e替换\u003c/strong\u003e成为 \u003cspan class=\"MathJax_Preview\" style=\"color: inherit;\"\u003e\u003cspan class=\"MJXp-math\" id=\"MJXp-Span-41\"\u003e\u003cspan class=\"MJXp-msup\" id=\"MJXp-Span-42\"\u003e\u003cspan class=\"MJXp-mi MJXp-italic\" id=\"MJXp-Span-43\" style=\"margin-right: 0.05em;\"\u003eT\u003c/span\u003e\u003cspan class=\"MJXp-mo MJXp-script\" id=\"MJXp-Span-44\" style=\"vertical-align: 0.5em;\"\u003e′\u003c/span\u003e\u003c/span\u003e\u003c/span\u003e\u003c/span\u003e\u003cscript type=\"math/tex\" id=\"MathJax-Element-10\"\u003eT'\u003c/script\u003e，记做 \u003cspan class=\"MathJax_Preview\" style=\"color: inherit;\"\u003e\u003cspan class=\"MJXp-math\" id=\"MJXp-Span-45\"\u003e\u003cspan class=\"MJXp-mi MJXp-italic\" id=\"MJXp-Span-46\"\u003eT\u003c/span\u003e\u003cspan class=\"MJXp-msubsup\" id=\"MJXp-Span-47\"\u003e\u003cspan class=\"MJXp-mo\" id=\"MJXp-Span-48\" style=\"margin-left: 0.333em; margin-right: 0.05em;\"\u003e→\u003c/span\u003e\u003cspan class=\"MJXp-mrow MJXp-script\" id=\"MJXp-Span-49\" style=\"vertical-align: 0.5em;\"\u003e\u003cspan class=\"MJXp-mo\" id=\"MJXp-Span-50\"\u003e⋆\u003c/span\u003e\u003c/span\u003e\u003c/span\u003e\u003cspan class=\"MJXp-msup\" id=\"MJXp-Span-51\"\u003e\u003cspan class=\"MJXp-mi MJXp-italic\" id=\"MJXp-Span-52\" style=\"margin-right: 0.05em;\"\u003eT\u003c/span\u003e\u003cspan class=\"MJXp-mo MJXp-script\" id=\"MJXp-Span-53\" style=\"vertical-align: 0.5em;\"\u003e′\u003c/span\u003e\u003c/span\u003e\u003c/span\u003e\u003c/span\u003e\u003cscript type=\"math/tex\" id=\"MathJax-Element-11\"\u003eT \\to^{\\star} T'\u003c/script\u003e，如果存在自然数 \u003cspan class=\"MathJax_Preview\" style=\"color: inherit;\"\u003e\u003cspan class=\"MJXp-math\" id=\"MJXp-Span-54\"\u003e\u003cspan class=\"MJXp-mi MJXp-italic\" id=\"MJXp-Span-55\"\u003en\u003c/span\u003e\u003cspan class=\"MJXp-mo\" id=\"MJXp-Span-56\" style=\"margin-left: 0.333em; margin-right: 0.333em;\"\u003e≥\u003c/span\u003e\u003cspan class=\"MJXp-mn\" id=\"MJXp-Span-57\"\u003e1\u003c/span\u003e\u003c/span\u003e\u003c/span\u003e\u003cscript type=\"math/tex\" id=\"MathJax-Element-12\"\u003en \\ge 1\u003c/script\u003e 和树 \u003cspan class=\"MathJax_Preview\" style=\"color: inherit;\"\u003e\u003cspan class=\"MJXp-math\" id=\"MJXp-Span-58\"\u003e\u003cspan class=\"MJXp-msubsup\" id=\"MJXp-Span-59\"\u003e\u003cspan class=\"MJXp-mi MJXp-italic\" id=\"MJXp-Span-60\" style=\"margin-right: 0.05em;\"\u003eT\u003c/span\u003e\u003cspan class=\"MJXp-mn MJXp-script\" id=\"MJXp-Span-61\" style=\"vertical-align: -0.4em;\"\u003e1\u003c/span\u003e\u003c/span\u003e\u003cspan class=\"MJXp-mo\" id=\"MJXp-Span-62\" style=\"margin-left: 0em; margin-right: 0.222em;\"\u003e,\u003c/span\u003e\u003cspan class=\"MJXp-msubsup\" id=\"MJXp-Span-63\"\u003e\u003cspan class=\"MJXp-mi MJXp-italic\" id=\"MJXp-Span-64\" style=\"margin-right: 0.05em;\"\u003eT\u003c/span\u003e\u003cspan class=\"MJXp-mn MJXp-script\" id=\"MJXp-Span-65\" style=\"vertical-align: -0.4em;\"\u003e2\u003c/span\u003e\u003c/span\u003e\u003cspan class=\"MJXp-mo\" id=\"MJXp-Span-66\" style=\"margin-left: 0em; margin-right: 0.222em;\"\u003e,\u003c/span\u003e\u003cspan class=\"MJXp-mo\" id=\"MJXp-Span-67\" style=\"margin-left: 0em; margin-right: 0em;\"\u003e…\u003c/span\u003e\u003cspan class=\"MJXp-mo\" id=\"MJXp-Span-68\" style=\"margin-left: 0em; margin-right: 0.222em;\"\u003e,\u003c/span\u003e\u003cspan class=\"MJXp-msubsup\" id=\"MJXp-Span-69\"\u003e\u003cspan class=\"MJXp-mi MJXp-italic\" id=\"MJXp-Span-70\" style=\"margin-right: 0.05em;\"\u003eT\u003c/span\u003e\u003cspan class=\"MJXp-mi MJXp-italic MJXp-script\" id=\"MJXp-Span-71\" style=\"vertical-align: -0.4em;\"\u003en\u003c/span\u003e\u003c/span\u003e\u003c/span\u003e\u003c/span\u003e\u003cscript type=\"math/tex\" id=\"MathJax-Element-13\"\u003eT_1, T_2, \\dots, T_n\u003c/script\u003e，使得 \u003cspan class=\"MathJax_Preview\" style=\"color: inherit;\"\u003e\u003cspan class=\"MJXp-math\" id=\"MJXp-Span-72\"\u003e\u003cspan class=\"MJXp-mi MJXp-italic\" id=\"MJXp-Span-73\"\u003eT\u003c/span\u003e\u003cspan class=\"MJXp-mo\" id=\"MJXp-Span-74\" style=\"margin-left: 0.333em; margin-right: 0.333em;\"\u003e≡\u003c/span\u003e\u003cspan class=\"MJXp-msubsup\" id=\"MJXp-Span-75\"\u003e\u003cspan class=\"MJXp-mi MJXp-italic\" id=\"MJXp-Span-76\" style=\"margin-right: 0.05em;\"\u003eT\u003c/span\u003e\u003cspan class=\"MJXp-mn MJXp-script\" id=\"MJXp-Span-77\" style=\"vertical-align: -0.4em;\"\u003e1\u003c/span\u003e\u003c/span\u003e\u003cspan class=\"MJXp-mo\" id=\"MJXp-Span-78\" style=\"margin-left: 0.333em; margin-right: 0.333em;\"\u003e→\u003c/span\u003e\u003cspan class=\"MJXp-msubsup\" id=\"MJXp-Span-79\"\u003e\u003cspan class=\"MJXp-mi MJXp-italic\" id=\"MJXp-Span-80\" style=\"margin-right: 0.05em;\"\u003eT\u003c/span\u003e\u003cspan class=\"MJXp-mn MJXp-script\" id=\"MJXp-Span-81\" style=\"vertical-align: -0.4em;\"\u003e2\u003c/span\u003e\u003c/span\u003e\u003cspan class=\"MJXp-mo\" id=\"MJXp-Span-82\" style=\"margin-left: 0.333em; margin-right: 0.333em;\"\u003e→\u003c/span\u003e\u003cspan class=\"MJXp-mo\" id=\"MJXp-Span-83\" style=\"margin-left: 0em; margin-right: 0em;\"\u003e⋯\u003c/span\u003e\u003cspan class=\"MJXp-msubsup\" id=\"MJXp-Span-84\"\u003e\u003cspan class=\"MJXp-mi MJXp-italic\" id=\"MJXp-Span-85\" style=\"margin-right: 0.05em;\"\u003eT\u003c/span\u003e\u003cspan class=\"MJXp-mi MJXp-italic MJXp-script\" id=\"MJXp-Span-86\" style=\"vertical-align: -0.4em;\"\u003en\u003c/span\u003e\u003c/span\u003e\u003cspan class=\"MJXp-mo\" id=\"MJXp-Span-87\" style=\"margin-left: 0.333em; margin-right: 0.333em;\"\u003e≡\u003c/span\u003e\u003cspan class=\"MJXp-msup\" id=\"MJXp-Span-88\"\u003e\u003cspan class=\"MJXp-mi MJXp-italic\" id=\"MJXp-Span-89\" style=\"margin-right: 0.05em;\"\u003eT\u003c/span\u003e\u003cspan class=\"MJXp-mo MJXp-script\" id=\"MJXp-Span-90\" style=\"vertical-align: 0.5em;\"\u003e′\u003c/span\u003e\u003c/span\u003e\u003c/span\u003e\u003c/span\u003e\u003cscript type=\"math/tex\" id=\"MathJax-Element-14\"\u003eT \\equiv T_1 \\to T_2 \\to \\cdots T_n \\equiv T'\u003c/script\u003e。\u003c/p\u003e\n\u003c/blockquote\u003e\u003cp\u003e\u003cstrong\u003eX2：\u003c/strong\u003e我来想想……所谓替换，就是删掉某个叶子结点并在对应的位置放入另一棵树，就像那个叶子结点“长出了”一个更大的子树一样；一棵树替换成为另一棵树，说明它可以经由\u003cstrong\u003e零次、一次或多次\u003c/strong\u003e单步替换得到那棵树。哦……我明白了！举例来说，任何一棵树都可以替换成它本身，换言之对于树 \u003cspan class=\"MathJax_Preview\" style=\"color: inherit;\"\u003e\u003cspan class=\"MJXp-math\" id=\"MJXp-Span-91\"\u003e\u003cspan class=\"MJXp-mi MJXp-italic\" id=\"MJXp-Span-92\"\u003eT\u003c/span\u003e\u003c/span\u003e\u003c/span\u003e\u003cscript type=\"math/tex\" id=\"MathJax-Element-15\"\u003eT\u003c/script\u003e，都有 \u003cspan class=\"MathJax_Preview\" style=\"color: inherit;\"\u003e\u003cspan class=\"MJXp-math\" id=\"MJXp-Span-93\"\u003e\u003cspan class=\"MJXp-mi MJXp-italic\" id=\"MJXp-Span-94\"\u003eT\u003c/span\u003e\u003cspan class=\"MJXp-msubsup\" id=\"MJXp-Span-95\"\u003e\u003cspan class=\"MJXp-mo\" id=\"MJXp-Span-96\" style=\"margin-left: 0.333em; margin-right: 0.05em;\"\u003e→\u003c/span\u003e\u003cspan class=\"MJXp-mrow MJXp-script\" id=\"MJXp-Span-97\" style=\"vertical-align: 0.5em;\"\u003e\u003cspan class=\"MJXp-mo\" id=\"MJXp-Span-98\"\u003e⋆\u003c/span\u003e\u003c/span\u003e\u003c/span\u003e\u003cspan class=\"MJXp-mi MJXp-italic\" id=\"MJXp-Span-99\"\u003eT\u003c/span\u003e\u003c/span\u003e\u003c/span\u003e\u003cscript type=\"math/tex\" id=\"MathJax-Element-16\"\u003eT \\to^{\\star} T\u003c/script\u003e。下面这个图片可以帮助理解单步替换和替换的含义。\u003c/p\u003e\u003cp\u003e\u003cimg class=\"img-responsive center-block\" src=\"//img.uoj.ac/problem/562/surreal.png\" style=\"width:400px;\" alt=\"示意图\"\u003e\u003c/p\u003e\u003cp\u003e\u003cstrong\u003eX1：\u003c/strong\u003e你说得对。特别地，任何一棵树都可以替换得到无穷多棵不同的树，并且仅有一个结点构成的树可以替换得到任意其他的树。书上也有定义这样的东西。\u003c/p\u003e\u003cblockquote\u003e\n\u003cp\u003e\u003cstrong\u003e定义：\u003c/strong\u003e对于一棵树 \u003cspan class=\"MathJax_Preview\" style=\"color: inherit;\"\u003e\u003cspan class=\"MJXp-math\" id=\"MJXp-Span-100\"\u003e\u003cspan class=\"MJXp-mi MJXp-italic\" id=\"MJXp-Span-101\"\u003eT\u003c/span\u003e\u003c/span\u003e\u003c/span\u003e\u003cscript type=\"math/tex\" id=\"MathJax-Element-17\"\u003eT\u003c/script\u003e，定义 \u003cspan class=\"MathJax_Preview\" style=\"color: inherit;\"\u003e\u003cspan class=\"MJXp-math\" id=\"MJXp-Span-102\"\u003e\u003cspan class=\"MJXp-mrow\" id=\"MJXp-Span-103\"\u003e\u003cspan class=\"MJXp-mi\" id=\"MJXp-Span-104\"\u003eg\u003c/span\u003e\u003cspan class=\"MJXp-mi\" id=\"MJXp-Span-105\"\u003er\u003c/span\u003e\u003cspan class=\"MJXp-mi\" id=\"MJXp-Span-106\"\u003eo\u003c/span\u003e\u003cspan class=\"MJXp-mi\" id=\"MJXp-Span-107\"\u003ew\u003c/span\u003e\u003c/span\u003e\u003cspan class=\"MJXp-mo\" id=\"MJXp-Span-108\" style=\"margin-left: 0em; margin-right: 0em;\"\u003e(\u003c/span\u003e\u003cspan class=\"MJXp-mi MJXp-italic\" id=\"MJXp-Span-109\"\u003eT\u003c/span\u003e\u003cspan class=\"MJXp-mo\" id=\"MJXp-Span-110\" style=\"margin-left: 0em; margin-right: 0em;\"\u003e)\u003c/span\u003e\u003c/span\u003e\u003c/span\u003e\u003cscript type=\"math/tex\" id=\"MathJax-Element-18\"\u003e\\mathrm{grow}(T)\u003c/script\u003e 表示 \u003cspan class=\"MathJax_Preview\" style=\"color: inherit;\"\u003e\u003cspan class=\"MJXp-math\" id=\"MJXp-Span-111\"\u003e\u003cspan class=\"MJXp-mi MJXp-italic\" id=\"MJXp-Span-112\"\u003eT\u003c/span\u003e\u003c/span\u003e\u003c/span\u003e\u003cscript type=\"math/tex\" id=\"MathJax-Element-19\"\u003eT\u003c/script\u003e 所能替换构成的树的集合，即 \u003cspan class=\"MathJax_Preview\" style=\"color: inherit;\"\u003e\u003cspan class=\"MJXp-math\" id=\"MJXp-Span-113\"\u003e\u003cspan class=\"MJXp-mrow\" id=\"MJXp-Span-114\"\u003e\u003cspan class=\"MJXp-mi\" id=\"MJXp-Span-115\"\u003eg\u003c/span\u003e\u003cspan class=\"MJXp-mi\" id=\"MJXp-Span-116\"\u003er\u003c/span\u003e\u003cspan class=\"MJXp-mi\" id=\"MJXp-Span-117\"\u003eo\u003c/span\u003e\u003cspan class=\"MJXp-mi\" id=\"MJXp-Span-118\"\u003ew\u003c/span\u003e\u003c/span\u003e\u003cspan class=\"MJXp-mo\" id=\"MJXp-Span-119\" style=\"margin-left: 0em; margin-right: 0em;\"\u003e(\u003c/span\u003e\u003cspan class=\"MJXp-mi MJXp-italic\" id=\"MJXp-Span-120\"\u003eT\u003c/span\u003e\u003cspan class=\"MJXp-mo\" id=\"MJXp-Span-121\" style=\"margin-left: 0em; margin-right: 0em;\"\u003e)\u003c/span\u003e\u003cspan class=\"MJXp-mo\" id=\"MJXp-Span-122\" style=\"margin-left: 0.333em; margin-right: 0.333em;\"\u003e=\u003c/span\u003e\u003cspan class=\"MJXp-mo\" id=\"MJXp-Span-123\" style=\"margin-left: 0em; margin-right: 0em;\"\u003e{\u003c/span\u003e\u003cspan class=\"MJXp-msup\" id=\"MJXp-Span-124\"\u003e\u003cspan class=\"MJXp-mi MJXp-italic\" id=\"MJXp-Span-125\" style=\"margin-right: 0.05em;\"\u003eT\u003c/span\u003e\u003cspan class=\"MJXp-mo MJXp-script\" id=\"MJXp-Span-126\" style=\"vertical-align: 0.5em;\"\u003e′\u003c/span\u003e\u003c/span\u003e\u003cspan class=\"MJXp-mo\" id=\"MJXp-Span-127\" style=\"margin-left: 0.333em; margin-right: 0.333em;\"\u003e∣\u003c/span\u003e\u003cspan class=\"MJXp-mi MJXp-italic\" id=\"MJXp-Span-128\"\u003eT\u003c/span\u003e\u003cspan class=\"MJXp-msubsup\" id=\"MJXp-Span-129\"\u003e\u003cspan class=\"MJXp-mo\" id=\"MJXp-Span-130\" style=\"margin-left: 0.333em; margin-right: 0.05em;\"\u003e→\u003c/span\u003e\u003cspan class=\"MJXp-mrow MJXp-script\" id=\"MJXp-Span-131\" style=\"vertical-align: 0.5em;\"\u003e\u003cspan class=\"MJXp-mo\" id=\"MJXp-Span-132\"\u003e⋆\u003c/span\u003e\u003c/span\u003e\u003c/span\u003e\u003cspan class=\"MJXp-msup\" id=\"MJXp-Span-133\"\u003e\u003cspan class=\"MJXp-mi MJXp-italic\" id=\"MJXp-Span-134\" style=\"margin-right: 0.05em;\"\u003eT\u003c/span\u003e\u003cspan class=\"MJXp-mo MJXp-script\" id=\"MJXp-Span-135\" style=\"vertical-align: 0.5em;\"\u003e′\u003c/span\u003e\u003c/span\u003e\u003cspan class=\"MJXp-mo\" id=\"MJXp-Span-136\" style=\"margin-left: 0em; margin-right: 0em;\"\u003e}\u003c/span\u003e\u003c/span\u003e\u003c/span\u003e\u003cscript type=\"math/tex\" id=\"MathJax-Element-20\"\u003e\\mathrm{grow}(T) = \\{ T' \\mid T \\to^{\\star} T'\\}\u003c/script\u003e。更近一步，如果 \u003cspan class=\"MathJax_Preview\" style=\"color: inherit;\"\u003e\u003cspan class=\"MJXp-math\" id=\"MJXp-Span-137\"\u003e\u003cspan class=\"MJXp-mrow\" id=\"MJXp-Span-138\"\u003e\u003cspan class=\"MJXp-mi MJXp-scr\" id=\"MJXp-Span-139\"\u003eT\u003c/span\u003e\u003c/span\u003e\u003cspan class=\"MJXp-mo\" id=\"MJXp-Span-140\" style=\"margin-left: 0.333em; margin-right: 0.333em;\"\u003e=\u003c/span\u003e\u003cspan class=\"MJXp-mo\" id=\"MJXp-Span-141\" style=\"margin-left: 0em; margin-right: 0em;\"\u003e{\u003c/span\u003e\u003cspan class=\"MJXp-msubsup\" id=\"MJXp-Span-142\"\u003e\u003cspan class=\"MJXp-mi MJXp-italic\" id=\"MJXp-Span-143\" style=\"margin-right: 0.05em;\"\u003eT\u003c/span\u003e\u003cspan class=\"MJXp-mn MJXp-script\" id=\"MJXp-Span-144\" style=\"vertical-align: -0.4em;\"\u003e1\u003c/span\u003e\u003c/span\u003e\u003cspan class=\"MJXp-mo\" id=\"MJXp-Span-145\" style=\"margin-left: 0em; margin-right: 0.222em;\"\u003e,\u003c/span\u003e\u003cspan class=\"MJXp-msubsup\" id=\"MJXp-Span-146\"\u003e\u003cspan class=\"MJXp-mi MJXp-italic\" id=\"MJXp-Span-147\" style=\"margin-right: 0.05em;\"\u003eT\u003c/span\u003e\u003cspan class=\"MJXp-mn MJXp-script\" id=\"MJXp-Span-148\" style=\"vertical-align: -0.4em;\"\u003e2\u003c/span\u003e\u003c/span\u003e\u003cspan class=\"MJXp-mo\" id=\"MJXp-Span-149\" style=\"margin-left: 0em; margin-right: 0.222em;\"\u003e,\u003c/span\u003e\u003cspan class=\"MJXp-mo\" id=\"MJXp-Span-150\" style=\"margin-left: 0em; margin-right: 0em;\"\u003e…\u003c/span\u003e\u003cspan class=\"MJXp-mo\" id=\"MJXp-Span-151\" style=\"margin-left: 0em; margin-right: 0.222em;\"\u003e,\u003c/span\u003e\u003cspan class=\"MJXp-msubsup\" id=\"MJXp-Span-152\"\u003e\u003cspan class=\"MJXp-mi MJXp-italic\" id=\"MJXp-Span-153\" style=\"margin-right: 0.05em;\"\u003eT\u003c/span\u003e\u003cspan class=\"MJXp-mi MJXp-italic MJXp-script\" id=\"MJXp-Span-154\" style=\"vertical-align: -0.4em;\"\u003en\u003c/span\u003e\u003c/span\u003e\u003cspan class=\"MJXp-mo\" id=\"MJXp-Span-155\" style=\"margin-left: 0em; margin-right: 0em;\"\u003e}\u003c/span\u003e\u003c/span\u003e\u003c/span\u003e\u003cscript type=\"math/tex\" id=\"MathJax-Element-21\"\u003e\\mathscr{T} = \\{T_1, T_2, \\dots, T_n\\}\u003c/script\u003e 是一个树的有限集合，定义 \u003cspan class=\"MathJax_Preview\" style=\"color: inherit;\"\u003e\u003cspan class=\"MJXp-math\" id=\"MJXp-Span-156\"\u003e\u003cspan class=\"MJXp-mrow\" id=\"MJXp-Span-157\"\u003e\u003cspan class=\"MJXp-mi\" id=\"MJXp-Span-158\"\u003eg\u003c/span\u003e\u003cspan class=\"MJXp-mi\" id=\"MJXp-Span-159\"\u003er\u003c/span\u003e\u003cspan class=\"MJXp-mi\" id=\"MJXp-Span-160\"\u003eo\u003c/span\u003e\u003cspan class=\"MJXp-mi\" id=\"MJXp-Span-161\"\u003ew\u003c/span\u003e\u003c/span\u003e\u003cspan class=\"MJXp-mo\" id=\"MJXp-Span-162\" style=\"margin-left: 0em; margin-right: 0em;\"\u003e(\u003c/span\u003e\u003cspan class=\"MJXp-mrow\" id=\"MJXp-Span-163\"\u003e\u003cspan class=\"MJXp-mi MJXp-scr\" id=\"MJXp-Span-164\"\u003eT\u003c/span\u003e\u003c/span\u003e\u003cspan class=\"MJXp-mo\" id=\"MJXp-Span-165\" style=\"margin-left: 0em; margin-right: 0em;\"\u003e)\u003c/span\u003e\u003c/span\u003e\u003c/span\u003e\u003cscript type=\"math/tex\" id=\"MathJax-Element-22\"\u003e\\mathrm{grow}(\\mathscr{T})\u003c/script\u003e 为所有 \u003cspan class=\"MathJax_Preview\" style=\"color: inherit;\"\u003e\u003cspan class=\"MJXp-math\" id=\"MJXp-Span-166\"\u003e\u003cspan class=\"MJXp-mrow\" id=\"MJXp-Span-167\"\u003e\u003cspan class=\"MJXp-mi\" id=\"MJXp-Span-168\"\u003eg\u003c/span\u003e\u003cspan class=\"MJXp-mi\" id=\"MJXp-Span-169\"\u003er\u003c/span\u003e\u003cspan class=\"MJXp-mi\" id=\"MJXp-Span-170\"\u003eo\u003c/span\u003e\u003cspan class=\"MJXp-mi\" id=\"MJXp-Span-171\"\u003ew\u003c/span\u003e\u003c/span\u003e\u003cspan class=\"MJXp-mo\" id=\"MJXp-Span-172\" style=\"margin-left: 0em; margin-right: 0em;\"\u003e(\u003c/span\u003e\u003cspan class=\"MJXp-msubsup\" id=\"MJXp-Span-173\"\u003e\u003cspan class=\"MJXp-mi MJXp-italic\" id=\"MJXp-Span-174\" style=\"margin-right: 0.05em;\"\u003eT\u003c/span\u003e\u003cspan class=\"MJXp-mi MJXp-italic MJXp-script\" id=\"MJXp-Span-175\" style=\"vertical-align: -0.4em;\"\u003ei\u003c/span\u003e\u003c/span\u003e\u003cspan class=\"MJXp-mo\" id=\"MJXp-Span-176\" style=\"margin-left: 0em; margin-right: 0em;\"\u003e)\u003c/span\u003e\u003c/span\u003e\u003c/span\u003e\u003cscript type=\"math/tex\" id=\"MathJax-Element-23\"\u003e\\mathrm{grow}(T_i)\u003c/script\u003e 的并集，其中 \u003cspan class=\"MathJax_Preview\" style=\"color: inherit;\"\u003e\u003cspan class=\"MJXp-math\" id=\"MJXp-Span-177\"\u003e\u003cspan class=\"MJXp-mi MJXp-italic\" id=\"MJXp-Span-178\"\u003ei\u003c/span\u003e\u003cspan class=\"MJXp-mo\" id=\"MJXp-Span-179\" style=\"margin-left: 0.333em; margin-right: 0.333em;\"\u003e=\u003c/span\u003e\u003cspan class=\"MJXp-mn\" id=\"MJXp-Span-180\"\u003e1\u003c/span\u003e\u003cspan class=\"MJXp-mo\" id=\"MJXp-Span-181\" style=\"margin-left: 0em; margin-right: 0.222em;\"\u003e,\u003c/span\u003e\u003cspan class=\"MJXp-mn\" id=\"MJXp-Span-182\"\u003e2\u003c/span\u003e\u003cspan class=\"MJXp-mo\" id=\"MJXp-Span-183\" style=\"margin-left: 0em; margin-right: 0.222em;\"\u003e,\u003c/span\u003e\u003cspan class=\"MJXp-mo\" id=\"MJXp-Span-184\" style=\"margin-left: 0em; margin-right: 0em;\"\u003e…\u003c/span\u003e\u003cspan class=\"MJXp-mo\" id=\"MJXp-Span-185\" style=\"margin-left: 0em; margin-right: 0.222em;\"\u003e,\u003c/span\u003e\u003cspan class=\"MJXp-mi MJXp-italic\" id=\"MJXp-Span-186\"\u003en\u003c/span\u003e\u003c/span\u003e\u003c/span\u003e\u003cscript type=\"math/tex\" id=\"MathJax-Element-24\"\u003ei = 1, 2, \\dots, n\u003c/script\u003e。即\n\u003cspan class=\"MathJax_Preview\" style=\"color: inherit;\"\u003e\u003cspan class=\"MJXp-math MJXp-display\" id=\"MJXp-Span-187\"\u003e\u003cspan class=\"MJXp-mrow\" id=\"MJXp-Span-188\"\u003e\u003cspan class=\"MJXp-mi\" id=\"MJXp-Span-189\"\u003eg\u003c/span\u003e\u003cspan class=\"MJXp-mi\" id=\"MJXp-Span-190\"\u003er\u003c/span\u003e\u003cspan class=\"MJXp-mi\" id=\"MJXp-Span-191\"\u003eo\u003c/span\u003e\u003cspan class=\"MJXp-mi\" id=\"MJXp-Span-192\"\u003ew\u003c/span\u003e\u003c/span\u003e\u003cspan class=\"MJXp-mo\" id=\"MJXp-Span-193\" style=\"margin-left: 0em; margin-right: 0em;\"\u003e(\u003c/span\u003e\u003cspan class=\"MJXp-mrow\" id=\"MJXp-Span-194\"\u003e\u003cspan class=\"MJXp-mi MJXp-scr\" id=\"MJXp-Span-195\"\u003eT\u003c/span\u003e\u003c/span\u003e\u003cspan class=\"MJXp-mo\" id=\"MJXp-Span-196\" style=\"margin-left: 0em; margin-right: 0em;\"\u003e)\u003c/span\u003e\u003cspan class=\"MJXp-mo\" id=\"MJXp-Span-197\" style=\"margin-left: 0.333em; margin-right: 0.333em;\"\u003e=\u003c/span\u003e\u003cspan class=\"MJXp-munderover\" id=\"MJXp-Span-198\"\u003e\u003cspan class=\"\"\u003e\u003cspan class=\"MJXp-mo\" id=\"MJXp-Span-199\" style=\"margin-left: 0.111em; margin-right: 0.167em;\"\u003e\u003cspan class=\"MJXp-largeop\"\u003e⋃\u003c/span\u003e\u003c/span\u003e\u003c/span\u003e\u003cspan class=\" MJXp-script\"\u003e\u003cspan class=\"MJXp-mrow\" id=\"MJXp-Span-200\" style=\"margin-left: 0px;\"\u003e\u003cspan class=\"MJXp-msubsup\" id=\"MJXp-Span-201\"\u003e\u003cspan class=\"MJXp-mi MJXp-italic\" id=\"MJXp-Span-202\" style=\"margin-right: 0.05em;\"\u003eT\u003c/span\u003e\u003cspan class=\"MJXp-mi MJXp-italic MJXp-script\" id=\"MJXp-Span-203\" style=\"vertical-align: -0.4em;\"\u003ei\u003c/span\u003e\u003c/span\u003e\u003cspan class=\"MJXp-mo\" id=\"MJXp-Span-204\"\u003e∈\u003c/span\u003e\u003cspan class=\"MJXp-mrow\" id=\"MJXp-Span-205\"\u003e\u003cspan class=\"MJXp-mi MJXp-scr\" id=\"MJXp-Span-206\"\u003eT\u003c/span\u003e\u003c/span\u003e\u003c/span\u003e\u003c/span\u003e\u003c/span\u003e\u003cspan class=\"MJXp-mrow\" id=\"MJXp-Span-207\"\u003e\u003cspan class=\"MJXp-mi\" id=\"MJXp-Span-208\"\u003eg\u003c/span\u003e\u003cspan class=\"MJXp-mi\" id=\"MJXp-Span-209\"\u003er\u003c/span\u003e\u003cspan class=\"MJXp-mi\" id=\"MJXp-Span-210\"\u003eo\u003c/span\u003e\u003cspan class=\"MJXp-mi\" id=\"MJXp-Span-211\"\u003ew\u003c/span\u003e\u003c/span\u003e\u003cspan class=\"MJXp-mo\" id=\"MJXp-Span-212\" style=\"margin-left: 0em; margin-right: 0em;\"\u003e(\u003c/span\u003e\u003cspan class=\"MJXp-mi MJXp-italic\" id=\"MJXp-Span-213\"\u003eT\u003c/span\u003e\u003cspan class=\"MJXp-mo\" id=\"MJXp-Span-214\" style=\"margin-left: 0em; margin-right: 0em;\"\u003e)\u003c/span\u003e\u003cspan class=\"MJXp-mo\" id=\"MJXp-Span-215\" style=\"margin-left: 0em; margin-right: 0.222em;\"\u003e.\u003c/span\u003e\u003c/span\u003e\u003c/span\u003e\u003cscript type=\"math/tex; mode=display\" id=\"MathJax-Element-25\"\u003e\n\\mathrm{grow}(\\mathscr{T}) = \\bigcup_{T_i \\in \\mathscr{T}} \\mathrm{grow}(T).\n\u003c/script\u003e\u003c/p\u003e\n\u003c/blockquote\u003e\u003cp\u003e\u003cstrong\u003eX2：\u003c/strong\u003e我们把 \u003cspan class=\"MathJax_Preview\" style=\"color: inherit;\"\u003e\u003cspan class=\"MJXp-math\" id=\"MJXp-Span-216\"\u003e\u003cspan class=\"MJXp-mrow\" id=\"MJXp-Span-217\"\u003e\u003cspan class=\"MJXp-mi\" id=\"MJXp-Span-218\"\u003eg\u003c/span\u003e\u003cspan class=\"MJXp-mi\" id=\"MJXp-Span-219\"\u003er\u003c/span\u003e\u003cspan class=\"MJXp-mi\" id=\"MJXp-Span-220\"\u003eo\u003c/span\u003e\u003cspan class=\"MJXp-mi\" id=\"MJXp-Span-221\"\u003ew\u003c/span\u003e\u003c/span\u003e\u003cspan class=\"MJXp-mo\" id=\"MJXp-Span-222\" style=\"margin-left: 0em; margin-right: 0em;\"\u003e(\u003c/span\u003e\u003cspan class=\"MJXp-mrow\" id=\"MJXp-Span-223\"\u003e\u003cspan class=\"MJXp-mi MJXp-scr\" id=\"MJXp-Span-224\"\u003eT\u003c/span\u003e\u003c/span\u003e\u003cspan class=\"MJXp-mo\" id=\"MJXp-Span-225\" style=\"margin-left: 0em; margin-right: 0em;\"\u003e)\u003c/span\u003e\u003c/span\u003e\u003c/span\u003e\u003cscript type=\"math/tex\" id=\"MathJax-Element-26\"\u003e\\mathrm{grow}(\\mathscr{T})\u003c/script\u003e 称作树的集合 \u003cspan class=\"MathJax_Preview\" style=\"color: inherit;\"\u003e\u003cspan class=\"MJXp-math\" id=\"MJXp-Span-226\"\u003e\u003cspan class=\"MJXp-mrow\" id=\"MJXp-Span-227\"\u003e\u003cspan class=\"MJXp-mi MJXp-scr\" id=\"MJXp-Span-228\"\u003eT\u003c/span\u003e\u003c/span\u003e\u003c/span\u003e\u003c/span\u003e\u003cscript type=\"math/tex\" id=\"MathJax-Element-27\"\u003e\\mathscr{T}\u003c/script\u003e \u003cstrong\u003e所生长得到的集合\u003c/strong\u003e吧 —— 也就是说，树的集合 \u003cspan class=\"MathJax_Preview\" style=\"color: inherit;\"\u003e\u003cspan class=\"MJXp-math\" id=\"MJXp-Span-229\"\u003e\u003cspan class=\"MJXp-mrow\" id=\"MJXp-Span-230\"\u003e\u003cspan class=\"MJXp-mi MJXp-scr\" id=\"MJXp-Span-231\"\u003eT\u003c/span\u003e\u003c/span\u003e\u003c/span\u003e\u003c/span\u003e\u003cscript type=\"math/tex\" id=\"MathJax-Element-28\"\u003e\\mathscr{T}\u003c/script\u003e 所生长得到的集合包含所有可以被某个 \u003cspan class=\"MathJax_Preview\" style=\"color: inherit;\"\u003e\u003cspan class=\"MJXp-math\" id=\"MJXp-Span-232\"\u003e\u003cspan class=\"MJXp-mi MJXp-italic\" id=\"MJXp-Span-233\"\u003eT\u003c/span\u003e\u003cspan class=\"MJXp-mo\" id=\"MJXp-Span-234\" style=\"margin-left: 0.333em; margin-right: 0.333em;\"\u003e∈\u003c/span\u003e\u003cspan class=\"MJXp-mrow\" id=\"MJXp-Span-235\"\u003e\u003cspan class=\"MJXp-mi MJXp-scr\" id=\"MJXp-Span-236\"\u003eT\u003c/span\u003e\u003c/span\u003e\u003c/span\u003e\u003c/span\u003e\u003cscript type=\"math/tex\" id=\"MathJax-Element-29\"\u003eT \\in \\mathscr{T}\u003c/script\u003e 替换得到的树。不妨把树的集合叫做\u003cstrong\u003e树林\u003c/strong\u003e。不太严谨地说，一个树林所生长得到的新树林就是其中所有树、以所有可能的方式生长得到的树林。显而易见，一个非空树林所生长得到的树林都是无穷树林。但这个无穷树林，或者说 \u003cspan class=\"MathJax_Preview\" style=\"color: inherit;\"\u003e\u003cspan class=\"MJXp-math\" id=\"MJXp-Span-237\"\u003e\u003cspan class=\"MJXp-mrow\" id=\"MJXp-Span-238\"\u003e\u003cspan class=\"MJXp-mi\" id=\"MJXp-Span-239\"\u003eg\u003c/span\u003e\u003cspan class=\"MJXp-mi\" id=\"MJXp-Span-240\"\u003er\u003c/span\u003e\u003cspan class=\"MJXp-mi\" id=\"MJXp-Span-241\"\u003eo\u003c/span\u003e\u003cspan class=\"MJXp-mi\" id=\"MJXp-Span-242\"\u003ew\u003c/span\u003e\u003c/span\u003e\u003cspan class=\"MJXp-mo\" id=\"MJXp-Span-243\" style=\"margin-left: 0em; margin-right: 0em;\"\u003e(\u003c/span\u003e\u003cspan class=\"MJXp-mrow\" id=\"MJXp-Span-244\"\u003e\u003cspan class=\"MJXp-mi MJXp-scr\" id=\"MJXp-Span-245\"\u003eT\u003c/span\u003e\u003c/span\u003e\u003cspan class=\"MJXp-mo\" id=\"MJXp-Span-246\" style=\"margin-left: 0em; margin-right: 0em;\"\u003e)\u003c/span\u003e\u003c/span\u003e\u003c/span\u003e\u003cscript type=\"math/tex\" id=\"MathJax-Element-30\"\u003e\\mathrm{grow}(\\mathscr{T})\u003c/script\u003e，并不一定包含所有的树 —— 更进一步,它甚至不一定包含“几乎所有”的树。\u003c/p\u003e\u003cp\u003e\u003cstrong\u003eX1：\u003c/strong\u003e让我来补充一下：我们称一个树林是\u003cstrong\u003e几乎完备\u003c/strong\u003e的（或称\u003cstrong\u003e几乎包含了所有的树\u003c/strong\u003e），如果仅有有限多的树不在其中。对于一个有限树林 \u003cspan class=\"MathJax_Preview\" style=\"color: inherit;\"\u003e\u003cspan class=\"MJXp-math\" id=\"MJXp-Span-247\"\u003e\u003cspan class=\"MJXp-mrow\" id=\"MJXp-Span-248\"\u003e\u003cspan class=\"MJXp-mi MJXp-scr\" id=\"MJXp-Span-249\"\u003eT\u003c/span\u003e\u003c/span\u003e\u003c/span\u003e\u003c/span\u003e\u003cscript type=\"math/tex\" id=\"MathJax-Element-31\"\u003e\\mathscr{T}\u003c/script\u003e ，\u003cspan class=\"MathJax_Preview\" style=\"color: inherit;\"\u003e\u003cspan class=\"MJXp-math\" id=\"MJXp-Span-250\"\u003e\u003cspan class=\"MJXp-mrow\" id=\"MJXp-Span-251\"\u003e\u003cspan class=\"MJXp-mi\" id=\"MJXp-Span-252\"\u003eg\u003c/span\u003e\u003cspan class=\"MJXp-mi\" id=\"MJXp-Span-253\"\u003er\u003c/span\u003e\u003cspan class=\"MJXp-mi\" id=\"MJXp-Span-254\"\u003eo\u003c/span\u003e\u003cspan class=\"MJXp-mi\" id=\"MJXp-Span-255\"\u003ew\u003c/span\u003e\u003c/span\u003e\u003cspan class=\"MJXp-mo\" id=\"MJXp-Span-256\" style=\"margin-left: 0em; margin-right: 0em;\"\u003e(\u003c/span\u003e\u003cspan class=\"MJXp-mrow\" id=\"MJXp-Span-257\"\u003e\u003cspan class=\"MJXp-mi MJXp-scr\" id=\"MJXp-Span-258\"\u003eT\u003c/span\u003e\u003c/span\u003e\u003cspan class=\"MJXp-mo\" id=\"MJXp-Span-259\" style=\"margin-left: 0em; margin-right: 0em;\"\u003e)\u003c/span\u003e\u003c/span\u003e\u003c/span\u003e\u003cscript type=\"math/tex\" id=\"MathJax-Element-32\"\u003e\\mathrm{grow}(\\mathscr{T})\u003c/script\u003e 要么包含了所有的树，要么包含了几乎所有的树，要么存在无穷多棵树不在其中。如果这是一道 OI 题，出题人一定会\u003cstrong\u003e在样例中给出三种情况的例子吧\u003c/strong\u003e。书上的关键定理也用了和我们相同的定义。\u003c/p\u003e\u003cblockquote\u003e\n\u003cp\u003e定理（几乎完备的可判定性）：一个树的集合是几乎完备的，如果仅有有限棵树不在其中。那么，对于一个给定的树的有限集合 \u003cspan class=\"MathJax_Preview\" style=\"color: inherit;\"\u003e\u003cspan class=\"MJXp-math\" id=\"MJXp-Span-260\"\u003e\u003cspan class=\"MJXp-mrow\" id=\"MJXp-Span-261\"\u003e\u003cspan class=\"MJXp-mi MJXp-scr\" id=\"MJXp-Span-262\"\u003eT\u003c/span\u003e\u003c/span\u003e\u003c/span\u003e\u003c/span\u003e\u003cscript type=\"math/tex\" id=\"MathJax-Element-33\"\u003e\\mathscr{T}\u003c/script\u003e，存在高效的算法判定 \u003cspan class=\"MathJax_Preview\" style=\"color: inherit;\"\u003e\u003cspan class=\"MJXp-math\" id=\"MJXp-Span-263\"\u003e\u003cspan class=\"MJXp-mrow\" id=\"MJXp-Span-264\"\u003e\u003cspan class=\"MJXp-mi\" id=\"MJXp-Span-265\"\u003eg\u003c/span\u003e\u003cspan class=\"MJXp-mi\" id=\"MJXp-Span-266\"\u003er\u003c/span\u003e\u003cspan class=\"MJXp-mi\" id=\"MJXp-Span-267\"\u003eo\u003c/span\u003e\u003cspan class=\"MJXp-mi\" id=\"MJXp-Span-268\"\u003ew\u003c/span\u003e\u003c/span\u003e\u003cspan class=\"MJXp-mo\" id=\"MJXp-Span-269\" style=\"margin-left: 0em; margin-right: 0em;\"\u003e(\u003c/span\u003e\u003cspan class=\"MJXp-mrow\" id=\"MJXp-Span-270\"\u003e\u003cspan class=\"MJXp-mi MJXp-scr\" id=\"MJXp-Span-271\"\u003eT\u003c/span\u003e\u003c/span\u003e\u003cspan class=\"MJXp-mo\" id=\"MJXp-Span-272\" style=\"margin-left: 0em; margin-right: 0em;\"\u003e)\u003c/span\u003e\u003c/span\u003e\u003c/span\u003e\u003cscript type=\"math/tex\" id=\"MathJax-Element-34\"\u003e\\mathrm{grow}(\\mathscr{T})\u003c/script\u003e 是否是几乎完备的。\u003c/p\u003e\n\u003c/blockquote\u003e\u003cp\u003e\u003cstrong\u003eX2：\u003c/strong\u003e这个问题变成一个纯粹的 OI 题目了！让我用我们的语言来重述一下题意：\u003cstrong\u003e给定一个有限大小的树林 \u003cspan class=\"MathJax_Preview\" style=\"color: inherit;\"\u003e\u003cspan class=\"MJXp-math\" id=\"MJXp-Span-273\"\u003e\u003cspan class=\"MJXp-mrow\" id=\"MJXp-Span-274\"\u003e\u003cspan class=\"MJXp-mi MJXp-scr\" id=\"MJXp-Span-275\"\u003eT\u003c/span\u003e\u003c/span\u003e\u003c/span\u003e\u003c/span\u003e\u003cscript type=\"math/tex\" id=\"MathJax-Element-35\"\u003e\\mathscr{T}\u003c/script\u003e，判定 \u003cspan class=\"MathJax_Preview\" style=\"color: inherit;\"\u003e\u003cspan class=\"MJXp-math\" id=\"MJXp-Span-276\"\u003e\u003cspan class=\"MJXp-mrow\" id=\"MJXp-Span-277\"\u003e\u003cspan class=\"MJXp-mi\" id=\"MJXp-Span-278\"\u003eg\u003c/span\u003e\u003cspan class=\"MJXp-mi\" id=\"MJXp-Span-279\"\u003er\u003c/span\u003e\u003cspan class=\"MJXp-mi\" id=\"MJXp-Span-280\"\u003eo\u003c/span\u003e\u003cspan class=\"MJXp-mi\" id=\"MJXp-Span-281\"\u003ew\u003c/span\u003e\u003c/span\u003e\u003cspan class=\"MJXp-mo\" id=\"MJXp-Span-282\" style=\"margin-left: 0em; margin-right: 0em;\"\u003e(\u003c/span\u003e\u003cspan class=\"MJXp-mrow\" id=\"MJXp-Span-283\"\u003e\u003cspan class=\"MJXp-mi MJXp-scr\" id=\"MJXp-Span-284\"\u003eT\u003c/span\u003e\u003c/span\u003e\u003cspan class=\"MJXp-mo\" id=\"MJXp-Span-285\" style=\"margin-left: 0em; margin-right: 0em;\"\u003e)\u003c/span\u003e\u003c/span\u003e\u003c/span\u003e\u003cscript type=\"math/tex\" id=\"MathJax-Element-36\"\u003e\\mathrm{grow}(\\mathscr{T})\u003c/script\u003e 是否是几乎完备的，即是否仅有有限棵树不能被树林中所包含的树生长得到\u003c/strong\u003e。\u003c/p\u003e\u003cp\u003e\u003cstrong\u003eX1：\u003c/strong\u003e也就是说，给定一个有限的树的集合 \u003cspan class=\"MathJax_Preview\" style=\"color: inherit;\"\u003e\u003cspan class=\"MJXp-math\" id=\"MJXp-Span-286\"\u003e\u003cspan class=\"MJXp-mrow\" id=\"MJXp-Span-287\"\u003e\u003cspan class=\"MJXp-mi MJXp-scr\" id=\"MJXp-Span-288\"\u003eT\u003c/span\u003e\u003c/span\u003e\u003c/span\u003e\u003c/span\u003e\u003cscript type=\"math/tex\" id=\"MathJax-Element-37\"\u003e\\mathscr{T}\u003c/script\u003e ，判定是否仅有有限个树 \u003cspan class=\"MathJax_Preview\" style=\"color: inherit;\"\u003e\u003cspan class=\"MJXp-math\" id=\"MJXp-Span-289\"\u003e\u003cspan class=\"MJXp-mi MJXp-italic\" id=\"MJXp-Span-290\"\u003eT\u003c/span\u003e\u003c/span\u003e\u003c/span\u003e\u003cscript type=\"math/tex\" id=\"MathJax-Element-38\"\u003eT\u003c/script\u003e，满足 \u003cspan class=\"MathJax_Preview\" style=\"color: inherit;\"\u003e\u003cspan class=\"MJXp-math\" id=\"MJXp-Span-291\"\u003e\u003cspan class=\"MJXp-mi MJXp-italic\" id=\"MJXp-Span-292\"\u003eT\u003c/span\u003e\u003cspan class=\"MJXp-mo\" id=\"MJXp-Span-293\" style=\"margin-left: 0.333em; margin-right: 0.333em;\"\u003e∉\u003c/span\u003e\u003cspan class=\"MJXp-mrow\" id=\"MJXp-Span-294\"\u003e\u003cspan class=\"MJXp-mi\" id=\"MJXp-Span-295\"\u003eg\u003c/span\u003e\u003cspan class=\"MJXp-mi\" id=\"MJXp-Span-296\"\u003er\u003c/span\u003e\u003cspan class=\"MJXp-mi\" id=\"MJXp-Span-297\"\u003eo\u003c/span\u003e\u003cspan class=\"MJXp-mi\" id=\"MJXp-Span-298\"\u003ew\u003c/span\u003e\u003c/span\u003e\u003cspan class=\"MJXp-mo\" id=\"MJXp-Span-299\" style=\"margin-left: 0em; margin-right: 0em;\"\u003e(\u003c/span\u003e\u003cspan class=\"MJXp-mrow\" id=\"MJXp-Span-300\"\u003e\u003cspan class=\"MJXp-mi MJXp-scr\" id=\"MJXp-Span-301\"\u003eT\u003c/span\u003e\u003c/span\u003e\u003cspan class=\"MJXp-mo\" id=\"MJXp-Span-302\" style=\"margin-left: 0em; margin-right: 0em;\"\u003e)\u003c/span\u003e\u003c/span\u003e\u003c/span\u003e\u003cscript type=\"math/tex\" id=\"MathJax-Element-39\"\u003eT \\notin \\mathrm{grow}(\\mathscr{T})\u003c/script\u003e。所谓 \u003cspan class=\"MathJax_Preview\" style=\"color: inherit;\"\u003e\u003cspan class=\"MJXp-math\" id=\"MJXp-Span-303\"\u003e\u003cspan class=\"MJXp-mi MJXp-italic\" id=\"MJXp-Span-304\"\u003eT\u003c/span\u003e\u003cspan class=\"MJXp-mo\" id=\"MJXp-Span-305\" style=\"margin-left: 0.333em; margin-right: 0.333em;\"\u003e∉\u003c/span\u003e\u003cspan class=\"MJXp-mrow\" id=\"MJXp-Span-306\"\u003e\u003cspan class=\"MJXp-mi\" id=\"MJXp-Span-307\"\u003eg\u003c/span\u003e\u003cspan class=\"MJXp-mi\" id=\"MJXp-Span-308\"\u003er\u003c/span\u003e\u003cspan class=\"MJXp-mi\" id=\"MJXp-Span-309\"\u003eo\u003c/span\u003e\u003cspan class=\"MJXp-mi\" id=\"MJXp-Span-310\"\u003ew\u003c/span\u003e\u003c/span\u003e\u003cspan class=\"MJXp-mo\" id=\"MJXp-Span-311\" style=\"margin-left: 0em; margin-right: 0em;\"\u003e(\u003c/span\u003e\u003cspan class=\"MJXp-mrow\" id=\"MJXp-Span-312\"\u003e\u003cspan class=\"MJXp-mi MJXp-scr\" id=\"MJXp-Span-313\"\u003eT\u003c/span\u003e\u003c/span\u003e\u003cspan class=\"MJXp-mo\" id=\"MJXp-Span-314\" style=\"margin-left: 0em; margin-right: 0em;\"\u003e)\u003c/span\u003e\u003c/span\u003e\u003c/span\u003e\u003cscript type=\"math/tex\" id=\"MathJax-Element-40\"\u003eT \\notin \\mathrm{grow}(\\mathscr{T})\u003c/script\u003e，就是说不存在 \u003cspan class=\"MathJax_Preview\" style=\"color: inherit;\"\u003e\u003cspan class=\"MJXp-math\" id=\"MJXp-Span-315\"\u003e\u003cspan class=\"MJXp-msup\" id=\"MJXp-Span-316\"\u003e\u003cspan class=\"MJXp-mi MJXp-italic\" id=\"MJXp-Span-317\" style=\"margin-right: 0.05em;\"\u003eT\u003c/span\u003e\u003cspan class=\"MJXp-mo MJXp-script\" id=\"MJXp-Span-318\" style=\"vertical-align: 0.5em;\"\u003e′\u003c/span\u003e\u003c/span\u003e\u003cspan class=\"MJXp-mo\" id=\"MJXp-Span-319\" style=\"margin-left: 0.333em; margin-right: 0.333em;\"\u003e∈\u003c/span\u003e\u003cspan class=\"MJXp-mrow\" id=\"MJXp-Span-320\"\u003e\u003cspan class=\"MJXp-mi MJXp-scr\" id=\"MJXp-Span-321\"\u003eT\u003c/span\u003e\u003c/span\u003e\u003c/span\u003e\u003c/span\u003e\u003cscript type=\"math/tex\" id=\"MathJax-Element-41\"\u003eT' \\in \\mathscr{T}\u003c/script\u003e，使得 \u003cspan class=\"MathJax_Preview\" style=\"color: inherit;\"\u003e\u003cspan class=\"MJXp-math\" id=\"MJXp-Span-322\"\u003e\u003cspan class=\"MJXp-msup\" id=\"MJXp-Span-323\"\u003e\u003cspan class=\"MJXp-mi MJXp-italic\" id=\"MJXp-Span-324\" style=\"margin-right: 0.05em;\"\u003eT\u003c/span\u003e\u003cspan class=\"MJXp-mo MJXp-script\" id=\"MJXp-Span-325\" style=\"vertical-align: 0.5em;\"\u003e′\u003c/span\u003e\u003c/span\u003e\u003cspan class=\"MJXp-msubsup\" id=\"MJXp-Span-326\"\u003e\u003cspan class=\"MJXp-mo\" id=\"MJXp-Span-327\" style=\"margin-left: 0.333em; margin-right: 0.05em;\"\u003e→\u003c/span\u003e\u003cspan class=\"MJXp-mrow MJXp-script\" id=\"MJXp-Span-328\" style=\"vertical-align: 0.5em;\"\u003e\u003cspan class=\"MJXp-mo\" id=\"MJXp-Span-329\"\u003e∗\u003c/span\u003e\u003c/span\u003e\u003c/span\u003e\u003cspan class=\"MJXp-mi MJXp-italic\" id=\"MJXp-Span-330\"\u003eT\u003c/span\u003e\u003c/span\u003e\u003c/span\u003e\u003cscript type=\"math/tex\" id=\"MathJax-Element-42\"\u003eT' \\to^{*} T\u003c/script\u003e。这和通常的 OI 题目的确非常不同：我甚至没有想到这个问题的一个算法。\u003c/p\u003e\u003cp\u003e\u003cstrong\u003eX2：\u003c/strong\u003e我也一样，不过我很久没有感受到这种解决未知问题的冲动了。\u003c/p\u003e",
      "misc": ""
    },
    {
      "title": "输出格式",
      "content": "\u003cp\u003e本题有多组测试数据，输入文件的第一行包含一个正整数 \u003cspan class=\"MathJax_Preview\" style=\"color: inherit;\"\u003e\u003cspan class=\"MJXp-math\" id=\"MJXp-Span-331\"\u003e\u003cspan class=\"MJXp-mi MJXp-italic\" id=\"MJXp-Span-332\"\u003eT\u003c/span\u003e\u003c/span\u003e\u003c/span\u003e\u003cscript type=\"math/tex\" id=\"MathJax-Element-43\"\u003eT\u003c/script\u003e，表示测试数据的组数。接下来包含恰好 \u003cspan class=\"MathJax_Preview\" style=\"color: inherit;\"\u003e\u003cspan class=\"MJXp-math\" id=\"MJXp-Span-333\"\u003e\u003cspan class=\"MJXp-mi MJXp-italic\" id=\"MJXp-Span-334\"\u003eT\u003c/span\u003e\u003c/span\u003e\u003c/span\u003e\u003cscript type=\"math/tex\" id=\"MathJax-Element-44\"\u003eT\u003c/script\u003e 组测试数据，每组测试数据具有以下的格式：\u003c/p\u003e\u003cp\u003e第一行是一个正整数 \u003cspan class=\"MathJax_Preview\" style=\"color: inherit;\"\u003e\u003cspan class=\"MJXp-math\" id=\"MJXp-Span-335\"\u003e\u003cspan class=\"MJXp-mi MJXp-italic\" id=\"MJXp-Span-336\"\u003em\u003c/span\u003e\u003c/span\u003e\u003c/span\u003e\u003cscript type=\"math/tex\" id=\"MathJax-Element-45\"\u003em\u003c/script\u003e，表示树的集合中树的个数。接下来按照以下格式输入 \u003cspan class=\"MathJax_Preview\" style=\"color: inherit;\"\u003e\u003cspan class=\"MJXp-math\" id=\"MJXp-Span-337\"\u003e\u003cspan class=\"MJXp-mi MJXp-italic\" id=\"MJXp-Span-338\"\u003em\u003c/span\u003e\u003c/span\u003e\u003c/span\u003e\u003cscript type=\"math/tex\" id=\"MathJax-Element-46\"\u003em\u003c/script\u003e 棵树：\u003c/p\u003e\u003cul\u003e\u003cli\u003e首先是一个正整数 \u003cspan class=\"MathJax_Preview\" style=\"color: inherit;\"\u003e\u003cspan class=\"MJXp-math\" id=\"MJXp-Span-339\"\u003e\u003cspan class=\"MJXp-mi MJXp-italic\" id=\"MJXp-Span-340\"\u003en\u003c/span\u003e\u003c/span\u003e\u003c/span\u003e\u003cscript type=\"math/tex\" id=\"MathJax-Element-47\"\u003en\u003c/script\u003e，表示树中的结点个数，结点编号为 \u003cspan class=\"MathJax_Preview\" style=\"color: inherit;\"\u003e\u003cspan class=\"MJXp-math\" id=\"MJXp-Span-341\"\u003e\u003cspan class=\"MJXp-mn\" id=\"MJXp-Span-342\"\u003e1\u003c/span\u003e\u003cspan class=\"MJXp-mo\" id=\"MJXp-Span-343\" style=\"margin-left: 0em; margin-right: 0.222em;\"\u003e,\u003c/span\u003e\u003cspan class=\"MJXp-mn\" id=\"MJXp-Span-344\"\u003e2\u003c/span\u003e\u003cspan class=\"MJXp-mo\" id=\"MJXp-Span-345\" style=\"margin-left: 0em; margin-right: 0.222em;\"\u003e,\u003c/span\u003e\u003cspan class=\"MJXp-mo\" id=\"MJXp-Span-346\" style=\"margin-left: 0em; margin-right: 0em;\"\u003e⋯\u003c/span\u003e\u003cspan class=\"MJXp-mo\" id=\"MJXp-Span-347\" style=\"margin-left: 0em; margin-right: 0.222em;\"\u003e,\u003c/span\u003e\u003cspan class=\"MJXp-mi MJXp-italic\" id=\"MJXp-Span-348\"\u003en\u003c/span\u003e\u003c/span\u003e\u003c/span\u003e\u003cscript type=\"math/tex\" id=\"MathJax-Element-48\"\u003e1,2,\\cdots,n\u003c/script\u003e；\u003c/li\u003e\n\u003cli\u003e接下来 \u003cspan class=\"MathJax_Preview\" style=\"color: inherit;\"\u003e\u003cspan class=\"MJXp-math\" id=\"MJXp-Span-349\"\u003e\u003cspan class=\"MJXp-mi MJXp-italic\" id=\"MJXp-Span-350\"\u003en\u003c/span\u003e\u003c/span\u003e\u003c/span\u003e\u003cscript type=\"math/tex\" id=\"MathJax-Element-49\"\u003en\u003c/script\u003e 行每行两个非负整数，其中第 \u003cspan class=\"MathJax_Preview\" style=\"color: inherit;\"\u003e\u003cspan class=\"MJXp-math\" id=\"MJXp-Span-351\"\u003e\u003cspan class=\"MJXp-mi MJXp-italic\" id=\"MJXp-Span-352\"\u003ei\u003c/span\u003e\u003c/span\u003e\u003c/span\u003e\u003cscript type=\"math/tex\" id=\"MathJax-Element-50\"\u003ei\u003c/script\u003e 行从左到右包含用空格隔开的 \u003cspan class=\"MathJax_Preview\" style=\"color: inherit;\"\u003e\u003cspan class=\"MJXp-math\" id=\"MJXp-Span-353\"\u003e\u003cspan class=\"MJXp-msubsup\" id=\"MJXp-Span-354\"\u003e\u003cspan class=\"MJXp-mi MJXp-italic\" id=\"MJXp-Span-355\" style=\"margin-right: 0.05em;\"\u003el\u003c/span\u003e\u003cspan class=\"MJXp-mi MJXp-italic MJXp-script\" id=\"MJXp-Span-356\" style=\"vertical-align: -0.4em;\"\u003ei\u003c/span\u003e\u003c/span\u003e\u003c/span\u003e\u003c/span\u003e\u003cscript type=\"math/tex\" id=\"MathJax-Element-51\"\u003el_i\u003c/script\u003e 和 \u003cspan class=\"MathJax_Preview\" style=\"color: inherit;\"\u003e\u003cspan class=\"MJXp-math\" id=\"MJXp-Span-357\"\u003e\u003cspan class=\"MJXp-msubsup\" id=\"MJXp-Span-358\"\u003e\u003cspan class=\"MJXp-mi MJXp-italic\" id=\"MJXp-Span-359\" style=\"margin-right: 0.05em;\"\u003er\u003c/span\u003e\u003cspan class=\"MJXp-mi MJXp-italic MJXp-script\" id=\"MJXp-Span-360\" style=\"vertical-align: -0.4em;\"\u003ei\u003c/span\u003e\u003c/span\u003e\u003c/span\u003e\u003c/span\u003e\u003cscript type=\"math/tex\" id=\"MathJax-Element-52\"\u003er_i\u003c/script\u003e，分别表示 \u003cspan class=\"MathJax_Preview\" style=\"color: inherit;\"\u003e\u003cspan class=\"MJXp-math\" id=\"MJXp-Span-361\"\u003e\u003cspan class=\"MJXp-mi MJXp-italic\" id=\"MJXp-Span-362\"\u003ei\u003c/span\u003e\u003c/span\u003e\u003c/span\u003e\u003cscript type=\"math/tex\" id=\"MathJax-Element-53\"\u003ei\u003c/script\u003e 号结点左、右孩子结点的编号。如果左（或右）孩子不存在，那么 \u003cspan class=\"MathJax_Preview\" style=\"color: inherit;\"\u003e\u003cspan class=\"MJXp-math\" id=\"MJXp-Span-363\"\u003e\u003cspan class=\"MJXp-msubsup\" id=\"MJXp-Span-364\"\u003e\u003cspan class=\"MJXp-mi MJXp-italic\" id=\"MJXp-Span-365\" style=\"margin-right: 0.05em;\"\u003el\u003c/span\u003e\u003cspan class=\"MJXp-mi MJXp-italic MJXp-script\" id=\"MJXp-Span-366\" style=\"vertical-align: -0.4em;\"\u003ei\u003c/span\u003e\u003c/span\u003e\u003c/span\u003e\u003c/span\u003e\u003cscript type=\"math/tex\" id=\"MathJax-Element-54\"\u003el_i\u003c/script\u003e （或 \u003cspan class=\"MathJax_Preview\" style=\"color: inherit;\"\u003e\u003cspan class=\"MJXp-math\" id=\"MJXp-Span-367\"\u003e\u003cspan class=\"MJXp-msubsup\" id=\"MJXp-Span-368\"\u003e\u003cspan class=\"MJXp-mi MJXp-italic\" id=\"MJXp-Span-369\" style=\"margin-right: 0.05em;\"\u003er\u003c/span\u003e\u003cspan class=\"MJXp-mi MJXp-italic MJXp-script\" id=\"MJXp-Span-370\" style=\"vertical-align: -0.4em;\"\u003ei\u003c/span\u003e\u003c/span\u003e\u003c/span\u003e\u003c/span\u003e\u003cscript type=\"math/tex\" id=\"MathJax-Element-55\"\u003er_i\u003c/script\u003e）为 \u003cspan class=\"MathJax_Preview\" style=\"color: inherit;\"\u003e\u003cspan class=\"MJXp-math\" id=\"MJXp-Span-371\"\u003e\u003cspan class=\"MJXp-mn\" id=\"MJXp-Span-372\"\u003e0\u003c/span\u003e\u003c/span\u003e\u003c/span\u003e\u003cscript type=\"math/tex\" id=\"MathJax-Element-56\"\u003e0\u003c/script\u003e。当然，叶结点一定满足 \u003cspan class=\"MathJax_Preview\" style=\"color: inherit;\"\u003e\u003cspan class=\"MJXp-math\" id=\"MJXp-Span-373\"\u003e\u003cspan class=\"MJXp-msubsup\" id=\"MJXp-Span-374\"\u003e\u003cspan class=\"MJXp-mi MJXp-italic\" id=\"MJXp-Span-375\" style=\"margin-right: 0.05em;\"\u003el\u003c/span\u003e\u003cspan class=\"MJXp-mi MJXp-italic MJXp-script\" id=\"MJXp-Span-376\" style=\"vertical-align: -0.4em;\"\u003ei\u003c/span\u003e\u003c/span\u003e\u003cspan class=\"MJXp-mo\" id=\"MJXp-Span-377\" style=\"margin-left: 0.333em; margin-right: 0.333em;\"\u003e=\u003c/span\u003e\u003cspan class=\"MJXp-msubsup\" id=\"MJXp-Span-378\"\u003e\u003cspan class=\"MJXp-mi MJXp-italic\" id=\"MJXp-Span-379\" style=\"margin-right: 0.05em;\"\u003er\u003c/span\u003e\u003cspan class=\"MJXp-mi MJXp-italic MJXp-script\" id=\"MJXp-Span-380\" style=\"vertical-align: -0.4em;\"\u003ei\u003c/span\u003e\u003c/span\u003e\u003cspan class=\"MJXp-mo\" id=\"MJXp-Span-381\" style=\"margin-left: 0.333em; margin-right: 0.333em;\"\u003e=\u003c/span\u003e\u003cspan class=\"MJXp-mn\" id=\"MJXp-Span-382\"\u003e0\u003c/span\u003e\u003c/span\u003e\u003c/span\u003e\u003cscript type=\"math/tex\" id=\"MathJax-Element-57\"\u003el_i=r_i=0\u003c/script\u003e。\u003c/li\u003e\n\u003cli\u003e输入数据保证构成一棵以 \u003cspan class=\"MathJax_Preview\" style=\"color: inherit;\"\u003e\u003cspan class=\"MJXp-math\" id=\"MJXp-Span-383\"\u003e\u003cspan class=\"MJXp-mn\" id=\"MJXp-Span-384\"\u003e1\u003c/span\u003e\u003c/span\u003e\u003c/span\u003e\u003cscript type=\"math/tex\" id=\"MathJax-Element-58\"\u003e1\u003c/script\u003e 号结点作为根结点的树。\u003cstrong\u003e请注意\u003c/strong\u003e：结点的编号只是为了方便输入，任何同构的树都被视为是相同的。\u003c/li\u003e\n\u003c/ul\u003e\u003cp\u003e所输入的 \u003cspan class=\"MathJax_Preview\" style=\"color: inherit;\"\u003e\u003cspan class=\"MJXp-math\" id=\"MJXp-Span-385\"\u003e\u003cspan class=\"MJXp-mi MJXp-italic\" id=\"MJXp-Span-386\"\u003en\u003c/span\u003e\u003c/span\u003e\u003c/span\u003e\u003cscript type=\"math/tex\" id=\"MathJax-Element-59\"\u003en\u003c/script\u003e 棵树中可能存在彼此同构的树；如果去除这些重复的树（即每种同构的树只留下一个），它们可以构成一个树的集合 \u003cspan class=\"MathJax_Preview\" style=\"color: inherit;\"\u003e\u003cspan class=\"MJXp-math\" id=\"MJXp-Span-387\"\u003e\u003cspan class=\"MJXp-mrow\" id=\"MJXp-Span-388\"\u003e\u003cspan class=\"MJXp-mi MJXp-scr\" id=\"MJXp-Span-389\"\u003eT\u003c/span\u003e\u003c/span\u003e\u003c/span\u003e\u003c/span\u003e\u003cscript type=\"math/tex\" id=\"MathJax-Element-60\"\u003e\\mathscr{T}\u003c/script\u003e。你需要判定这一树的集合所生长得到的集合 \u003cspan class=\"MathJax_Preview\" style=\"color: inherit;\"\u003e\u003cspan class=\"MJXp-math\" id=\"MJXp-Span-390\"\u003e\u003cspan class=\"MJXp-mrow\" id=\"MJXp-Span-391\"\u003e\u003cspan class=\"MJXp-mi\" id=\"MJXp-Span-392\"\u003eg\u003c/span\u003e\u003cspan class=\"MJXp-mi\" id=\"MJXp-Span-393\"\u003er\u003c/span\u003e\u003cspan class=\"MJXp-mi\" id=\"MJXp-Span-394\"\u003eo\u003c/span\u003e\u003cspan class=\"MJXp-mi\" id=\"MJXp-Span-395\"\u003ew\u003c/span\u003e\u003c/span\u003e\u003cspan class=\"MJXp-mo\" id=\"MJXp-Span-396\" style=\"margin-left: 0em; margin-right: 0em;\"\u003e(\u003c/span\u003e\u003cspan class=\"MJXp-mrow\" id=\"MJXp-Span-397\"\u003e\u003cspan class=\"MJXp-mi MJXp-scr\" id=\"MJXp-Span-398\"\u003eT\u003c/span\u003e\u003c/span\u003e\u003cspan class=\"MJXp-mo\" id=\"MJXp-Span-399\" style=\"margin-left: 0em; margin-right: 0em;\"\u003e)\u003c/span\u003e\u003c/span\u003e\u003c/span\u003e\u003cscript type=\"math/tex\" id=\"MathJax-Element-61\"\u003e\\mathrm{grow}(\\mathscr{T})\u003c/script\u003e  是否是几乎完备的。\u003c/p\u003e",
      "misc": ""
    },
    {
      "title": "输出格式",
      "content": "\u003cp\u003e输出包含 \u003cspan class=\"MathJax_Preview\" style=\"color: inherit;\"\u003e\u003cspan class=\"MJXp-math\" id=\"MJXp-Span-400\"\u003e\u003cspan class=\"MJXp-mi MJXp-italic\" id=\"MJXp-Span-401\"\u003eT\u003c/span\u003e\u003c/span\u003e\u003c/span\u003e\u003cscript type=\"math/tex\" id=\"MathJax-Element-62\"\u003eT\u003c/script\u003e 行，分别表示 \u003cspan class=\"MathJax_Preview\" style=\"color: inherit;\"\u003e\u003cspan class=\"MJXp-math\" id=\"MJXp-Span-402\"\u003e\u003cspan class=\"MJXp-mi MJXp-italic\" id=\"MJXp-Span-403\"\u003eT\u003c/span\u003e\u003c/span\u003e\u003c/span\u003e\u003cscript type=\"math/tex\" id=\"MathJax-Element-63\"\u003eT\u003c/script\u003e 组测试数据的答案。其中，第 \u003cspan class=\"MathJax_Preview\" style=\"color: inherit;\"\u003e\u003cspan class=\"MJXp-math\" id=\"MJXp-Span-404\"\u003e\u003cspan class=\"MJXp-mi MJXp-italic\" id=\"MJXp-Span-405\"\u003ei\u003c/span\u003e\u003c/span\u003e\u003c/span\u003e\u003cscript type=\"math/tex\" id=\"MathJax-Element-64\"\u003ei\u003c/script\u003e 行输出一个字符串：如果第 \u003cspan class=\"MathJax_Preview\" style=\"color: inherit;\"\u003e\u003cspan class=\"MJXp-math\" id=\"MJXp-Span-406\"\u003e\u003cspan class=\"MJXp-mi MJXp-italic\" id=\"MJXp-Span-407\"\u003ei\u003c/span\u003e\u003c/span\u003e\u003c/span\u003e\u003cscript type=\"math/tex\" id=\"MathJax-Element-65\"\u003ei\u003c/script\u003e 组测试数据所输入的树的集合所生长得到的集合是几乎完备的（换言之，仅有有限棵树不能被其生长得到），那么输出 \u003ccode\u003eAlmost Complete\u003c/code\u003e；否则输出 \u003ccode\u003eNo\u003c/code\u003e。\u003cstrong\u003e请注意输出字符串的拼写和大小写\u003c/strong\u003e。\u003c/p\u003e",
      "misc": ""
    },
    {
      "title": "数据范围",
      "content": "\u003cp\u003e\u003cstrong\u003e全部数据满足：\u003c/strong\u003e\u003cspan class=\"MathJax_Preview\" style=\"color: inherit;\"\u003e\u003cspan class=\"MJXp-math\" id=\"MJXp-Span-465\"\u003e\u003cspan class=\"MJXp-mo\" id=\"MJXp-Span-466\" style=\"margin-left: 0.111em; margin-right: 0.167em;\"\u003e∑\u003c/span\u003e\u003cspan class=\"MJXp-mi MJXp-italic\" id=\"MJXp-Span-467\"\u003en\u003c/span\u003e\u003cspan class=\"MJXp-mo\" id=\"MJXp-Span-468\" style=\"margin-left: 0.333em; margin-right: 0.333em;\"\u003e≤\u003c/span\u003e\u003cspan class=\"MJXp-mn\" id=\"MJXp-Span-469\"\u003e2\u003c/span\u003e\u003cspan class=\"MJXp-mo\" id=\"MJXp-Span-470\" style=\"margin-left: 0.267em; margin-right: 0.267em;\"\u003e×\u003c/span\u003e\u003cspan class=\"MJXp-msubsup\" id=\"MJXp-Span-471\"\u003e\u003cspan class=\"MJXp-mn\" id=\"MJXp-Span-472\" style=\"margin-right: 0.05em;\"\u003e10\u003c/span\u003e\u003cspan class=\"MJXp-mn MJXp-script\" id=\"MJXp-Span-473\" style=\"vertical-align: 0.5em;\"\u003e6\u003c/span\u003e\u003c/span\u003e\u003c/span\u003e\u003c/span\u003e\u003cscript type=\"math/tex\" id=\"MathJax-Element-76\"\u003e\\sum n \\le 2 \\times 10^6\u003c/script\u003e，\u003cspan class=\"MathJax_Preview\" style=\"color: inherit;\"\u003e\u003cspan class=\"MJXp-math\" id=\"MJXp-Span-474\"\u003e\u003cspan class=\"MJXp-mo\" id=\"MJXp-Span-475\" style=\"margin-left: 0.111em; margin-right: 0.167em;\"\u003e∑\u003c/span\u003e\u003cspan class=\"MJXp-mi MJXp-italic\" id=\"MJXp-Span-476\"\u003em\u003c/span\u003e\u003cspan class=\"MJXp-mo\" id=\"MJXp-Span-477\" style=\"margin-left: 0.333em; margin-right: 0.333em;\"\u003e≤\u003c/span\u003e\u003cspan class=\"MJXp-mn\" id=\"MJXp-Span-478\"\u003e2\u003c/span\u003e\u003cspan class=\"MJXp-mo\" id=\"MJXp-Span-479\" style=\"margin-left: 0.267em; margin-right: 0.267em;\"\u003e×\u003c/span\u003e\u003cspan class=\"MJXp-msubsup\" id=\"MJXp-Span-480\"\u003e\u003cspan class=\"MJXp-mn\" id=\"MJXp-Span-481\" style=\"margin-right: 0.05em;\"\u003e10\u003c/span\u003e\u003cspan class=\"MJXp-mn MJXp-script\" id=\"MJXp-Span-482\" style=\"vertical-align: 0.5em;\"\u003e6\u003c/span\u003e\u003c/span\u003e\u003c/span\u003e\u003c/span\u003e\u003cscript type=\"math/tex\" id=\"MathJax-Element-77\"\u003e\\sum m \\le 2 \\times 10^6\u003c/script\u003e，\u003cspan class=\"MathJax_Preview\" style=\"color: inherit;\"\u003e\u003cspan class=\"MJXp-math\" id=\"MJXp-Span-485\"\u003e\u003cspan class=\"MJXp-mo\" id=\"MJXp-Span-486\" style=\"margin-left: 0.333em; margin-right: 0.333em;\"\u003emax\u003c/span\u003e\u003cspan class=\"MJXp-mi MJXp-italic\" id=\"MJXp-Span-487\"\u003eh\u003c/span\u003e\u003cspan class=\"MJXp-mo\" id=\"MJXp-Span-488\" style=\"margin-left: 0.333em; margin-right: 0.333em;\"\u003e≤\u003c/span\u003e\u003cspan class=\"MJXp-mn\" id=\"MJXp-Span-489\"\u003e2\u003c/span\u003e\u003cspan class=\"MJXp-mo\" id=\"MJXp-Span-490\" style=\"margin-left: 0.267em; margin-right: 0.267em;\"\u003e×\u003c/span\u003e\u003cspan class=\"MJXp-msubsup\" id=\"MJXp-Span-491\"\u003e\u003cspan class=\"MJXp-mn\" id=\"MJXp-Span-492\" style=\"margin-right: 0.05em;\"\u003e10\u003c/span\u003e\u003cspan class=\"MJXp-mn MJXp-script\" id=\"MJXp-Span-493\" style=\"vertical-align: 0.5em;\"\u003e6\u003c/span\u003e\u003c/span\u003e\u003c/span\u003e\u003c/span\u003e\u003cscript type=\"math/tex\" id=\"MathJax-Element-78\"\u003e\\max h \\le 2 \\times 10^6\u003c/script\u003e，\u003cspan class=\"MathJax_Preview\" style=\"color: inherit;\"\u003e\u003cspan class=\"MJXp-math\" id=\"MJXp-Span-494\"\u003e\u003cspan class=\"MJXp-mi MJXp-italic\" id=\"MJXp-Span-495\"\u003eT\u003c/span\u003e\u003cspan class=\"MJXp-mo\" id=\"MJXp-Span-496\" style=\"margin-left: 0.333em; margin-right: 0.333em;\"\u003e≤\u003c/span\u003e\u003cspan class=\"MJXp-msubsup\" id=\"MJXp-Span-497\"\u003e\u003cspan class=\"MJXp-mn\" id=\"MJXp-Span-498\" style=\"margin-right: 0.05em;\"\u003e10\u003c/span\u003e\u003cspan class=\"MJXp-mn MJXp-script\" id=\"MJXp-Span-499\" style=\"vertical-align: 0.5em;\"\u003e2\u003c/span\u003e\u003c/span\u003e\u003c/span\u003e\u003c/span\u003e\u003cscript type=\"math/tex\" id=\"MathJax-Element-79\"\u003eT \\le 10^2\u003c/script\u003e。其中，\u003cspan class=\"MathJax_Preview\" style=\"color: inherit;\"\u003e\u003cspan class=\"MJXp-math\" id=\"MJXp-Span-500\"\u003e\u003cspan class=\"MJXp-mo\" id=\"MJXp-Span-501\" style=\"margin-left: 0.111em; margin-right: 0.167em;\"\u003e∑\u003c/span\u003e\u003cspan class=\"MJXp-mi MJXp-italic\" id=\"MJXp-Span-502\"\u003en\u003c/span\u003e\u003c/span\u003e\u003c/span\u003e\u003cscript type=\"math/tex\" id=\"MathJax-Element-80\"\u003e\\sum n\u003c/script\u003e 表示这一测试点所有测试数据中所出现的所有树的结点个数之和；\u003cspan class=\"MathJax_Preview\" style=\"color: inherit;\"\u003e\u003cspan class=\"MJXp-math\" id=\"MJXp-Span-503\"\u003e\u003cspan class=\"MJXp-mo\" id=\"MJXp-Span-504\" style=\"margin-left: 0.111em; margin-right: 0.167em;\"\u003e∑\u003c/span\u003e\u003cspan class=\"MJXp-mi MJXp-italic\" id=\"MJXp-Span-505\"\u003em\u003c/span\u003e\u003c/span\u003e\u003c/span\u003e\u003cscript type=\"math/tex\" id=\"MathJax-Element-81\"\u003e\\sum m\u003c/script\u003e 表示这一测试点中所有测试数据中所出现的树的个数；\u003cspan class=\"MathJax_Preview\" style=\"color: inherit;\"\u003e\u003cspan class=\"MJXp-math\" id=\"MJXp-Span-506\"\u003e\u003cspan class=\"MJXp-mo\" id=\"MJXp-Span-507\" style=\"margin-left: 0.333em; margin-right: 0.333em;\"\u003emax\u003c/span\u003e\u003cspan class=\"MJXp-mi MJXp-italic\" id=\"MJXp-Span-508\"\u003eh\u003c/span\u003e\u003c/span\u003e\u003c/span\u003e\u003cscript type=\"math/tex\" id=\"MathJax-Element-82\"\u003e\\max h\u003c/script\u003e 表示这一测试点中所出现的所有树的最高高度（仅包含一个结点的树高度为 \u003cspan class=\"MathJax_Preview\" style=\"color: inherit;\"\u003e\u003cspan class=\"MJXp-math\" id=\"MJXp-Span-509\"\u003e\u003cspan class=\"MJXp-mn\" id=\"MJXp-Span-510\"\u003e1\u003c/span\u003e\u003c/span\u003e\u003c/span\u003e\u003cscript type=\"math/tex\" id=\"MathJax-Element-83\"\u003e1\u003c/script\u003e）。下表中的表项 \u003cspan class=\"MathJax_Preview\" style=\"color: inherit;\"\u003e\u003cspan class=\"MJXp-math\" id=\"MJXp-Span-511\"\u003e\u003cspan class=\"MJXp-mo\" id=\"MJXp-Span-512\" style=\"margin-left: 0.111em; margin-right: 0.167em;\"\u003e∑\u003c/span\u003e\u003cspan class=\"MJXp-mi MJXp-italic\" id=\"MJXp-Span-513\"\u003en\u003c/span\u003e\u003c/span\u003e\u003c/span\u003e\u003cscript type=\"math/tex\" id=\"MathJax-Element-84\"\u003e\\sum n\u003c/script\u003e，\u003cspan class=\"MathJax_Preview\" style=\"color: inherit;\"\u003e\u003cspan class=\"MJXp-math\" id=\"MJXp-Span-514\"\u003e\u003cspan class=\"MJXp-mo\" id=\"MJXp-Span-515\" style=\"margin-left: 0.111em; margin-right: 0.167em;\"\u003e∑\u003c/span\u003e\u003cspan class=\"MJXp-mi MJXp-italic\" id=\"MJXp-Span-516\"\u003em\u003c/span\u003e\u003c/span\u003e\u003c/span\u003e\u003cscript type=\"math/tex\" id=\"MathJax-Element-85\"\u003e\\sum m\u003c/script\u003e 和 \u003cspan class=\"MathJax_Preview\" style=\"color: inherit;\"\u003e\u003cspan class=\"MJXp-math\" id=\"MJXp-Span-517\"\u003e\u003cspan class=\"MJXp-mo\" id=\"MJXp-Span-518\" style=\"margin-left: 0.333em; margin-right: 0.333em;\"\u003emax\u003c/span\u003e\u003cspan class=\"MJXp-mi MJXp-italic\" id=\"MJXp-Span-519\"\u003eh\u003c/span\u003e\u003c/span\u003e\u003c/span\u003e\u003cscript type=\"math/tex\" id=\"MathJax-Element-86\"\u003e\\max h\u003c/script\u003e 含义与上面相同，描述了每一组测试点的数据范围。\u003c/p\u003e\u003cp\u003e\u003cstrong\u003e特殊性质：\u003c/strong\u003e下面是下表中会涉及的四种特殊性质的解释。\u003c/p\u003e\u003cul\u003e\u003cli\u003e特殊性质 1：对于这一测试点中的每一组测试数据，都有 \u003cspan class=\"MathJax_Preview\" style=\"color: inherit;\"\u003e\u003cspan class=\"MJXp-math\" id=\"MJXp-Span-520\"\u003e\u003cspan class=\"MJXp-mi MJXp-italic\" id=\"MJXp-Span-521\"\u003em\u003c/span\u003e\u003cspan class=\"MJXp-mo\" id=\"MJXp-Span-522\" style=\"margin-left: 0.333em; margin-right: 0.333em;\"\u003e≤\u003c/span\u003e\u003cspan class=\"MJXp-mn\" id=\"MJXp-Span-523\"\u003e4\u003c/span\u003e\u003c/span\u003e\u003c/span\u003e\u003cscript type=\"math/tex\" id=\"MathJax-Element-87\"\u003em \\le 4\u003c/script\u003e，即树的集合中包括不超过 \u003cspan class=\"MathJax_Preview\" style=\"color: inherit;\"\u003e\u003cspan class=\"MJXp-math\" id=\"MJXp-Span-524\"\u003e\u003cspan class=\"MJXp-mn\" id=\"MJXp-Span-525\"\u003e4\u003c/span\u003e\u003c/span\u003e\u003c/span\u003e\u003cscript type=\"math/tex\" id=\"MathJax-Element-88\"\u003e4\u003c/script\u003e 棵树；\u003c/li\u003e\n\u003cli\u003e特殊性质 2：对于这一测试点中的每一组测试数据，树的集合中所有的树具有相同的高度；\u003c/li\u003e\n\u003cli\u003e特殊性质 3：对于这一测试点中的每一组测试数据，树的集合仅包含链（换言之，每个非叶结点仅包含一个孩子）；\u003c/li\u003e\n\u003cli\u003e特殊性质 4：对于这一测试点中的每一组测试数据，树的集合仅包含满足以下两个条件之一的树：\u003cul\u003e\u003cli\u003e每个非叶结点仅包含一个孩子；\u003c/li\u003e\n\u003cli\u003e恰好有两个叶结点，它们具有相同的父结点，并且除这三个结点外，其余结点均有且仅有一个孩子。\u003c/li\u003e\n\u003c/ul\u003e\u003c/li\u003e\n\u003c/ul\u003e\u003cp\u003e每个测试点的具体限制见下表：\u003c/p\u003e\u003cdiv class=\"table-responsive\"\u003e\n\u003ctable class=\"table table-bordered table-text-center table-vertical-middle\"\u003e\u003cthead\u003e\u003ctr\u003e\u003cth\u003e测试点编号\u003c/th\u003e\n\u003cth\u003e\u003cspan class=\"MathJax_Preview\" style=\"color: inherit;\"\u003e\u003cspan class=\"MJXp-math\" id=\"MJXp-Span-526\"\u003e\u003cspan class=\"MJXp-mi MJXp-italic\" id=\"MJXp-Span-527\"\u003eT\u003c/span\u003e\u003c/span\u003e\u003c/span\u003e\u003cscript type=\"math/tex\" id=\"MathJax-Element-89\"\u003eT\u003c/script\u003e\u003c/th\u003e\n\u003cth\u003e\u003cspan class=\"MathJax_Preview\" style=\"color: inherit;\"\u003e\u003cspan class=\"MJXp-math\" id=\"MJXp-Span-528\"\u003e\u003cspan class=\"MJXp-mo\" id=\"MJXp-Span-529\" style=\"margin-left: 0.111em; margin-right: 0.167em;\"\u003e∑\u003c/span\u003e\u003cspan class=\"MJXp-mi MJXp-italic\" id=\"MJXp-Span-530\"\u003en\u003c/span\u003e\u003c/span\u003e\u003c/span\u003e\u003cscript type=\"math/tex\" id=\"MathJax-Element-90\"\u003e\\sum n\u003c/script\u003e\u003c/th\u003e\n\u003cth\u003e\u003cspan class=\"MathJax_Preview\" style=\"color: inherit;\"\u003e\u003cspan class=\"MJXp-math\" id=\"MJXp-Span-531\"\u003e\u003cspan class=\"MJXp-mo\" id=\"MJXp-Span-532\" style=\"margin-left: 0.111em; margin-right: 0.167em;\"\u003e∑\u003c/span\u003e\u003cspan class=\"MJXp-mi MJXp-italic\" id=\"MJXp-Span-533\"\u003em\u003c/span\u003e\u003c/span\u003e\u003c/span\u003e\u003cscript type=\"math/tex\" id=\"MathJax-Element-91\"\u003e\\sum m\u003c/script\u003e\u003c/th\u003e\n\u003cth\u003e\u003cspan class=\"MathJax_Preview\" style=\"color: inherit;\"\u003e\u003cspan class=\"MJXp-math\" id=\"MJXp-Span-534\"\u003e\u003cspan class=\"MJXp-mo\" id=\"MJXp-Span-535\" style=\"margin-left: 0.333em; margin-right: 0.333em;\"\u003emax\u003c/span\u003e\u003cspan class=\"MJXp-mi MJXp-italic\" id=\"MJXp-Span-536\"\u003eh\u003c/span\u003e\u003c/span\u003e\u003c/span\u003e\u003cscript type=\"math/tex\" id=\"MathJax-Element-92\"\u003e\\max h\u003c/script\u003e\u003c/th\u003e\n\u003cth\u003e特殊性质\u003c/th\u003e\n\u003c/tr\u003e\u003c/thead\u003e\u003ctbody\u003e\u003ctr\u003e\u003ctd\u003e1\u003c/td\u003e\n\u003ctd rowspan=\"9\"\u003e\u003cspan class=\"MathJax_Preview\" style=\"color: inherit;\"\u003e\u003cspan class=\"MJXp-math\" id=\"MJXp-Span-537\"\u003e\u003cspan class=\"MJXp-mn\" id=\"MJXp-Span-538\"\u003e100\u003c/span\u003e\u003c/span\u003e\u003c/span\u003e\u003cscript type=\"math/tex\" id=\"MathJax-Element-93\"\u003e100\u003c/script\u003e        \u003c/td\u003e\n\u003ctd colspan=\"2\" rowspan=\"3\"\u003e\u003cspan class=\"MathJax_Preview\" style=\"color: inherit;\"\u003e\u003cspan class=\"MJXp-math\" id=\"MJXp-Span-539\"\u003e\u003cspan class=\"MJXp-mo\" id=\"MJXp-Span-540\" style=\"margin-left: 0.333em; margin-right: 0.333em;\"\u003e≤\u003c/span\u003e\u003cspan class=\"MJXp-mn\" id=\"MJXp-Span-541\"\u003e1000\u003c/span\u003e\u003c/span\u003e\u003c/span\u003e\u003cscript type=\"math/tex\" id=\"MathJax-Element-94\"\u003e\\le 1000\u003c/script\u003e   \u003c/td\u003e\n\u003ctd\u003e\u003cspan class=\"MathJax_Preview\" style=\"color: inherit;\"\u003e\u003cspan class=\"MJXp-math\" id=\"MJXp-Span-542\"\u003e\u003cspan class=\"MJXp-mo\" id=\"MJXp-Span-543\" style=\"margin-left: 0.333em; margin-right: 0.333em;\"\u003e≤\u003c/span\u003e\u003cspan class=\"MJXp-mn\" id=\"MJXp-Span-544\"\u003e1\u003c/span\u003e\u003c/span\u003e\u003c/span\u003e\u003cscript type=\"math/tex\" id=\"MathJax-Element-95\"\u003e\\le 1\u003c/script\u003e\u003c/td\u003e\n\u003ctd\u003e无\u003c/td\u003e\n\u003c/tr\u003e\u003ctr\u003e\u003ctd\u003e2\u003c/td\u003e\n\u003ctd rowspan=\"2\"\u003e\u003cspan class=\"MathJax_Preview\" style=\"color: inherit;\"\u003e\u003cspan class=\"MJXp-math\" id=\"MJXp-Span-545\"\u003e\u003cspan class=\"MJXp-mo\" id=\"MJXp-Span-546\" style=\"margin-left: 0.333em; margin-right: 0.333em;\"\u003e≤\u003c/span\u003e\u003cspan class=\"MJXp-mn\" id=\"MJXp-Span-547\"\u003e2\u003c/span\u003e\u003c/span\u003e\u003c/span\u003e\u003cscript type=\"math/tex\" id=\"MathJax-Element-96\"\u003e\\le 2\u003c/script\u003e\u003c/td\u003e\n\u003ctd rowspan=\"2\"\u003e性质 1 \u003c/td\u003e\n\u003c/tr\u003e\u003ctr\u003e\u003ctd\u003e3\u003c/td\u003e\n\u003c/tr\u003e\u003ctr\u003e\u003ctd\u003e4\u003c/td\u003e\n\u003ctd colspan=\"2\" rowspan=\"6\"\u003e\u003cspan class=\"MathJax_Preview\" style=\"color: inherit;\"\u003e\u003cspan class=\"MJXp-math\" id=\"MJXp-Span-548\"\u003e\u003cspan class=\"MJXp-mo\" id=\"MJXp-Span-549\" style=\"margin-left: 0.333em; margin-right: 0.333em;\"\u003e≤\u003c/span\u003e\u003cspan class=\"MJXp-mn\" id=\"MJXp-Span-550\"\u003e1000000\u003c/span\u003e\u003c/span\u003e\u003c/span\u003e\u003cscript type=\"math/tex\" id=\"MathJax-Element-97\"\u003e\\le 1000000\u003c/script\u003e\u003c/td\u003e\n\u003ctd\u003e\u003cspan class=\"MathJax_Preview\" style=\"color: inherit;\"\u003e\u003cspan class=\"MJXp-math\" id=\"MJXp-Span-551\"\u003e\u003cspan class=\"MJXp-mo\" id=\"MJXp-Span-552\" style=\"margin-left: 0.333em; margin-right: 0.333em;\"\u003e≤\u003c/span\u003e\u003cspan class=\"MJXp-mn\" id=\"MJXp-Span-553\"\u003e4\u003c/span\u003e\u003c/span\u003e\u003c/span\u003e\u003cscript type=\"math/tex\" id=\"MathJax-Element-98\"\u003e\\le 4\u003c/script\u003e\u003c/td\u003e\n\u003ctd\u003e无\u003c/td\u003e\n\u003c/tr\u003e\u003ctr\u003e\u003ctd\u003e5\u003c/td\u003e\n\u003ctd\u003e\u003cspan class=\"MathJax_Preview\" style=\"color: inherit;\"\u003e\u003cspan class=\"MJXp-math\" id=\"MJXp-Span-554\"\u003e\u003cspan class=\"MJXp-mo\" id=\"MJXp-Span-555\" style=\"margin-left: 0.333em; margin-right: 0.333em;\"\u003e≤\u003c/span\u003e\u003cspan class=\"MJXp-mn\" id=\"MJXp-Span-556\"\u003e5\u003c/span\u003e\u003c/span\u003e\u003c/span\u003e\u003cscript type=\"math/tex\" id=\"MathJax-Element-99\"\u003e\\le 5\u003c/script\u003e\u003c/td\u003e\n\u003ctd\u003e性质 2\u003c/td\u003e\n\u003c/tr\u003e\u003ctr\u003e\u003ctd\u003e6\u003c/td\u003e\n\u003ctd\u003e\u003cspan class=\"MathJax_Preview\" style=\"color: inherit;\"\u003e\u003cspan class=\"MJXp-math\" id=\"MJXp-Span-557\"\u003e\u003cspan class=\"MJXp-mo\" id=\"MJXp-Span-558\" style=\"margin-left: 0.333em; margin-right: 0.333em;\"\u003e≤\u003c/span\u003e\u003cspan class=\"MJXp-mn\" id=\"MJXp-Span-559\"\u003e8\u003c/span\u003e\u003c/span\u003e\u003c/span\u003e\u003cscript type=\"math/tex\" id=\"MathJax-Element-100\"\u003e\\le 8\u003c/script\u003e\u003c/td\u003e\n\u003ctd\u003e无\u003c/td\u003e\n\u003c/tr\u003e\u003ctr\u003e\u003ctd\u003e7\u003c/td\u003e\n\u003ctd\u003e\u003cspan class=\"MathJax_Preview\" style=\"color: inherit;\"\u003e\u003cspan class=\"MJXp-math\" id=\"MJXp-Span-560\"\u003e\u003cspan class=\"MJXp-mo\" id=\"MJXp-Span-561\" style=\"margin-left: 0.333em; margin-right: 0.333em;\"\u003e≤\u003c/span\u003e\u003cspan class=\"MJXp-mn\" id=\"MJXp-Span-562\"\u003e9\u003c/span\u003e\u003c/span\u003e\u003c/span\u003e\u003cscript type=\"math/tex\" id=\"MathJax-Element-101\"\u003e\\le 9\u003c/script\u003e\u003c/td\u003e\n\u003ctd\u003e性质 2\u003c/td\u003e\n\u003c/tr\u003e\u003ctr\u003e\u003ctd\u003e8\u003c/td\u003e\n\u003ctd\u003e\u003cspan class=\"MathJax_Preview\" style=\"color: inherit;\"\u003e\u003cspan class=\"MJXp-math\" id=\"MJXp-Span-563\"\u003e\u003cspan class=\"MJXp-mo\" id=\"MJXp-Span-564\" style=\"margin-left: 0.333em; margin-right: 0.333em;\"\u003e≤\u003c/span\u003e\u003cspan class=\"MJXp-mn\" id=\"MJXp-Span-565\"\u003e10\u003c/span\u003e\u003c/span\u003e\u003c/span\u003e\u003cscript type=\"math/tex\" id=\"MathJax-Element-102\"\u003e\\le 10\u003c/script\u003e\u003c/td\u003e\n\u003ctd\u003e无\u003c/td\u003e\n\u003c/tr\u003e\u003ctr\u003e\u003ctd\u003e9\u003c/td\u003e\n\u003ctd\u003e\u003cspan class=\"MathJax_Preview\" style=\"color: inherit;\"\u003e\u003cspan class=\"MJXp-math\" id=\"MJXp-Span-566\"\u003e\u003cspan class=\"MJXp-mo\" id=\"MJXp-Span-567\" style=\"margin-left: 0.333em; margin-right: 0.333em;\"\u003e≤\u003c/span\u003e\u003cspan class=\"MJXp-mn\" id=\"MJXp-Span-568\"\u003e1000000\u003c/span\u003e\u003c/span\u003e\u003c/span\u003e\u003cscript type=\"math/tex\" id=\"MathJax-Element-103\"\u003e\\le 1000000\u003c/script\u003e\u003c/td\u003e\n\u003ctd\u003e性质 3\u003c/td\u003e\n\u003c/tr\u003e\u003ctr\u003e\u003ctd\u003e10\u003c/td\u003e\n\u003ctd rowspan=\"7\"\u003e\u003cspan class=\"MathJax_Preview\" style=\"color: inherit;\"\u003e\u003cspan class=\"MJXp-math\" id=\"MJXp-Span-569\"\u003e\u003cspan class=\"MJXp-mn\" id=\"MJXp-Span-570\"\u003e20\u003c/span\u003e\u003c/span\u003e\u003c/span\u003e\u003cscript type=\"math/tex\" id=\"MathJax-Element-104\"\u003e20\u003c/script\u003e         \u003c/td\u003e\n\u003ctd\u003e\u003cspan class=\"MathJax_Preview\" style=\"color: inherit;\"\u003e\u003cspan class=\"MJXp-math\" id=\"MJXp-Span-571\"\u003e\u003cspan class=\"MJXp-mo\" id=\"MJXp-Span-572\" style=\"margin-left: 0.333em; margin-right: 0.333em;\"\u003e≤\u003c/span\u003e\u003cspan class=\"MJXp-mn\" id=\"MJXp-Span-573\"\u003e1000\u003c/span\u003e\u003c/span\u003e\u003c/span\u003e\u003cscript type=\"math/tex\" id=\"MathJax-Element-105\"\u003e\\le 1000\u003c/script\u003e\u003c/td\u003e\n\u003ctd\u003e\u003cspan class=\"MathJax_Preview\" style=\"color: inherit;\"\u003e\u003cspan class=\"MJXp-math\" id=\"MJXp-Span-574\"\u003e\u003cspan class=\"MJXp-mo\" id=\"MJXp-Span-575\" style=\"margin-left: 0.333em; margin-right: 0.333em;\"\u003e≤\u003c/span\u003e\u003cspan class=\"MJXp-mn\" id=\"MJXp-Span-576\"\u003e100\u003c/span\u003e\u003c/span\u003e\u003c/span\u003e\u003cscript type=\"math/tex\" id=\"MathJax-Element-106\"\u003e\\le 100\u003c/script\u003e\u003c/td\u003e\n\u003ctd\u003e\u003cspan class=\"MathJax_Preview\" style=\"color: inherit;\"\u003e\u003cspan class=\"MJXp-math\" id=\"MJXp-Span-577\"\u003e\u003cspan class=\"MJXp-mo\" id=\"MJXp-Span-578\" style=\"margin-left: 0.333em; margin-right: 0.333em;\"\u003e≤\u003c/span\u003e\u003cspan class=\"MJXp-mn\" id=\"MJXp-Span-579\"\u003e1000\u003c/span\u003e\u003c/span\u003e\u003c/span\u003e\u003cscript type=\"math/tex\" id=\"MathJax-Element-107\"\u003e\\le 1000\u003c/script\u003e\u003c/td\u003e\n\u003ctd rowspan=\"4\"\u003e性质 4 \u003c/td\u003e\n\u003c/tr\u003e\u003ctr\u003e\u003ctd\u003e11\u003c/td\u003e\n\u003ctd colspan=\"3\"\u003e\u003cspan class=\"MathJax_Preview\" style=\"color: inherit;\"\u003e\u003cspan class=\"MJXp-math\" id=\"MJXp-Span-580\"\u003e\u003cspan class=\"MJXp-mo\" id=\"MJXp-Span-581\" style=\"margin-left: 0.333em; margin-right: 0.333em;\"\u003e≤\u003c/span\u003e\u003cspan class=\"MJXp-mn\" id=\"MJXp-Span-582\"\u003e2000\u003c/span\u003e\u003c/span\u003e\u003c/span\u003e\u003cscript type=\"math/tex\" id=\"MathJax-Element-108\"\u003e\\le 2000\u003c/script\u003e        \u003c/td\u003e\n\u003c/tr\u003e\u003ctr\u003e\u003ctd\u003e12\u003c/td\u003e\n\u003ctd colspan=\"3\"\u003e\u003cspan class=\"MathJax_Preview\" style=\"color: inherit;\"\u003e\u003cspan class=\"MJXp-math\" id=\"MJXp-Span-583\"\u003e\u003cspan class=\"MJXp-mo\" id=\"MJXp-Span-584\" style=\"margin-left: 0.333em; margin-right: 0.333em;\"\u003e≤\u003c/span\u003e\u003cspan class=\"MJXp-mn\" id=\"MJXp-Span-585\"\u003e100000\u003c/span\u003e\u003c/span\u003e\u003c/span\u003e\u003cscript type=\"math/tex\" id=\"MathJax-Element-109\"\u003e\\le 100000\u003c/script\u003e      \u003c/td\u003e\n\u003c/tr\u003e\u003ctr\u003e\u003ctd\u003e13\u003c/td\u003e\n\u003ctd colspan=\"3\"\u003e\u003cspan class=\"MathJax_Preview\" style=\"color: inherit;\"\u003e\u003cspan class=\"MJXp-math\" id=\"MJXp-Span-586\"\u003e\u003cspan class=\"MJXp-mo\" id=\"MJXp-Span-587\" style=\"margin-left: 0.333em; margin-right: 0.333em;\"\u003e≤\u003c/span\u003e\u003cspan class=\"MJXp-mn\" id=\"MJXp-Span-588\"\u003e200000\u003c/span\u003e\u003c/span\u003e\u003c/span\u003e\u003cscript type=\"math/tex\" id=\"MathJax-Element-110\"\u003e\\le 200000\u003c/script\u003e      \u003c/td\u003e\n\u003c/tr\u003e\u003ctr\u003e\u003ctd\u003e14\u003c/td\u003e\n\u003ctd\u003e\u003cspan class=\"MathJax_Preview\" style=\"color: inherit;\"\u003e\u003cspan class=\"MJXp-math\" id=\"MJXp-Span-589\"\u003e\u003cspan class=\"MJXp-mo\" id=\"MJXp-Span-590\" style=\"margin-left: 0.333em; margin-right: 0.333em;\"\u003e≤\u003c/span\u003e\u003cspan class=\"MJXp-mn\" id=\"MJXp-Span-591\"\u003e800\u003c/span\u003e\u003c/span\u003e\u003c/span\u003e\u003cscript type=\"math/tex\" id=\"MathJax-Element-111\"\u003e\\le 800\u003c/script\u003e\u003c/td\u003e\n\u003ctd\u003e\u003cspan class=\"MathJax_Preview\" style=\"color: inherit;\"\u003e\u003cspan class=\"MJXp-math\" id=\"MJXp-Span-592\"\u003e\u003cspan class=\"MJXp-mo\" id=\"MJXp-Span-593\" style=\"margin-left: 0.333em; margin-right: 0.333em;\"\u003e≤\u003c/span\u003e\u003cspan class=\"MJXp-mn\" id=\"MJXp-Span-594\"\u003e200\u003c/span\u003e\u003c/span\u003e\u003c/span\u003e\u003cscript type=\"math/tex\" id=\"MathJax-Element-112\"\u003e\\le 200\u003c/script\u003e\u003c/td\u003e\n\u003ctd\u003e\u003cspan class=\"MathJax_Preview\" style=\"color: inherit;\"\u003e\u003cspan class=\"MJXp-math\" id=\"MJXp-Span-595\"\u003e\u003cspan class=\"MJXp-mo\" id=\"MJXp-Span-596\" style=\"margin-left: 0.333em; margin-right: 0.333em;\"\u003e≤\u003c/span\u003e\u003cspan class=\"MJXp-mn\" id=\"MJXp-Span-597\"\u003e800\u003c/span\u003e\u003c/span\u003e\u003c/span\u003e\u003cscript type=\"math/tex\" id=\"MathJax-Element-113\"\u003e\\le 800\u003c/script\u003e\u003c/td\u003e\n\u003ctd rowspan=\"12\"\u003e无    \u003c/td\u003e\n\u003c/tr\u003e\u003ctr\u003e\u003ctd\u003e15\u003c/td\u003e\n\u003ctd\u003e\u003cspan class=\"MathJax_Preview\" style=\"color: inherit;\"\u003e\u003cspan class=\"MJXp-math\" id=\"MJXp-Span-598\"\u003e\u003cspan class=\"MJXp-mo\" id=\"MJXp-Span-599\" style=\"margin-left: 0.333em; margin-right: 0.333em;\"\u003e≤\u003c/span\u003e\u003cspan class=\"MJXp-mn\" id=\"MJXp-Span-600\"\u003e1000\u003c/span\u003e\u003c/span\u003e\u003c/span\u003e\u003cscript type=\"math/tex\" id=\"MathJax-Element-114\"\u003e\\le 1000\u003c/script\u003e\u003c/td\u003e\n\u003ctd\u003e\u003cspan class=\"MathJax_Preview\" style=\"color: inherit;\"\u003e\u003cspan class=\"MJXp-math\" id=\"MJXp-Span-601\"\u003e\u003cspan class=\"MJXp-mo\" id=\"MJXp-Span-602\" style=\"margin-left: 0.333em; margin-right: 0.333em;\"\u003e≤\u003c/span\u003e\u003cspan class=\"MJXp-mn\" id=\"MJXp-Span-603\"\u003e100\u003c/span\u003e\u003c/span\u003e\u003c/span\u003e\u003cscript type=\"math/tex\" id=\"MathJax-Element-115\"\u003e\\le 100\u003c/script\u003e\u003c/td\u003e\n\u003ctd\u003e\u003cspan class=\"MathJax_Preview\" style=\"color: inherit;\"\u003e\u003cspan class=\"MJXp-math\" id=\"MJXp-Span-604\"\u003e\u003cspan class=\"MJXp-mo\" id=\"MJXp-Span-605\" style=\"margin-left: 0.333em; margin-right: 0.333em;\"\u003e≤\u003c/span\u003e\u003cspan class=\"MJXp-mn\" id=\"MJXp-Span-606\"\u003e1000\u003c/span\u003e\u003c/span\u003e\u003c/span\u003e\u003cscript type=\"math/tex\" id=\"MathJax-Element-116\"\u003e\\le 1000\u003c/script\u003e\u003c/td\u003e\n\u003c/tr\u003e\u003ctr\u003e\u003ctd\u003e16\u003c/td\u003e\n\u003ctd colspan=\"3\"\u003e\u003cspan class=\"MathJax_Preview\" style=\"color: inherit;\"\u003e\u003cspan class=\"MJXp-math\" id=\"MJXp-Span-607\"\u003e\u003cspan class=\"MJXp-mo\" id=\"MJXp-Span-608\" style=\"margin-left: 0.333em; margin-right: 0.333em;\"\u003e≤\u003c/span\u003e\u003cspan class=\"MJXp-mn\" id=\"MJXp-Span-609\"\u003e2000\u003c/span\u003e\u003c/span\u003e\u003c/span\u003e\u003cscript type=\"math/tex\" id=\"MathJax-Element-117\"\u003e\\le 2000\u003c/script\u003e        \u003c/td\u003e\n\u003c/tr\u003e\u003ctr\u003e\u003ctd\u003e17\u003c/td\u003e\n\u003ctd rowspan=\"9\"\u003e\u003cspan class=\"MathJax_Preview\" style=\"color: inherit;\"\u003e\u003cspan class=\"MJXp-math\" id=\"MJXp-Span-610\"\u003e\u003cspan class=\"MJXp-mn\" id=\"MJXp-Span-611\"\u003e40\u003c/span\u003e\u003c/span\u003e\u003c/span\u003e\u003cscript type=\"math/tex\" id=\"MathJax-Element-118\"\u003e40\u003c/script\u003e         \u003c/td\u003e\n\u003ctd colspan=\"3\"\u003e\u003cspan class=\"MathJax_Preview\" style=\"color: inherit;\"\u003e\u003cspan class=\"MJXp-math\" id=\"MJXp-Span-612\"\u003e\u003cspan class=\"MJXp-mo\" id=\"MJXp-Span-613\" style=\"margin-left: 0.333em; margin-right: 0.333em;\"\u003e≤\u003c/span\u003e\u003cspan class=\"MJXp-mn\" id=\"MJXp-Span-614\"\u003e300000\u003c/span\u003e\u003c/span\u003e\u003c/span\u003e\u003cscript type=\"math/tex\" id=\"MathJax-Element-119\"\u003e\\le 300000\u003c/script\u003e      \u003c/td\u003e\n\u003c/tr\u003e\u003ctr\u003e\u003ctd\u003e18\u003c/td\u003e\n\u003ctd colspan=\"3\"\u003e\u003cspan class=\"MathJax_Preview\" style=\"color: inherit;\"\u003e\u003cspan class=\"MJXp-math\" id=\"MJXp-Span-615\"\u003e\u003cspan class=\"MJXp-mo\" id=\"MJXp-Span-616\" style=\"margin-left: 0.333em; margin-right: 0.333em;\"\u003e≤\u003c/span\u003e\u003cspan class=\"MJXp-mn\" id=\"MJXp-Span-617\"\u003e600000\u003c/span\u003e\u003c/span\u003e\u003c/span\u003e\u003cscript type=\"math/tex\" id=\"MathJax-Element-120\"\u003e\\le 600000\u003c/script\u003e      \u003c/td\u003e\n\u003c/tr\u003e\u003ctr\u003e\u003ctd\u003e19\u003c/td\u003e\n\u003ctd colspan=\"3\"\u003e\u003cspan class=\"MathJax_Preview\" style=\"color: inherit;\"\u003e\u003cspan class=\"MJXp-math\" id=\"MJXp-Span-618\"\u003e\u003cspan class=\"MJXp-mo\" id=\"MJXp-Span-619\" style=\"margin-left: 0.333em; margin-right: 0.333em;\"\u003e≤\u003c/span\u003e\u003cspan class=\"MJXp-mn\" id=\"MJXp-Span-620\"\u003e900000\u003c/span\u003e\u003c/span\u003e\u003c/span\u003e\u003cscript type=\"math/tex\" id=\"MathJax-Element-121\"\u003e\\le 900000\u003c/script\u003e      \u003c/td\u003e\n\u003c/tr\u003e\u003ctr\u003e\u003ctd\u003e20\u003c/td\u003e\n\u003ctd colspan=\"3\"\u003e\u003cspan class=\"MathJax_Preview\" style=\"color: inherit;\"\u003e\u003cspan class=\"MJXp-math\" id=\"MJXp-Span-621\"\u003e\u003cspan class=\"MJXp-mo\" id=\"MJXp-Span-622\" style=\"margin-left: 0.333em; margin-right: 0.333em;\"\u003e≤\u003c/span\u003e\u003cspan class=\"MJXp-mn\" id=\"MJXp-Span-623\"\u003e1200000\u003c/span\u003e\u003c/span\u003e\u003c/span\u003e\u003cscript type=\"math/tex\" id=\"MathJax-Element-122\"\u003e\\le 1200000\u003c/script\u003e     \u003c/td\u003e\n\u003c/tr\u003e\u003ctr\u003e\u003ctd\u003e21\u003c/td\u003e\n\u003ctd colspan=\"3\"\u003e\u003cspan class=\"MathJax_Preview\" style=\"color: inherit;\"\u003e\u003cspan class=\"MJXp-math\" id=\"MJXp-Span-624\"\u003e\u003cspan class=\"MJXp-mo\" id=\"MJXp-Span-625\" style=\"margin-left: 0.333em; margin-right: 0.333em;\"\u003e≤\u003c/span\u003e\u003cspan class=\"MJXp-mn\" id=\"MJXp-Span-626\"\u003e1500000\u003c/span\u003e\u003c/span\u003e\u003c/span\u003e\u003cscript type=\"math/tex\" id=\"MathJax-Element-123\"\u003e\\le 1500000\u003c/script\u003e     \u003c/td\u003e\n\u003c/tr\u003e\u003ctr\u003e\u003ctd\u003e22\u003c/td\u003e\n\u003ctd colspan=\"3\" rowspan=\"4\"\u003e\u003cspan class=\"MathJax_Preview\" style=\"color: inherit;\"\u003e\u003cspan class=\"MJXp-math\" id=\"MJXp-Span-627\"\u003e\u003cspan class=\"MJXp-mo\" id=\"MJXp-Span-628\" style=\"margin-left: 0.333em; margin-right: 0.333em;\"\u003e≤\u003c/span\u003e\u003cspan class=\"MJXp-mn\" id=\"MJXp-Span-629\"\u003e2000000\u003c/span\u003e\u003c/span\u003e\u003c/span\u003e\u003cscript type=\"math/tex\" id=\"MathJax-Element-124\"\u003e\\le 2000000\u003c/script\u003e\u003c/td\u003e\n\u003c/tr\u003e\u003ctr\u003e\u003ctd\u003e23\u003c/td\u003e\n\u003c/tr\u003e\u003ctr\u003e\u003ctd\u003e24\u003c/td\u003e\n\u003c/tr\u003e\u003ctr\u003e\u003ctd\u003e25\u003c/td\u003e\n\u003c/tr\u003e\u003c/tbody\u003e\u003c/table\u003e\u003c/div\u003e",
      "misc": ""
    },
    {
      "title": "下载",
      "content": "\u003cp\u003e\u003ca href=\"/download.php?type=problem\u0026amp;id=562\"\u003e样例数据下载\u003c/a\u003e\u003c/p\u003e",
      "misc": ""
    }
  ],
  "samples": [
    {
      "title": "样例一",
      "input": "\u003cpre\u003e1\n1\n1\n0 0\n\u003c/pre\u003e",
      "output": "\u003cpre\u003eAlmost Complete\n\u003c/pre\u003e",
      "explanation": "\u003cp\u003e这一样例仅包含一组测试数据，其中树的集合  \u003cspan class=\"MathJax_Preview\" style=\"color: inherit;\"\u003e\u003cspan class=\"MJXp-math\" id=\"MJXp-Span-408\"\u003e\u003cspan class=\"MJXp-mrow\" id=\"MJXp-Span-409\"\u003e\u003cspan class=\"MJXp-mi MJXp-scr\" id=\"MJXp-Span-410\"\u003eT\u003c/span\u003e\u003c/span\u003e\u003c/span\u003e\u003c/span\u003e\u003cscript type=\"math/tex\" id=\"MathJax-Element-66\"\u003e\\mathscr{T}\u003c/script\u003e 仅包含一棵由单个结点构成的树。由于单个结点可以删去唯一的叶子结点，一步替换得到任何树， \u003cspan class=\"MathJax_Preview\" style=\"color: inherit;\"\u003e\u003cspan class=\"MJXp-math\" id=\"MJXp-Span-411\"\u003e\u003cspan class=\"MJXp-mrow\" id=\"MJXp-Span-412\"\u003e\u003cspan class=\"MJXp-mi\" id=\"MJXp-Span-413\"\u003eg\u003c/span\u003e\u003cspan class=\"MJXp-mi\" id=\"MJXp-Span-414\"\u003er\u003c/span\u003e\u003cspan class=\"MJXp-mi\" id=\"MJXp-Span-415\"\u003eo\u003c/span\u003e\u003cspan class=\"MJXp-mi\" id=\"MJXp-Span-416\"\u003ew\u003c/span\u003e\u003c/span\u003e\u003cspan class=\"MJXp-mo\" id=\"MJXp-Span-417\" style=\"margin-left: 0em; margin-right: 0em;\"\u003e(\u003c/span\u003e\u003cspan class=\"MJXp-mrow\" id=\"MJXp-Span-418\"\u003e\u003cspan class=\"MJXp-mi MJXp-scr\" id=\"MJXp-Span-419\"\u003eT\u003c/span\u003e\u003c/span\u003e\u003cspan class=\"MJXp-mo\" id=\"MJXp-Span-420\" style=\"margin-left: 0em; margin-right: 0em;\"\u003e)\u003c/span\u003e\u003c/span\u003e\u003c/span\u003e\u003cscript type=\"math/tex\" id=\"MathJax-Element-67\"\u003e\\mathrm{grow}(\\mathscr{T})\u003c/script\u003e 包含了所有树，自然是几乎完备的。\u003c/p\u003e",
      "misc": ""
    },
    {
      "title": "样例二",
      "input": "\u003cpre\u003e1\n3\n3\n2 3\n0 0\n0 0\n2\n2 0\n0 0\n2\n0 2\n0 0\n\u003c/pre\u003e",
      "output": "\u003cpre\u003eAlmost Complete\n\u003c/pre\u003e",
      "explanation": "\u003cp\u003e这一样例仅包含一组测试数据，其中树的集合 \u003cspan class=\"MathJax_Preview\" style=\"color: inherit;\"\u003e\u003cspan class=\"MJXp-math\" id=\"MJXp-Span-421\"\u003e\u003cspan class=\"MJXp-mrow\" id=\"MJXp-Span-422\"\u003e\u003cspan class=\"MJXp-mi MJXp-scr\" id=\"MJXp-Span-423\"\u003eT\u003c/span\u003e\u003c/span\u003e\u003c/span\u003e\u003c/span\u003e\u003cscript type=\"math/tex\" id=\"MathJax-Element-68\"\u003e\\mathscr{T}\u003c/script\u003e 包含三棵树，如下图所示。容易发现，仅有单个结点构成的树不在 \u003cspan class=\"MathJax_Preview\" style=\"color: inherit;\"\u003e\u003cspan class=\"MJXp-math\" id=\"MJXp-Span-424\"\u003e\u003cspan class=\"MJXp-mrow\" id=\"MJXp-Span-425\"\u003e\u003cspan class=\"MJXp-mi\" id=\"MJXp-Span-426\"\u003eg\u003c/span\u003e\u003cspan class=\"MJXp-mi\" id=\"MJXp-Span-427\"\u003er\u003c/span\u003e\u003cspan class=\"MJXp-mi\" id=\"MJXp-Span-428\"\u003eo\u003c/span\u003e\u003cspan class=\"MJXp-mi\" id=\"MJXp-Span-429\"\u003ew\u003c/span\u003e\u003c/span\u003e\u003cspan class=\"MJXp-mo\" id=\"MJXp-Span-430\" style=\"margin-left: 0em; margin-right: 0em;\"\u003e(\u003c/span\u003e\u003cspan class=\"MJXp-mrow\" id=\"MJXp-Span-431\"\u003e\u003cspan class=\"MJXp-mi MJXp-scr\" id=\"MJXp-Span-432\"\u003eT\u003c/span\u003e\u003c/span\u003e\u003cspan class=\"MJXp-mo\" id=\"MJXp-Span-433\" style=\"margin-left: 0em; margin-right: 0em;\"\u003e)\u003c/span\u003e\u003c/span\u003e\u003c/span\u003e\u003cscript type=\"math/tex\" id=\"MathJax-Element-69\"\u003e\\mathrm{grow}(\\mathscr{T})\u003c/script\u003e 中，其包含了几乎所有树，因而是几乎完备的。\u003c/p\u003e\u003cp\u003e\u003cimg class=\"img-responsive center-block\" src=\"//img.uoj.ac/problem/562/surreal2.png\" style=\"width:350px;\" alt=\"样例解释\"\u003e\u003c/p\u003e",
      "misc": ""
    },
    {
      "title": "样例三",
      "input": "\u003cpre\u003e1\n2\n3\n2 3\n0 0\n0 0\n2\n2 0\n0 0\n\u003c/pre\u003e",
      "output": "\u003cpre\u003eNo\n\u003c/pre\u003e",
      "explanation": "\u003cp\u003e这一样例仅包含一组测试数据，其中树的集合 \u003cspan class=\"MathJax_Preview\" style=\"color: inherit;\"\u003e\u003cspan class=\"MJXp-math\" id=\"MJXp-Span-434\"\u003e\u003cspan class=\"MJXp-mrow\" id=\"MJXp-Span-435\"\u003e\u003cspan class=\"MJXp-mi MJXp-scr\" id=\"MJXp-Span-436\"\u003eT\u003c/span\u003e\u003c/span\u003e\u003c/span\u003e\u003c/span\u003e\u003cscript type=\"math/tex\" id=\"MathJax-Element-70\"\u003e\\mathscr{T}\u003c/script\u003e 包含两棵树。容易发现，对于所有的 \u003cspan class=\"MathJax_Preview\" style=\"color: inherit;\"\u003e\u003cspan class=\"MJXp-math\" id=\"MJXp-Span-437\"\u003e\u003cspan class=\"MJXp-mi MJXp-italic\" id=\"MJXp-Span-438\"\u003en\u003c/span\u003e\u003cspan class=\"MJXp-mo\" id=\"MJXp-Span-439\" style=\"margin-left: 0.333em; margin-right: 0.333em;\"\u003e≥\u003c/span\u003e\u003cspan class=\"MJXp-mn\" id=\"MJXp-Span-440\"\u003e2\u003c/span\u003e\u003c/span\u003e\u003c/span\u003e\u003cscript type=\"math/tex\" id=\"MathJax-Element-71\"\u003en \\ge 2\u003c/script\u003e，包含 \u003cspan class=\"MathJax_Preview\" style=\"color: inherit;\"\u003e\u003cspan class=\"MJXp-math\" id=\"MJXp-Span-441\"\u003e\u003cspan class=\"MJXp-mi MJXp-italic\" id=\"MJXp-Span-442\"\u003en\u003c/span\u003e\u003c/span\u003e\u003c/span\u003e\u003cscript type=\"math/tex\" id=\"MathJax-Element-72\"\u003en\u003c/script\u003e 个结点，每个非叶结点仅有右孩子的链状树都不在 \u003cspan class=\"MathJax_Preview\" style=\"color: inherit;\"\u003e\u003cspan class=\"MJXp-math\" id=\"MJXp-Span-443\"\u003e\u003cspan class=\"MJXp-mrow\" id=\"MJXp-Span-444\"\u003e\u003cspan class=\"MJXp-mi\" id=\"MJXp-Span-445\"\u003eg\u003c/span\u003e\u003cspan class=\"MJXp-mi\" id=\"MJXp-Span-446\"\u003er\u003c/span\u003e\u003cspan class=\"MJXp-mi\" id=\"MJXp-Span-447\"\u003eo\u003c/span\u003e\u003cspan class=\"MJXp-mi\" id=\"MJXp-Span-448\"\u003ew\u003c/span\u003e\u003c/span\u003e\u003cspan class=\"MJXp-mo\" id=\"MJXp-Span-449\" style=\"margin-left: 0em; margin-right: 0em;\"\u003e(\u003c/span\u003e\u003cspan class=\"MJXp-mrow\" id=\"MJXp-Span-450\"\u003e\u003cspan class=\"MJXp-mi MJXp-scr\" id=\"MJXp-Span-451\"\u003eT\u003c/span\u003e\u003c/span\u003e\u003cspan class=\"MJXp-mo\" id=\"MJXp-Span-452\" style=\"margin-left: 0em; margin-right: 0em;\"\u003e)\u003c/span\u003e\u003c/span\u003e\u003c/span\u003e\u003cscript type=\"math/tex\" id=\"MathJax-Element-73\"\u003e\\mathrm{grow}(\\mathscr{T})\u003c/script\u003e 中，因而存在无穷多棵树不在 \u003cspan class=\"MathJax_Preview\" style=\"color: inherit;\"\u003e\u003cspan class=\"MJXp-math\" id=\"MJXp-Span-453\"\u003e\u003cspan class=\"MJXp-mrow\" id=\"MJXp-Span-454\"\u003e\u003cspan class=\"MJXp-mi\" id=\"MJXp-Span-455\"\u003eg\u003c/span\u003e\u003cspan class=\"MJXp-mi\" id=\"MJXp-Span-456\"\u003er\u003c/span\u003e\u003cspan class=\"MJXp-mi\" id=\"MJXp-Span-457\"\u003eo\u003c/span\u003e\u003cspan class=\"MJXp-mi\" id=\"MJXp-Span-458\"\u003ew\u003c/span\u003e\u003c/span\u003e\u003cspan class=\"MJXp-mo\" id=\"MJXp-Span-459\" style=\"margin-left: 0em; margin-right: 0em;\"\u003e(\u003c/span\u003e\u003cspan class=\"MJXp-mrow\" id=\"MJXp-Span-460\"\u003e\u003cspan class=\"MJXp-mi MJXp-scr\" id=\"MJXp-Span-461\"\u003eT\u003c/span\u003e\u003c/span\u003e\u003cspan class=\"MJXp-mo\" id=\"MJXp-Span-462\" style=\"margin-left: 0em; margin-right: 0em;\"\u003e)\u003c/span\u003e\u003c/span\u003e\u003c/span\u003e\u003cscript type=\"math/tex\" id=\"MathJax-Element-74\"\u003e\\mathrm{grow}(\\mathscr{T})\u003c/script\u003e 中，\u003cspan class=\"MathJax_Preview\" style=\"color: inherit;\"\u003e\u003cspan class=\"MJXp-math\" id=\"MJXp-Span-463\"\u003e\u003cspan class=\"MJXp-mi MJXp-italic\" id=\"MJXp-Span-464\"\u003eT\u003c/span\u003e\u003c/span\u003e\u003c/span\u003e\u003cscript type=\"math/tex\" id=\"MathJax-Element-75\"\u003eT\u003c/script\u003e 不是几乎完备的。\u003c/p\u003e",
      "misc": ""
    },
    {
      "title": "样例四",
      "input": "",
      "output": "",
      "explanation": "",
      "misc": "\u003cp\u003e见样例数据下载。\u003c/p\u003e"
    },
    {
      "title": "样例五",
      "input": "",
      "output": "",
      "explanation": "",
      "misc": "\u003cp\u003e见样例数据下载。\u003c/p\u003e"
    },
    {
      "title": "样例六",
      "input": "",
      "output": "",
      "explanation": "",
      "misc": "\u003cp\u003e见样例数据下载。\u003c/p\u003e"
    }
  ],
  "tags": [
    "UOJ",
    "NOI2020"
  ],
  "rules": {
    "runtime": "1000000000",
    "memory": "536870912",
    "stack": "536870912",
    "source": "51200"
  },
  "meta": {
    "created": "2021-04-09T21:55:57.925965134+08:00",
    "updated": "2021-04-09T21:55:57.925965134+08:00",
    "checked": "2021-04-09T21:55:57.925965134+08:00"
  },
  "misc": ""
}
