{
  "id": "572",
  "title": "函数调用",
  "type": "traditional",
  "sections": [
    {
      "title": "",
      "content": "\u003cp\u003e函数是各种编程语言中一项重要的概念，借助函数，我们总可以将复杂的任务分解成一个个相对简单的子任务，直到细化为十分简单的基础操作，从而使代码的组织更加严密、更加有条理。然而，过多的函数调用也会导致额外的开销，影响程序的运行效率。\u003c/p\u003e\u003cp\u003e某数据库应用程序提供了若干函数用以维护数据。已知这些函数的功能可分为三类：\u003c/p\u003e\u003col\u003e\u003cli\u003e将数据中的指定元素加上一个值； \u003c/li\u003e\n\u003cli\u003e将数据中的每一个元素乘以一个相同值； \u003c/li\u003e\n\u003cli\u003e\u003cstrong\u003e依次\u003c/strong\u003e执行若干次函数调用，保证不会出现递归（即不会直接或间接地调用本身）。\u003c/li\u003e\n\u003c/ol\u003e\u003cp\u003e在使用该数据库应用时，用户可一次性输入要调用的函数序列（一个函数可能被调用多次），在\u003cstrong\u003e依次\u003c/strong\u003e执行完序列中的函数后，系统中的数据被加以更新。 某一天，小 A 在应用该数据库程序处理数据时遇到了困难：由于频繁而低效的函数调用，系统在执行操作时进入了无响应的状态，他只好强制结束了数据库程序。为了计算出正确数据，小 A 查阅了软件的文档，了解到每个函数的具体功能信息，现在他想请你根据这些信息帮他计算出更新后的数据应该是多少。\u003c/p\u003e",
      "misc": ""
    },
    {
      "title": "输入格式",
      "content": "\u003cp\u003e第一行一个正整数 \u003cspan class=\"MathJax_Preview\" style=\"color: inherit;\"\u003e\u003cspan class=\"MJXp-math\" id=\"MJXp-Span-1\"\u003e\u003cspan class=\"MJXp-mi MJXp-italic\" id=\"MJXp-Span-2\"\u003en\u003c/span\u003e\u003c/span\u003e\u003c/span\u003e\u003cscript type=\"math/tex\" id=\"MathJax-Element-1\"\u003en\u003c/script\u003e，表示数据的个数。 \u003c/p\u003e\u003cp\u003e第二行 \u003cspan class=\"MathJax_Preview\" style=\"color: inherit;\"\u003e\u003cspan class=\"MJXp-math\" id=\"MJXp-Span-3\"\u003e\u003cspan class=\"MJXp-mi MJXp-italic\" id=\"MJXp-Span-4\"\u003en\u003c/span\u003e\u003c/span\u003e\u003c/span\u003e\u003cscript type=\"math/tex\" id=\"MathJax-Element-2\"\u003en\u003c/script\u003e 个整数，第 \u003cspan class=\"MathJax_Preview\" style=\"color: inherit;\"\u003e\u003cspan class=\"MJXp-math\" id=\"MJXp-Span-5\"\u003e\u003cspan class=\"MJXp-mi MJXp-italic\" id=\"MJXp-Span-6\"\u003ei\u003c/span\u003e\u003c/span\u003e\u003c/span\u003e\u003cscript type=\"math/tex\" id=\"MathJax-Element-3\"\u003ei\u003c/script\u003e 个整数表示下标为 \u003cspan class=\"MathJax_Preview\" style=\"color: inherit;\"\u003e\u003cspan class=\"MJXp-math\" id=\"MJXp-Span-7\"\u003e\u003cspan class=\"MJXp-mi MJXp-italic\" id=\"MJXp-Span-8\"\u003ei\u003c/span\u003e\u003c/span\u003e\u003c/span\u003e\u003cscript type=\"math/tex\" id=\"MathJax-Element-4\"\u003ei\u003c/script\u003e 的数据的初始值为 \u003cspan class=\"MathJax_Preview\" style=\"color: inherit;\"\u003e\u003cspan class=\"MJXp-math\" id=\"MJXp-Span-9\"\u003e\u003cspan class=\"MJXp-msubsup\" id=\"MJXp-Span-10\"\u003e\u003cspan class=\"MJXp-mi MJXp-italic\" id=\"MJXp-Span-11\" style=\"margin-right: 0.05em;\"\u003ea\u003c/span\u003e\u003cspan class=\"MJXp-mi MJXp-italic MJXp-script\" id=\"MJXp-Span-12\" style=\"vertical-align: -0.4em;\"\u003ei\u003c/span\u003e\u003c/span\u003e\u003c/span\u003e\u003c/span\u003e\u003cscript type=\"math/tex\" id=\"MathJax-Element-5\"\u003ea_i\u003c/script\u003e。 \u003c/p\u003e\u003cp\u003e第三行一个正整数 \u003cspan class=\"MathJax_Preview\" style=\"color: inherit;\"\u003e\u003cspan class=\"MJXp-math\" id=\"MJXp-Span-13\"\u003e\u003cspan class=\"MJXp-mi MJXp-italic\" id=\"MJXp-Span-14\"\u003em\u003c/span\u003e\u003c/span\u003e\u003c/span\u003e\u003cscript type=\"math/tex\" id=\"MathJax-Element-6\"\u003em\u003c/script\u003e，表示数据库应用程序提供的函数个数。函数从 \u003cspan class=\"MathJax_Preview\" style=\"color: inherit;\"\u003e\u003cspan class=\"MJXp-math\" id=\"MJXp-Span-15\"\u003e\u003cspan class=\"MJXp-mn\" id=\"MJXp-Span-16\"\u003e1\u003c/span\u003e\u003cspan class=\"MJXp-mo\" id=\"MJXp-Span-17\" style=\"margin-left: 0em; margin-right: 0em;\"\u003e…\u003c/span\u003e\u003cspan class=\"MJXp-mi MJXp-italic\" id=\"MJXp-Span-18\"\u003em\u003c/span\u003e\u003c/span\u003e\u003c/span\u003e\u003cscript type=\"math/tex\" id=\"MathJax-Element-7\"\u003e1\\ldots m\u003c/script\u003e 编号。 \u003c/p\u003e\u003cp\u003e接下来 \u003cspan class=\"MathJax_Preview\" style=\"color: inherit;\"\u003e\u003cspan class=\"MJXp-math\" id=\"MJXp-Span-19\"\u003e\u003cspan class=\"MJXp-mi MJXp-italic\" id=\"MJXp-Span-20\"\u003em\u003c/span\u003e\u003c/span\u003e\u003c/span\u003e\u003cscript type=\"math/tex\" id=\"MathJax-Element-8\"\u003em\u003c/script\u003e 行中，第 \u003cspan class=\"MathJax_Preview\" style=\"color: inherit;\"\u003e\u003cspan class=\"MJXp-math\" id=\"MJXp-Span-21\"\u003e\u003cspan class=\"MJXp-mi MJXp-italic\" id=\"MJXp-Span-22\"\u003ej\u003c/span\u003e\u003c/span\u003e\u003c/span\u003e\u003cscript type=\"math/tex\" id=\"MathJax-Element-9\"\u003ej\u003c/script\u003e（\u003cspan class=\"MathJax_Preview\" style=\"color: inherit;\"\u003e\u003cspan class=\"MJXp-math\" id=\"MJXp-Span-23\"\u003e\u003cspan class=\"MJXp-mn\" id=\"MJXp-Span-24\"\u003e1\u003c/span\u003e\u003cspan class=\"MJXp-mo\" id=\"MJXp-Span-25\" style=\"margin-left: 0.333em; margin-right: 0.333em;\"\u003e≤\u003c/span\u003e\u003cspan class=\"MJXp-mi MJXp-italic\" id=\"MJXp-Span-26\"\u003ej\u003c/span\u003e\u003cspan class=\"MJXp-mo\" id=\"MJXp-Span-27\" style=\"margin-left: 0.333em; margin-right: 0.333em;\"\u003e≤\u003c/span\u003e\u003cspan class=\"MJXp-mi MJXp-italic\" id=\"MJXp-Span-28\"\u003em\u003c/span\u003e\u003c/span\u003e\u003c/span\u003e\u003cscript type=\"math/tex\" id=\"MathJax-Element-10\"\u003e1 \\le j \\le m\u003c/script\u003e）行的第一个整数为 \u003cspan class=\"MathJax_Preview\" style=\"color: inherit;\"\u003e\u003cspan class=\"MJXp-math\" id=\"MJXp-Span-29\"\u003e\u003cspan class=\"MJXp-msubsup\" id=\"MJXp-Span-30\"\u003e\u003cspan class=\"MJXp-mi MJXp-italic\" id=\"MJXp-Span-31\" style=\"margin-right: 0.05em;\"\u003eT\u003c/span\u003e\u003cspan class=\"MJXp-mi MJXp-italic MJXp-script\" id=\"MJXp-Span-32\" style=\"vertical-align: -0.4em;\"\u003ej\u003c/span\u003e\u003c/span\u003e\u003c/span\u003e\u003c/span\u003e\u003cscript type=\"math/tex\" id=\"MathJax-Element-11\"\u003eT_j\u003c/script\u003e，表示 \u003cspan class=\"MathJax_Preview\" style=\"color: inherit;\"\u003e\u003cspan class=\"MJXp-math\" id=\"MJXp-Span-33\"\u003e\u003cspan class=\"MJXp-mi MJXp-italic\" id=\"MJXp-Span-34\"\u003ej\u003c/span\u003e\u003c/span\u003e\u003c/span\u003e\u003cscript type=\"math/tex\" id=\"MathJax-Element-12\"\u003ej\u003c/script\u003e 号函数的类型：\n1. 若 \u003cspan class=\"MathJax_Preview\" style=\"color: inherit;\"\u003e\u003cspan class=\"MJXp-math\" id=\"MJXp-Span-35\"\u003e\u003cspan class=\"MJXp-msubsup\" id=\"MJXp-Span-36\"\u003e\u003cspan class=\"MJXp-mi MJXp-italic\" id=\"MJXp-Span-37\" style=\"margin-right: 0.05em;\"\u003eT\u003c/span\u003e\u003cspan class=\"MJXp-mi MJXp-italic MJXp-script\" id=\"MJXp-Span-38\" style=\"vertical-align: -0.4em;\"\u003ej\u003c/span\u003e\u003c/span\u003e\u003cspan class=\"MJXp-mo\" id=\"MJXp-Span-39\" style=\"margin-left: 0.333em; margin-right: 0.333em;\"\u003e=\u003c/span\u003e\u003cspan class=\"MJXp-mn\" id=\"MJXp-Span-40\"\u003e1\u003c/span\u003e\u003c/span\u003e\u003c/span\u003e\u003cscript type=\"math/tex\" id=\"MathJax-Element-13\"\u003eT_j = 1\u003c/script\u003e，接下来两个整数 \u003cspan class=\"MathJax_Preview\" style=\"color: inherit;\"\u003e\u003cspan class=\"MJXp-math\" id=\"MJXp-Span-41\"\u003e\u003cspan class=\"MJXp-msubsup\" id=\"MJXp-Span-42\"\u003e\u003cspan class=\"MJXp-mi MJXp-italic\" id=\"MJXp-Span-43\" style=\"margin-right: 0.05em;\"\u003eP\u003c/span\u003e\u003cspan class=\"MJXp-mi MJXp-italic MJXp-script\" id=\"MJXp-Span-44\" style=\"vertical-align: -0.4em;\"\u003ej\u003c/span\u003e\u003c/span\u003e\u003cspan class=\"MJXp-mo\" id=\"MJXp-Span-45\" style=\"margin-left: 0em; margin-right: 0.222em;\"\u003e,\u003c/span\u003e\u003cspan class=\"MJXp-mtext\" id=\"MJXp-Span-46\"\u003e\u0026nbsp;\u003c/span\u003e\u003cspan class=\"MJXp-msubsup\" id=\"MJXp-Span-47\"\u003e\u003cspan class=\"MJXp-mi MJXp-italic\" id=\"MJXp-Span-48\" style=\"margin-right: 0.05em;\"\u003eV\u003c/span\u003e\u003cspan class=\"MJXp-mi MJXp-italic MJXp-script\" id=\"MJXp-Span-49\" style=\"vertical-align: -0.4em;\"\u003ej\u003c/span\u003e\u003c/span\u003e\u003c/span\u003e\u003c/span\u003e\u003cscript type=\"math/tex\" id=\"MathJax-Element-14\"\u003eP_j,~V_j\u003c/script\u003e 分别表示要执行加法的元素的下标及其增加的值；\n1. 若 \u003cspan class=\"MathJax_Preview\" style=\"color: inherit;\"\u003e\u003cspan class=\"MJXp-math\" id=\"MJXp-Span-50\"\u003e\u003cspan class=\"MJXp-msubsup\" id=\"MJXp-Span-51\"\u003e\u003cspan class=\"MJXp-mi MJXp-italic\" id=\"MJXp-Span-52\" style=\"margin-right: 0.05em;\"\u003eT\u003c/span\u003e\u003cspan class=\"MJXp-mi MJXp-italic MJXp-script\" id=\"MJXp-Span-53\" style=\"vertical-align: -0.4em;\"\u003ej\u003c/span\u003e\u003c/span\u003e\u003cspan class=\"MJXp-mo\" id=\"MJXp-Span-54\" style=\"margin-left: 0.333em; margin-right: 0.333em;\"\u003e=\u003c/span\u003e\u003cspan class=\"MJXp-mn\" id=\"MJXp-Span-55\"\u003e2\u003c/span\u003e\u003c/span\u003e\u003c/span\u003e\u003cscript type=\"math/tex\" id=\"MathJax-Element-15\"\u003eT_j = 2\u003c/script\u003e，接下来一个整数 \u003cspan class=\"MathJax_Preview\" style=\"color: inherit;\"\u003e\u003cspan class=\"MJXp-math\" id=\"MJXp-Span-56\"\u003e\u003cspan class=\"MJXp-msubsup\" id=\"MJXp-Span-57\"\u003e\u003cspan class=\"MJXp-mi MJXp-italic\" id=\"MJXp-Span-58\" style=\"margin-right: 0.05em;\"\u003eV\u003c/span\u003e\u003cspan class=\"MJXp-mi MJXp-italic MJXp-script\" id=\"MJXp-Span-59\" style=\"vertical-align: -0.4em;\"\u003ej\u003c/span\u003e\u003c/span\u003e\u003c/span\u003e\u003c/span\u003e\u003cscript type=\"math/tex\" id=\"MathJax-Element-16\"\u003eV_j\u003c/script\u003e 表示所有元素所乘的值； \n1. 若 \u003cspan class=\"MathJax_Preview\" style=\"color: inherit;\"\u003e\u003cspan class=\"MJXp-math\" id=\"MJXp-Span-60\"\u003e\u003cspan class=\"MJXp-msubsup\" id=\"MJXp-Span-61\"\u003e\u003cspan class=\"MJXp-mi MJXp-italic\" id=\"MJXp-Span-62\" style=\"margin-right: 0.05em;\"\u003eT\u003c/span\u003e\u003cspan class=\"MJXp-mi MJXp-italic MJXp-script\" id=\"MJXp-Span-63\" style=\"vertical-align: -0.4em;\"\u003ej\u003c/span\u003e\u003c/span\u003e\u003cspan class=\"MJXp-mo\" id=\"MJXp-Span-64\" style=\"margin-left: 0.333em; margin-right: 0.333em;\"\u003e=\u003c/span\u003e\u003cspan class=\"MJXp-mn\" id=\"MJXp-Span-65\"\u003e3\u003c/span\u003e\u003c/span\u003e\u003c/span\u003e\u003cscript type=\"math/tex\" id=\"MathJax-Element-17\"\u003eT_j = 3\u003c/script\u003e，接下来一个正整数 \u003cspan class=\"MathJax_Preview\" style=\"color: inherit;\"\u003e\u003cspan class=\"MJXp-math\" id=\"MJXp-Span-66\"\u003e\u003cspan class=\"MJXp-msubsup\" id=\"MJXp-Span-67\"\u003e\u003cspan class=\"MJXp-mi MJXp-italic\" id=\"MJXp-Span-68\" style=\"margin-right: 0.05em;\"\u003eC\u003c/span\u003e\u003cspan class=\"MJXp-mi MJXp-italic MJXp-script\" id=\"MJXp-Span-69\" style=\"vertical-align: -0.4em;\"\u003ej\u003c/span\u003e\u003c/span\u003e\u003c/span\u003e\u003c/span\u003e\u003cscript type=\"math/tex\" id=\"MathJax-Element-18\"\u003eC_j\u003c/script\u003e 表示 \u003cspan class=\"MathJax_Preview\" style=\"color: inherit;\"\u003e\u003cspan class=\"MJXp-math\" id=\"MJXp-Span-70\"\u003e\u003cspan class=\"MJXp-mi MJXp-italic\" id=\"MJXp-Span-71\"\u003ej\u003c/span\u003e\u003c/span\u003e\u003c/span\u003e\u003cscript type=\"math/tex\" id=\"MathJax-Element-19\"\u003ej\u003c/script\u003e 号函数要调用的函数个数，随后 \u003cspan class=\"MathJax_Preview\" style=\"color: inherit;\"\u003e\u003cspan class=\"MJXp-math\" id=\"MJXp-Span-72\"\u003e\u003cspan class=\"MJXp-msubsup\" id=\"MJXp-Span-73\"\u003e\u003cspan class=\"MJXp-mi MJXp-italic\" id=\"MJXp-Span-74\" style=\"margin-right: 0.05em;\"\u003eC\u003c/span\u003e\u003cspan class=\"MJXp-mi MJXp-italic MJXp-script\" id=\"MJXp-Span-75\" style=\"vertical-align: -0.4em;\"\u003ej\u003c/span\u003e\u003c/span\u003e\u003c/span\u003e\u003c/span\u003e\u003cscript type=\"math/tex\" id=\"MathJax-Element-20\"\u003eC_j\u003c/script\u003e 个整数 \u003cspan class=\"MathJax_Preview\" style=\"color: inherit;\"\u003e\u003cspan class=\"MJXp-math\" id=\"MJXp-Span-76\"\u003e\u003cspan class=\"MJXp-msubsup\" id=\"MJXp-Span-77\"\u003e\u003cspan class=\"MJXp-mi MJXp-italic\" id=\"MJXp-Span-78\" style=\"margin-right: 0.05em;\"\u003eg\u003c/span\u003e\u003cspan class=\"MJXp-script-box\" style=\"height: 1.86em; vertical-align: -0.64em;\"\u003e\u003cspan class=\" MJXp-script\"\u003e\u003cspan\u003e\u003cspan style=\"margin-bottom: -0.25em;\"\u003e\u003cspan class=\"MJXp-mrow\" id=\"MJXp-Span-80\"\u003e\u003cspan class=\"MJXp-mo\" id=\"MJXp-Span-81\"\u003e(\u003c/span\u003e\u003cspan class=\"MJXp-mi MJXp-italic\" id=\"MJXp-Span-82\"\u003ej\u003c/span\u003e\u003cspan class=\"MJXp-mo\" id=\"MJXp-Span-83\"\u003e)\u003c/span\u003e\u003c/span\u003e\u003c/span\u003e\u003c/span\u003e\u003c/span\u003e\u003cspan class=\" MJXp-script\"\u003e\u003cspan\u003e\u003cspan style=\"margin-top: -0.85em;\"\u003e\u003cspan class=\"MJXp-mn\" id=\"MJXp-Span-79\"\u003e1\u003c/span\u003e\u003c/span\u003e\u003c/span\u003e\u003c/span\u003e\u003c/span\u003e\u003c/span\u003e\u003cspan class=\"MJXp-mo\" id=\"MJXp-Span-84\" style=\"margin-left: 0em; margin-right: 0.222em;\"\u003e,\u003c/span\u003e\u003cspan class=\"MJXp-mtext\" id=\"MJXp-Span-85\"\u003e\u0026nbsp;\u003c/span\u003e\u003cspan class=\"MJXp-msubsup\" id=\"MJXp-Span-86\"\u003e\u003cspan class=\"MJXp-mi MJXp-italic\" id=\"MJXp-Span-87\" style=\"margin-right: 0.05em;\"\u003eg\u003c/span\u003e\u003cspan class=\"MJXp-script-box\" style=\"height: 1.86em; vertical-align: -0.64em;\"\u003e\u003cspan class=\" MJXp-script\"\u003e\u003cspan\u003e\u003cspan style=\"margin-bottom: -0.25em;\"\u003e\u003cspan class=\"MJXp-mrow\" id=\"MJXp-Span-89\"\u003e\u003cspan class=\"MJXp-mo\" id=\"MJXp-Span-90\"\u003e(\u003c/span\u003e\u003cspan class=\"MJXp-mi MJXp-italic\" id=\"MJXp-Span-91\"\u003ej\u003c/span\u003e\u003cspan class=\"MJXp-mo\" id=\"MJXp-Span-92\"\u003e)\u003c/span\u003e\u003c/span\u003e\u003c/span\u003e\u003c/span\u003e\u003c/span\u003e\u003cspan class=\" MJXp-script\"\u003e\u003cspan\u003e\u003cspan style=\"margin-top: -0.85em;\"\u003e\u003cspan class=\"MJXp-mn\" id=\"MJXp-Span-88\"\u003e2\u003c/span\u003e\u003c/span\u003e\u003c/span\u003e\u003c/span\u003e\u003c/span\u003e\u003c/span\u003e\u003cspan class=\"MJXp-mo\" id=\"MJXp-Span-93\" style=\"margin-left: 0em; margin-right: 0.222em;\"\u003e,\u003c/span\u003e\u003cspan class=\"MJXp-mtext\" id=\"MJXp-Span-94\"\u003e\u0026nbsp;\u003c/span\u003e\u003cspan class=\"MJXp-mo\" id=\"MJXp-Span-95\" style=\"margin-left: 0em; margin-right: 0em;\"\u003e…\u003c/span\u003e\u003cspan class=\"MJXp-mo\" id=\"MJXp-Span-96\" style=\"margin-left: 0em; margin-right: 0.222em;\"\u003e,\u003c/span\u003e\u003cspan class=\"MJXp-mtext\" id=\"MJXp-Span-97\"\u003e\u0026nbsp;\u003c/span\u003e\u003cspan class=\"MJXp-msubsup\" id=\"MJXp-Span-98\"\u003e\u003cspan class=\"MJXp-mi MJXp-italic\" id=\"MJXp-Span-99\" style=\"margin-right: 0.05em;\"\u003eg\u003c/span\u003e\u003cspan class=\"MJXp-script-box\" style=\"height: 2.132em; vertical-align: -0.912em;\"\u003e\u003cspan class=\" MJXp-script\"\u003e\u003cspan\u003e\u003cspan style=\"margin-bottom: -0.25em;\"\u003e\u003cspan class=\"MJXp-mrow\" id=\"MJXp-Span-104\"\u003e\u003cspan class=\"MJXp-mo\" id=\"MJXp-Span-105\"\u003e(\u003c/span\u003e\u003cspan class=\"MJXp-mi MJXp-italic\" id=\"MJXp-Span-106\"\u003ej\u003c/span\u003e\u003cspan class=\"MJXp-mo\" id=\"MJXp-Span-107\"\u003e)\u003c/span\u003e\u003c/span\u003e\u003c/span\u003e\u003c/span\u003e\u003c/span\u003e\u003cspan class=\" MJXp-script\"\u003e\u003cspan\u003e\u003cspan style=\"margin-top: -0.85em;\"\u003e\u003cspan class=\"MJXp-mrow\" id=\"MJXp-Span-100\"\u003e\u003cspan class=\"MJXp-msubsup\" id=\"MJXp-Span-101\"\u003e\u003cspan class=\"MJXp-mi MJXp-italic\" id=\"MJXp-Span-102\" style=\"margin-right: 0.05em;\"\u003eC\u003c/span\u003e\u003cspan class=\"MJXp-mi MJXp-italic MJXp-script\" id=\"MJXp-Span-103\" style=\"vertical-align: -0.4em;\"\u003ej\u003c/span\u003e\u003c/span\u003e\u003c/span\u003e\u003c/span\u003e\u003c/span\u003e\u003c/span\u003e\u003c/span\u003e\u003c/span\u003e\u003c/span\u003e\u003c/span\u003e\u003cscript type=\"math/tex\" id=\"MathJax-Element-21\"\u003eg_1^{(j)},~g_2^{(j)},~\\ldots,~g_{C_j}^{(j)}\u003c/script\u003e，依次表示其所调用的函数的编号。\u003c/p\u003e\u003cp\u003e第 \u003cspan class=\"MathJax_Preview\" style=\"color: inherit;\"\u003e\u003cspan class=\"MJXp-math\" id=\"MJXp-Span-108\"\u003e\u003cspan class=\"MJXp-mi MJXp-italic\" id=\"MJXp-Span-109\"\u003em\u003c/span\u003e\u003cspan class=\"MJXp-mo\" id=\"MJXp-Span-110\" style=\"margin-left: 0.267em; margin-right: 0.267em;\"\u003e+\u003c/span\u003e\u003cspan class=\"MJXp-mn\" id=\"MJXp-Span-111\"\u003e4\u003c/span\u003e\u003c/span\u003e\u003c/span\u003e\u003cscript type=\"math/tex\" id=\"MathJax-Element-22\"\u003em + 4\u003c/script\u003e 行一个正整数 \u003cspan class=\"MathJax_Preview\" style=\"color: inherit;\"\u003e\u003cspan class=\"MJXp-math\" id=\"MJXp-Span-112\"\u003e\u003cspan class=\"MJXp-mi MJXp-italic\" id=\"MJXp-Span-113\"\u003eQ\u003c/span\u003e\u003c/span\u003e\u003c/span\u003e\u003cscript type=\"math/tex\" id=\"MathJax-Element-23\"\u003eQ\u003c/script\u003e，表示输入的函数操作序列长度。\u003c/p\u003e\u003cp\u003e第 \u003cspan class=\"MathJax_Preview\" style=\"color: inherit;\"\u003e\u003cspan class=\"MJXp-math\" id=\"MJXp-Span-114\"\u003e\u003cspan class=\"MJXp-mi MJXp-italic\" id=\"MJXp-Span-115\"\u003em\u003c/span\u003e\u003cspan class=\"MJXp-mo\" id=\"MJXp-Span-116\" style=\"margin-left: 0.267em; margin-right: 0.267em;\"\u003e+\u003c/span\u003e\u003cspan class=\"MJXp-mn\" id=\"MJXp-Span-117\"\u003e5\u003c/span\u003e\u003c/span\u003e\u003c/span\u003e\u003cscript type=\"math/tex\" id=\"MathJax-Element-24\"\u003em + 5\u003c/script\u003e 行 \u003cspan class=\"MathJax_Preview\" style=\"color: inherit;\"\u003e\u003cspan class=\"MJXp-math\" id=\"MJXp-Span-118\"\u003e\u003cspan class=\"MJXp-mi MJXp-italic\" id=\"MJXp-Span-119\"\u003eQ\u003c/span\u003e\u003c/span\u003e\u003c/span\u003e\u003cscript type=\"math/tex\" id=\"MathJax-Element-25\"\u003eQ\u003c/script\u003e 个整数 \u003cspan class=\"MathJax_Preview\" style=\"color: inherit;\"\u003e\u003cspan class=\"MJXp-math\" id=\"MJXp-Span-120\"\u003e\u003cspan class=\"MJXp-msubsup\" id=\"MJXp-Span-121\"\u003e\u003cspan class=\"MJXp-mi MJXp-italic\" id=\"MJXp-Span-122\" style=\"margin-right: 0.05em;\"\u003ef\u003c/span\u003e\u003cspan class=\"MJXp-mi MJXp-italic MJXp-script\" id=\"MJXp-Span-123\" style=\"vertical-align: -0.4em;\"\u003ei\u003c/span\u003e\u003c/span\u003e\u003c/span\u003e\u003c/span\u003e\u003cscript type=\"math/tex\" id=\"MathJax-Element-26\"\u003ef_i\u003c/script\u003e，第 \u003cspan class=\"MathJax_Preview\" style=\"color: inherit;\"\u003e\u003cspan class=\"MJXp-math\" id=\"MJXp-Span-124\"\u003e\u003cspan class=\"MJXp-mi MJXp-italic\" id=\"MJXp-Span-125\"\u003ei\u003c/span\u003e\u003c/span\u003e\u003c/span\u003e\u003cscript type=\"math/tex\" id=\"MathJax-Element-27\"\u003ei\u003c/script\u003e 个整数表示第 \u003cspan class=\"MathJax_Preview\" style=\"color: inherit;\"\u003e\u003cspan class=\"MJXp-math\" id=\"MJXp-Span-126\"\u003e\u003cspan class=\"MJXp-mi MJXp-italic\" id=\"MJXp-Span-127\"\u003ei\u003c/span\u003e\u003c/span\u003e\u003c/span\u003e\u003cscript type=\"math/tex\" id=\"MathJax-Element-28\"\u003ei\u003c/script\u003e 个执行的函数的编号。\u003c/p\u003e",
      "misc": ""
    },
    {
      "title": "输出格式",
      "content": "\u003cp\u003e一行 \u003cspan class=\"MathJax_Preview\" style=\"color: inherit;\"\u003e\u003cspan class=\"MJXp-math\" id=\"MJXp-Span-128\"\u003e\u003cspan class=\"MJXp-mi MJXp-italic\" id=\"MJXp-Span-129\"\u003en\u003c/span\u003e\u003c/span\u003e\u003c/span\u003e\u003cscript type=\"math/tex\" id=\"MathJax-Element-29\"\u003en\u003c/script\u003e 个用空格隔开的整数，按照下标 \u003cspan class=\"MathJax_Preview\" style=\"color: inherit;\"\u003e\u003cspan class=\"MJXp-math\" id=\"MJXp-Span-130\"\u003e\u003cspan class=\"MJXp-mn\" id=\"MJXp-Span-131\"\u003e1\u003c/span\u003e\u003cspan class=\"MJXp-mo\" id=\"MJXp-Span-132\" style=\"margin-left: 0em; margin-right: 0em;\"\u003e…\u003c/span\u003e\u003cspan class=\"MJXp-mi MJXp-italic\" id=\"MJXp-Span-133\"\u003en\u003c/span\u003e\u003c/span\u003e\u003c/span\u003e\u003cscript type=\"math/tex\" id=\"MathJax-Element-30\"\u003e1\\ldots n\u003c/script\u003e 的顺序，分别输出在执行完输入的函数序列后，数据库中每一个元素的值。\u003cstrong\u003e答案对\u003c/strong\u003e \u003cspan class=\"MathJax_Preview\"\u003e\\boldsymbol{998244353}\u003c/span\u003e\u003cscript type=\"math/tex\"\u003e\\boldsymbol{998244353}\u003c/script\u003e \u003cstrong\u003e取模。\u003c/strong\u003e\u003c/p\u003e",
      "misc": ""
    },
    {
      "title": "限制与约定",
      "content": "\u003cdiv class=\"table-responsive\"\u003e\n\u003ctable class=\"table table-bordered table-text-center table-vertical-middle\"\u003e\u003cthead\u003e\u003ctr\u003e\u003cth style=\"text-align:center;\"\u003e测试点编号\u003c/th\u003e\n\u003cth style=\"text-align:center;\"\u003e\u003cspan class=\"MathJax_Preview\"\u003en,m,Q\\le\u003c/span\u003e\u003cscript type=\"math/tex\"\u003en,m,Q\\le\u003c/script\u003e\u003c/th\u003e\n\u003cth style=\"text-align:center;\"\u003e\u003cspan class=\"MathJax_Preview\"\u003e\\sum C_j\u003c/span\u003e\u003cscript type=\"math/tex\"\u003e\\sum C_j\u003c/script\u003e\u003c/th\u003e\n\u003cth style=\"text-align:center;\"\u003e其他特殊限制\u003c/th\u003e\n\u003c/tr\u003e\u003c/thead\u003e\u003ctbody\u003e\u003ctr\u003e\u003ctd style=\"text-align:center;\"\u003e\u003cspan class=\"MathJax_Preview\"\u003e1\\sim 2\u003c/span\u003e\u003cscript type=\"math/tex\"\u003e1\\sim 2\u003c/script\u003e\u003c/td\u003e\n\u003ctd style=\"text-align:center;\"\u003e\u003cspan class=\"MathJax_Preview\"\u003e1000\u003c/span\u003e\u003cscript type=\"math/tex\"\u003e1000\u003c/script\u003e\u003c/td\u003e\n\u003ctd style=\"text-align:center;\"\u003e\u003cspan class=\"MathJax_Preview\"\u003e=m-1\u003c/span\u003e\u003cscript type=\"math/tex\"\u003e=m-1\u003c/script\u003e\u003c/td\u003e\n\u003ctd style=\"text-align:center;\"\u003e函数调用关系构成一颗树\u003c/td\u003e\n\u003c/tr\u003e\u003ctr\u003e\u003ctd style=\"text-align:center;\"\u003e\u003cspan class=\"MathJax_Preview\"\u003e3\\sim 4\u003c/span\u003e\u003cscript type=\"math/tex\"\u003e3\\sim 4\u003c/script\u003e\u003c/td\u003e\n\u003ctd style=\"text-align:center;\"\u003e\u003cspan class=\"MathJax_Preview\"\u003e1000\u003c/span\u003e\u003cscript type=\"math/tex\"\u003e1000\u003c/script\u003e\u003c/td\u003e\n\u003ctd style=\"text-align:center;\"\u003e\u003cspan class=\"MathJax_Preview\"\u003e\\le 100\u003c/span\u003e\u003cscript type=\"math/tex\"\u003e\\le 100\u003c/script\u003e\u003c/td\u003e\n\u003ctd style=\"text-align:center;\"\u003e\u003cspan class=\"MathJax_Preview\"\u003e \u003c/span\u003e\u003cscript type=\"math/tex\"\u003e \u003c/script\u003e\u003c/td\u003e\n\u003c/tr\u003e\u003ctr\u003e\u003ctd style=\"text-align:center;\"\u003e\u003cspan class=\"MathJax_Preview\"\u003e5\\sim 6\u003c/span\u003e\u003cscript type=\"math/tex\"\u003e5\\sim 6\u003c/script\u003e\u003c/td\u003e\n\u003ctd style=\"text-align:center;\"\u003e\u003cspan class=\"MathJax_Preview\"\u003e20000\u003c/span\u003e\u003cscript type=\"math/tex\"\u003e20000\u003c/script\u003e\u003c/td\u003e\n\u003ctd style=\"text-align:center;\"\u003e\u003cspan class=\"MathJax_Preview\"\u003e\\le 40000\u003c/span\u003e\u003cscript type=\"math/tex\"\u003e\\le 40000\u003c/script\u003e\u003c/td\u003e\n\u003ctd style=\"text-align:center;\"\u003e不含第 \u003cspan class=\"MathJax_Preview\"\u003e2\u003c/span\u003e\u003cscript type=\"math/tex\"\u003e2\u003c/script\u003e 类函数或不含第 \u003cspan class=\"MathJax_Preview\"\u003e1\u003c/span\u003e\u003cscript type=\"math/tex\"\u003e1\u003c/script\u003e 类函数\u003c/td\u003e\n\u003c/tr\u003e\u003ctr\u003e\u003ctd style=\"text-align:center;\"\u003e\u003cspan class=\"MathJax_Preview\"\u003e7\u003c/span\u003e\u003cscript type=\"math/tex\"\u003e7\u003c/script\u003e\u003c/td\u003e\n\u003ctd style=\"text-align:center;\"\u003e\u003cspan class=\"MathJax_Preview\"\u003e20000\u003c/span\u003e\u003cscript type=\"math/tex\"\u003e20000\u003c/script\u003e\u003c/td\u003e\n\u003ctd style=\"text-align:center;\"\u003e\u003cspan class=\"MathJax_Preview\"\u003e=0\u003c/span\u003e\u003cscript type=\"math/tex\"\u003e=0\u003c/script\u003e\u003c/td\u003e\n\u003ctd style=\"text-align:center;\"\u003e\u003cspan class=\"MathJax_Preview\"\u003e \u003c/span\u003e\u003cscript type=\"math/tex\"\u003e \u003c/script\u003e\u003c/td\u003e\n\u003c/tr\u003e\u003ctr\u003e\u003ctd style=\"text-align:center;\"\u003e\u003cspan class=\"MathJax_Preview\"\u003e8\\sim 9\u003c/span\u003e\u003cscript type=\"math/tex\"\u003e8\\sim 9\u003c/script\u003e\u003c/td\u003e\n\u003ctd style=\"text-align:center;\"\u003e\u003cspan class=\"MathJax_Preview\"\u003e20000\u003c/span\u003e\u003cscript type=\"math/tex\"\u003e20000\u003c/script\u003e\u003c/td\u003e\n\u003ctd style=\"text-align:center;\"\u003e\u003cspan class=\"MathJax_Preview\"\u003e=m-1\u003c/span\u003e\u003cscript type=\"math/tex\"\u003e=m-1\u003c/script\u003e\u003c/td\u003e\n\u003ctd style=\"text-align:center;\"\u003e函数调用关系构成一颗树\u003c/td\u003e\n\u003c/tr\u003e\u003ctr\u003e\u003ctd style=\"text-align:center;\"\u003e\u003cspan class=\"MathJax_Preview\"\u003e10\\sim 11\u003c/span\u003e\u003cscript type=\"math/tex\"\u003e10\\sim 11\u003c/script\u003e\u003c/td\u003e\n\u003ctd style=\"text-align:center;\"\u003e\u003cspan class=\"MathJax_Preview\"\u003e20000\u003c/span\u003e\u003cscript type=\"math/tex\"\u003e20000\u003c/script\u003e\u003c/td\u003e\n\u003ctd style=\"text-align:center;\"\u003e\u003cspan class=\"MathJax_Preview\"\u003e\\le 2\\times 10^5\u003c/span\u003e\u003cscript type=\"math/tex\"\u003e\\le 2\\times 10^5\u003c/script\u003e\u003c/td\u003e\n\u003ctd style=\"text-align:center;\"\u003e\u003cspan class=\"MathJax_Preview\"\u003e \u003c/span\u003e\u003cscript type=\"math/tex\"\u003e \u003c/script\u003e\u003c/td\u003e\n\u003c/tr\u003e\u003ctr\u003e\u003ctd style=\"text-align:center;\"\u003e\u003cspan class=\"MathJax_Preview\"\u003e12\\sim 13\u003c/span\u003e\u003cscript type=\"math/tex\"\u003e12\\sim 13\u003c/script\u003e\u003c/td\u003e\n\u003ctd style=\"text-align:center;\"\u003e\u003cspan class=\"MathJax_Preview\"\u003e10^5\u003c/span\u003e\u003cscript type=\"math/tex\"\u003e10^5\u003c/script\u003e\u003c/td\u003e\n\u003ctd style=\"text-align:center;\"\u003e\u003cspan class=\"MathJax_Preview\"\u003e\\le 2\\times 10^5\u003c/span\u003e\u003cscript type=\"math/tex\"\u003e\\le 2\\times 10^5\u003c/script\u003e\u003c/td\u003e\n\u003ctd style=\"text-align:center;\"\u003e不含第 \u003cspan class=\"MathJax_Preview\"\u003e2\u003c/span\u003e\u003cscript type=\"math/tex\"\u003e2\u003c/script\u003e 类函数或不含第 \u003cspan class=\"MathJax_Preview\"\u003e1\u003c/span\u003e\u003cscript type=\"math/tex\"\u003e1\u003c/script\u003e 类函数\u003c/td\u003e\n\u003c/tr\u003e\u003ctr\u003e\u003ctd style=\"text-align:center;\"\u003e\u003cspan class=\"MathJax_Preview\"\u003e14\u003c/span\u003e\u003cscript type=\"math/tex\"\u003e14\u003c/script\u003e\u003c/td\u003e\n\u003ctd style=\"text-align:center;\"\u003e\u003cspan class=\"MathJax_Preview\"\u003e10^5\u003c/span\u003e\u003cscript type=\"math/tex\"\u003e10^5\u003c/script\u003e\u003c/td\u003e\n\u003ctd style=\"text-align:center;\"\u003e\u003cspan class=\"MathJax_Preview\"\u003e=0\u003c/span\u003e\u003cscript type=\"math/tex\"\u003e=0\u003c/script\u003e\u003c/td\u003e\n\u003ctd style=\"text-align:center;\"\u003e\u003cspan class=\"MathJax_Preview\"\u003e \u003c/span\u003e\u003cscript type=\"math/tex\"\u003e \u003c/script\u003e\u003c/td\u003e\n\u003c/tr\u003e\u003ctr\u003e\u003ctd style=\"text-align:center;\"\u003e\u003cspan class=\"MathJax_Preview\"\u003e15\\sim 16\u003c/span\u003e\u003cscript type=\"math/tex\"\u003e15\\sim 16\u003c/script\u003e\u003c/td\u003e\n\u003ctd style=\"text-align:center;\"\u003e\u003cspan class=\"MathJax_Preview\"\u003e10^5\u003c/span\u003e\u003cscript type=\"math/tex\"\u003e10^5\u003c/script\u003e\u003c/td\u003e\n\u003ctd style=\"text-align:center;\"\u003e\u003cspan class=\"MathJax_Preview\"\u003e=m-1\u003c/span\u003e\u003cscript type=\"math/tex\"\u003e=m-1\u003c/script\u003e\u003c/td\u003e\n\u003ctd style=\"text-align:center;\"\u003e函数调用关系构成一颗树\u003c/td\u003e\n\u003c/tr\u003e\u003ctr\u003e\u003ctd style=\"text-align:center;\"\u003e\u003cspan class=\"MathJax_Preview\"\u003e17\\sim 18\u003c/span\u003e\u003cscript type=\"math/tex\"\u003e17\\sim 18\u003c/script\u003e\u003c/td\u003e\n\u003ctd style=\"text-align:center;\"\u003e\u003cspan class=\"MathJax_Preview\"\u003e10^5\u003c/span\u003e\u003cscript type=\"math/tex\"\u003e10^5\u003c/script\u003e\u003c/td\u003e\n\u003ctd style=\"text-align:center;\"\u003e\u003cspan class=\"MathJax_Preview\"\u003e\\le 5\\times 10^5\u003c/span\u003e\u003cscript type=\"math/tex\"\u003e\\le 5\\times 10^5\u003c/script\u003e\u003c/td\u003e\n\u003ctd style=\"text-align:center;\"\u003e\u003cspan class=\"MathJax_Preview\"\u003e \u003c/span\u003e\u003cscript type=\"math/tex\"\u003e \u003c/script\u003e\u003c/td\u003e\n\u003c/tr\u003e\u003ctr\u003e\u003ctd style=\"text-align:center;\"\u003e\u003cspan class=\"MathJax_Preview\"\u003e19\\sim 20\u003c/span\u003e\u003cscript type=\"math/tex\"\u003e19\\sim 20\u003c/script\u003e\u003c/td\u003e\n\u003ctd style=\"text-align:center;\"\u003e\u003cspan class=\"MathJax_Preview\"\u003e10^5\u003c/span\u003e\u003cscript type=\"math/tex\"\u003e10^5\u003c/script\u003e\u003c/td\u003e\n\u003ctd style=\"text-align:center;\"\u003e\u003cspan class=\"MathJax_Preview\"\u003e\\le 10^6\u003c/span\u003e\u003cscript type=\"math/tex\"\u003e\\le 10^6\u003c/script\u003e\u003c/td\u003e\n\u003ctd style=\"text-align:center;\"\u003e\u003cspan class=\"MathJax_Preview\"\u003e \u003c/span\u003e\u003cscript type=\"math/tex\"\u003e \u003c/script\u003e\u003c/td\u003e\n\u003c/tr\u003e\u003c/tbody\u003e\u003c/table\u003e\u003c/div\u003e\u003cp\u003e对于所有数据：\u003cspan class=\"MathJax_Preview\"\u003e0 \\leq a_i \\leq 10^4\u003c/span\u003e\u003cscript type=\"math/tex\"\u003e0 \\leq a_i \\leq 10^4\u003c/script\u003e，\u003cspan class=\"MathJax_Preview\"\u003eT_j\\in\\{1,2,3\\}\u003c/span\u003e\u003cscript type=\"math/tex\"\u003eT_j\\in\\{1,2,3\\}\u003c/script\u003e，\u003cspan class=\"MathJax_Preview\"\u003e1 \\leq P_j \\leq n\u003c/span\u003e\u003cscript type=\"math/tex\"\u003e1 \\leq P_j \\leq n\u003c/script\u003e，\u003cspan class=\"MathJax_Preview\"\u003e0 \\leq V_j \\leq 10^4\u003c/span\u003e\u003cscript type=\"math/tex\"\u003e0 \\leq V_j \\leq 10^4\u003c/script\u003e，\u003cspan class=\"MathJax_Preview\"\u003e1 \\leq g_k^{(j)} \\leq m\u003c/span\u003e\u003cscript type=\"math/tex\"\u003e1 \\leq g_k^{(j)} \\leq m\u003c/script\u003e，\u003cspan class=\"MathJax_Preview\"\u003e1 \\leq f_i \\leq m\u003c/span\u003e\u003cscript type=\"math/tex\"\u003e1 \\leq f_i \\leq m\u003c/script\u003e。\u003c/p\u003e",
      "misc": ""
    },
    {
      "title": "下载",
      "content": "\u003cp\u003e\u003ca href=\"/download.php?type=problem\u0026amp;id=572\"\u003e样例数据下载\u003c/a\u003e\u003c/p\u003e",
      "misc": ""
    }
  ],
  "samples": [
    {
      "title": "样例一",
      "input": "\u003cpre\u003e3\n1 2 3\n3\n1 1 1\n2 2\n3 2 1 2\n2\n2 3\n\n\u003c/pre\u003e",
      "output": "\u003cpre\u003e6 8 12 \n\n\u003c/pre\u003e",
      "explanation": "",
      "misc": ""
    },
    {
      "title": "样例二",
      "input": "\u003cpre\u003e10\n1 2 3 4 5 6 7 8 9 10\n8\n3 2 2 3\n3 2 4 5\n3 2 5 8\n2 2\n3 2 6 7\n1 2 5\n1 7 6\n2 3\n3\n1 2 3\n\n\u003c/pre\u003e",
      "output": "\u003cpre\u003e36 282 108 144 180 216 504 288 324 360\n\n\u003c/pre\u003e",
      "explanation": "",
      "misc": ""
    },
    {
      "title": "样例三",
      "input": "",
      "output": "",
      "explanation": "",
      "misc": "\u003cp\u003e详见附加文件 \u003ccode\u003eex_call3.in/ans\u003c/code\u003e。\u003c/p\u003e"
    }
  ],
  "tags": [
    "UOJ",
    "CSP-S 2020"
  ],
  "rules": {
    "runtime": "2000000000",
    "memory": "268435456",
    "stack": "268435456",
    "source": "51200"
  },
  "meta": {
    "created": "2021-04-09T21:56:17.042906107+08:00",
    "updated": "2021-04-09T21:56:17.042906107+08:00",
    "checked": "2021-04-09T21:56:17.042906107+08:00"
  },
  "misc": ""
}
