{
  "id": "592",
  "title": "新年的聚会",
  "type": "interactive",
  "sections": [
    {
      "title": "",
      "content": "\u003cp\u003e\u003cstrong\u003e这是一道交互题。\u003c/strong\u003e\u003c/p\u003e\u003cp\u003e\u003cstrong\u003e 由于某些原因本题仅支持 C++, C++11 语言的提交。 \u003c/strong\u003e\u003c/p\u003e\u003cp\u003e你通过你派遣到黑衣人中的卧底，知晓了神犇被黑衣人 \u003cspan class=\"MathJax_Preview\" style=\"color: inherit;\"\u003e\u003cspan class=\"MJXp-math\" id=\"MJXp-Span-1\"\u003e\u003cspan class=\"MJXp-mn\" id=\"MJXp-Span-2\"\u003e03\u003c/span\u003e\u003c/span\u003e\u003c/span\u003e\u003cscript type=\"math/tex\" id=\"MathJax-Element-1\"\u003e03\u003c/script\u003e 当做了坐骑，并取名为 \u003ccode\u003eak's cow\u003c/code\u003e，并且它过几天就要被吃了。\u003c/p\u003e\u003cp\u003e为了救出神犇，你需要打探出黑衣人 \u003cspan class=\"MathJax_Preview\" style=\"color: inherit;\"\u003e\u003cspan class=\"MJXp-math\" id=\"MJXp-Span-3\"\u003e\u003cspan class=\"MJXp-mn\" id=\"MJXp-Span-4\"\u003e03\u003c/span\u003e\u003c/span\u003e\u003c/span\u003e\u003cscript type=\"math/tex\" id=\"MathJax-Element-2\"\u003e03\u003c/script\u003e 手下之间的关系，黑衣人 \u003cspan class=\"MathJax_Preview\" style=\"color: inherit;\"\u003e\u003cspan class=\"MJXp-math\" id=\"MJXp-Span-5\"\u003e\u003cspan class=\"MJXp-mn\" id=\"MJXp-Span-6\"\u003e03\u003c/span\u003e\u003c/span\u003e\u003c/span\u003e\u003cscript type=\"math/tex\" id=\"MathJax-Element-3\"\u003e03\u003c/script\u003e 有 \u003cspan class=\"MathJax_Preview\" style=\"color: inherit;\"\u003e\u003cspan class=\"MJXp-math\" id=\"MJXp-Span-7\"\u003e\u003cspan class=\"MJXp-mi MJXp-italic\" id=\"MJXp-Span-8\"\u003en\u003c/span\u003e\u003c/span\u003e\u003c/span\u003e\u003cscript type=\"math/tex\" id=\"MathJax-Element-4\"\u003en\u003c/script\u003e 个手下，编号为 \u003cspan class=\"MathJax_Preview\" style=\"color: inherit;\"\u003e\u003cspan class=\"MJXp-math\" id=\"MJXp-Span-9\"\u003e\u003cspan class=\"MJXp-mn\" id=\"MJXp-Span-10\"\u003e0\u003c/span\u003e\u003cspan class=\"MJXp-mo\" id=\"MJXp-Span-11\" style=\"margin-left: 0.333em; margin-right: 0.333em;\"\u003e∼\u003c/span\u003e\u003cspan class=\"MJXp-mi MJXp-italic\" id=\"MJXp-Span-12\"\u003en\u003c/span\u003e\u003cspan class=\"MJXp-mo\" id=\"MJXp-Span-13\" style=\"margin-left: 0.267em; margin-right: 0.267em;\"\u003e−\u003c/span\u003e\u003cspan class=\"MJXp-mn\" id=\"MJXp-Span-14\"\u003e1\u003c/span\u003e\u003c/span\u003e\u003c/span\u003e\u003cscript type=\"math/tex\" id=\"MathJax-Element-5\"\u003e0\\sim n-1\u003c/script\u003e，其中有 \u003cspan class=\"MathJax_Preview\" style=\"color: inherit;\"\u003e\u003cspan class=\"MJXp-math\" id=\"MJXp-Span-15\"\u003e\u003cspan class=\"MJXp-mi MJXp-italic\" id=\"MJXp-Span-16\"\u003em\u003c/span\u003e\u003c/span\u003e\u003c/span\u003e\u003cscript type=\"math/tex\" id=\"MathJax-Element-6\"\u003em\u003c/script\u003e 对手下 \u003cspan class=\"MathJax_Preview\" style=\"color: inherit;\"\u003e\u003cspan class=\"MJXp-math\" id=\"MJXp-Span-17\"\u003e\u003cspan class=\"MJXp-msubsup\" id=\"MJXp-Span-18\"\u003e\u003cspan class=\"MJXp-mi MJXp-italic\" id=\"MJXp-Span-19\" style=\"margin-right: 0.05em;\"\u003ea\u003c/span\u003e\u003cspan class=\"MJXp-mi MJXp-italic MJXp-script\" id=\"MJXp-Span-20\" style=\"vertical-align: -0.4em;\"\u003ei\u003c/span\u003e\u003c/span\u003e\u003c/span\u003e\u003c/span\u003e\u003cscript type=\"math/tex\" id=\"MathJax-Element-7\"\u003ea_i\u003c/script\u003e, \u003cspan class=\"MathJax_Preview\" style=\"color: inherit;\"\u003e\u003cspan class=\"MJXp-math\" id=\"MJXp-Span-21\"\u003e\u003cspan class=\"MJXp-msubsup\" id=\"MJXp-Span-22\"\u003e\u003cspan class=\"MJXp-mi MJXp-italic\" id=\"MJXp-Span-23\" style=\"margin-right: 0.05em;\"\u003eb\u003c/span\u003e\u003cspan class=\"MJXp-mi MJXp-italic MJXp-script\" id=\"MJXp-Span-24\" style=\"vertical-align: -0.4em;\"\u003ei\u003c/span\u003e\u003c/span\u003e\u003c/span\u003e\u003c/span\u003e\u003cscript type=\"math/tex\" id=\"MathJax-Element-8\"\u003eb_i\u003c/script\u003e 之间关系不佳。\u003c/p\u003e\u003cp\u003e你决定举办好多次聚会，每次聚会可以邀请一些黑衣人 \u003cspan class=\"MathJax_Preview\" style=\"color: inherit;\"\u003e\u003cspan class=\"MJXp-math\" id=\"MJXp-Span-25\"\u003e\u003cspan class=\"MJXp-mn\" id=\"MJXp-Span-26\"\u003e03\u003c/span\u003e\u003c/span\u003e\u003c/span\u003e\u003cscript type=\"math/tex\" id=\"MathJax-Element-9\"\u003e03\u003c/script\u003e 的手下，但是邀请的名单必须给每个人看，如果有人发现名单里存在和自己关系不佳的人，他就会拒绝来聚会，这次聚会就不能举办成功。\u003c/p\u003e\u003cp\u003e由于时间紧急，你最多举办聚会次数不能太多，由于资金有限，所有聚会的人数和不能太大，而你需要知道哪些手下之间关系不佳。\u003c/p\u003e",
      "misc": ""
    },
    {
      "title": "任务",
      "content": "\u003cp\u003e你必须引用 \u003ccode\u003emeeting.h\u003c/code\u003e 头文件。\u003c/p\u003e\u003cp\u003e你需要实现下面的过程：\u003c/p\u003e\u003cpre class=\"sh_sourceCode\"\u003e\u003ccode class=\"sh_cpp\"\u003estd\u003cspan class=\"sh_symbol\"\u003e::\u003c/span\u003e\u003cspan class=\"sh_usertype\"\u003evector\u0026lt;std::pair\u0026lt;int, int\u0026gt;\u0026gt;\u003c/span\u003e\u003cspan class=\"sh_normal\"\u003e \u003c/span\u003e\u003cspan class=\"sh_function\"\u003esolve\u003c/span\u003e\u003cspan class=\"sh_symbol\"\u003e(\u003c/span\u003e\u003cspan class=\"sh_type\"\u003eint\u003c/span\u003e n\u003cspan class=\"sh_symbol\"\u003e);\u003c/span\u003e\u003c/code\u003e\u003c/pre\u003e\u003cp\u003e其中 \u003cspan class=\"MathJax_Preview\" style=\"color: inherit;\"\u003e\u003cspan class=\"MJXp-math\" id=\"MJXp-Span-27\"\u003e\u003cspan class=\"MJXp-mi MJXp-italic\" id=\"MJXp-Span-28\"\u003en\u003c/span\u003e\u003c/span\u003e\u003c/span\u003e\u003cscript type=\"math/tex\" id=\"MathJax-Element-10\"\u003en\u003c/script\u003e 是黑衣人 \u003cspan class=\"MathJax_Preview\" style=\"color: inherit;\"\u003e\u003cspan class=\"MJXp-math\" id=\"MJXp-Span-29\"\u003e\u003cspan class=\"MJXp-mn\" id=\"MJXp-Span-30\"\u003e03\u003c/span\u003e\u003c/span\u003e\u003c/span\u003e\u003cscript type=\"math/tex\" id=\"MathJax-Element-11\"\u003e03\u003c/script\u003e 的手下数量，而关系不佳的手下对数你并不知道，你需要返回关系不佳的手下，顺序任意。\u003c/p\u003e\u003cp\u003e你可以调用以下过程和交互库进行交互：\u003c/p\u003e\u003cpre class=\"sh_sourceCode\"\u003e\u003ccode class=\"sh_cpp\"\u003e\u003cspan class=\"sh_type\"\u003ebool\u003c/span\u003e \u003cspan class=\"sh_function\"\u003emeeting\u003c/span\u003e\u003cspan class=\"sh_symbol\"\u003e(\u003c/span\u003estd\u003cspan class=\"sh_symbol\"\u003e::\u003c/span\u003e\u003cspan class=\"sh_usertype\"\u003evector\u0026lt;int\u0026gt;\u003c/span\u003e\u003cspan class=\"sh_normal\"\u003e \u003c/span\u003eset\u003cspan class=\"sh_symbol\"\u003e);\u003c/span\u003e\u003c/code\u003e\u003c/pre\u003e\u003cp\u003e该函数表示你就将举办一场聚会，其中 \u003ccode\u003eset\u003c/code\u003e 是一个包含要邀请的人的编号的 vector。当聚会能正常举办时返回值为 \u003ccode\u003etrue\u003c/code\u003e，否则为 \u003ccode\u003efalse\u003c/code\u003e。你必须保证所有编号在合法范围内且互不相同，不然你会获得 \u003cspan class=\"MathJax_Preview\" style=\"color: inherit;\"\u003e\u003cspan class=\"MJXp-math\" id=\"MJXp-Span-31\"\u003e\u003cspan class=\"MJXp-mn\" id=\"MJXp-Span-32\"\u003e0\u003c/span\u003e\u003c/span\u003e\u003c/span\u003e\u003cscript type=\"math/tex\" id=\"MathJax-Element-12\"\u003e0\u003c/script\u003e 分。\u003c/p\u003e",
      "misc": ""
    },
    {
      "title": "评测方式",
      "content": "\u003cp\u003e样例评测库将读入如下格式的输入数据：\u003c/p\u003e\u003cp\u003e第一行包括两个正整数 \u003cspan class=\"MathJax_Preview\" style=\"color: inherit;\"\u003e\u003cspan class=\"MJXp-math\" id=\"MJXp-Span-33\"\u003e\u003cspan class=\"MJXp-mi MJXp-italic\" id=\"MJXp-Span-34\"\u003en\u003c/span\u003e\u003c/span\u003e\u003c/span\u003e\u003cscript type=\"math/tex\" id=\"MathJax-Element-13\"\u003en\u003c/script\u003e 和 \u003cspan class=\"MathJax_Preview\" style=\"color: inherit;\"\u003e\u003cspan class=\"MJXp-math\" id=\"MJXp-Span-35\"\u003e\u003cspan class=\"MJXp-mi MJXp-italic\" id=\"MJXp-Span-36\"\u003em\u003c/span\u003e\u003c/span\u003e\u003c/span\u003e\u003cscript type=\"math/tex\" id=\"MathJax-Element-14\"\u003em\u003c/script\u003e，表示黑衣人 \u003cspan class=\"MathJax_Preview\" style=\"color: inherit;\"\u003e\u003cspan class=\"MJXp-math\" id=\"MJXp-Span-37\"\u003e\u003cspan class=\"MJXp-mn\" id=\"MJXp-Span-38\"\u003e03\u003c/span\u003e\u003c/span\u003e\u003c/span\u003e\u003cscript type=\"math/tex\" id=\"MathJax-Element-15\"\u003e03\u003c/script\u003e 的手下个数，与关系不佳的手下对数。\u003c/p\u003e\u003cp\u003e接下来 \u003cspan class=\"MathJax_Preview\" style=\"color: inherit;\"\u003e\u003cspan class=\"MJXp-math\" id=\"MJXp-Span-39\"\u003e\u003cspan class=\"MJXp-mi MJXp-italic\" id=\"MJXp-Span-40\"\u003em\u003c/span\u003e\u003c/span\u003e\u003c/span\u003e\u003cscript type=\"math/tex\" id=\"MathJax-Element-16\"\u003em\u003c/script\u003e 行，每行两个整数 \u003cspan class=\"MathJax_Preview\" style=\"color: inherit;\"\u003e\u003cspan class=\"MJXp-math\" id=\"MJXp-Span-41\"\u003e\u003cspan class=\"MJXp-msubsup\" id=\"MJXp-Span-42\"\u003e\u003cspan class=\"MJXp-mi MJXp-italic\" id=\"MJXp-Span-43\" style=\"margin-right: 0.05em;\"\u003ex\u003c/span\u003e\u003cspan class=\"MJXp-mi MJXp-italic MJXp-script\" id=\"MJXp-Span-44\" style=\"vertical-align: -0.4em;\"\u003ei\u003c/span\u003e\u003c/span\u003e\u003cspan class=\"MJXp-mo\" id=\"MJXp-Span-45\" style=\"margin-left: 0em; margin-right: 0.222em;\"\u003e,\u003c/span\u003e\u003cspan class=\"MJXp-msubsup\" id=\"MJXp-Span-46\"\u003e\u003cspan class=\"MJXp-mi MJXp-italic\" id=\"MJXp-Span-47\" style=\"margin-right: 0.05em;\"\u003ey\u003c/span\u003e\u003cspan class=\"MJXp-mi MJXp-italic MJXp-script\" id=\"MJXp-Span-48\" style=\"vertical-align: -0.4em;\"\u003ei\u003c/span\u003e\u003c/span\u003e\u003c/span\u003e\u003c/span\u003e\u003cscript type=\"math/tex\" id=\"MathJax-Element-17\"\u003ex_i, y_i\u003c/script\u003e，表示手下 \u003cspan class=\"MathJax_Preview\" style=\"color: inherit;\"\u003e\u003cspan class=\"MJXp-math\" id=\"MJXp-Span-49\"\u003e\u003cspan class=\"MJXp-msubsup\" id=\"MJXp-Span-50\"\u003e\u003cspan class=\"MJXp-mi MJXp-italic\" id=\"MJXp-Span-51\" style=\"margin-right: 0.05em;\"\u003ex\u003c/span\u003e\u003cspan class=\"MJXp-mi MJXp-italic MJXp-script\" id=\"MJXp-Span-52\" style=\"vertical-align: -0.4em;\"\u003ei\u003c/span\u003e\u003c/span\u003e\u003c/span\u003e\u003c/span\u003e\u003cscript type=\"math/tex\" id=\"MathJax-Element-18\"\u003ex_i\u003c/script\u003e 与 \u003cspan class=\"MathJax_Preview\" style=\"color: inherit;\"\u003e\u003cspan class=\"MJXp-math\" id=\"MJXp-Span-53\"\u003e\u003cspan class=\"MJXp-msubsup\" id=\"MJXp-Span-54\"\u003e\u003cspan class=\"MJXp-mi MJXp-italic\" id=\"MJXp-Span-55\" style=\"margin-right: 0.05em;\"\u003ey\u003c/span\u003e\u003cspan class=\"MJXp-mi MJXp-italic MJXp-script\" id=\"MJXp-Span-56\" style=\"vertical-align: -0.4em;\"\u003ei\u003c/span\u003e\u003c/span\u003e\u003c/span\u003e\u003c/span\u003e\u003cscript type=\"math/tex\" id=\"MathJax-Element-19\"\u003ey_i\u003c/script\u003e 关系不佳，一对关系不佳的手下只会被读入一次，且没有手下和自己关系不佳。\u003c/p\u003e\u003cp\u003e\u003cstrong\u003e在最终测试中，关系不佳的手下是确定的，不会因为你的询问而改变。\u003c/strong\u003e\u003c/p\u003e\u003cp\u003e样例评测库将输出如下格式的输出数据：\u003c/p\u003e\u003cp\u003e如果程序正常运行，则输出两个整数 \u003cspan class=\"MathJax_Preview\" style=\"color: inherit;\"\u003e\u003cspan class=\"MJXp-math\" id=\"MJXp-Span-57\"\u003e\u003cspan class=\"MJXp-mi MJXp-italic\" id=\"MJXp-Span-58\"\u003ec\u003c/span\u003e\u003cspan class=\"MJXp-mi MJXp-italic\" id=\"MJXp-Span-59\"\u003en\u003c/span\u003e\u003cspan class=\"MJXp-mi MJXp-italic\" id=\"MJXp-Span-60\"\u003et\u003c/span\u003e\u003cspan class=\"MJXp-mo\" id=\"MJXp-Span-61\" style=\"margin-left: 0em; margin-right: 0.222em;\"\u003e,\u003c/span\u003e\u003cspan class=\"MJXp-mi MJXp-italic\" id=\"MJXp-Span-62\"\u003es\u003c/span\u003e\u003cspan class=\"MJXp-mi MJXp-italic\" id=\"MJXp-Span-63\"\u003ei\u003c/span\u003e\u003cspan class=\"MJXp-mi MJXp-italic\" id=\"MJXp-Span-64\"\u003ez\u003c/span\u003e\u003cspan class=\"MJXp-mi MJXp-italic\" id=\"MJXp-Span-65\"\u003ee\u003c/span\u003e\u003c/span\u003e\u003c/span\u003e\u003cscript type=\"math/tex\" id=\"MathJax-Element-20\"\u003ecnt, size\u003c/script\u003e，表示举办聚会个数与总人数，否则会输出错误信息。\u003c/p\u003e",
      "misc": ""
    },
    {
      "title": "限制与约定",
      "content": "\u003cp\u003e对于所有数据，\u003cspan class=\"MathJax_Preview\" style=\"color: inherit;\"\u003e\u003cspan class=\"MJXp-math\" id=\"MJXp-Span-66\"\u003e\u003cspan class=\"MJXp-mn\" id=\"MJXp-Span-67\"\u003e1\u003c/span\u003e\u003cspan class=\"MJXp-mo\" id=\"MJXp-Span-68\" style=\"margin-left: 0.333em; margin-right: 0.333em;\"\u003e≤\u003c/span\u003e\u003cspan class=\"MJXp-mi MJXp-italic\" id=\"MJXp-Span-69\"\u003en\u003c/span\u003e\u003cspan class=\"MJXp-mo\" id=\"MJXp-Span-70\" style=\"margin-left: 0.333em; margin-right: 0.333em;\"\u003e≤\u003c/span\u003e\u003cspan class=\"MJXp-mn\" id=\"MJXp-Span-71\"\u003e1000\u003c/span\u003e\u003cspan class=\"MJXp-mo\" id=\"MJXp-Span-72\" style=\"margin-left: 0em; margin-right: 0.222em;\"\u003e,\u003c/span\u003e\u003cspan class=\"MJXp-mn\" id=\"MJXp-Span-73\"\u003e1\u003c/span\u003e\u003cspan class=\"MJXp-mo\" id=\"MJXp-Span-74\" style=\"margin-left: 0.333em; margin-right: 0.333em;\"\u003e≤\u003c/span\u003e\u003cspan class=\"MJXp-mi MJXp-italic\" id=\"MJXp-Span-75\"\u003em\u003c/span\u003e\u003cspan class=\"MJXp-mo\" id=\"MJXp-Span-76\" style=\"margin-left: 0.333em; margin-right: 0.333em;\"\u003e≤\u003c/span\u003e\u003cspan class=\"MJXp-mn\" id=\"MJXp-Span-77\"\u003e2000\u003c/span\u003e\u003c/span\u003e\u003c/span\u003e\u003cscript type=\"math/tex\" id=\"MathJax-Element-21\"\u003e1 \\leq n \\leq 1000, 1 \\leq m \\leq 2000\u003c/script\u003e。\u003c/p\u003e\u003cp\u003e对于所有测试点，我们会根据以下方式计分：\u003c/p\u003e\u003cdiv class=\"table-responsive\"\u003e\n\u003ctable class=\"table table-bordered table-text-center table-vertical-middle\"\u003e\u003cthead\u003e\u003ctr\u003e\u003cth style=\"text-align:center;\"\u003e编号\u003c/th\u003e\n\u003cth style=\"text-align:center;\"\u003e聚会个数上限\u003c/th\u003e\n\u003cth style=\"text-align:center;\"\u003e聚会总人数上限\u003c/th\u003e\n\u003cth style=\"text-align:center;\"\u003e分值\u003c/th\u003e\n\u003c/tr\u003e\u003c/thead\u003e\u003ctbody\u003e\u003ctr\u003e\u003ctd style=\"text-align:center;\"\u003e\u003cspan class=\"MathJax_Preview\" style=\"color: inherit;\"\u003e\u003cspan class=\"MJXp-math\" id=\"MJXp-Span-78\"\u003e\u003cspan class=\"MJXp-mn\" id=\"MJXp-Span-79\"\u003e1\u003c/span\u003e\u003c/span\u003e\u003c/span\u003e\u003cscript type=\"math/tex\" id=\"MathJax-Element-22\"\u003e1\u003c/script\u003e\u003c/td\u003e\n\u003ctd style=\"text-align:center;\"\u003e\u003cspan class=\"MathJax_Preview\" style=\"color: inherit;\"\u003e\u003cspan class=\"MJXp-math\" id=\"MJXp-Span-80\"\u003e\u003cspan class=\"MJXp-mn\" id=\"MJXp-Span-81\"\u003e499500\u003c/span\u003e\u003c/span\u003e\u003c/span\u003e\u003cscript type=\"math/tex\" id=\"MathJax-Element-23\"\u003e499500\u003c/script\u003e\u003c/td\u003e\n\u003ctd style=\"text-align:center;\"\u003e\u003cspan class=\"MathJax_Preview\" style=\"color: inherit;\"\u003e\u003cspan class=\"MJXp-math\" id=\"MJXp-Span-82\"\u003e\u003cspan class=\"MJXp-msubsup\" id=\"MJXp-Span-83\"\u003e\u003cspan class=\"MJXp-mn\" id=\"MJXp-Span-84\" style=\"margin-right: 0.05em;\"\u003e10\u003c/span\u003e\u003cspan class=\"MJXp-mn MJXp-script\" id=\"MJXp-Span-85\" style=\"vertical-align: 0.5em;\"\u003e7\u003c/span\u003e\u003c/span\u003e\u003c/span\u003e\u003c/span\u003e\u003cscript type=\"math/tex\" id=\"MathJax-Element-24\"\u003e10^7\u003c/script\u003e\u003c/td\u003e\n\u003ctd style=\"text-align:center;\"\u003e\u003cspan class=\"MathJax_Preview\" style=\"color: inherit;\"\u003e\u003cspan class=\"MJXp-math\" id=\"MJXp-Span-86\"\u003e\u003cspan class=\"MJXp-mn\" id=\"MJXp-Span-87\"\u003e25\u003c/span\u003e\u003c/span\u003e\u003c/span\u003e\u003cscript type=\"math/tex\" id=\"MathJax-Element-25\"\u003e25\u003c/script\u003e\u003c/td\u003e\n\u003c/tr\u003e\u003ctr\u003e\u003ctd style=\"text-align:center;\"\u003e\u003cspan class=\"MathJax_Preview\" style=\"color: inherit;\"\u003e\u003cspan class=\"MJXp-math\" id=\"MJXp-Span-88\"\u003e\u003cspan class=\"MJXp-mn\" id=\"MJXp-Span-89\"\u003e2\u003c/span\u003e\u003c/span\u003e\u003c/span\u003e\u003cscript type=\"math/tex\" id=\"MathJax-Element-26\"\u003e2\u003c/script\u003e\u003c/td\u003e\n\u003ctd style=\"text-align:center;\"\u003e\u003cspan class=\"MathJax_Preview\" style=\"color: inherit;\"\u003e\u003cspan class=\"MJXp-math\" id=\"MJXp-Span-90\"\u003e\u003cspan class=\"MJXp-mn\" id=\"MJXp-Span-91\"\u003e50000\u003c/span\u003e\u003c/span\u003e\u003c/span\u003e\u003cscript type=\"math/tex\" id=\"MathJax-Element-27\"\u003e50000\u003c/script\u003e\u003c/td\u003e\n\u003ctd style=\"text-align:center;\"\u003e\u003cspan class=\"MathJax_Preview\" style=\"color: inherit;\"\u003e\u003cspan class=\"MJXp-math\" id=\"MJXp-Span-92\"\u003e\u003cspan class=\"MJXp-msubsup\" id=\"MJXp-Span-93\"\u003e\u003cspan class=\"MJXp-mn\" id=\"MJXp-Span-94\" style=\"margin-right: 0.05em;\"\u003e10\u003c/span\u003e\u003cspan class=\"MJXp-mn MJXp-script\" id=\"MJXp-Span-95\" style=\"vertical-align: 0.5em;\"\u003e7\u003c/span\u003e\u003c/span\u003e\u003c/span\u003e\u003c/span\u003e\u003cscript type=\"math/tex\" id=\"MathJax-Element-28\"\u003e10^7\u003c/script\u003e\u003c/td\u003e\n\u003ctd style=\"text-align:center;\"\u003e\u003cspan class=\"MathJax_Preview\" style=\"color: inherit;\"\u003e\u003cspan class=\"MJXp-math\" id=\"MJXp-Span-96\"\u003e\u003cspan class=\"MJXp-mn\" id=\"MJXp-Span-97\"\u003e35\u003c/span\u003e\u003c/span\u003e\u003c/span\u003e\u003cscript type=\"math/tex\" id=\"MathJax-Element-29\"\u003e35\u003c/script\u003e\u003c/td\u003e\n\u003c/tr\u003e\u003ctr\u003e\u003ctd style=\"text-align:center;\"\u003e\u003cspan class=\"MathJax_Preview\" style=\"color: inherit;\"\u003e\u003cspan class=\"MJXp-math\" id=\"MJXp-Span-98\"\u003e\u003cspan class=\"MJXp-mn\" id=\"MJXp-Span-99\"\u003e3\u003c/span\u003e\u003c/span\u003e\u003c/span\u003e\u003cscript type=\"math/tex\" id=\"MathJax-Element-30\"\u003e3\u003c/script\u003e\u003c/td\u003e\n\u003ctd style=\"text-align:center;\"\u003e\u003cspan class=\"MathJax_Preview\" style=\"color: inherit;\"\u003e\u003cspan class=\"MJXp-math\" id=\"MJXp-Span-100\"\u003e\u003cspan class=\"MJXp-mn\" id=\"MJXp-Span-101\"\u003e50000\u003c/span\u003e\u003c/span\u003e\u003c/span\u003e\u003cscript type=\"math/tex\" id=\"MathJax-Element-31\"\u003e50000\u003c/script\u003e\u003c/td\u003e\n\u003ctd style=\"text-align:center;\"\u003e\u003cspan class=\"MathJax_Preview\" style=\"color: inherit;\"\u003e\u003cspan class=\"MJXp-math\" id=\"MJXp-Span-102\"\u003e\u003cspan class=\"MJXp-msubsup\" id=\"MJXp-Span-103\"\u003e\u003cspan class=\"MJXp-mn\" id=\"MJXp-Span-104\" style=\"margin-right: 0.05em;\"\u003e10\u003c/span\u003e\u003cspan class=\"MJXp-mn MJXp-script\" id=\"MJXp-Span-105\" style=\"vertical-align: 0.5em;\"\u003e6\u003c/span\u003e\u003c/span\u003e\u003c/span\u003e\u003c/span\u003e\u003cscript type=\"math/tex\" id=\"MathJax-Element-32\"\u003e10^6\u003c/script\u003e\u003c/td\u003e\n\u003ctd style=\"text-align:center;\"\u003e\u003cspan class=\"MathJax_Preview\" style=\"color: inherit;\"\u003e\u003cspan class=\"MJXp-math\" id=\"MJXp-Span-106\"\u003e\u003cspan class=\"MJXp-mn\" id=\"MJXp-Span-107\"\u003e40\u003c/span\u003e\u003c/span\u003e\u003c/span\u003e\u003cscript type=\"math/tex\" id=\"MathJax-Element-33\"\u003e40\u003c/script\u003e\u003c/td\u003e\n\u003c/tr\u003e\u003c/tbody\u003e\u003c/table\u003e\u003c/div\u003e\u003cp\u003e\u003cstrong\u003e对每个部分，你满足其要求就可以获得其分数。\u003c/strong\u003e\u003c/p\u003e\u003cp\u003e若聚会个数不超过 \u003cspan class=\"MathJax_Preview\" style=\"color: inherit;\"\u003e\u003cspan class=\"MJXp-math\" id=\"MJXp-Span-108\"\u003e\u003cspan class=\"MJXp-mn\" id=\"MJXp-Span-109\"\u003e500000\u003c/span\u003e\u003c/span\u003e\u003c/span\u003e\u003cscript type=\"math/tex\" id=\"MathJax-Element-34\"\u003e500000\u003c/script\u003e，且聚会总人数不超过 \u003cspan class=\"MathJax_Preview\" style=\"color: inherit;\"\u003e\u003cspan class=\"MJXp-math\" id=\"MJXp-Span-110\"\u003e\u003cspan class=\"MJXp-msubsup\" id=\"MJXp-Span-111\"\u003e\u003cspan class=\"MJXp-mn\" id=\"MJXp-Span-112\" style=\"margin-right: 0.05em;\"\u003e10\u003c/span\u003e\u003cspan class=\"MJXp-mn MJXp-script\" id=\"MJXp-Span-113\" style=\"vertical-align: 0.5em;\"\u003e7\u003c/span\u003e\u003c/span\u003e\u003c/span\u003e\u003c/span\u003e\u003cscript type=\"math/tex\" id=\"MathJax-Element-35\"\u003e10^7\u003c/script\u003e，交互库运行时间不会超过 \u003cspan class=\"MathJax_Preview\" style=\"color: inherit;\"\u003e\u003cspan class=\"MJXp-math\" id=\"MJXp-Span-114\"\u003e\u003cspan class=\"MJXp-mn\" id=\"MJXp-Span-115\"\u003e2\u003c/span\u003e\u003cspan class=\"MJXp-mrow\" id=\"MJXp-Span-116\"\u003e\u003cspan class=\"MJXp-mtext MJXp-mono\" id=\"MJXp-Span-117\"\u003es\u003c/span\u003e\u003c/span\u003e\u003c/span\u003e\u003c/span\u003e\u003cscript type=\"math/tex\" id=\"MathJax-Element-36\"\u003e2\\texttt{s}\u003c/script\u003e。\u003c/p\u003e\u003cp\u003e若聚会个数不超过 \u003cspan class=\"MathJax_Preview\" style=\"color: inherit;\"\u003e\u003cspan class=\"MJXp-math\" id=\"MJXp-Span-118\"\u003e\u003cspan class=\"MJXp-mn\" id=\"MJXp-Span-119\"\u003e50000\u003c/span\u003e\u003c/span\u003e\u003c/span\u003e\u003cscript type=\"math/tex\" id=\"MathJax-Element-37\"\u003e50000\u003c/script\u003e，交互库运行时间不会超过 \u003cspan class=\"MathJax_Preview\" style=\"color: inherit;\"\u003e\u003cspan class=\"MJXp-math\" id=\"MJXp-Span-120\"\u003e\u003cspan class=\"MJXp-mn\" id=\"MJXp-Span-121\"\u003e200\u003c/span\u003e\u003cspan class=\"MJXp-mrow\" id=\"MJXp-Span-122\"\u003e\u003cspan class=\"MJXp-mtext MJXp-mono\" id=\"MJXp-Span-123\"\u003ems\u003c/span\u003e\u003c/span\u003e\u003c/span\u003e\u003c/span\u003e\u003cscript type=\"math/tex\" id=\"MathJax-Element-38\"\u003e200\\texttt{ms}\u003c/script\u003e。\u003c/p\u003e\u003cp\u003e保证交互库使用空间不超过 \u003cspan class=\"MathJax_Preview\" style=\"color: inherit;\"\u003e\u003cspan class=\"MJXp-math\" id=\"MJXp-Span-124\"\u003e\u003cspan class=\"MJXp-mn\" id=\"MJXp-Span-125\"\u003e4\u003c/span\u003e\u003cspan class=\"MJXp-mrow\" id=\"MJXp-Span-126\"\u003e\u003cspan class=\"MJXp-mtext MJXp-mono\" id=\"MJXp-Span-127\"\u003eMB\u003c/span\u003e\u003c/span\u003e\u003c/span\u003e\u003c/span\u003e\u003cscript type=\"math/tex\" id=\"MathJax-Element-39\"\u003e4 \\texttt{MB}\u003c/script\u003e。\u003c/p\u003e",
      "misc": ""
    },
    {
      "title": "下载",
      "content": "\u003cp\u003e\u003ca href=\"https://uoj.ac/download.php?type=problem\u0026amp;id=592\"\u003e样例数据与样例评测库下载\u003c/a\u003e\u003c/p\u003e",
      "misc": ""
    }
  ],
  "samples": [
    {
      "title": "样例一",
      "input": "\u003cpre\u003e2 1\n0 1\n\n\u003c/pre\u003e",
      "output": "\u003cpre\u003e1 2\n\n\u003c/pre\u003e",
      "explanation": "\u003cp\u003e我们可以直接调用 \u003ccode\u003emeeting([0, 1])\u003c/code\u003e 来检验唯一一对可能关系不佳的手下，我们发现它们关系不佳于是可以返回 \u003ccode\u003e[(0, 1)]\u003c/code\u003e。\u003c/p\u003e",
      "misc": ""
    },
    {
      "title": "样例二",
      "input": "",
      "output": "",
      "explanation": "",
      "misc": "\u003cp\u003e见下载文件中的 \u003ccode\u003eex_meeting2.in\u003c/code\u003e 与 \u003ccode\u003eex_meeting2.out\u003c/code\u003e。\u003c/p\u003e"
    }
  ],
  "tags": [
    "UOJ"
  ],
  "rules": {
    "runtime": "3000000000",
    "memory": "536870912",
    "stack": "536870912",
    "source": "51200"
  },
  "meta": {
    "created": "2021-04-09T21:56:50.580598423+08:00",
    "updated": "2021-04-09T21:56:50.580598423+08:00",
    "checked": "2021-04-09T21:56:50.580598423+08:00"
  },
  "misc": ""
}
