{
  "id": "597",
  "title": "数圈圈",
  "type": "traditional",
  "sections": [
    {
      "title": "",
      "content": "\u003cp\u003e给定整数 \u003cspan class=\"MathJax_Preview\" style=\"color: inherit;\"\u003e\u003cspan class=\"MJXp-math\" id=\"MJXp-Span-1\"\u003e\u003cspan class=\"MJXp-mi MJXp-italic\" id=\"MJXp-Span-2\"\u003en\u003c/span\u003e\u003cspan class=\"MJXp-mo\" id=\"MJXp-Span-3\" style=\"margin-left: 0em; margin-right: 0.222em;\"\u003e,\u003c/span\u003e\u003cspan class=\"MJXp-mi MJXp-italic\" id=\"MJXp-Span-4\"\u003ey\u003c/span\u003e\u003c/span\u003e\u003c/span\u003e\u003cscript type=\"math/tex\" id=\"MathJax-Element-1\"\u003en,y\u003c/script\u003e 和一个长度为 \u003cspan class=\"MathJax_Preview\" style=\"color: inherit;\"\u003e\u003cspan class=\"MJXp-math\" id=\"MJXp-Span-5\"\u003e\u003cspan class=\"MJXp-mi MJXp-italic\" id=\"MJXp-Span-6\"\u003en\u003c/span\u003e\u003c/span\u003e\u003c/span\u003e\u003cscript type=\"math/tex\" id=\"MathJax-Element-2\"\u003en\u003c/script\u003e 的整数序列 \u003cspan class=\"MathJax_Preview\" style=\"color: inherit;\"\u003e\u003cspan class=\"MJXp-math\" id=\"MJXp-Span-7\"\u003e\u003cspan class=\"MJXp-mi MJXp-italic\" id=\"MJXp-Span-8\"\u003eA\u003c/span\u003e\u003cspan class=\"MJXp-mo\" id=\"MJXp-Span-9\" style=\"margin-left: 0.333em; margin-right: 0.333em;\"\u003e=\u003c/span\u003e\u003cspan class=\"MJXp-mo\" id=\"MJXp-Span-10\" style=\"margin-left: 0em; margin-right: 0em;\"\u003e{\u003c/span\u003e\u003cspan class=\"MJXp-msubsup\" id=\"MJXp-Span-11\"\u003e\u003cspan class=\"MJXp-mi MJXp-italic\" id=\"MJXp-Span-12\" style=\"margin-right: 0.05em;\"\u003ea\u003c/span\u003e\u003cspan class=\"MJXp-mn MJXp-script\" id=\"MJXp-Span-13\" style=\"vertical-align: -0.4em;\"\u003e1\u003c/span\u003e\u003c/span\u003e\u003cspan class=\"MJXp-mo\" id=\"MJXp-Span-14\" style=\"margin-left: 0em; margin-right: 0.222em;\"\u003e,\u003c/span\u003e\u003cspan class=\"MJXp-msubsup\" id=\"MJXp-Span-15\"\u003e\u003cspan class=\"MJXp-mi MJXp-italic\" id=\"MJXp-Span-16\" style=\"margin-right: 0.05em;\"\u003ea\u003c/span\u003e\u003cspan class=\"MJXp-mn MJXp-script\" id=\"MJXp-Span-17\" style=\"vertical-align: -0.4em;\"\u003e2\u003c/span\u003e\u003c/span\u003e\u003cspan class=\"MJXp-mo\" id=\"MJXp-Span-18\" style=\"margin-left: 0em; margin-right: 0.222em;\"\u003e,\u003c/span\u003e\u003cspan class=\"MJXp-mo\" id=\"MJXp-Span-19\" style=\"margin-left: 0em; margin-right: 0em;\"\u003e⋯\u003c/span\u003e\u003cspan class=\"MJXp-mo\" id=\"MJXp-Span-20\" style=\"margin-left: 0em; margin-right: 0.222em;\"\u003e,\u003c/span\u003e\u003cspan class=\"MJXp-msubsup\" id=\"MJXp-Span-21\"\u003e\u003cspan class=\"MJXp-mi MJXp-italic\" id=\"MJXp-Span-22\" style=\"margin-right: 0.05em;\"\u003ea\u003c/span\u003e\u003cspan class=\"MJXp-mi MJXp-italic MJXp-script\" id=\"MJXp-Span-23\" style=\"vertical-align: -0.4em;\"\u003en\u003c/span\u003e\u003c/span\u003e\u003cspan class=\"MJXp-mo\" id=\"MJXp-Span-24\" style=\"margin-left: 0em; margin-right: 0em;\"\u003e}\u003c/span\u003e\u003c/span\u003e\u003c/span\u003e\u003cscript type=\"math/tex\" id=\"MathJax-Element-3\"\u003eA = \\{a_1,a_2,\\cdots,a_n\\}\u003c/script\u003e，\u003cstrong\u003e保证序列 \u003cspan class=\"MathJax_Preview\" style=\"color: inherit;\"\u003e\u003cspan class=\"MJXp-math\" id=\"MJXp-Span-25\"\u003e\u003cspan class=\"MJXp-mi MJXp-italic\" id=\"MJXp-Span-26\"\u003eA\u003c/span\u003e\u003c/span\u003e\u003c/span\u003e\u003cscript type=\"math/tex\" id=\"MathJax-Element-4\"\u003eA\u003c/script\u003e 单调不减或单调不增\u003c/strong\u003e。\u003c/p\u003e\u003cp\u003e构建有向图 \u003cspan class=\"MathJax_Preview\" style=\"color: inherit;\"\u003e\u003cspan class=\"MJXp-math\" id=\"MJXp-Span-27\"\u003e\u003cspan class=\"MJXp-mi MJXp-italic\" id=\"MJXp-Span-28\"\u003eG\u003c/span\u003e\u003cspan class=\"MJXp-mo\" id=\"MJXp-Span-29\" style=\"margin-left: 0em; margin-right: 0em;\"\u003e(\u003c/span\u003e\u003cspan class=\"MJXp-mi MJXp-italic\" id=\"MJXp-Span-30\"\u003eV\u003c/span\u003e\u003cspan class=\"MJXp-mo\" id=\"MJXp-Span-31\" style=\"margin-left: 0em; margin-right: 0.222em;\"\u003e,\u003c/span\u003e\u003cspan class=\"MJXp-mi MJXp-italic\" id=\"MJXp-Span-32\"\u003eE\u003c/span\u003e\u003cspan class=\"MJXp-mo\" id=\"MJXp-Span-33\" style=\"margin-left: 0em; margin-right: 0em;\"\u003e)\u003c/span\u003e\u003c/span\u003e\u003c/span\u003e\u003cscript type=\"math/tex\" id=\"MathJax-Element-5\"\u003eG(V,E)\u003c/script\u003e，其中 \u003cspan class=\"MathJax_Preview\" style=\"color: inherit;\"\u003e\u003cspan class=\"MJXp-math\" id=\"MJXp-Span-34\"\u003e\u003cspan class=\"MJXp-mi MJXp-italic\" id=\"MJXp-Span-35\"\u003eV\u003c/span\u003e\u003cspan class=\"MJXp-mo\" id=\"MJXp-Span-36\" style=\"margin-left: 0.333em; margin-right: 0.333em;\"\u003e=\u003c/span\u003e\u003cspan class=\"MJXp-mo\" id=\"MJXp-Span-37\" style=\"margin-left: 0em; margin-right: 0em;\"\u003e{\u003c/span\u003e\u003cspan class=\"MJXp-mn\" id=\"MJXp-Span-38\"\u003e1\u003c/span\u003e\u003cspan class=\"MJXp-mo\" id=\"MJXp-Span-39\" style=\"margin-left: 0em; margin-right: 0.222em;\"\u003e,\u003c/span\u003e\u003cspan class=\"MJXp-mn\" id=\"MJXp-Span-40\"\u003e2\u003c/span\u003e\u003cspan class=\"MJXp-mo\" id=\"MJXp-Span-41\" style=\"margin-left: 0em; margin-right: 0.222em;\"\u003e,\u003c/span\u003e\u003cspan class=\"MJXp-mo\" id=\"MJXp-Span-42\" style=\"margin-left: 0em; margin-right: 0em;\"\u003e⋯\u003c/span\u003e\u003cspan class=\"MJXp-mo\" id=\"MJXp-Span-43\" style=\"margin-left: 0em; margin-right: 0.222em;\"\u003e,\u003c/span\u003e\u003cspan class=\"MJXp-mi MJXp-italic\" id=\"MJXp-Span-44\"\u003en\u003c/span\u003e\u003cspan class=\"MJXp-mo\" id=\"MJXp-Span-45\" style=\"margin-left: 0em; margin-right: 0em;\"\u003e}\u003c/span\u003e\u003c/span\u003e\u003c/span\u003e\u003cscript type=\"math/tex\" id=\"MathJax-Element-6\"\u003eV = \\{1,2,\\cdots,n\\}\u003c/script\u003e，\u003cspan class=\"MathJax_Preview\" style=\"color: inherit;\"\u003e\u003cspan class=\"MJXp-math\" id=\"MJXp-Span-46\"\u003e\u003cspan class=\"MJXp-mi MJXp-italic\" id=\"MJXp-Span-47\"\u003eE\u003c/span\u003e\u003cspan class=\"MJXp-mo\" id=\"MJXp-Span-48\" style=\"margin-left: 0.333em; margin-right: 0.333em;\"\u003e=\u003c/span\u003e\u003cspan class=\"MJXp-mo\" id=\"MJXp-Span-49\" style=\"margin-left: 0em; margin-right: 0em;\"\u003e{\u003c/span\u003e\u003cspan class=\"MJXp-mo\" id=\"MJXp-Span-50\" style=\"margin-left: 0em; margin-right: 0em;\"\u003e(\u003c/span\u003e\u003cspan class=\"MJXp-mi MJXp-italic\" id=\"MJXp-Span-51\"\u003ei\u003c/span\u003e\u003cspan class=\"MJXp-mo\" id=\"MJXp-Span-52\" style=\"margin-left: 0em; margin-right: 0.222em;\"\u003e,\u003c/span\u003e\u003cspan class=\"MJXp-mi MJXp-italic\" id=\"MJXp-Span-53\"\u003ej\u003c/span\u003e\u003cspan class=\"MJXp-mo\" id=\"MJXp-Span-54\" style=\"margin-left: 0em; margin-right: 0em;\"\u003e)\u003c/span\u003e\u003cspan class=\"MJXp-mo\" id=\"MJXp-Span-55\" style=\"margin-left: 0.333em; margin-right: 0.333em;\"\u003e∣\u003c/span\u003e\u003cspan class=\"MJXp-mn\" id=\"MJXp-Span-56\"\u003e1\u003c/span\u003e\u003cspan class=\"MJXp-mo\" id=\"MJXp-Span-57\" style=\"margin-left: 0.333em; margin-right: 0.333em;\"\u003e≤\u003c/span\u003e\u003cspan class=\"MJXp-mi MJXp-italic\" id=\"MJXp-Span-58\"\u003ei\u003c/span\u003e\u003cspan class=\"MJXp-mo\" id=\"MJXp-Span-59\" style=\"margin-left: 0em; margin-right: 0.222em;\"\u003e,\u003c/span\u003e\u003cspan class=\"MJXp-mi MJXp-italic\" id=\"MJXp-Span-60\"\u003ej\u003c/span\u003e\u003cspan class=\"MJXp-mo\" id=\"MJXp-Span-61\" style=\"margin-left: 0.333em; margin-right: 0.333em;\"\u003e≤\u003c/span\u003e\u003cspan class=\"MJXp-mi MJXp-italic\" id=\"MJXp-Span-62\"\u003en\u003c/span\u003e\u003cspan class=\"MJXp-mo\" id=\"MJXp-Span-63\" style=\"margin-left: 0em; margin-right: 0.222em;\"\u003e,\u003c/span\u003e\u003cspan class=\"MJXp-msubsup\" id=\"MJXp-Span-64\"\u003e\u003cspan class=\"MJXp-mi MJXp-italic\" id=\"MJXp-Span-65\" style=\"margin-right: 0.05em;\"\u003ea\u003c/span\u003e\u003cspan class=\"MJXp-mi MJXp-italic MJXp-script\" id=\"MJXp-Span-66\" style=\"vertical-align: -0.4em;\"\u003ei\u003c/span\u003e\u003c/span\u003e\u003cspan class=\"MJXp-mo\" id=\"MJXp-Span-67\" style=\"margin-left: 0.333em; margin-right: 0.333em;\"\u003e≥\u003c/span\u003e\u003cspan class=\"MJXp-mi MJXp-italic\" id=\"MJXp-Span-68\"\u003ej\u003c/span\u003e\u003cspan class=\"MJXp-mo\" id=\"MJXp-Span-69\" style=\"margin-left: 0em; margin-right: 0em;\"\u003e}\u003c/span\u003e\u003c/span\u003e\u003c/span\u003e\u003cscript type=\"math/tex\" id=\"MathJax-Element-7\"\u003eE = \\{(i,j) \\mid 1 \\leq i,j \\leq n, a_i \\geq j\\}\u003c/script\u003e。注意图 \u003cspan class=\"MathJax_Preview\" style=\"color: inherit;\"\u003e\u003cspan class=\"MJXp-math\" id=\"MJXp-Span-70\"\u003e\u003cspan class=\"MJXp-mi MJXp-italic\" id=\"MJXp-Span-71\"\u003eG\u003c/span\u003e\u003c/span\u003e\u003c/span\u003e\u003cscript type=\"math/tex\" id=\"MathJax-Element-8\"\u003eG\u003c/script\u003e 中可能包含自环。\u003c/p\u003e\u003cp\u003e定义边子集 \u003cspan class=\"MathJax_Preview\" style=\"color: inherit;\"\u003e\u003cspan class=\"MJXp-math\" id=\"MJXp-Span-72\"\u003e\u003cspan class=\"MJXp-mi MJXp-italic\" id=\"MJXp-Span-73\"\u003eT\u003c/span\u003e\u003cspan class=\"MJXp-mo\" id=\"MJXp-Span-74\" style=\"margin-left: 0.333em; margin-right: 0.333em;\"\u003e⊆\u003c/span\u003e\u003cspan class=\"MJXp-mi MJXp-italic\" id=\"MJXp-Span-75\"\u003eE\u003c/span\u003e\u003c/span\u003e\u003c/span\u003e\u003cscript type=\"math/tex\" id=\"MathJax-Element-9\"\u003eT \\subseteq E\u003c/script\u003e \u003cstrong\u003e合法\u003c/strong\u003e当且仅当图 \u003cspan class=\"MathJax_Preview\" style=\"color: inherit;\"\u003e\u003cspan class=\"MJXp-math\" id=\"MJXp-Span-76\"\u003e\u003cspan class=\"MJXp-msup\" id=\"MJXp-Span-77\"\u003e\u003cspan class=\"MJXp-mi MJXp-italic\" id=\"MJXp-Span-78\" style=\"margin-right: 0.05em;\"\u003eG\u003c/span\u003e\u003cspan class=\"MJXp-mo MJXp-script\" id=\"MJXp-Span-79\" style=\"vertical-align: 0.5em;\"\u003e′\u003c/span\u003e\u003c/span\u003e\u003cspan class=\"MJXp-mo\" id=\"MJXp-Span-80\" style=\"margin-left: 0em; margin-right: 0em;\"\u003e(\u003c/span\u003e\u003cspan class=\"MJXp-mi MJXp-italic\" id=\"MJXp-Span-81\"\u003eV\u003c/span\u003e\u003cspan class=\"MJXp-mo\" id=\"MJXp-Span-82\" style=\"margin-left: 0em; margin-right: 0.222em;\"\u003e,\u003c/span\u003e\u003cspan class=\"MJXp-mi MJXp-italic\" id=\"MJXp-Span-83\"\u003eT\u003c/span\u003e\u003cspan class=\"MJXp-mo\" id=\"MJXp-Span-84\" style=\"margin-left: 0em; margin-right: 0em;\"\u003e)\u003c/span\u003e\u003c/span\u003e\u003c/span\u003e\u003cscript type=\"math/tex\" id=\"MathJax-Element-10\"\u003eG'(V,T)\u003c/script\u003e 中每个点的入度和出度不超过 \u003cspan class=\"MathJax_Preview\" style=\"color: inherit;\"\u003e\u003cspan class=\"MJXp-math\" id=\"MJXp-Span-85\"\u003e\u003cspan class=\"MJXp-mn\" id=\"MJXp-Span-86\"\u003e1\u003c/span\u003e\u003c/span\u003e\u003c/span\u003e\u003cscript type=\"math/tex\" id=\"MathJax-Element-11\"\u003e1\u003c/script\u003e，自环对对应点的入度和出度均贡献 \u003cspan class=\"MathJax_Preview\" style=\"color: inherit;\"\u003e\u003cspan class=\"MJXp-math\" id=\"MJXp-Span-87\"\u003e\u003cspan class=\"MJXp-mn\" id=\"MJXp-Span-88\"\u003e1\u003c/span\u003e\u003c/span\u003e\u003c/span\u003e\u003cscript type=\"math/tex\" id=\"MathJax-Element-12\"\u003e1\u003c/script\u003e。定义一个合法边子集 \u003cspan class=\"MathJax_Preview\" style=\"color: inherit;\"\u003e\u003cspan class=\"MJXp-math\" id=\"MJXp-Span-89\"\u003e\u003cspan class=\"MJXp-mi MJXp-italic\" id=\"MJXp-Span-90\"\u003eT\u003c/span\u003e\u003c/span\u003e\u003c/span\u003e\u003cscript type=\"math/tex\" id=\"MathJax-Element-13\"\u003eT\u003c/script\u003e 的\u003cstrong\u003e权值\u003c/strong\u003e为 \u003cspan class=\"MathJax_Preview\" style=\"color: inherit;\"\u003e\u003cspan class=\"MJXp-math\" id=\"MJXp-Span-91\"\u003e\u003cspan class=\"MJXp-msubsup\" id=\"MJXp-Span-92\"\u003e\u003cspan class=\"MJXp-mi MJXp-italic\" id=\"MJXp-Span-93\" style=\"margin-right: 0.05em;\"\u003ey\u003c/span\u003e\u003cspan class=\"MJXp-mrow MJXp-script\" id=\"MJXp-Span-94\" style=\"vertical-align: 0.5em;\"\u003e\u003cspan class=\"MJXp-mrow\" id=\"MJXp-Span-95\"\u003e\u003cspan class=\"MJXp-mi\" id=\"MJXp-Span-96\"\u003ec\u003c/span\u003e\u003cspan class=\"MJXp-mi\" id=\"MJXp-Span-97\"\u003ey\u003c/span\u003e\u003cspan class=\"MJXp-mi\" id=\"MJXp-Span-98\"\u003ec\u003c/span\u003e\u003cspan class=\"MJXp-mi\" id=\"MJXp-Span-99\"\u003el\u003c/span\u003e\u003cspan class=\"MJXp-mi\" id=\"MJXp-Span-100\"\u003ee\u003c/span\u003e\u003c/span\u003e\u003cspan class=\"MJXp-mo\" id=\"MJXp-Span-101\"\u003e(\u003c/span\u003e\u003cspan class=\"MJXp-mi MJXp-italic\" id=\"MJXp-Span-102\"\u003eT\u003c/span\u003e\u003cspan class=\"MJXp-mo\" id=\"MJXp-Span-103\"\u003e)\u003c/span\u003e\u003c/span\u003e\u003c/span\u003e\u003c/span\u003e\u003c/span\u003e\u003cscript type=\"math/tex\" id=\"MathJax-Element-14\"\u003ey^{\\mathrm{cycle}(T)}\u003c/script\u003e，其中 \u003cspan class=\"MathJax_Preview\" style=\"color: inherit;\"\u003e\u003cspan class=\"MJXp-math\" id=\"MJXp-Span-104\"\u003e\u003cspan class=\"MJXp-mrow\" id=\"MJXp-Span-105\"\u003e\u003cspan class=\"MJXp-mi\" id=\"MJXp-Span-106\"\u003ec\u003c/span\u003e\u003cspan class=\"MJXp-mi\" id=\"MJXp-Span-107\"\u003ey\u003c/span\u003e\u003cspan class=\"MJXp-mi\" id=\"MJXp-Span-108\"\u003ec\u003c/span\u003e\u003cspan class=\"MJXp-mi\" id=\"MJXp-Span-109\"\u003el\u003c/span\u003e\u003cspan class=\"MJXp-mi\" id=\"MJXp-Span-110\"\u003ee\u003c/span\u003e\u003c/span\u003e\u003cspan class=\"MJXp-mo\" id=\"MJXp-Span-111\" style=\"margin-left: 0em; margin-right: 0em;\"\u003e(\u003c/span\u003e\u003cspan class=\"MJXp-mi MJXp-italic\" id=\"MJXp-Span-112\"\u003eT\u003c/span\u003e\u003cspan class=\"MJXp-mo\" id=\"MJXp-Span-113\" style=\"margin-left: 0em; margin-right: 0em;\"\u003e)\u003c/span\u003e\u003c/span\u003e\u003c/span\u003e\u003cscript type=\"math/tex\" id=\"MathJax-Element-15\"\u003e\\mathrm{cycle}(T)\u003c/script\u003e 表示图 \u003cspan class=\"MathJax_Preview\" style=\"color: inherit;\"\u003e\u003cspan class=\"MJXp-math\" id=\"MJXp-Span-114\"\u003e\u003cspan class=\"MJXp-msup\" id=\"MJXp-Span-115\"\u003e\u003cspan class=\"MJXp-mi MJXp-italic\" id=\"MJXp-Span-116\" style=\"margin-right: 0.05em;\"\u003eG\u003c/span\u003e\u003cspan class=\"MJXp-mo MJXp-script\" id=\"MJXp-Span-117\" style=\"vertical-align: 0.5em;\"\u003e′\u003c/span\u003e\u003c/span\u003e\u003cspan class=\"MJXp-mo\" id=\"MJXp-Span-118\" style=\"margin-left: 0em; margin-right: 0em;\"\u003e(\u003c/span\u003e\u003cspan class=\"MJXp-mi MJXp-italic\" id=\"MJXp-Span-119\"\u003eV\u003c/span\u003e\u003cspan class=\"MJXp-mo\" id=\"MJXp-Span-120\" style=\"margin-left: 0em; margin-right: 0.222em;\"\u003e,\u003c/span\u003e\u003cspan class=\"MJXp-mi MJXp-italic\" id=\"MJXp-Span-121\"\u003eT\u003c/span\u003e\u003cspan class=\"MJXp-mo\" id=\"MJXp-Span-122\" style=\"margin-left: 0em; margin-right: 0em;\"\u003e)\u003c/span\u003e\u003c/span\u003e\u003c/span\u003e\u003cscript type=\"math/tex\" id=\"MathJax-Element-16\"\u003eG'(V,T)\u003c/script\u003e 的环数，自环是一个环。\u003c/p\u003e\u003cp\u003e特别地，本题认为 \u003cspan class=\"MathJax_Preview\" style=\"color: inherit;\"\u003e\u003cspan class=\"MJXp-math\" id=\"MJXp-Span-123\"\u003e\u003cspan class=\"MJXp-msubsup\" id=\"MJXp-Span-124\"\u003e\u003cspan class=\"MJXp-mn\" id=\"MJXp-Span-125\" style=\"margin-right: 0.05em;\"\u003e0\u003c/span\u003e\u003cspan class=\"MJXp-mn MJXp-script\" id=\"MJXp-Span-126\" style=\"vertical-align: 0.5em;\"\u003e0\u003c/span\u003e\u003c/span\u003e\u003cspan class=\"MJXp-mo\" id=\"MJXp-Span-127\" style=\"margin-left: 0.333em; margin-right: 0.333em;\"\u003e=\u003c/span\u003e\u003cspan class=\"MJXp-mn\" id=\"MJXp-Span-128\"\u003e1\u003c/span\u003e\u003c/span\u003e\u003c/span\u003e\u003cscript type=\"math/tex\" id=\"MathJax-Element-17\"\u003e0^0=1\u003c/script\u003e。\u003c/p\u003e\u003cp\u003e对于所有整数 \u003cspan class=\"MathJax_Preview\" style=\"color: inherit;\"\u003e\u003cspan class=\"MJXp-math\" id=\"MJXp-Span-129\"\u003e\u003cspan class=\"MJXp-mn\" id=\"MJXp-Span-130\"\u003e0\u003c/span\u003e\u003cspan class=\"MJXp-mo\" id=\"MJXp-Span-131\" style=\"margin-left: 0.333em; margin-right: 0.333em;\"\u003e≤\u003c/span\u003e\u003cspan class=\"MJXp-mi MJXp-italic\" id=\"MJXp-Span-132\"\u003ek\u003c/span\u003e\u003cspan class=\"MJXp-mo\" id=\"MJXp-Span-133\" style=\"margin-left: 0.333em; margin-right: 0.333em;\"\u003e≤\u003c/span\u003e\u003cspan class=\"MJXp-mi MJXp-italic\" id=\"MJXp-Span-134\"\u003en\u003c/span\u003e\u003c/span\u003e\u003c/span\u003e\u003cscript type=\"math/tex\" id=\"MathJax-Element-18\"\u003e0 \\leq k \\leq n\u003c/script\u003e，求所有大小为 \u003cspan class=\"MathJax_Preview\" style=\"color: inherit;\"\u003e\u003cspan class=\"MJXp-math\" id=\"MJXp-Span-135\"\u003e\u003cspan class=\"MJXp-mi MJXp-italic\" id=\"MJXp-Span-136\"\u003ek\u003c/span\u003e\u003c/span\u003e\u003c/span\u003e\u003cscript type=\"math/tex\" id=\"MathJax-Element-19\"\u003ek\u003c/script\u003e 的合法边子集的权值和，对 \u003cspan class=\"MathJax_Preview\" style=\"color: inherit;\"\u003e\u003cspan class=\"MJXp-math\" id=\"MJXp-Span-137\"\u003e\u003cspan class=\"MJXp-mn\" id=\"MJXp-Span-138\"\u003e998244353\u003c/span\u003e\u003c/span\u003e\u003c/span\u003e\u003cscript type=\"math/tex\" id=\"MathJax-Element-20\"\u003e998244353\u003c/script\u003e 取模。\u003c/p\u003e",
      "misc": ""
    },
    {
      "title": "输入格式",
      "content": "\u003cp\u003e第一行两个整数 \u003cspan class=\"MathJax_Preview\" style=\"color: inherit;\"\u003e\u003cspan class=\"MJXp-math\" id=\"MJXp-Span-139\"\u003e\u003cspan class=\"MJXp-mi MJXp-italic\" id=\"MJXp-Span-140\"\u003en\u003c/span\u003e\u003cspan class=\"MJXp-mo\" id=\"MJXp-Span-141\" style=\"margin-left: 0em; margin-right: 0.222em;\"\u003e,\u003c/span\u003e\u003cspan class=\"MJXp-mi MJXp-italic\" id=\"MJXp-Span-142\"\u003ey\u003c/span\u003e\u003c/span\u003e\u003c/span\u003e\u003cscript type=\"math/tex\" id=\"MathJax-Element-21\"\u003en,y\u003c/script\u003e，第二行 \u003cspan class=\"MathJax_Preview\" style=\"color: inherit;\"\u003e\u003cspan class=\"MJXp-math\" id=\"MJXp-Span-143\"\u003e\u003cspan class=\"MJXp-mi MJXp-italic\" id=\"MJXp-Span-144\"\u003en\u003c/span\u003e\u003c/span\u003e\u003c/span\u003e\u003cscript type=\"math/tex\" id=\"MathJax-Element-22\"\u003en\u003c/script\u003e 个整数 \u003cspan class=\"MathJax_Preview\" style=\"color: inherit;\"\u003e\u003cspan class=\"MJXp-math\" id=\"MJXp-Span-145\"\u003e\u003cspan class=\"MJXp-msubsup\" id=\"MJXp-Span-146\"\u003e\u003cspan class=\"MJXp-mi MJXp-italic\" id=\"MJXp-Span-147\" style=\"margin-right: 0.05em;\"\u003ea\u003c/span\u003e\u003cspan class=\"MJXp-mn MJXp-script\" id=\"MJXp-Span-148\" style=\"vertical-align: -0.4em;\"\u003e1\u003c/span\u003e\u003c/span\u003e\u003cspan class=\"MJXp-mo\" id=\"MJXp-Span-149\" style=\"margin-left: 0em; margin-right: 0.222em;\"\u003e,\u003c/span\u003e\u003cspan class=\"MJXp-msubsup\" id=\"MJXp-Span-150\"\u003e\u003cspan class=\"MJXp-mi MJXp-italic\" id=\"MJXp-Span-151\" style=\"margin-right: 0.05em;\"\u003ea\u003c/span\u003e\u003cspan class=\"MJXp-mn MJXp-script\" id=\"MJXp-Span-152\" style=\"vertical-align: -0.4em;\"\u003e2\u003c/span\u003e\u003c/span\u003e\u003cspan class=\"MJXp-mo\" id=\"MJXp-Span-153\" style=\"margin-left: 0em; margin-right: 0.222em;\"\u003e,\u003c/span\u003e\u003cspan class=\"MJXp-mo\" id=\"MJXp-Span-154\" style=\"margin-left: 0em; margin-right: 0em;\"\u003e⋯\u003c/span\u003e\u003cspan class=\"MJXp-mo\" id=\"MJXp-Span-155\" style=\"margin-left: 0em; margin-right: 0.222em;\"\u003e,\u003c/span\u003e\u003cspan class=\"MJXp-msubsup\" id=\"MJXp-Span-156\"\u003e\u003cspan class=\"MJXp-mi MJXp-italic\" id=\"MJXp-Span-157\" style=\"margin-right: 0.05em;\"\u003ea\u003c/span\u003e\u003cspan class=\"MJXp-mi MJXp-italic MJXp-script\" id=\"MJXp-Span-158\" style=\"vertical-align: -0.4em;\"\u003en\u003c/span\u003e\u003c/span\u003e\u003c/span\u003e\u003c/span\u003e\u003cscript type=\"math/tex\" id=\"MathJax-Element-23\"\u003ea_1,a_2,\\cdots,a_n\u003c/script\u003e 描述序列 \u003cspan class=\"MathJax_Preview\" style=\"color: inherit;\"\u003e\u003cspan class=\"MJXp-math\" id=\"MJXp-Span-159\"\u003e\u003cspan class=\"MJXp-mi MJXp-italic\" id=\"MJXp-Span-160\"\u003eA\u003c/span\u003e\u003c/span\u003e\u003c/span\u003e\u003cscript type=\"math/tex\" id=\"MathJax-Element-24\"\u003eA\u003c/script\u003e。\u003c/p\u003e",
      "misc": ""
    },
    {
      "title": "输出格式",
      "content": "\u003cp\u003e一行 \u003cspan class=\"MathJax_Preview\" style=\"color: inherit;\"\u003e\u003cspan class=\"MJXp-math\" id=\"MJXp-Span-161\"\u003e\u003cspan class=\"MJXp-mi MJXp-italic\" id=\"MJXp-Span-162\"\u003en\u003c/span\u003e\u003cspan class=\"MJXp-mo\" id=\"MJXp-Span-163\" style=\"margin-left: 0.267em; margin-right: 0.267em;\"\u003e+\u003c/span\u003e\u003cspan class=\"MJXp-mn\" id=\"MJXp-Span-164\"\u003e1\u003c/span\u003e\u003c/span\u003e\u003c/span\u003e\u003cscript type=\"math/tex\" id=\"MathJax-Element-25\"\u003en+1\u003c/script\u003e 个整数，第 \u003cspan class=\"MathJax_Preview\" style=\"color: inherit;\"\u003e\u003cspan class=\"MJXp-math\" id=\"MJXp-Span-165\"\u003e\u003cspan class=\"MJXp-mi MJXp-italic\" id=\"MJXp-Span-166\"\u003ei\u003c/span\u003e\u003c/span\u003e\u003c/span\u003e\u003cscript type=\"math/tex\" id=\"MathJax-Element-26\"\u003ei\u003c/script\u003e 个整数表示大小为 \u003cspan class=\"MathJax_Preview\" style=\"color: inherit;\"\u003e\u003cspan class=\"MJXp-math\" id=\"MJXp-Span-167\"\u003e\u003cspan class=\"MJXp-mi MJXp-italic\" id=\"MJXp-Span-168\"\u003ei\u003c/span\u003e\u003cspan class=\"MJXp-mo\" id=\"MJXp-Span-169\" style=\"margin-left: 0.267em; margin-right: 0.267em;\"\u003e−\u003c/span\u003e\u003cspan class=\"MJXp-mn\" id=\"MJXp-Span-170\"\u003e1\u003c/span\u003e\u003c/span\u003e\u003c/span\u003e\u003cscript type=\"math/tex\" id=\"MathJax-Element-27\"\u003ei-1\u003c/script\u003e 的合法边子集的权值和，对 \u003cspan class=\"MathJax_Preview\" style=\"color: inherit;\"\u003e\u003cspan class=\"MJXp-math\" id=\"MJXp-Span-171\"\u003e\u003cspan class=\"MJXp-mn\" id=\"MJXp-Span-172\"\u003e998244353\u003c/span\u003e\u003c/span\u003e\u003c/span\u003e\u003cscript type=\"math/tex\" id=\"MathJax-Element-28\"\u003e998244353\u003c/script\u003e 取模。\u003c/p\u003e",
      "misc": ""
    },
    {
      "title": "限制与约定",
      "content": "\u003cp\u003e对于 \u003cspan class=\"MathJax_Preview\" style=\"color: inherit;\"\u003e\u003cspan class=\"MJXp-math\" id=\"MJXp-Span-289\"\u003e\u003cspan class=\"MJXp-mn\" id=\"MJXp-Span-290\"\u003e100\u003c/span\u003e\u003cspan class=\"MJXp-mi\" id=\"MJXp-Span-291\"\u003e%\u003c/span\u003e\u003c/span\u003e\u003c/span\u003e\u003cscript type=\"math/tex\" id=\"MathJax-Element-43\"\u003e100\\%\u003c/script\u003e 的数据，\u003cspan class=\"MathJax_Preview\" style=\"color: inherit;\"\u003e\u003cspan class=\"MJXp-math\" id=\"MJXp-Span-292\"\u003e\u003cspan class=\"MJXp-mn\" id=\"MJXp-Span-293\"\u003e1\u003c/span\u003e\u003cspan class=\"MJXp-mo\" id=\"MJXp-Span-294\" style=\"margin-left: 0.333em; margin-right: 0.333em;\"\u003e≤\u003c/span\u003e\u003cspan class=\"MJXp-mi MJXp-italic\" id=\"MJXp-Span-295\"\u003en\u003c/span\u003e\u003cspan class=\"MJXp-mo\" id=\"MJXp-Span-296\" style=\"margin-left: 0.333em; margin-right: 0.333em;\"\u003e≤\u003c/span\u003e\u003cspan class=\"MJXp-msubsup\" id=\"MJXp-Span-297\"\u003e\u003cspan class=\"MJXp-mn\" id=\"MJXp-Span-298\" style=\"margin-right: 0.05em;\"\u003e10\u003c/span\u003e\u003cspan class=\"MJXp-mn MJXp-script\" id=\"MJXp-Span-299\" style=\"vertical-align: 0.5em;\"\u003e5\u003c/span\u003e\u003c/span\u003e\u003cspan class=\"MJXp-mo\" id=\"MJXp-Span-300\" style=\"margin-left: 0em; margin-right: 0.222em;\"\u003e,\u003c/span\u003e\u003cspan class=\"MJXp-mn\" id=\"MJXp-Span-301\"\u003e0\u003c/span\u003e\u003cspan class=\"MJXp-mo\" id=\"MJXp-Span-302\" style=\"margin-left: 0.333em; margin-right: 0.333em;\"\u003e≤\u003c/span\u003e\u003cspan class=\"MJXp-mi MJXp-italic\" id=\"MJXp-Span-303\"\u003ey\u003c/span\u003e\u003cspan class=\"MJXp-mo\" id=\"MJXp-Span-304\" style=\"margin-left: 0.333em; margin-right: 0.333em;\"\u003e\u0026lt;\u003c/span\u003e\u003cspan class=\"MJXp-mn\" id=\"MJXp-Span-305\"\u003e998244353\u003c/span\u003e\u003cspan class=\"MJXp-mo\" id=\"MJXp-Span-306\" style=\"margin-left: 0em; margin-right: 0.222em;\"\u003e,\u003c/span\u003e\u003cspan class=\"MJXp-mn\" id=\"MJXp-Span-307\"\u003e0\u003c/span\u003e\u003cspan class=\"MJXp-mo\" id=\"MJXp-Span-308\" style=\"margin-left: 0.333em; margin-right: 0.333em;\"\u003e≤\u003c/span\u003e\u003cspan class=\"MJXp-msubsup\" id=\"MJXp-Span-309\"\u003e\u003cspan class=\"MJXp-mi MJXp-italic\" id=\"MJXp-Span-310\" style=\"margin-right: 0.05em;\"\u003ea\u003c/span\u003e\u003cspan class=\"MJXp-mi MJXp-italic MJXp-script\" id=\"MJXp-Span-311\" style=\"vertical-align: -0.4em;\"\u003ei\u003c/span\u003e\u003c/span\u003e\u003cspan class=\"MJXp-mo\" id=\"MJXp-Span-312\" style=\"margin-left: 0.333em; margin-right: 0.333em;\"\u003e≤\u003c/span\u003e\u003cspan class=\"MJXp-mi MJXp-italic\" id=\"MJXp-Span-313\"\u003en\u003c/span\u003e\u003c/span\u003e\u003c/span\u003e\u003cscript type=\"math/tex\" id=\"MathJax-Element-44\"\u003e1 \\leq n \\leq 10^5 , 0 \\leq y \u003c 998244353 , 0 \\leq a_i \\leq n\u003c/script\u003e。保证序列 \u003cspan class=\"MathJax_Preview\" style=\"color: inherit;\"\u003e\u003cspan class=\"MJXp-math\" id=\"MJXp-Span-314\"\u003e\u003cspan class=\"MJXp-mi MJXp-italic\" id=\"MJXp-Span-315\"\u003eA\u003c/span\u003e\u003c/span\u003e\u003c/span\u003e\u003cscript type=\"math/tex\" id=\"MathJax-Element-45\"\u003eA\u003c/script\u003e 是单调不减或单调不增序列。\u003c/p\u003e\u003cp\u003e前 \u003cspan class=\"MathJax_Preview\" style=\"color: inherit;\"\u003e\u003cspan class=\"MJXp-math\" id=\"MJXp-Span-316\"\u003e\u003cspan class=\"MJXp-mn\" id=\"MJXp-Span-317\"\u003e5\u003c/span\u003e\u003c/span\u003e\u003c/span\u003e\u003cscript type=\"math/tex\" id=\"MathJax-Element-46\"\u003e5\u003c/script\u003e 个子任务满足序列 \u003cspan class=\"MathJax_Preview\" style=\"color: inherit;\"\u003e\u003cspan class=\"MJXp-math\" id=\"MJXp-Span-318\"\u003e\u003cspan class=\"MJXp-mi MJXp-italic\" id=\"MJXp-Span-319\"\u003eA\u003c/span\u003e\u003c/span\u003e\u003c/span\u003e\u003cscript type=\"math/tex\" id=\"MathJax-Element-47\"\u003eA\u003c/script\u003e 单调不减，特殊性质与分值如下表所示。\u003c/p\u003e\u003ctable class=\"table table-bordered table-text-center table-vertical-middle\"\u003e\u003cthead\u003e\u003ctr\u003e\u003cth\u003e子任务编号\u003c/th\u003e\u003cth\u003e\u003cspan class=\"MathJax_Preview\" style=\"color: inherit;\"\u003e\u003cspan class=\"MJXp-math\" id=\"MJXp-Span-320\"\u003e\u003cspan class=\"MJXp-mi MJXp-italic\" id=\"MJXp-Span-321\"\u003en\u003c/span\u003e\u003cspan class=\"MJXp-mo\" id=\"MJXp-Span-322\" style=\"margin-left: 0.333em; margin-right: 0.333em;\"\u003e≤\u003c/span\u003e\u003c/span\u003e\u003c/span\u003e\u003cscript type=\"math/tex\" id=\"MathJax-Element-48\"\u003en \\leq \u003c/script\u003e\u003c/th\u003e\u003cth\u003e特殊性质\u003c/th\u003e\u003cth\u003e分值\u003c/th\u003e\u003c/tr\u003e\u003c/thead\u003e\u003ctbody\u003e\u003ctr\u003e\u003ctd\u003e\u003cspan class=\"MathJax_Preview\" style=\"color: inherit;\"\u003e\u003cspan class=\"MJXp-math\" id=\"MJXp-Span-323\"\u003e\u003cspan class=\"MJXp-mn\" id=\"MJXp-Span-324\"\u003e1\u003c/span\u003e\u003c/span\u003e\u003c/span\u003e\u003cscript type=\"math/tex\" id=\"MathJax-Element-49\"\u003e1\u003c/script\u003e\u003c/td\u003e\u003ctd\u003e\u003cspan class=\"MathJax_Preview\" style=\"color: inherit;\"\u003e\u003cspan class=\"MJXp-math\" id=\"MJXp-Span-325\"\u003e\u003cspan class=\"MJXp-mn\" id=\"MJXp-Span-326\"\u003e8\u003c/span\u003e\u003c/span\u003e\u003c/span\u003e\u003cscript type=\"math/tex\" id=\"MathJax-Element-50\"\u003e8\u003c/script\u003e\u003c/td\u003e\u003ctd\u003e无\u003c/td\u003e\u003ctd\u003e\u003cspan class=\"MathJax_Preview\" style=\"color: inherit;\"\u003e\u003cspan class=\"MJXp-math\" id=\"MJXp-Span-327\"\u003e\u003cspan class=\"MJXp-mn\" id=\"MJXp-Span-328\"\u003e1\u003c/span\u003e\u003c/span\u003e\u003c/span\u003e\u003cscript type=\"math/tex\" id=\"MathJax-Element-51\"\u003e1\u003c/script\u003e\u003c/td\u003e\u003c/tr\u003e\u003ctr\u003e\u003ctd\u003e\u003cspan class=\"MathJax_Preview\" style=\"color: inherit;\"\u003e\u003cspan class=\"MJXp-math\" id=\"MJXp-Span-329\"\u003e\u003cspan class=\"MJXp-mn\" id=\"MJXp-Span-330\"\u003e2\u003c/span\u003e\u003c/span\u003e\u003c/span\u003e\u003cscript type=\"math/tex\" id=\"MathJax-Element-52\"\u003e2\u003c/script\u003e\u003c/td\u003e\u003ctd\u003e\u003cspan class=\"MathJax_Preview\" style=\"color: inherit;\"\u003e\u003cspan class=\"MJXp-math\" id=\"MJXp-Span-331\"\u003e\u003cspan class=\"MJXp-mn\" id=\"MJXp-Span-332\"\u003e15\u003c/span\u003e\u003c/span\u003e\u003c/span\u003e\u003cscript type=\"math/tex\" id=\"MathJax-Element-53\"\u003e15\u003c/script\u003e\u003c/td\u003e\u003ctd\u003e\u003cspan class=\"MathJax_Preview\" style=\"color: inherit;\"\u003e\u003cspan class=\"MJXp-math\" id=\"MJXp-Span-333\"\u003e\u003cspan class=\"MJXp-mi MJXp-italic\" id=\"MJXp-Span-334\"\u003ey\u003c/span\u003e\u003cspan class=\"MJXp-mo\" id=\"MJXp-Span-335\" style=\"margin-left: 0.333em; margin-right: 0.333em;\"\u003e=\u003c/span\u003e\u003cspan class=\"MJXp-mn\" id=\"MJXp-Span-336\"\u003e0\u003c/span\u003e\u003c/span\u003e\u003c/span\u003e\u003cscript type=\"math/tex\" id=\"MathJax-Element-54\"\u003ey=0\u003c/script\u003e\u003c/td\u003e\u003ctd\u003e\u003cspan class=\"MathJax_Preview\" style=\"color: inherit;\"\u003e\u003cspan class=\"MJXp-math\" id=\"MJXp-Span-337\"\u003e\u003cspan class=\"MJXp-mn\" id=\"MJXp-Span-338\"\u003e9\u003c/span\u003e\u003c/span\u003e\u003c/span\u003e\u003cscript type=\"math/tex\" id=\"MathJax-Element-55\"\u003e9\u003c/script\u003e\u003c/td\u003e\u003c/tr\u003e\u003ctr\u003e\u003ctd\u003e\u003cspan class=\"MathJax_Preview\" style=\"color: inherit;\"\u003e\u003cspan class=\"MJXp-math\" id=\"MJXp-Span-339\"\u003e\u003cspan class=\"MJXp-mn\" id=\"MJXp-Span-340\"\u003e3\u003c/span\u003e\u003c/span\u003e\u003c/span\u003e\u003cscript type=\"math/tex\" id=\"MathJax-Element-56\"\u003e3\u003c/script\u003e\u003c/td\u003e\u003ctd\u003e\u003cspan class=\"MathJax_Preview\" style=\"color: inherit;\"\u003e\u003cspan class=\"MJXp-math\" id=\"MJXp-Span-341\"\u003e\u003cspan class=\"MJXp-mn\" id=\"MJXp-Span-342\"\u003e2000\u003c/span\u003e\u003c/span\u003e\u003c/span\u003e\u003cscript type=\"math/tex\" id=\"MathJax-Element-57\"\u003e2000\u003c/script\u003e\u003c/td\u003e\u003ctd\u003e无\u003c/td\u003e\u003ctd\u003e\u003cspan class=\"MathJax_Preview\" style=\"color: inherit;\"\u003e\u003cspan class=\"MJXp-math\" id=\"MJXp-Span-343\"\u003e\u003cspan class=\"MJXp-mn\" id=\"MJXp-Span-344\"\u003e10\u003c/span\u003e\u003c/span\u003e\u003c/span\u003e\u003cscript type=\"math/tex\" id=\"MathJax-Element-58\"\u003e10\u003c/script\u003e\u003c/td\u003e\u003c/tr\u003e\u003ctr\u003e\u003ctd\u003e\u003cspan class=\"MathJax_Preview\" style=\"color: inherit;\"\u003e\u003cspan class=\"MJXp-math\" id=\"MJXp-Span-345\"\u003e\u003cspan class=\"MJXp-mn\" id=\"MJXp-Span-346\"\u003e4\u003c/span\u003e\u003c/span\u003e\u003c/span\u003e\u003cscript type=\"math/tex\" id=\"MathJax-Element-59\"\u003e4\u003c/script\u003e\u003c/td\u003e\u003ctd\u003e\u003cspan class=\"MathJax_Preview\" style=\"color: inherit;\"\u003e\u003cspan class=\"MJXp-math\" id=\"MJXp-Span-347\"\u003e\u003cspan class=\"MJXp-mn\" id=\"MJXp-Span-348\"\u003e75000\u003c/span\u003e\u003c/span\u003e\u003c/span\u003e\u003cscript type=\"math/tex\" id=\"MathJax-Element-60\"\u003e75000\u003c/script\u003e\u003c/td\u003e\u003ctd\u003e\u003cspan class=\"MathJax_Preview\" style=\"color: inherit;\"\u003e\u003cspan class=\"MJXp-math\" id=\"MJXp-Span-349\"\u003e\u003cspan class=\"MJXp-mi MJXp-italic\" id=\"MJXp-Span-350\"\u003ey\u003c/span\u003e\u003cspan class=\"MJXp-mo\" id=\"MJXp-Span-351\" style=\"margin-left: 0.333em; margin-right: 0.333em;\"\u003e=\u003c/span\u003e\u003cspan class=\"MJXp-mn\" id=\"MJXp-Span-352\"\u003e1\u003c/span\u003e\u003c/span\u003e\u003c/span\u003e\u003cscript type=\"math/tex\" id=\"MathJax-Element-61\"\u003ey=1\u003c/script\u003e\u003c/td\u003e\u003ctd\u003e\u003cspan class=\"MathJax_Preview\" style=\"color: inherit;\"\u003e\u003cspan class=\"MJXp-math\" id=\"MJXp-Span-353\"\u003e\u003cspan class=\"MJXp-mn\" id=\"MJXp-Span-354\"\u003e15\u003c/span\u003e\u003c/span\u003e\u003c/span\u003e\u003cscript type=\"math/tex\" id=\"MathJax-Element-62\"\u003e15\u003c/script\u003e\u003c/td\u003e\u003c/tr\u003e\u003ctr\u003e\u003ctd\u003e\u003cspan class=\"MathJax_Preview\" style=\"color: inherit;\"\u003e\u003cspan class=\"MJXp-math\" id=\"MJXp-Span-355\"\u003e\u003cspan class=\"MJXp-mn\" id=\"MJXp-Span-356\"\u003e5\u003c/span\u003e\u003c/span\u003e\u003c/span\u003e\u003cscript type=\"math/tex\" id=\"MathJax-Element-63\"\u003e5\u003c/script\u003e\u003c/td\u003e\u003ctd\u003e\u003cspan class=\"MathJax_Preview\" style=\"color: inherit;\"\u003e\u003cspan class=\"MJXp-math\" id=\"MJXp-Span-357\"\u003e\u003cspan class=\"MJXp-msubsup\" id=\"MJXp-Span-358\"\u003e\u003cspan class=\"MJXp-mn\" id=\"MJXp-Span-359\" style=\"margin-right: 0.05em;\"\u003e10\u003c/span\u003e\u003cspan class=\"MJXp-mn MJXp-script\" id=\"MJXp-Span-360\" style=\"vertical-align: 0.5em;\"\u003e5\u003c/span\u003e\u003c/span\u003e\u003c/span\u003e\u003c/span\u003e\u003cscript type=\"math/tex\" id=\"MathJax-Element-64\"\u003e10^5\u003c/script\u003e\u003c/td\u003e\u003ctd\u003e无\u003c/td\u003e\u003ctd\u003e\u003cspan class=\"MathJax_Preview\" style=\"color: inherit;\"\u003e\u003cspan class=\"MJXp-math\" id=\"MJXp-Span-361\"\u003e\u003cspan class=\"MJXp-mn\" id=\"MJXp-Span-362\"\u003e15\u003c/span\u003e\u003c/span\u003e\u003c/span\u003e\u003cscript type=\"math/tex\" id=\"MathJax-Element-65\"\u003e15\u003c/script\u003e\u003c/td\u003e\u003c/tr\u003e\u003c/tbody\u003e\u003c/table\u003e\u003cp\u003e后 \u003cspan class=\"MathJax_Preview\" style=\"color: inherit;\"\u003e\u003cspan class=\"MJXp-math\" id=\"MJXp-Span-363\"\u003e\u003cspan class=\"MJXp-mn\" id=\"MJXp-Span-364\"\u003e4\u003c/span\u003e\u003c/span\u003e\u003c/span\u003e\u003cscript type=\"math/tex\" id=\"MathJax-Element-66\"\u003e4\u003c/script\u003e 个子任务满足序列 \u003cspan class=\"MathJax_Preview\" style=\"color: inherit;\"\u003e\u003cspan class=\"MJXp-math\" id=\"MJXp-Span-365\"\u003e\u003cspan class=\"MJXp-mi MJXp-italic\" id=\"MJXp-Span-366\"\u003eA\u003c/span\u003e\u003c/span\u003e\u003c/span\u003e\u003cscript type=\"math/tex\" id=\"MathJax-Element-67\"\u003eA\u003c/script\u003e 单调不增，设 \u003cspan class=\"MathJax_Preview\" style=\"color: inherit;\"\u003e\u003cspan class=\"MJXp-math\" id=\"MJXp-Span-367\"\u003e\u003cspan class=\"MJXp-msubsup\" id=\"MJXp-Span-368\"\u003e\u003cspan class=\"MJXp-mi MJXp-italic\" id=\"MJXp-Span-369\" style=\"margin-right: 0.05em;\"\u003eb\u003c/span\u003e\u003cspan class=\"MJXp-mi MJXp-italic MJXp-script\" id=\"MJXp-Span-370\" style=\"vertical-align: -0.4em;\"\u003ei\u003c/span\u003e\u003c/span\u003e\u003cspan class=\"MJXp-mo\" id=\"MJXp-Span-371\" style=\"margin-left: 0.333em; margin-right: 0.333em;\"\u003e=\u003c/span\u003e\u003cspan class=\"MJXp-msubsup\" id=\"MJXp-Span-372\"\u003e\u003cspan class=\"MJXp-mo\" id=\"MJXp-Span-373\" style=\"margin-left: 0.111em; margin-right: 0.05em;\"\u003e∑\u003c/span\u003e\u003cspan class=\"MJXp-script-box\" style=\"height: 1.86em; vertical-align: -0.64em;\"\u003e\u003cspan class=\" MJXp-script\"\u003e\u003cspan\u003e\u003cspan style=\"margin-bottom: -0.25em;\"\u003e\u003cspan class=\"MJXp-mi MJXp-italic\" id=\"MJXp-Span-378\"\u003en\u003c/span\u003e\u003c/span\u003e\u003c/span\u003e\u003c/span\u003e\u003cspan class=\" MJXp-script\"\u003e\u003cspan\u003e\u003cspan style=\"margin-top: -0.85em;\"\u003e\u003cspan class=\"MJXp-mrow\" id=\"MJXp-Span-374\"\u003e\u003cspan class=\"MJXp-mi MJXp-italic\" id=\"MJXp-Span-375\"\u003ej\u003c/span\u003e\u003cspan class=\"MJXp-mo\" id=\"MJXp-Span-376\"\u003e=\u003c/span\u003e\u003cspan class=\"MJXp-mn\" id=\"MJXp-Span-377\"\u003e1\u003c/span\u003e\u003c/span\u003e\u003c/span\u003e\u003c/span\u003e\u003c/span\u003e\u003c/span\u003e\u003c/span\u003e\u003cspan class=\"MJXp-mo\" id=\"MJXp-Span-379\" style=\"margin-left: 0em; margin-right: 0em;\"\u003e[\u003c/span\u003e\u003cspan class=\"MJXp-msubsup\" id=\"MJXp-Span-380\"\u003e\u003cspan class=\"MJXp-mi MJXp-italic\" id=\"MJXp-Span-381\" style=\"margin-right: 0.05em;\"\u003ea\u003c/span\u003e\u003cspan class=\"MJXp-mi MJXp-italic MJXp-script\" id=\"MJXp-Span-382\" style=\"vertical-align: -0.4em;\"\u003ej\u003c/span\u003e\u003c/span\u003e\u003cspan class=\"MJXp-mo\" id=\"MJXp-Span-383\" style=\"margin-left: 0.333em; margin-right: 0.333em;\"\u003e≥\u003c/span\u003e\u003cspan class=\"MJXp-mi MJXp-italic\" id=\"MJXp-Span-384\"\u003ei\u003c/span\u003e\u003cspan class=\"MJXp-mo\" id=\"MJXp-Span-385\" style=\"margin-left: 0em; margin-right: 0em;\"\u003e]\u003c/span\u003e\u003c/span\u003e\u003c/span\u003e\u003cscript type=\"math/tex\" id=\"MathJax-Element-68\"\u003eb_i = \\sum_{j=1}^n [a_j \\geq i]\u003c/script\u003e，特殊性质与分值如下表所示。\u003c/p\u003e\u003ctable class=\"table table-bordered table-text-center table-vertical-middle\"\u003e\u003cthead\u003e\u003ctr\u003e\u003cth\u003e子任务编号\u003c/th\u003e\u003cth\u003e\u003cspan class=\"MathJax_Preview\" style=\"color: inherit;\"\u003e\u003cspan class=\"MJXp-math\" id=\"MJXp-Span-386\"\u003e\u003cspan class=\"MJXp-mi MJXp-italic\" id=\"MJXp-Span-387\"\u003en\u003c/span\u003e\u003cspan class=\"MJXp-mo\" id=\"MJXp-Span-388\" style=\"margin-left: 0.333em; margin-right: 0.333em;\"\u003e≤\u003c/span\u003e\u003c/span\u003e\u003c/span\u003e\u003cscript type=\"math/tex\" id=\"MathJax-Element-69\"\u003en \\leq \u003c/script\u003e\u003c/th\u003e\u003cth\u003e特殊性质\u003c/th\u003e\u003cth\u003e分值\u003c/th\u003e\u003c/tr\u003e\u003c/thead\u003e\u003ctbody\u003e\u003ctr\u003e\u003ctd\u003e\u003cspan class=\"MathJax_Preview\" style=\"color: inherit;\"\u003e\u003cspan class=\"MJXp-math\" id=\"MJXp-Span-389\"\u003e\u003cspan class=\"MJXp-mn\" id=\"MJXp-Span-390\"\u003e6\u003c/span\u003e\u003c/span\u003e\u003c/span\u003e\u003cscript type=\"math/tex\" id=\"MathJax-Element-70\"\u003e6\u003c/script\u003e\u003c/td\u003e\u003ctd\u003e\u003cspan class=\"MathJax_Preview\" style=\"color: inherit;\"\u003e\u003cspan class=\"MJXp-math\" id=\"MJXp-Span-391\"\u003e\u003cspan class=\"MJXp-mn\" id=\"MJXp-Span-392\"\u003e15\u003c/span\u003e\u003c/span\u003e\u003c/span\u003e\u003cscript type=\"math/tex\" id=\"MathJax-Element-71\"\u003e15\u003c/script\u003e\u003c/td\u003e\u003ctd\u003e\u003cspan class=\"MathJax_Preview\" style=\"color: inherit;\"\u003e\u003cspan class=\"MJXp-math\" id=\"MJXp-Span-393\"\u003e\u003cspan class=\"MJXp-mi MJXp-italic\" id=\"MJXp-Span-394\"\u003ey\u003c/span\u003e\u003cspan class=\"MJXp-mo\" id=\"MJXp-Span-395\" style=\"margin-left: 0.333em; margin-right: 0.333em;\"\u003e=\u003c/span\u003e\u003cspan class=\"MJXp-mn\" id=\"MJXp-Span-396\"\u003e0\u003c/span\u003e\u003c/span\u003e\u003c/span\u003e\u003cscript type=\"math/tex\" id=\"MathJax-Element-72\"\u003ey=0\u003c/script\u003e\u003c/td\u003e\u003ctd\u003e\u003cspan class=\"MathJax_Preview\" style=\"color: inherit;\"\u003e\u003cspan class=\"MJXp-math\" id=\"MJXp-Span-397\"\u003e\u003cspan class=\"MJXp-mn\" id=\"MJXp-Span-398\"\u003e5\u003c/span\u003e\u003c/span\u003e\u003c/span\u003e\u003cscript type=\"math/tex\" id=\"MathJax-Element-73\"\u003e5\u003c/script\u003e\u003c/td\u003e\u003c/tr\u003e\u003ctr\u003e\u003ctd\u003e\u003cspan class=\"MathJax_Preview\" style=\"color: inherit;\"\u003e\u003cspan class=\"MJXp-math\" id=\"MJXp-Span-399\"\u003e\u003cspan class=\"MJXp-mn\" id=\"MJXp-Span-400\"\u003e7\u003c/span\u003e\u003c/span\u003e\u003c/span\u003e\u003cscript type=\"math/tex\" id=\"MathJax-Element-74\"\u003e7\u003c/script\u003e\u003c/td\u003e\u003ctd\u003e\u003cspan class=\"MathJax_Preview\" style=\"color: inherit;\"\u003e\u003cspan class=\"MJXp-math\" id=\"MJXp-Span-401\"\u003e\u003cspan class=\"MJXp-mn\" id=\"MJXp-Span-402\"\u003e2000\u003c/span\u003e\u003c/span\u003e\u003c/span\u003e\u003cscript type=\"math/tex\" id=\"MathJax-Element-75\"\u003e2000\u003c/script\u003e\u003c/td\u003e\u003ctd\u003e无\u003c/td\u003e\u003ctd\u003e\u003cspan class=\"MathJax_Preview\" style=\"color: inherit;\"\u003e\u003cspan class=\"MJXp-math\" id=\"MJXp-Span-403\"\u003e\u003cspan class=\"MJXp-mn\" id=\"MJXp-Span-404\"\u003e10\u003c/span\u003e\u003c/span\u003e\u003c/span\u003e\u003cscript type=\"math/tex\" id=\"MathJax-Element-76\"\u003e10\u003c/script\u003e\u003c/td\u003e\u003c/tr\u003e\u003ctr\u003e\u003ctd\u003e\u003cspan class=\"MathJax_Preview\" style=\"color: inherit;\"\u003e\u003cspan class=\"MJXp-math\" id=\"MJXp-Span-405\"\u003e\u003cspan class=\"MJXp-mn\" id=\"MJXp-Span-406\"\u003e8\u003c/span\u003e\u003c/span\u003e\u003c/span\u003e\u003cscript type=\"math/tex\" id=\"MathJax-Element-77\"\u003e8\u003c/script\u003e\u003c/td\u003e\u003ctd\u003e\u003cspan class=\"MathJax_Preview\" style=\"color: inherit;\"\u003e\u003cspan class=\"MJXp-math\" id=\"MJXp-Span-407\"\u003e\u003cspan class=\"MJXp-mn\" id=\"MJXp-Span-408\"\u003e75000\u003c/span\u003e\u003c/span\u003e\u003c/span\u003e\u003cscript type=\"math/tex\" id=\"MathJax-Element-78\"\u003e75000\u003c/script\u003e\u003c/td\u003e\u003ctd\u003e对于所有满足 \u003cspan class=\"MathJax_Preview\" style=\"color: inherit;\"\u003e\u003cspan class=\"MJXp-math\" id=\"MJXp-Span-409\"\u003e\u003cspan class=\"MJXp-msubsup\" id=\"MJXp-Span-410\"\u003e\u003cspan class=\"MJXp-mi MJXp-italic\" id=\"MJXp-Span-411\" style=\"margin-right: 0.05em;\"\u003ea\u003c/span\u003e\u003cspan class=\"MJXp-mi MJXp-italic MJXp-script\" id=\"MJXp-Span-412\" style=\"vertical-align: -0.4em;\"\u003ei\u003c/span\u003e\u003c/span\u003e\u003cspan class=\"MJXp-mo\" id=\"MJXp-Span-413\" style=\"margin-left: 0.333em; margin-right: 0.333em;\"\u003e≥\u003c/span\u003e\u003cspan class=\"MJXp-mi MJXp-italic\" id=\"MJXp-Span-414\"\u003ei\u003c/span\u003e\u003c/span\u003e\u003c/span\u003e\u003cscript type=\"math/tex\" id=\"MathJax-Element-79\"\u003ea_i \\geq i\u003c/script\u003e 的 \u003cspan class=\"MathJax_Preview\" style=\"color: inherit;\"\u003e\u003cspan class=\"MJXp-math\" id=\"MJXp-Span-415\"\u003e\u003cspan class=\"MJXp-mi MJXp-italic\" id=\"MJXp-Span-416\"\u003ei\u003c/span\u003e\u003c/span\u003e\u003c/span\u003e\u003cscript type=\"math/tex\" id=\"MathJax-Element-80\"\u003ei\u003c/script\u003e，\u003cspan class=\"MathJax_Preview\" style=\"color: inherit;\"\u003e\u003cspan class=\"MJXp-math\" id=\"MJXp-Span-417\"\u003e\u003cspan class=\"MJXp-msubsup\" id=\"MJXp-Span-418\"\u003e\u003cspan class=\"MJXp-mi MJXp-italic\" id=\"MJXp-Span-419\" style=\"margin-right: 0.05em;\"\u003ea\u003c/span\u003e\u003cspan class=\"MJXp-mi MJXp-italic MJXp-script\" id=\"MJXp-Span-420\" style=\"vertical-align: -0.4em;\"\u003ei\u003c/span\u003e\u003c/span\u003e\u003cspan class=\"MJXp-mo\" id=\"MJXp-Span-421\" style=\"margin-left: 0.333em; margin-right: 0.333em;\"\u003e≥\u003c/span\u003e\u003cspan class=\"MJXp-msubsup\" id=\"MJXp-Span-422\"\u003e\u003cspan class=\"MJXp-mi MJXp-italic\" id=\"MJXp-Span-423\" style=\"margin-right: 0.05em;\"\u003eb\u003c/span\u003e\u003cspan class=\"MJXp-mi MJXp-italic MJXp-script\" id=\"MJXp-Span-424\" style=\"vertical-align: -0.4em;\"\u003ei\u003c/span\u003e\u003c/span\u003e\u003c/span\u003e\u003c/span\u003e\u003cscript type=\"math/tex\" id=\"MathJax-Element-81\"\u003ea_i \\geq b_i\u003c/script\u003e\u003c/td\u003e\u003ctd\u003e\u003cspan class=\"MathJax_Preview\" style=\"color: inherit;\"\u003e\u003cspan class=\"MJXp-math\" id=\"MJXp-Span-425\"\u003e\u003cspan class=\"MJXp-mn\" id=\"MJXp-Span-426\"\u003e15\u003c/span\u003e\u003c/span\u003e\u003c/span\u003e\u003cscript type=\"math/tex\" id=\"MathJax-Element-82\"\u003e15\u003c/script\u003e\u003c/td\u003e\u003c/tr\u003e\u003ctr\u003e\u003ctd\u003e\u003cspan class=\"MathJax_Preview\" style=\"color: inherit;\"\u003e\u003cspan class=\"MJXp-math\" id=\"MJXp-Span-427\"\u003e\u003cspan class=\"MJXp-mn\" id=\"MJXp-Span-428\"\u003e9\u003c/span\u003e\u003c/span\u003e\u003c/span\u003e\u003cscript type=\"math/tex\" id=\"MathJax-Element-83\"\u003e9\u003c/script\u003e\u003c/td\u003e\u003ctd\u003e\u003cspan class=\"MathJax_Preview\" style=\"color: inherit;\"\u003e\u003cspan class=\"MJXp-math\" id=\"MJXp-Span-429\"\u003e\u003cspan class=\"MJXp-msubsup\" id=\"MJXp-Span-430\"\u003e\u003cspan class=\"MJXp-mn\" id=\"MJXp-Span-431\" style=\"margin-right: 0.05em;\"\u003e10\u003c/span\u003e\u003cspan class=\"MJXp-mn MJXp-script\" id=\"MJXp-Span-432\" style=\"vertical-align: 0.5em;\"\u003e5\u003c/span\u003e\u003c/span\u003e\u003c/span\u003e\u003c/span\u003e\u003cscript type=\"math/tex\" id=\"MathJax-Element-84\"\u003e10^5\u003c/script\u003e\u003c/td\u003e\u003ctd\u003e无\u003c/td\u003e\u003ctd\u003e\u003cspan class=\"MathJax_Preview\" style=\"color: inherit;\"\u003e\u003cspan class=\"MJXp-math\" id=\"MJXp-Span-433\"\u003e\u003cspan class=\"MJXp-mn\" id=\"MJXp-Span-434\"\u003e20\u003c/span\u003e\u003c/span\u003e\u003c/span\u003e\u003cscript type=\"math/tex\" id=\"MathJax-Element-85\"\u003e20\u003c/script\u003e\u003c/td\u003e\u003c/tr\u003e\u003c/tbody\u003e\u003c/table\u003e\u003cp\u003e\u003cstrong\u003e请注意算法常数对运行时间带来的影响。\u003c/strong\u003e\u003c/p\u003e",
      "misc": ""
    },
    {
      "title": "下载",
      "content": "\u003cp\u003e\u003ca href=\"https://uoj.ac/download.php?type=problem\u0026amp;id=597\"\u003e样例数据下载\u003c/a\u003e\u003c/p\u003e",
      "misc": ""
    }
  ],
  "samples": [
    {
      "title": "样例一",
      "input": "\u003cpre\u003e2 2\n2 2\n\n\u003c/pre\u003e",
      "output": "\u003cpre\u003e1 6 6\n\n\u003c/pre\u003e",
      "explanation": "\u003cp\u003e图 \u003cspan class=\"MathJax_Preview\" style=\"color: inherit;\"\u003e\u003cspan class=\"MJXp-math\" id=\"MJXp-Span-173\"\u003e\u003cspan class=\"MJXp-mi MJXp-italic\" id=\"MJXp-Span-174\"\u003eG\u003c/span\u003e\u003c/span\u003e\u003c/span\u003e\u003cscript type=\"math/tex\" id=\"MathJax-Element-29\"\u003eG\u003c/script\u003e 中有两个点和边 \u003cspan class=\"MathJax_Preview\" style=\"color: inherit;\"\u003e\u003cspan class=\"MJXp-math\" id=\"MJXp-Span-175\"\u003e\u003cspan class=\"MJXp-mo\" id=\"MJXp-Span-176\" style=\"margin-left: 0em; margin-right: 0em;\"\u003e{\u003c/span\u003e\u003cspan class=\"MJXp-mo\" id=\"MJXp-Span-177\" style=\"margin-left: 0em; margin-right: 0em;\"\u003e(\u003c/span\u003e\u003cspan class=\"MJXp-mn\" id=\"MJXp-Span-178\"\u003e1\u003c/span\u003e\u003cspan class=\"MJXp-mo\" id=\"MJXp-Span-179\" style=\"margin-left: 0em; margin-right: 0.222em;\"\u003e,\u003c/span\u003e\u003cspan class=\"MJXp-mn\" id=\"MJXp-Span-180\"\u003e1\u003c/span\u003e\u003cspan class=\"MJXp-mo\" id=\"MJXp-Span-181\" style=\"margin-left: 0em; margin-right: 0em;\"\u003e)\u003c/span\u003e\u003cspan class=\"MJXp-mo\" id=\"MJXp-Span-182\" style=\"margin-left: 0em; margin-right: 0.222em;\"\u003e,\u003c/span\u003e\u003cspan class=\"MJXp-mo\" id=\"MJXp-Span-183\" style=\"margin-left: 0em; margin-right: 0em;\"\u003e(\u003c/span\u003e\u003cspan class=\"MJXp-mn\" id=\"MJXp-Span-184\"\u003e1\u003c/span\u003e\u003cspan class=\"MJXp-mo\" id=\"MJXp-Span-185\" style=\"margin-left: 0em; margin-right: 0.222em;\"\u003e,\u003c/span\u003e\u003cspan class=\"MJXp-mn\" id=\"MJXp-Span-186\"\u003e2\u003c/span\u003e\u003cspan class=\"MJXp-mo\" id=\"MJXp-Span-187\" style=\"margin-left: 0em; margin-right: 0em;\"\u003e)\u003c/span\u003e\u003cspan class=\"MJXp-mo\" id=\"MJXp-Span-188\" style=\"margin-left: 0em; margin-right: 0.222em;\"\u003e,\u003c/span\u003e\u003cspan class=\"MJXp-mo\" id=\"MJXp-Span-189\" style=\"margin-left: 0em; margin-right: 0em;\"\u003e(\u003c/span\u003e\u003cspan class=\"MJXp-mn\" id=\"MJXp-Span-190\"\u003e2\u003c/span\u003e\u003cspan class=\"MJXp-mo\" id=\"MJXp-Span-191\" style=\"margin-left: 0em; margin-right: 0.222em;\"\u003e,\u003c/span\u003e\u003cspan class=\"MJXp-mn\" id=\"MJXp-Span-192\"\u003e1\u003c/span\u003e\u003cspan class=\"MJXp-mo\" id=\"MJXp-Span-193\" style=\"margin-left: 0em; margin-right: 0em;\"\u003e)\u003c/span\u003e\u003cspan class=\"MJXp-mo\" id=\"MJXp-Span-194\" style=\"margin-left: 0em; margin-right: 0.222em;\"\u003e,\u003c/span\u003e\u003cspan class=\"MJXp-mo\" id=\"MJXp-Span-195\" style=\"margin-left: 0em; margin-right: 0em;\"\u003e(\u003c/span\u003e\u003cspan class=\"MJXp-mn\" id=\"MJXp-Span-196\"\u003e2\u003c/span\u003e\u003cspan class=\"MJXp-mo\" id=\"MJXp-Span-197\" style=\"margin-left: 0em; margin-right: 0.222em;\"\u003e,\u003c/span\u003e\u003cspan class=\"MJXp-mn\" id=\"MJXp-Span-198\"\u003e2\u003c/span\u003e\u003cspan class=\"MJXp-mo\" id=\"MJXp-Span-199\" style=\"margin-left: 0em; margin-right: 0em;\"\u003e)\u003c/span\u003e\u003cspan class=\"MJXp-mo\" id=\"MJXp-Span-200\" style=\"margin-left: 0em; margin-right: 0em;\"\u003e}\u003c/span\u003e\u003c/span\u003e\u003c/span\u003e\u003cscript type=\"math/tex\" id=\"MathJax-Element-30\"\u003e\\{(1,1),(1,2),(2,1),(2,2)\\}\u003c/script\u003e。\u003c/p\u003e\u003cp\u003e大小为 \u003cspan class=\"MathJax_Preview\" style=\"color: inherit;\"\u003e\u003cspan class=\"MJXp-math\" id=\"MJXp-Span-201\"\u003e\u003cspan class=\"MJXp-mn\" id=\"MJXp-Span-202\"\u003e0\u003c/span\u003e\u003c/span\u003e\u003c/span\u003e\u003cscript type=\"math/tex\" id=\"MathJax-Element-31\"\u003e0\u003c/script\u003e 的合法边子集仅有空集，其权值为 \u003cspan class=\"MathJax_Preview\" style=\"color: inherit;\"\u003e\u003cspan class=\"MJXp-math\" id=\"MJXp-Span-203\"\u003e\u003cspan class=\"MJXp-mn\" id=\"MJXp-Span-204\"\u003e1\u003c/span\u003e\u003c/span\u003e\u003c/span\u003e\u003cscript type=\"math/tex\" id=\"MathJax-Element-32\"\u003e1\u003c/script\u003e，故大小为 \u003cspan class=\"MathJax_Preview\" style=\"color: inherit;\"\u003e\u003cspan class=\"MJXp-math\" id=\"MJXp-Span-205\"\u003e\u003cspan class=\"MJXp-mn\" id=\"MJXp-Span-206\"\u003e0\u003c/span\u003e\u003c/span\u003e\u003c/span\u003e\u003cscript type=\"math/tex\" id=\"MathJax-Element-33\"\u003e0\u003c/script\u003e 的合法边子集的权值和为 \u003cspan class=\"MathJax_Preview\" style=\"color: inherit;\"\u003e\u003cspan class=\"MJXp-math\" id=\"MJXp-Span-207\"\u003e\u003cspan class=\"MJXp-mn\" id=\"MJXp-Span-208\"\u003e1\u003c/span\u003e\u003c/span\u003e\u003c/span\u003e\u003cscript type=\"math/tex\" id=\"MathJax-Element-34\"\u003e1\u003c/script\u003e；\u003c/p\u003e\u003cp\u003e大小为 \u003cspan class=\"MathJax_Preview\" style=\"color: inherit;\"\u003e\u003cspan class=\"MJXp-math\" id=\"MJXp-Span-209\"\u003e\u003cspan class=\"MJXp-mn\" id=\"MJXp-Span-210\"\u003e1\u003c/span\u003e\u003c/span\u003e\u003c/span\u003e\u003cscript type=\"math/tex\" id=\"MathJax-Element-35\"\u003e1\u003c/script\u003e 的合法边子集有 \u003cspan class=\"MathJax_Preview\" style=\"color: inherit;\"\u003e\u003cspan class=\"MJXp-math\" id=\"MJXp-Span-211\"\u003e\u003cspan class=\"MJXp-mo\" id=\"MJXp-Span-212\" style=\"margin-left: 0em; margin-right: 0em;\"\u003e{\u003c/span\u003e\u003cspan class=\"MJXp-mo\" id=\"MJXp-Span-213\" style=\"margin-left: 0em; margin-right: 0em;\"\u003e(\u003c/span\u003e\u003cspan class=\"MJXp-mn\" id=\"MJXp-Span-214\"\u003e1\u003c/span\u003e\u003cspan class=\"MJXp-mo\" id=\"MJXp-Span-215\" style=\"margin-left: 0em; margin-right: 0.222em;\"\u003e,\u003c/span\u003e\u003cspan class=\"MJXp-mn\" id=\"MJXp-Span-216\"\u003e1\u003c/span\u003e\u003cspan class=\"MJXp-mo\" id=\"MJXp-Span-217\" style=\"margin-left: 0em; margin-right: 0em;\"\u003e)\u003c/span\u003e\u003cspan class=\"MJXp-mo\" id=\"MJXp-Span-218\" style=\"margin-left: 0em; margin-right: 0em;\"\u003e}\u003c/span\u003e\u003cspan class=\"MJXp-mo\" id=\"MJXp-Span-219\" style=\"margin-left: 0em; margin-right: 0.222em;\"\u003e,\u003c/span\u003e\u003cspan class=\"MJXp-mo\" id=\"MJXp-Span-220\" style=\"margin-left: 0em; margin-right: 0em;\"\u003e{\u003c/span\u003e\u003cspan class=\"MJXp-mo\" id=\"MJXp-Span-221\" style=\"margin-left: 0em; margin-right: 0em;\"\u003e(\u003c/span\u003e\u003cspan class=\"MJXp-mn\" id=\"MJXp-Span-222\"\u003e2\u003c/span\u003e\u003cspan class=\"MJXp-mo\" id=\"MJXp-Span-223\" style=\"margin-left: 0em; margin-right: 0.222em;\"\u003e,\u003c/span\u003e\u003cspan class=\"MJXp-mn\" id=\"MJXp-Span-224\"\u003e2\u003c/span\u003e\u003cspan class=\"MJXp-mo\" id=\"MJXp-Span-225\" style=\"margin-left: 0em; margin-right: 0em;\"\u003e)\u003c/span\u003e\u003cspan class=\"MJXp-mo\" id=\"MJXp-Span-226\" style=\"margin-left: 0em; margin-right: 0em;\"\u003e}\u003c/span\u003e\u003cspan class=\"MJXp-mo\" id=\"MJXp-Span-227\" style=\"margin-left: 0em; margin-right: 0.222em;\"\u003e,\u003c/span\u003e\u003cspan class=\"MJXp-mo\" id=\"MJXp-Span-228\" style=\"margin-left: 0em; margin-right: 0em;\"\u003e{\u003c/span\u003e\u003cspan class=\"MJXp-mo\" id=\"MJXp-Span-229\" style=\"margin-left: 0em; margin-right: 0em;\"\u003e(\u003c/span\u003e\u003cspan class=\"MJXp-mn\" id=\"MJXp-Span-230\"\u003e1\u003c/span\u003e\u003cspan class=\"MJXp-mo\" id=\"MJXp-Span-231\" style=\"margin-left: 0em; margin-right: 0.222em;\"\u003e,\u003c/span\u003e\u003cspan class=\"MJXp-mn\" id=\"MJXp-Span-232\"\u003e2\u003c/span\u003e\u003cspan class=\"MJXp-mo\" id=\"MJXp-Span-233\" style=\"margin-left: 0em; margin-right: 0em;\"\u003e)\u003c/span\u003e\u003cspan class=\"MJXp-mo\" id=\"MJXp-Span-234\" style=\"margin-left: 0em; margin-right: 0em;\"\u003e}\u003c/span\u003e\u003cspan class=\"MJXp-mo\" id=\"MJXp-Span-235\" style=\"margin-left: 0em; margin-right: 0.222em;\"\u003e,\u003c/span\u003e\u003cspan class=\"MJXp-mo\" id=\"MJXp-Span-236\" style=\"margin-left: 0em; margin-right: 0em;\"\u003e{\u003c/span\u003e\u003cspan class=\"MJXp-mo\" id=\"MJXp-Span-237\" style=\"margin-left: 0em; margin-right: 0em;\"\u003e(\u003c/span\u003e\u003cspan class=\"MJXp-mn\" id=\"MJXp-Span-238\"\u003e2\u003c/span\u003e\u003cspan class=\"MJXp-mo\" id=\"MJXp-Span-239\" style=\"margin-left: 0em; margin-right: 0.222em;\"\u003e,\u003c/span\u003e\u003cspan class=\"MJXp-mn\" id=\"MJXp-Span-240\"\u003e1\u003c/span\u003e\u003cspan class=\"MJXp-mo\" id=\"MJXp-Span-241\" style=\"margin-left: 0em; margin-right: 0em;\"\u003e)\u003c/span\u003e\u003cspan class=\"MJXp-mo\" id=\"MJXp-Span-242\" style=\"margin-left: 0em; margin-right: 0em;\"\u003e}\u003c/span\u003e\u003c/span\u003e\u003c/span\u003e\u003cscript type=\"math/tex\" id=\"MathJax-Element-36\"\u003e\\{(1,1)\\},\\{(2,2)\\},\\{(1,2)\\},\\{(2,1)\\}\u003c/script\u003e，它们的权值分别为 \u003cspan class=\"MathJax_Preview\" style=\"color: inherit;\"\u003e\u003cspan class=\"MJXp-math\" id=\"MJXp-Span-243\"\u003e\u003cspan class=\"MJXp-mn\" id=\"MJXp-Span-244\"\u003e2\u003c/span\u003e\u003cspan class=\"MJXp-mo\" id=\"MJXp-Span-245\" style=\"margin-left: 0em; margin-right: 0.222em;\"\u003e,\u003c/span\u003e\u003cspan class=\"MJXp-mn\" id=\"MJXp-Span-246\"\u003e2\u003c/span\u003e\u003cspan class=\"MJXp-mo\" id=\"MJXp-Span-247\" style=\"margin-left: 0em; margin-right: 0.222em;\"\u003e,\u003c/span\u003e\u003cspan class=\"MJXp-mn\" id=\"MJXp-Span-248\"\u003e1\u003c/span\u003e\u003cspan class=\"MJXp-mo\" id=\"MJXp-Span-249\" style=\"margin-left: 0em; margin-right: 0.222em;\"\u003e,\u003c/span\u003e\u003cspan class=\"MJXp-mn\" id=\"MJXp-Span-250\"\u003e1\u003c/span\u003e\u003c/span\u003e\u003c/span\u003e\u003cscript type=\"math/tex\" id=\"MathJax-Element-37\"\u003e2,2,1,1\u003c/script\u003e，权值和为 \u003cspan class=\"MathJax_Preview\" style=\"color: inherit;\"\u003e\u003cspan class=\"MJXp-math\" id=\"MJXp-Span-251\"\u003e\u003cspan class=\"MJXp-mn\" id=\"MJXp-Span-252\"\u003e6\u003c/span\u003e\u003c/span\u003e\u003c/span\u003e\u003cscript type=\"math/tex\" id=\"MathJax-Element-38\"\u003e6\u003c/script\u003e；\u003c/p\u003e\u003cp\u003e大小为 \u003cspan class=\"MathJax_Preview\" style=\"color: inherit;\"\u003e\u003cspan class=\"MJXp-math\" id=\"MJXp-Span-253\"\u003e\u003cspan class=\"MJXp-mn\" id=\"MJXp-Span-254\"\u003e2\u003c/span\u003e\u003c/span\u003e\u003c/span\u003e\u003cscript type=\"math/tex\" id=\"MathJax-Element-39\"\u003e2\u003c/script\u003e 的合法边子集有 \u003cspan class=\"MathJax_Preview\" style=\"color: inherit;\"\u003e\u003cspan class=\"MJXp-math\" id=\"MJXp-Span-255\"\u003e\u003cspan class=\"MJXp-mo\" id=\"MJXp-Span-256\" style=\"margin-left: 0em; margin-right: 0em;\"\u003e{\u003c/span\u003e\u003cspan class=\"MJXp-mo\" id=\"MJXp-Span-257\" style=\"margin-left: 0em; margin-right: 0em;\"\u003e(\u003c/span\u003e\u003cspan class=\"MJXp-mn\" id=\"MJXp-Span-258\"\u003e1\u003c/span\u003e\u003cspan class=\"MJXp-mo\" id=\"MJXp-Span-259\" style=\"margin-left: 0em; margin-right: 0.222em;\"\u003e,\u003c/span\u003e\u003cspan class=\"MJXp-mn\" id=\"MJXp-Span-260\"\u003e1\u003c/span\u003e\u003cspan class=\"MJXp-mo\" id=\"MJXp-Span-261\" style=\"margin-left: 0em; margin-right: 0em;\"\u003e)\u003c/span\u003e\u003cspan class=\"MJXp-mo\" id=\"MJXp-Span-262\" style=\"margin-left: 0em; margin-right: 0.222em;\"\u003e,\u003c/span\u003e\u003cspan class=\"MJXp-mo\" id=\"MJXp-Span-263\" style=\"margin-left: 0em; margin-right: 0em;\"\u003e(\u003c/span\u003e\u003cspan class=\"MJXp-mn\" id=\"MJXp-Span-264\"\u003e2\u003c/span\u003e\u003cspan class=\"MJXp-mo\" id=\"MJXp-Span-265\" style=\"margin-left: 0em; margin-right: 0.222em;\"\u003e,\u003c/span\u003e\u003cspan class=\"MJXp-mn\" id=\"MJXp-Span-266\"\u003e2\u003c/span\u003e\u003cspan class=\"MJXp-mo\" id=\"MJXp-Span-267\" style=\"margin-left: 0em; margin-right: 0em;\"\u003e)\u003c/span\u003e\u003cspan class=\"MJXp-mo\" id=\"MJXp-Span-268\" style=\"margin-left: 0em; margin-right: 0em;\"\u003e}\u003c/span\u003e\u003cspan class=\"MJXp-mo\" id=\"MJXp-Span-269\" style=\"margin-left: 0em; margin-right: 0.222em;\"\u003e,\u003c/span\u003e\u003cspan class=\"MJXp-mo\" id=\"MJXp-Span-270\" style=\"margin-left: 0em; margin-right: 0em;\"\u003e{\u003c/span\u003e\u003cspan class=\"MJXp-mo\" id=\"MJXp-Span-271\" style=\"margin-left: 0em; margin-right: 0em;\"\u003e(\u003c/span\u003e\u003cspan class=\"MJXp-mn\" id=\"MJXp-Span-272\"\u003e1\u003c/span\u003e\u003cspan class=\"MJXp-mo\" id=\"MJXp-Span-273\" style=\"margin-left: 0em; margin-right: 0.222em;\"\u003e,\u003c/span\u003e\u003cspan class=\"MJXp-mn\" id=\"MJXp-Span-274\"\u003e2\u003c/span\u003e\u003cspan class=\"MJXp-mo\" id=\"MJXp-Span-275\" style=\"margin-left: 0em; margin-right: 0em;\"\u003e)\u003c/span\u003e\u003cspan class=\"MJXp-mo\" id=\"MJXp-Span-276\" style=\"margin-left: 0em; margin-right: 0.222em;\"\u003e,\u003c/span\u003e\u003cspan class=\"MJXp-mo\" id=\"MJXp-Span-277\" style=\"margin-left: 0em; margin-right: 0em;\"\u003e(\u003c/span\u003e\u003cspan class=\"MJXp-mn\" id=\"MJXp-Span-278\"\u003e2\u003c/span\u003e\u003cspan class=\"MJXp-mo\" id=\"MJXp-Span-279\" style=\"margin-left: 0em; margin-right: 0.222em;\"\u003e,\u003c/span\u003e\u003cspan class=\"MJXp-mn\" id=\"MJXp-Span-280\"\u003e1\u003c/span\u003e\u003cspan class=\"MJXp-mo\" id=\"MJXp-Span-281\" style=\"margin-left: 0em; margin-right: 0em;\"\u003e)\u003c/span\u003e\u003cspan class=\"MJXp-mo\" id=\"MJXp-Span-282\" style=\"margin-left: 0em; margin-right: 0em;\"\u003e}\u003c/span\u003e\u003c/span\u003e\u003c/span\u003e\u003cscript type=\"math/tex\" id=\"MathJax-Element-40\"\u003e\\{(1,1),(2,2)\\},\\{(1,2),(2,1)\\}\u003c/script\u003e，它们的权值分别为 \u003cspan class=\"MathJax_Preview\" style=\"color: inherit;\"\u003e\u003cspan class=\"MJXp-math\" id=\"MJXp-Span-283\"\u003e\u003cspan class=\"MJXp-mn\" id=\"MJXp-Span-284\"\u003e4\u003c/span\u003e\u003cspan class=\"MJXp-mo\" id=\"MJXp-Span-285\" style=\"margin-left: 0em; margin-right: 0.222em;\"\u003e,\u003c/span\u003e\u003cspan class=\"MJXp-mn\" id=\"MJXp-Span-286\"\u003e2\u003c/span\u003e\u003c/span\u003e\u003c/span\u003e\u003cscript type=\"math/tex\" id=\"MathJax-Element-41\"\u003e4,2\u003c/script\u003e，权值和为 \u003cspan class=\"MathJax_Preview\" style=\"color: inherit;\"\u003e\u003cspan class=\"MJXp-math\" id=\"MJXp-Span-287\"\u003e\u003cspan class=\"MJXp-mn\" id=\"MJXp-Span-288\"\u003e6\u003c/span\u003e\u003c/span\u003e\u003c/span\u003e\u003cscript type=\"math/tex\" id=\"MathJax-Element-42\"\u003e6\u003c/script\u003e。\u003c/p\u003e",
      "misc": ""
    }
  ],
  "tags": [
    "UOJ",
    "集训队互测2021"
  ],
  "rules": {
    "runtime": "3000000000",
    "memory": "536870912",
    "stack": "536870912",
    "source": "51200"
  },
  "meta": {
    "created": "2021-04-09T21:56:59.550694861+08:00",
    "updated": "2021-04-09T21:56:59.550694861+08:00",
    "checked": "2021-04-09T21:56:59.550694861+08:00"
  },
  "misc": ""
}
