{
  "id": "608",
  "title": "机器蚤分组",
  "type": "traditional",
  "sections": [
    {
      "title": "",
      "content": "\u003cp\u003e在战前，蛐蛐国利用蛐口优势，发展了很多的劳动密集型产业。但经过了连年战乱后，蛐蛐国蛐口锐减，导致工业成本大大增加，国力低迷。为此，蛐蛐国必须推进产业升级，但缺乏相应的关键技术成为了一个症结。\u003c/p\u003e\u003cp\u003e伏特决定用跳蚤国的高新技术——机器蚤来解决这个难题。机器蚤是一种智能化机械，可以代替跳蚤和蛐蛐进行生产工作。但操作机器蚤是一个非常复杂的工作。具体来说，每只机器蚤都有独一无二的编号——一个非空小写字符串，如果一只机器蚤 \u003cspan class=\"MathJax_Preview\" style=\"color: inherit;\"\u003e\u003cspan class=\"MJXp-math\" id=\"MJXp-Span-1\"\u003e\u003cspan class=\"MJXp-mi MJXp-italic\" id=\"MJXp-Span-2\"\u003ea\u003c/span\u003e\u003c/span\u003e\u003c/span\u003e\u003cscript type=\"math/tex\" id=\"MathJax-Element-1\"\u003ea\u003c/script\u003e 的编号 \u003cspan class=\"MathJax_Preview\" style=\"color: inherit;\"\u003e\u003cspan class=\"MJXp-math\" id=\"MJXp-Span-3\"\u003e\u003cspan class=\"MJXp-msubsup\" id=\"MJXp-Span-4\"\u003e\u003cspan class=\"MJXp-mi MJXp-italic\" id=\"MJXp-Span-5\" style=\"margin-right: 0.05em;\"\u003es\u003c/span\u003e\u003cspan class=\"MJXp-mi MJXp-italic MJXp-script\" id=\"MJXp-Span-6\" style=\"vertical-align: -0.4em;\"\u003ea\u003c/span\u003e\u003c/span\u003e\u003c/span\u003e\u003c/span\u003e\u003cscript type=\"math/tex\" id=\"MathJax-Element-2\"\u003es_a\u003c/script\u003e 是另一只机器蚤 \u003cspan class=\"MathJax_Preview\" style=\"color: inherit;\"\u003e\u003cspan class=\"MJXp-math\" id=\"MJXp-Span-7\"\u003e\u003cspan class=\"MJXp-mi MJXp-italic\" id=\"MJXp-Span-8\"\u003eb\u003c/span\u003e\u003c/span\u003e\u003c/span\u003e\u003cscript type=\"math/tex\" id=\"MathJax-Element-3\"\u003eb\u003c/script\u003e 的编号 \u003cspan class=\"MathJax_Preview\" style=\"color: inherit;\"\u003e\u003cspan class=\"MJXp-math\" id=\"MJXp-Span-9\"\u003e\u003cspan class=\"MJXp-msubsup\" id=\"MJXp-Span-10\"\u003e\u003cspan class=\"MJXp-mi MJXp-italic\" id=\"MJXp-Span-11\" style=\"margin-right: 0.05em;\"\u003es\u003c/span\u003e\u003cspan class=\"MJXp-mi MJXp-italic MJXp-script\" id=\"MJXp-Span-12\" style=\"vertical-align: -0.4em;\"\u003eb\u003c/span\u003e\u003c/span\u003e\u003c/span\u003e\u003c/span\u003e\u003cscript type=\"math/tex\" id=\"MathJax-Element-4\"\u003es_b\u003c/script\u003e 的子串（连续子序列），那么 \u003cspan class=\"MathJax_Preview\" style=\"color: inherit;\"\u003e\u003cspan class=\"MJXp-math\" id=\"MJXp-Span-13\"\u003e\u003cspan class=\"MJXp-mi MJXp-italic\" id=\"MJXp-Span-14\"\u003eb\u003c/span\u003e\u003c/span\u003e\u003c/span\u003e\u003cscript type=\"math/tex\" id=\"MathJax-Element-5\"\u003eb\u003c/script\u003e 就可以被 \u003cspan class=\"MathJax_Preview\" style=\"color: inherit;\"\u003e\u003cspan class=\"MJXp-math\" id=\"MJXp-Span-15\"\u003e\u003cspan class=\"MJXp-mi MJXp-italic\" id=\"MJXp-Span-16\"\u003ea\u003c/span\u003e\u003c/span\u003e\u003c/span\u003e\u003cscript type=\"math/tex\" id=\"MathJax-Element-6\"\u003ea\u003c/script\u003e 控制。 \u003c/p\u003e\u003cp\u003e一组机器蚤 \u003cspan class=\"MathJax_Preview\" style=\"color: inherit;\"\u003e\u003cspan class=\"MJXp-math\" id=\"MJXp-Span-17\"\u003e\u003cspan class=\"MJXp-msubsup\" id=\"MJXp-Span-18\"\u003e\u003cspan class=\"MJXp-mi MJXp-italic\" id=\"MJXp-Span-19\" style=\"margin-right: 0.05em;\"\u003ea\u003c/span\u003e\u003cspan class=\"MJXp-mn MJXp-script\" id=\"MJXp-Span-20\" style=\"vertical-align: -0.4em;\"\u003e1\u003c/span\u003e\u003c/span\u003e\u003cspan class=\"MJXp-mo\" id=\"MJXp-Span-21\" style=\"margin-left: 0em; margin-right: 0.222em;\"\u003e,\u003c/span\u003e\u003cspan class=\"MJXp-msubsup\" id=\"MJXp-Span-22\"\u003e\u003cspan class=\"MJXp-mi MJXp-italic\" id=\"MJXp-Span-23\" style=\"margin-right: 0.05em;\"\u003ea\u003c/span\u003e\u003cspan class=\"MJXp-mn MJXp-script\" id=\"MJXp-Span-24\" style=\"vertical-align: -0.4em;\"\u003e2\u003c/span\u003e\u003c/span\u003e\u003cspan class=\"MJXp-mo\" id=\"MJXp-Span-25\" style=\"margin-left: 0em; margin-right: 0.222em;\"\u003e,\u003c/span\u003e\u003cspan class=\"MJXp-mo\" id=\"MJXp-Span-26\" style=\"margin-left: 0em; margin-right: 0em;\"\u003e…\u003c/span\u003e\u003cspan class=\"MJXp-mo\" id=\"MJXp-Span-27\" style=\"margin-left: 0em; margin-right: 0.222em;\"\u003e,\u003c/span\u003e\u003cspan class=\"MJXp-msubsup\" id=\"MJXp-Span-28\"\u003e\u003cspan class=\"MJXp-mi MJXp-italic\" id=\"MJXp-Span-29\" style=\"margin-right: 0.05em;\"\u003ea\u003c/span\u003e\u003cspan class=\"MJXp-mi MJXp-italic MJXp-script\" id=\"MJXp-Span-30\" style=\"vertical-align: -0.4em;\"\u003ek\u003c/span\u003e\u003c/span\u003e\u003c/span\u003e\u003c/span\u003e\u003cscript type=\"math/tex\" id=\"MathJax-Element-7\"\u003ea_1,a_2,\\ldots,a_k\u003c/script\u003e 是一个互不相同的机器蚤序列，使得对  \u003cspan class=\"MathJax_Preview\" style=\"color: inherit;\"\u003e\u003cspan class=\"MJXp-math\" id=\"MJXp-Span-31\"\u003e\u003cspan class=\"MJXp-mi\" id=\"MJXp-Span-32\"\u003e∀\u003c/span\u003e\u003cspan class=\"MJXp-mn\" id=\"MJXp-Span-33\"\u003e1\u003c/span\u003e\u003cspan class=\"MJXp-mo\" id=\"MJXp-Span-34\" style=\"margin-left: 0.333em; margin-right: 0.333em;\"\u003e≤\u003c/span\u003e\u003cspan class=\"MJXp-mi MJXp-italic\" id=\"MJXp-Span-35\"\u003ei\u003c/span\u003e\u003cspan class=\"MJXp-mo\" id=\"MJXp-Span-36\" style=\"margin-left: 0.333em; margin-right: 0.333em;\"\u003e\u0026lt;\u003c/span\u003e\u003cspan class=\"MJXp-mi MJXp-italic\" id=\"MJXp-Span-37\"\u003ek\u003c/span\u003e\u003c/span\u003e\u003c/span\u003e\u003cscript type=\"math/tex\" id=\"MathJax-Element-8\"\u003e\\forall 1\\leq i \u003c k\u003c/script\u003e，\u003cspan class=\"MathJax_Preview\" style=\"color: inherit;\"\u003e\u003cspan class=\"MJXp-math\" id=\"MJXp-Span-38\"\u003e\u003cspan class=\"MJXp-msubsup\" id=\"MJXp-Span-39\"\u003e\u003cspan class=\"MJXp-mi MJXp-italic\" id=\"MJXp-Span-40\" style=\"margin-right: 0.05em;\"\u003ea\u003c/span\u003e\u003cspan class=\"MJXp-mi MJXp-italic MJXp-script\" id=\"MJXp-Span-41\" style=\"vertical-align: -0.4em;\"\u003ei\u003c/span\u003e\u003c/span\u003e\u003c/span\u003e\u003c/span\u003e\u003cscript type=\"math/tex\" id=\"MathJax-Element-9\"\u003ea_i\u003c/script\u003e 可以控制 \u003cspan class=\"MathJax_Preview\" style=\"color: inherit;\"\u003e\u003cspan class=\"MJXp-math\" id=\"MJXp-Span-42\"\u003e\u003cspan class=\"MJXp-msubsup\" id=\"MJXp-Span-43\"\u003e\u003cspan class=\"MJXp-mi MJXp-italic\" id=\"MJXp-Span-44\" style=\"margin-right: 0.05em;\"\u003ea\u003c/span\u003e\u003cspan class=\"MJXp-mrow MJXp-script\" id=\"MJXp-Span-45\" style=\"vertical-align: -0.4em;\"\u003e\u003cspan class=\"MJXp-mi MJXp-italic\" id=\"MJXp-Span-46\"\u003ei\u003c/span\u003e\u003cspan class=\"MJXp-mo\" id=\"MJXp-Span-47\"\u003e+\u003c/span\u003e\u003cspan class=\"MJXp-mn\" id=\"MJXp-Span-48\"\u003e1\u003c/span\u003e\u003c/span\u003e\u003c/span\u003e\u003c/span\u003e\u003c/span\u003e\u003cscript type=\"math/tex\" id=\"MathJax-Element-10\"\u003ea_{i+1}\u003c/script\u003e。对于一组这样的机器蚤，只需要一只蛐蛐操作 \u003cspan class=\"MathJax_Preview\" style=\"color: inherit;\"\u003e\u003cspan class=\"MJXp-math\" id=\"MJXp-Span-49\"\u003e\u003cspan class=\"MJXp-msubsup\" id=\"MJXp-Span-50\"\u003e\u003cspan class=\"MJXp-mi MJXp-italic\" id=\"MJXp-Span-51\" style=\"margin-right: 0.05em;\"\u003ea\u003c/span\u003e\u003cspan class=\"MJXp-mn MJXp-script\" id=\"MJXp-Span-52\" style=\"vertical-align: -0.4em;\"\u003e1\u003c/span\u003e\u003c/span\u003e\u003c/span\u003e\u003c/span\u003e\u003cscript type=\"math/tex\" id=\"MathJax-Element-11\"\u003ea_1\u003c/script\u003e，就可以同时控制里面所有机器蚤了。因此，给定若干机器蚤，将它们划分为最少数目的组就成为一个至关重要的问题。\u003c/p\u003e\u003cp\u003e现在伏特有一个机器蚤的命名串——一个非空小写字符串 \u003cspan class=\"MathJax_Preview\" style=\"color: inherit;\"\u003e\u003cspan class=\"MJXp-math\" id=\"MJXp-Span-53\"\u003e\u003cspan class=\"MJXp-mi MJXp-italic\" id=\"MJXp-Span-54\"\u003eS\u003c/span\u003e\u003c/span\u003e\u003c/span\u003e\u003cscript type=\"math/tex\" id=\"MathJax-Element-12\"\u003eS\u003c/script\u003e，伏特会询问你 \u003cspan class=\"MathJax_Preview\" style=\"color: inherit;\"\u003e\u003cspan class=\"MJXp-math\" id=\"MJXp-Span-55\"\u003e\u003cspan class=\"MJXp-mi MJXp-italic\" id=\"MJXp-Span-56\"\u003eq\u003c/span\u003e\u003c/span\u003e\u003c/span\u003e\u003cscript type=\"math/tex\" id=\"MathJax-Element-13\"\u003eq\u003c/script\u003e 次，其中第 \u003cspan class=\"MathJax_Preview\" style=\"color: inherit;\"\u003e\u003cspan class=\"MJXp-math\" id=\"MJXp-Span-57\"\u003e\u003cspan class=\"MJXp-mi MJXp-italic\" id=\"MJXp-Span-58\"\u003ei\u003c/span\u003e\u003c/span\u003e\u003c/span\u003e\u003cscript type=\"math/tex\" id=\"MathJax-Element-14\"\u003ei\u003c/script\u003e 次形如：考虑一个子串 \u003cspan class=\"MathJax_Preview\" style=\"color: inherit;\"\u003e\u003cspan class=\"MJXp-math\" id=\"MJXp-Span-59\"\u003e\u003cspan class=\"MJXp-mi MJXp-italic\" id=\"MJXp-Span-60\"\u003eS\u003c/span\u003e\u003cspan class=\"MJXp-mo\" id=\"MJXp-Span-61\" style=\"margin-left: 0em; margin-right: 0em;\"\u003e[\u003c/span\u003e\u003cspan class=\"MJXp-msubsup\" id=\"MJXp-Span-62\"\u003e\u003cspan class=\"MJXp-mi MJXp-italic\" id=\"MJXp-Span-63\" style=\"margin-right: 0.05em;\"\u003el\u003c/span\u003e\u003cspan class=\"MJXp-mi MJXp-italic MJXp-script\" id=\"MJXp-Span-64\" style=\"vertical-align: -0.4em;\"\u003ei\u003c/span\u003e\u003c/span\u003e\u003cspan class=\"MJXp-mo\" id=\"MJXp-Span-65\" style=\"margin-left: 0em; margin-right: 0.222em;\"\u003e,\u003c/span\u003e\u003cspan class=\"MJXp-msubsup\" id=\"MJXp-Span-66\"\u003e\u003cspan class=\"MJXp-mi MJXp-italic\" id=\"MJXp-Span-67\" style=\"margin-right: 0.05em;\"\u003er\u003c/span\u003e\u003cspan class=\"MJXp-mi MJXp-italic MJXp-script\" id=\"MJXp-Span-68\" style=\"vertical-align: -0.4em;\"\u003ei\u003c/span\u003e\u003c/span\u003e\u003cspan class=\"MJXp-mo\" id=\"MJXp-Span-69\" style=\"margin-left: 0em; margin-right: 0em;\"\u003e]\u003c/span\u003e\u003c/span\u003e\u003c/span\u003e\u003cscript type=\"math/tex\" id=\"MathJax-Element-15\"\u003eS[l_i,r_i]\u003c/script\u003e ，有一群机器蚤，它们的编号是这个子串的所有本质不同非空子串，那么最少能把它们划分成多少组？\u003c/p\u003e",
      "misc": ""
    },
    {
      "title": "输入格式",
      "content": "\u003cp\u003e第一行两个正整数 \u003cspan class=\"MathJax_Preview\" style=\"color: inherit;\"\u003e\u003cspan class=\"MJXp-math\" id=\"MJXp-Span-70\"\u003e\u003cspan class=\"MJXp-mi MJXp-italic\" id=\"MJXp-Span-71\"\u003en\u003c/span\u003e\u003cspan class=\"MJXp-mo\" id=\"MJXp-Span-72\" style=\"margin-left: 0em; margin-right: 0.222em;\"\u003e,\u003c/span\u003e\u003cspan class=\"MJXp-mi MJXp-italic\" id=\"MJXp-Span-73\"\u003eq\u003c/span\u003e\u003c/span\u003e\u003c/span\u003e\u003cscript type=\"math/tex\" id=\"MathJax-Element-16\"\u003en,q\u003c/script\u003e，分别表示 \u003cspan class=\"MathJax_Preview\" style=\"color: inherit;\"\u003e\u003cspan class=\"MJXp-math\" id=\"MJXp-Span-74\"\u003e\u003cspan class=\"MJXp-mi MJXp-italic\" id=\"MJXp-Span-75\"\u003eS\u003c/span\u003e\u003c/span\u003e\u003c/span\u003e\u003cscript type=\"math/tex\" id=\"MathJax-Element-17\"\u003eS\u003c/script\u003e 的长度和询问次数。\u003c/p\u003e\u003cp\u003e接下来一行一个长度为 \u003cspan class=\"MathJax_Preview\" style=\"color: inherit;\"\u003e\u003cspan class=\"MJXp-math\" id=\"MJXp-Span-76\"\u003e\u003cspan class=\"MJXp-mi MJXp-italic\" id=\"MJXp-Span-77\"\u003en\u003c/span\u003e\u003c/span\u003e\u003c/span\u003e\u003cscript type=\"math/tex\" id=\"MathJax-Element-18\"\u003en\u003c/script\u003e 的小写字符串 \u003cspan class=\"MathJax_Preview\" style=\"color: inherit;\"\u003e\u003cspan class=\"MJXp-math\" id=\"MJXp-Span-78\"\u003e\u003cspan class=\"MJXp-mi MJXp-italic\" id=\"MJXp-Span-79\"\u003eS\u003c/span\u003e\u003c/span\u003e\u003c/span\u003e\u003cscript type=\"math/tex\" id=\"MathJax-Element-19\"\u003eS\u003c/script\u003e。\u003c/p\u003e\u003cp\u003e接下来 \u003cspan class=\"MathJax_Preview\" style=\"color: inherit;\"\u003e\u003cspan class=\"MJXp-math\" id=\"MJXp-Span-80\"\u003e\u003cspan class=\"MJXp-mi MJXp-italic\" id=\"MJXp-Span-81\"\u003eq\u003c/span\u003e\u003c/span\u003e\u003c/span\u003e\u003cscript type=\"math/tex\" id=\"MathJax-Element-20\"\u003eq\u003c/script\u003e 行，第 \u003cspan class=\"MathJax_Preview\" style=\"color: inherit;\"\u003e\u003cspan class=\"MJXp-math\" id=\"MJXp-Span-82\"\u003e\u003cspan class=\"MJXp-mi MJXp-italic\" id=\"MJXp-Span-83\"\u003ei\u003c/span\u003e\u003c/span\u003e\u003c/span\u003e\u003cscript type=\"math/tex\" id=\"MathJax-Element-21\"\u003ei\u003c/script\u003e 行两个正整数 \u003cspan class=\"MathJax_Preview\" style=\"color: inherit;\"\u003e\u003cspan class=\"MJXp-math\" id=\"MJXp-Span-84\"\u003e\u003cspan class=\"MJXp-msubsup\" id=\"MJXp-Span-85\"\u003e\u003cspan class=\"MJXp-mi MJXp-italic\" id=\"MJXp-Span-86\" style=\"margin-right: 0.05em;\"\u003el\u003c/span\u003e\u003cspan class=\"MJXp-mi MJXp-italic MJXp-script\" id=\"MJXp-Span-87\" style=\"vertical-align: -0.4em;\"\u003ei\u003c/span\u003e\u003c/span\u003e\u003cspan class=\"MJXp-mo\" id=\"MJXp-Span-88\" style=\"margin-left: 0em; margin-right: 0.222em;\"\u003e,\u003c/span\u003e\u003cspan class=\"MJXp-msubsup\" id=\"MJXp-Span-89\"\u003e\u003cspan class=\"MJXp-mi MJXp-italic\" id=\"MJXp-Span-90\" style=\"margin-right: 0.05em;\"\u003er\u003c/span\u003e\u003cspan class=\"MJXp-mi MJXp-italic MJXp-script\" id=\"MJXp-Span-91\" style=\"vertical-align: -0.4em;\"\u003ei\u003c/span\u003e\u003c/span\u003e\u003c/span\u003e\u003c/span\u003e\u003cscript type=\"math/tex\" id=\"MathJax-Element-22\"\u003el_i,r_i\u003c/script\u003e，表示一个询问 \u003cspan class=\"MathJax_Preview\" style=\"color: inherit;\"\u003e\u003cspan class=\"MJXp-math\" id=\"MJXp-Span-92\"\u003e\u003cspan class=\"MJXp-mi MJXp-italic\" id=\"MJXp-Span-93\"\u003eS\u003c/span\u003e\u003cspan class=\"MJXp-mo\" id=\"MJXp-Span-94\" style=\"margin-left: 0em; margin-right: 0em;\"\u003e[\u003c/span\u003e\u003cspan class=\"MJXp-msubsup\" id=\"MJXp-Span-95\"\u003e\u003cspan class=\"MJXp-mi MJXp-italic\" id=\"MJXp-Span-96\" style=\"margin-right: 0.05em;\"\u003el\u003c/span\u003e\u003cspan class=\"MJXp-mi MJXp-italic MJXp-script\" id=\"MJXp-Span-97\" style=\"vertical-align: -0.4em;\"\u003ei\u003c/span\u003e\u003c/span\u003e\u003cspan class=\"MJXp-mo\" id=\"MJXp-Span-98\" style=\"margin-left: 0em; margin-right: 0.222em;\"\u003e,\u003c/span\u003e\u003cspan class=\"MJXp-msubsup\" id=\"MJXp-Span-99\"\u003e\u003cspan class=\"MJXp-mi MJXp-italic\" id=\"MJXp-Span-100\" style=\"margin-right: 0.05em;\"\u003er\u003c/span\u003e\u003cspan class=\"MJXp-mi MJXp-italic MJXp-script\" id=\"MJXp-Span-101\" style=\"vertical-align: -0.4em;\"\u003ei\u003c/span\u003e\u003c/span\u003e\u003cspan class=\"MJXp-mo\" id=\"MJXp-Span-102\" style=\"margin-left: 0em; margin-right: 0em;\"\u003e]\u003c/span\u003e\u003c/span\u003e\u003c/span\u003e\u003cscript type=\"math/tex\" id=\"MathJax-Element-23\"\u003eS[l_i,r_i]\u003c/script\u003e 。下标从 \u003cspan class=\"MathJax_Preview\" style=\"color: inherit;\"\u003e\u003cspan class=\"MJXp-math\" id=\"MJXp-Span-103\"\u003e\u003cspan class=\"MJXp-mn\" id=\"MJXp-Span-104\"\u003e1\u003c/span\u003e\u003c/span\u003e\u003c/span\u003e\u003cscript type=\"math/tex\" id=\"MathJax-Element-24\"\u003e1\u003c/script\u003e 开始。\u003c/p\u003e",
      "misc": ""
    },
    {
      "title": "输出格式",
      "content": "\u003cp\u003e输出共 \u003cspan class=\"MathJax_Preview\" style=\"color: inherit;\"\u003e\u003cspan class=\"MJXp-math\" id=\"MJXp-Span-105\"\u003e\u003cspan class=\"MJXp-mi MJXp-italic\" id=\"MJXp-Span-106\"\u003eq\u003c/span\u003e\u003c/span\u003e\u003c/span\u003e\u003cscript type=\"math/tex\" id=\"MathJax-Element-25\"\u003eq\u003c/script\u003e 行，第 \u003cspan class=\"MathJax_Preview\" style=\"color: inherit;\"\u003e\u003cspan class=\"MJXp-math\" id=\"MJXp-Span-107\"\u003e\u003cspan class=\"MJXp-mi MJXp-italic\" id=\"MJXp-Span-108\"\u003ei\u003c/span\u003e\u003c/span\u003e\u003c/span\u003e\u003cscript type=\"math/tex\" id=\"MathJax-Element-26\"\u003ei\u003c/script\u003e 行一个正整数表示第 \u003cspan class=\"MathJax_Preview\" style=\"color: inherit;\"\u003e\u003cspan class=\"MJXp-math\" id=\"MJXp-Span-109\"\u003e\u003cspan class=\"MJXp-mi MJXp-italic\" id=\"MJXp-Span-110\"\u003ei\u003c/span\u003e\u003c/span\u003e\u003c/span\u003e\u003cscript type=\"math/tex\" id=\"MathJax-Element-27\"\u003ei\u003c/script\u003e 次询问的答案。\u003c/p\u003e",
      "misc": ""
    },
    {
      "title": "数据范围",
      "content": "\u003cp\u003e对于所有数据， \u003cspan class=\"MathJax_Preview\" style=\"color: inherit;\"\u003e\u003cspan class=\"MJXp-math\" id=\"MJXp-Span-182\"\u003e\u003cspan class=\"MJXp-mn\" id=\"MJXp-Span-183\"\u003e1\u003c/span\u003e\u003cspan class=\"MJXp-mo\" id=\"MJXp-Span-184\" style=\"margin-left: 0.333em; margin-right: 0.333em;\"\u003e≤\u003c/span\u003e\u003cspan class=\"MJXp-mi MJXp-italic\" id=\"MJXp-Span-185\"\u003en\u003c/span\u003e\u003cspan class=\"MJXp-mo\" id=\"MJXp-Span-186\" style=\"margin-left: 0em; margin-right: 0.222em;\"\u003e,\u003c/span\u003e\u003cspan class=\"MJXp-mi MJXp-italic\" id=\"MJXp-Span-187\"\u003eq\u003c/span\u003e\u003cspan class=\"MJXp-mo\" id=\"MJXp-Span-188\" style=\"margin-left: 0.333em; margin-right: 0.333em;\"\u003e≤\u003c/span\u003e\u003cspan class=\"MJXp-msubsup\" id=\"MJXp-Span-189\"\u003e\u003cspan class=\"MJXp-mn\" id=\"MJXp-Span-190\" style=\"margin-right: 0.05em;\"\u003e10\u003c/span\u003e\u003cspan class=\"MJXp-mn MJXp-script\" id=\"MJXp-Span-191\" style=\"vertical-align: 0.5em;\"\u003e5\u003c/span\u003e\u003c/span\u003e\u003cspan class=\"MJXp-mo\" id=\"MJXp-Span-192\" style=\"margin-left: 0em; margin-right: 0.222em;\"\u003e,\u003c/span\u003e\u003cspan class=\"MJXp-mn\" id=\"MJXp-Span-193\"\u003e1\u003c/span\u003e\u003cspan class=\"MJXp-mo\" id=\"MJXp-Span-194\" style=\"margin-left: 0.333em; margin-right: 0.333em;\"\u003e≤\u003c/span\u003e\u003cspan class=\"MJXp-msubsup\" id=\"MJXp-Span-195\"\u003e\u003cspan class=\"MJXp-mi MJXp-italic\" id=\"MJXp-Span-196\" style=\"margin-right: 0.05em;\"\u003el\u003c/span\u003e\u003cspan class=\"MJXp-mi MJXp-italic MJXp-script\" id=\"MJXp-Span-197\" style=\"vertical-align: -0.4em;\"\u003ei\u003c/span\u003e\u003c/span\u003e\u003cspan class=\"MJXp-mo\" id=\"MJXp-Span-198\" style=\"margin-left: 0.333em; margin-right: 0.333em;\"\u003e≤\u003c/span\u003e\u003cspan class=\"MJXp-msubsup\" id=\"MJXp-Span-199\"\u003e\u003cspan class=\"MJXp-mi MJXp-italic\" id=\"MJXp-Span-200\" style=\"margin-right: 0.05em;\"\u003er\u003c/span\u003e\u003cspan class=\"MJXp-mi MJXp-italic MJXp-script\" id=\"MJXp-Span-201\" style=\"vertical-align: -0.4em;\"\u003ei\u003c/span\u003e\u003c/span\u003e\u003cspan class=\"MJXp-mo\" id=\"MJXp-Span-202\" style=\"margin-left: 0.333em; margin-right: 0.333em;\"\u003e≤\u003c/span\u003e\u003cspan class=\"MJXp-mi MJXp-italic\" id=\"MJXp-Span-203\"\u003en\u003c/span\u003e\u003c/span\u003e\u003c/span\u003e\u003cscript type=\"math/tex\" id=\"MathJax-Element-38\"\u003e1\\leq n,q\\leq 10^5,1\\leq l_i\\leq r_i \\leq n\u003c/script\u003e。\u003c/p\u003e\u003cdiv class=\"table-responsive\"\u003e\n\u003ctable class=\"table table-bordered table-text-center table-vertical-middle\"\u003e\n\u003cthead\u003e\n\u003ctr\u003e\n\u003cth style=\"text-align:center;\"\u003e子任务编号\u003c/th\u003e\n\u003cth style=\"text-align:center;\"\u003e\u003cspan class=\"MathJax_Preview\" style=\"color: inherit;\"\u003e\u003cspan class=\"MJXp-math\" id=\"MJXp-Span-204\"\u003e\u003cspan class=\"MJXp-mi MJXp-italic\" id=\"MJXp-Span-205\"\u003en\u003c/span\u003e\u003cspan class=\"MJXp-mo\" id=\"MJXp-Span-206\" style=\"margin-left: 0em; margin-right: 0.222em;\"\u003e,\u003c/span\u003e\u003cspan class=\"MJXp-mi MJXp-italic\" id=\"MJXp-Span-207\"\u003eq\u003c/span\u003e\u003cspan class=\"MJXp-mo\" id=\"MJXp-Span-208\" style=\"margin-left: 0.333em; margin-right: 0.333em;\"\u003e≤\u003c/span\u003e\u003c/span\u003e\u003c/span\u003e\u003cscript type=\"math/tex\" id=\"MathJax-Element-39\"\u003en,q\\leq\u003c/script\u003e\u003c/th\u003e\n\u003cth style=\"text-align:center;\"\u003e特殊性质\u003c/th\u003e\n\u003cth style=\"text-align:center;\"\u003e分值\u003c/th\u003e\n\u003c/tr\u003e\n\u003c/thead\u003e\n\u003ctbody\u003e\n\u003ctr\u003e\n\u003ctd style=\"text-align:center;\"\u003e\u003cspan class=\"MathJax_Preview\" style=\"color: inherit;\"\u003e\u003cspan class=\"MJXp-math\" id=\"MJXp-Span-209\"\u003e\u003cspan class=\"MJXp-mn\" id=\"MJXp-Span-210\"\u003e1\u003c/span\u003e\u003c/span\u003e\u003c/span\u003e\u003cscript type=\"math/tex\" id=\"MathJax-Element-40\"\u003e1\u003c/script\u003e\u003c/td\u003e\n\u003ctd style=\"text-align:center;\"\u003e\u003cspan class=\"MathJax_Preview\" style=\"color: inherit;\"\u003e\u003cspan class=\"MJXp-math\" id=\"MJXp-Span-211\"\u003e\u003cspan class=\"MJXp-mn\" id=\"MJXp-Span-212\"\u003e10\u003c/span\u003e\u003c/span\u003e\u003c/span\u003e\u003cscript type=\"math/tex\" id=\"MathJax-Element-41\"\u003e10\u003c/script\u003e\u003c/td\u003e\n\u003ctd style=\"text-align:center;\" rowspan=\"4\"\u003e无\u003c/td\u003e\n\u003ctd style=\"text-align:center;\"\u003e\u003cspan class=\"MathJax_Preview\" style=\"color: inherit;\"\u003e\u003cspan class=\"MJXp-math\" id=\"MJXp-Span-213\"\u003e\u003cspan class=\"MJXp-mn\" id=\"MJXp-Span-214\"\u003e9\u003c/span\u003e\u003c/span\u003e\u003c/span\u003e\u003cscript type=\"math/tex\" id=\"MathJax-Element-42\"\u003e9\u003c/script\u003e\u003c/td\u003e\n\u003c/tr\u003e\n\u003ctr\u003e\n\u003ctd style=\"text-align:center;\"\u003e\u003cspan class=\"MathJax_Preview\" style=\"color: inherit;\"\u003e\u003cspan class=\"MJXp-math\" id=\"MJXp-Span-215\"\u003e\u003cspan class=\"MJXp-mn\" id=\"MJXp-Span-216\"\u003e2\u003c/span\u003e\u003c/span\u003e\u003c/span\u003e\u003cscript type=\"math/tex\" id=\"MathJax-Element-43\"\u003e2\u003c/script\u003e\u003c/td\u003e\n\u003ctd style=\"text-align:center;\"\u003e\u003cspan class=\"MathJax_Preview\" style=\"color: inherit;\"\u003e\u003cspan class=\"MJXp-math\" id=\"MJXp-Span-217\"\u003e\u003cspan class=\"MJXp-mn\" id=\"MJXp-Span-218\"\u003e100\u003c/span\u003e\u003c/span\u003e\u003c/span\u003e\u003cscript type=\"math/tex\" id=\"MathJax-Element-44\"\u003e100\u003c/script\u003e\u003c/td\u003e\n\u003ctd style=\"text-align:center;\"\u003e\u003cspan class=\"MathJax_Preview\" style=\"color: inherit;\"\u003e\u003cspan class=\"MJXp-math\" id=\"MJXp-Span-219\"\u003e\u003cspan class=\"MJXp-mn\" id=\"MJXp-Span-220\"\u003e18\u003c/span\u003e\u003c/span\u003e\u003c/span\u003e\u003cscript type=\"math/tex\" id=\"MathJax-Element-45\"\u003e18\u003c/script\u003e\u003c/td\u003e\n\u003c/tr\u003e\n\u003ctr\u003e\n\u003ctd style=\"text-align:center;\"\u003e\u003cspan class=\"MathJax_Preview\" style=\"color: inherit;\"\u003e\u003cspan class=\"MJXp-math\" id=\"MJXp-Span-221\"\u003e\u003cspan class=\"MJXp-mn\" id=\"MJXp-Span-222\"\u003e3\u003c/span\u003e\u003c/span\u003e\u003c/span\u003e\u003cscript type=\"math/tex\" id=\"MathJax-Element-46\"\u003e3\u003c/script\u003e\u003c/td\u003e\n\u003ctd style=\"text-align:center;\"\u003e\u003cspan class=\"MathJax_Preview\" style=\"color: inherit;\"\u003e\u003cspan class=\"MJXp-math\" id=\"MJXp-Span-223\"\u003e\u003cspan class=\"MJXp-mn\" id=\"MJXp-Span-224\"\u003e1000\u003c/span\u003e\u003c/span\u003e\u003c/span\u003e\u003cscript type=\"math/tex\" id=\"MathJax-Element-47\"\u003e1000\u003c/script\u003e\u003c/td\u003e\n\u003ctd style=\"text-align:center;\"\u003e\u003cspan class=\"MathJax_Preview\" style=\"color: inherit;\"\u003e\u003cspan class=\"MJXp-math\" id=\"MJXp-Span-225\"\u003e\u003cspan class=\"MJXp-mn\" id=\"MJXp-Span-226\"\u003e21\u003c/span\u003e\u003c/span\u003e\u003c/span\u003e\u003cscript type=\"math/tex\" id=\"MathJax-Element-48\"\u003e21\u003c/script\u003e\u003c/td\u003e\n\u003c/tr\u003e\n\u003ctr\u003e\n\u003ctd style=\"text-align:center;\"\u003e\u003cspan class=\"MathJax_Preview\" style=\"color: inherit;\"\u003e\u003cspan class=\"MJXp-math\" id=\"MJXp-Span-227\"\u003e\u003cspan class=\"MJXp-mn\" id=\"MJXp-Span-228\"\u003e4\u003c/span\u003e\u003c/span\u003e\u003c/span\u003e\u003cscript type=\"math/tex\" id=\"MathJax-Element-49\"\u003e4\u003c/script\u003e\u003c/td\u003e\n\u003ctd style=\"text-align:center;\"\u003e\u003cspan class=\"MathJax_Preview\" style=\"color: inherit;\"\u003e\u003cspan class=\"MJXp-math\" id=\"MJXp-Span-229\"\u003e\u003cspan class=\"MJXp-mn\" id=\"MJXp-Span-230\"\u003e25000\u003c/span\u003e\u003c/span\u003e\u003c/span\u003e\u003cscript type=\"math/tex\" id=\"MathJax-Element-50\"\u003e25000\u003c/script\u003e\u003c/td\u003e\n\u003ctd style=\"text-align:center;\"\u003e\u003cspan class=\"MathJax_Preview\" style=\"color: inherit;\"\u003e\u003cspan class=\"MJXp-math\" id=\"MJXp-Span-231\"\u003e\u003cspan class=\"MJXp-mn\" id=\"MJXp-Span-232\"\u003e17\u003c/span\u003e\u003c/span\u003e\u003c/span\u003e\u003cscript type=\"math/tex\" id=\"MathJax-Element-51\"\u003e17\u003c/script\u003e\u003c/td\u003e\n\u003c/tr\u003e\n\u003ctr\u003e\n\u003ctd style=\"text-align:center;\"\u003e\u003cspan class=\"MathJax_Preview\" style=\"color: inherit;\"\u003e\u003cspan class=\"MJXp-math\" id=\"MJXp-Span-233\"\u003e\u003cspan class=\"MJXp-mn\" id=\"MJXp-Span-234\"\u003e5\u003c/span\u003e\u003c/span\u003e\u003c/span\u003e\u003cscript type=\"math/tex\" id=\"MathJax-Element-52\"\u003e5\u003c/script\u003e\u003c/td\u003e\n\u003ctd style=\"text-align:center;\" rowspan=\"2\"\u003e\u003cspan class=\"MathJax_Preview\" style=\"color: inherit;\"\u003e\u003cspan class=\"MJXp-math\" id=\"MJXp-Span-235\"\u003e\u003cspan class=\"MJXp-msubsup\" id=\"MJXp-Span-236\"\u003e\u003cspan class=\"MJXp-mn\" id=\"MJXp-Span-237\" style=\"margin-right: 0.05em;\"\u003e10\u003c/span\u003e\u003cspan class=\"MJXp-mn MJXp-script\" id=\"MJXp-Span-238\" style=\"vertical-align: 0.5em;\"\u003e5\u003c/span\u003e\u003c/span\u003e\u003c/span\u003e\u003c/span\u003e\u003cscript type=\"math/tex\" id=\"MathJax-Element-53\"\u003e10^5\u003c/script\u003e\u003c/td\u003e\n\u003ctd style=\"text-align:center;\"\u003e保证数据随机，其中字符串的每一位在字符集中等概率独立选取，每个询问在所有区间中等概率独立选取\u003c/td\u003e\n\u003ctd style=\"text-align:center;\"\u003e\u003cspan class=\"MathJax_Preview\" style=\"color: inherit;\"\u003e\u003cspan class=\"MJXp-math\" id=\"MJXp-Span-239\"\u003e\u003cspan class=\"MJXp-mn\" id=\"MJXp-Span-240\"\u003e15\u003c/span\u003e\u003c/span\u003e\u003c/span\u003e\u003cscript type=\"math/tex\" id=\"MathJax-Element-54\"\u003e15\u003c/script\u003e\u003c/td\u003e\n\u003c/tr\u003e\n\u003ctr\u003e\n\u003ctd style=\"text-align:center;\"\u003e\u003cspan class=\"MathJax_Preview\" style=\"color: inherit;\"\u003e\u003cspan class=\"MJXp-math\" id=\"MJXp-Span-241\"\u003e\u003cspan class=\"MJXp-mn\" id=\"MJXp-Span-242\"\u003e6\u003c/span\u003e\u003c/span\u003e\u003c/span\u003e\u003cscript type=\"math/tex\" id=\"MathJax-Element-55\"\u003e6\u003c/script\u003e\u003c/td\u003e\n\u003ctd style=\"text-align:center;\"\u003e无\u003c/td\u003e\n\u003ctd style=\"text-align:center;\"\u003e\u003cspan class=\"MathJax_Preview\" style=\"color: inherit;\"\u003e\u003cspan class=\"MJXp-math\" id=\"MJXp-Span-243\"\u003e\u003cspan class=\"MJXp-mn\" id=\"MJXp-Span-244\"\u003e20\u003c/span\u003e\u003c/span\u003e\u003c/span\u003e\u003cscript type=\"math/tex\" id=\"MathJax-Element-56\"\u003e20\u003c/script\u003e\u003c/td\u003e\n\u003c/tr\u003e\n\u003c/tbody\u003e\n\u003c/table\u003e\n\u003c/div\u003e",
      "misc": ""
    },
    {
      "title": "下载",
      "content": "\u003cp\u003e\u003ca href=\"/download.php?type=problem\u0026amp;id=608\"\u003e样例数据下载\u003c/a\u003e\u003c/p\u003e",
      "misc": ""
    }
  ],
  "samples": [
    {
      "title": "样例一",
      "input": "\u003cpre\u003e4 1\nabaa\n1 4\n\n\u003c/pre\u003e",
      "output": "\u003cpre\u003e3\n\n\u003c/pre\u003e",
      "explanation": "\u003cp\u003e询问 \u003cspan class=\"MathJax_Preview\" style=\"color: inherit;\"\u003e\u003cspan class=\"MJXp-math\" id=\"MJXp-Span-111\"\u003e\u003cspan class=\"MJXp-mi MJXp-italic\" id=\"MJXp-Span-112\"\u003eS\u003c/span\u003e\u003cspan class=\"MJXp-mo\" id=\"MJXp-Span-113\" style=\"margin-left: 0em; margin-right: 0em;\"\u003e[\u003c/span\u003e\u003cspan class=\"MJXp-mn\" id=\"MJXp-Span-114\"\u003e1\u003c/span\u003e\u003cspan class=\"MJXp-mo\" id=\"MJXp-Span-115\" style=\"margin-left: 0em; margin-right: 0.222em;\"\u003e,\u003c/span\u003e\u003cspan class=\"MJXp-mn\" id=\"MJXp-Span-116\"\u003e4\u003c/span\u003e\u003cspan class=\"MJXp-mo\" id=\"MJXp-Span-117\" style=\"margin-left: 0em; margin-right: 0em;\"\u003e]\u003c/span\u003e\u003cspan class=\"MJXp-mo\" id=\"MJXp-Span-118\" style=\"margin-left: 0.333em; margin-right: 0.333em;\"\u003e=\u003c/span\u003e\u003cspan class=\"MJXp-mi MJXp-italic\" id=\"MJXp-Span-119\"\u003eS\u003c/span\u003e\u003c/span\u003e\u003c/span\u003e\u003cscript type=\"math/tex\" id=\"MathJax-Element-28\"\u003eS[1,4]=S\u003c/script\u003e ，因此所有机器蚤的编号是所有 \u003cspan class=\"MathJax_Preview\" style=\"color: inherit;\"\u003e\u003cspan class=\"MJXp-math\" id=\"MJXp-Span-120\"\u003e\u003cspan class=\"MJXp-mi MJXp-italic\" id=\"MJXp-Span-121\"\u003eS\u003c/span\u003e\u003c/span\u003e\u003c/span\u003e\u003cscript type=\"math/tex\" id=\"MathJax-Element-29\"\u003eS\u003c/script\u003e 的非空子串，即 \u003cspan class=\"MathJax_Preview\" style=\"color: inherit;\"\u003e\u003cspan class=\"MJXp-math\" id=\"MJXp-Span-122\"\u003e\u003cspan class=\"MJXp-mi MJXp-italic\" id=\"MJXp-Span-123\"\u003ea\u003c/span\u003e\u003cspan class=\"MJXp-mo\" id=\"MJXp-Span-124\" style=\"margin-left: 0em; margin-right: 0.222em;\"\u003e,\u003c/span\u003e\u003cspan class=\"MJXp-mi MJXp-italic\" id=\"MJXp-Span-125\"\u003eb\u003c/span\u003e\u003cspan class=\"MJXp-mo\" id=\"MJXp-Span-126\" style=\"margin-left: 0em; margin-right: 0.222em;\"\u003e,\u003c/span\u003e\u003cspan class=\"MJXp-mi MJXp-italic\" id=\"MJXp-Span-127\"\u003ea\u003c/span\u003e\u003cspan class=\"MJXp-mi MJXp-italic\" id=\"MJXp-Span-128\"\u003ea\u003c/span\u003e\u003cspan class=\"MJXp-mo\" id=\"MJXp-Span-129\" style=\"margin-left: 0em; margin-right: 0.222em;\"\u003e,\u003c/span\u003e\u003cspan class=\"MJXp-mi MJXp-italic\" id=\"MJXp-Span-130\"\u003ea\u003c/span\u003e\u003cspan class=\"MJXp-mi MJXp-italic\" id=\"MJXp-Span-131\"\u003eb\u003c/span\u003e\u003cspan class=\"MJXp-mo\" id=\"MJXp-Span-132\" style=\"margin-left: 0em; margin-right: 0.222em;\"\u003e,\u003c/span\u003e\u003cspan class=\"MJXp-mi MJXp-italic\" id=\"MJXp-Span-133\"\u003eb\u003c/span\u003e\u003cspan class=\"MJXp-mi MJXp-italic\" id=\"MJXp-Span-134\"\u003ea\u003c/span\u003e\u003cspan class=\"MJXp-mo\" id=\"MJXp-Span-135\" style=\"margin-left: 0em; margin-right: 0.222em;\"\u003e,\u003c/span\u003e\u003cspan class=\"MJXp-mi MJXp-italic\" id=\"MJXp-Span-136\"\u003ea\u003c/span\u003e\u003cspan class=\"MJXp-mi MJXp-italic\" id=\"MJXp-Span-137\"\u003eb\u003c/span\u003e\u003cspan class=\"MJXp-mi MJXp-italic\" id=\"MJXp-Span-138\"\u003ea\u003c/span\u003e\u003cspan class=\"MJXp-mo\" id=\"MJXp-Span-139\" style=\"margin-left: 0em; margin-right: 0.222em;\"\u003e,\u003c/span\u003e\u003cspan class=\"MJXp-mi MJXp-italic\" id=\"MJXp-Span-140\"\u003eb\u003c/span\u003e\u003cspan class=\"MJXp-mi MJXp-italic\" id=\"MJXp-Span-141\"\u003ea\u003c/span\u003e\u003cspan class=\"MJXp-mi MJXp-italic\" id=\"MJXp-Span-142\"\u003ea\u003c/span\u003e\u003cspan class=\"MJXp-mo\" id=\"MJXp-Span-143\" style=\"margin-left: 0em; margin-right: 0.222em;\"\u003e,\u003c/span\u003e\u003cspan class=\"MJXp-mi MJXp-italic\" id=\"MJXp-Span-144\"\u003ea\u003c/span\u003e\u003cspan class=\"MJXp-mi MJXp-italic\" id=\"MJXp-Span-145\"\u003eb\u003c/span\u003e\u003cspan class=\"MJXp-mi MJXp-italic\" id=\"MJXp-Span-146\"\u003ea\u003c/span\u003e\u003cspan class=\"MJXp-mi MJXp-italic\" id=\"MJXp-Span-147\"\u003ea\u003c/span\u003e\u003c/span\u003e\u003c/span\u003e\u003cscript type=\"math/tex\" id=\"MathJax-Element-30\"\u003ea,b,aa,ab,ba,aba,baa,abaa\u003c/script\u003e 。\u003c/p\u003e\u003cp\u003e可以证明，最少能划分为 \u003cspan class=\"MathJax_Preview\" style=\"color: inherit;\"\u003e\u003cspan class=\"MJXp-math\" id=\"MJXp-Span-148\"\u003e\u003cspan class=\"MJXp-mn\" id=\"MJXp-Span-149\"\u003e3\u003c/span\u003e\u003c/span\u003e\u003c/span\u003e\u003cscript type=\"math/tex\" id=\"MathJax-Element-31\"\u003e3\u003c/script\u003e 个组，下面是其中一组合法方案（用编号指代机器蚤）：\u003c/p\u003e\u003cp\u003e第 \u003cspan class=\"MathJax_Preview\" style=\"color: inherit;\"\u003e\u003cspan class=\"MJXp-math\" id=\"MJXp-Span-150\"\u003e\u003cspan class=\"MJXp-mn\" id=\"MJXp-Span-151\"\u003e1\u003c/span\u003e\u003c/span\u003e\u003c/span\u003e\u003cscript type=\"math/tex\" id=\"MathJax-Element-32\"\u003e1\u003c/script\u003e 组： \u003cspan class=\"MathJax_Preview\" style=\"color: inherit;\"\u003e\u003cspan class=\"MJXp-math\" id=\"MJXp-Span-152\"\u003e\u003cspan class=\"MJXp-mi MJXp-italic\" id=\"MJXp-Span-153\"\u003ea\u003c/span\u003e\u003cspan class=\"MJXp-mo\" id=\"MJXp-Span-154\" style=\"margin-left: 0em; margin-right: 0.222em;\"\u003e,\u003c/span\u003e\u003cspan class=\"MJXp-mi MJXp-italic\" id=\"MJXp-Span-155\"\u003ea\u003c/span\u003e\u003cspan class=\"MJXp-mi MJXp-italic\" id=\"MJXp-Span-156\"\u003ea\u003c/span\u003e\u003cspan class=\"MJXp-mo\" id=\"MJXp-Span-157\" style=\"margin-left: 0em; margin-right: 0.222em;\"\u003e,\u003c/span\u003e\u003cspan class=\"MJXp-mi MJXp-italic\" id=\"MJXp-Span-158\"\u003ea\u003c/span\u003e\u003cspan class=\"MJXp-mi MJXp-italic\" id=\"MJXp-Span-159\"\u003eb\u003c/span\u003e\u003cspan class=\"MJXp-mi MJXp-italic\" id=\"MJXp-Span-160\"\u003ea\u003c/span\u003e\u003cspan class=\"MJXp-mi MJXp-italic\" id=\"MJXp-Span-161\"\u003ea\u003c/span\u003e\u003c/span\u003e\u003c/span\u003e\u003cscript type=\"math/tex\" id=\"MathJax-Element-33\"\u003ea,aa,abaa\u003c/script\u003e\u003c/p\u003e\u003cp\u003e第 \u003cspan class=\"MathJax_Preview\" style=\"color: inherit;\"\u003e\u003cspan class=\"MJXp-math\" id=\"MJXp-Span-162\"\u003e\u003cspan class=\"MJXp-mn\" id=\"MJXp-Span-163\"\u003e2\u003c/span\u003e\u003c/span\u003e\u003c/span\u003e\u003cscript type=\"math/tex\" id=\"MathJax-Element-34\"\u003e2\u003c/script\u003e 组： \u003cspan class=\"MathJax_Preview\" style=\"color: inherit;\"\u003e\u003cspan class=\"MJXp-math\" id=\"MJXp-Span-164\"\u003e\u003cspan class=\"MJXp-mi MJXp-italic\" id=\"MJXp-Span-165\"\u003eb\u003c/span\u003e\u003cspan class=\"MJXp-mo\" id=\"MJXp-Span-166\" style=\"margin-left: 0em; margin-right: 0.222em;\"\u003e,\u003c/span\u003e\u003cspan class=\"MJXp-mi MJXp-italic\" id=\"MJXp-Span-167\"\u003ea\u003c/span\u003e\u003cspan class=\"MJXp-mi MJXp-italic\" id=\"MJXp-Span-168\"\u003eb\u003c/span\u003e\u003cspan class=\"MJXp-mo\" id=\"MJXp-Span-169\" style=\"margin-left: 0em; margin-right: 0.222em;\"\u003e,\u003c/span\u003e\u003cspan class=\"MJXp-mi MJXp-italic\" id=\"MJXp-Span-170\"\u003ea\u003c/span\u003e\u003cspan class=\"MJXp-mi MJXp-italic\" id=\"MJXp-Span-171\"\u003eb\u003c/span\u003e\u003cspan class=\"MJXp-mi MJXp-italic\" id=\"MJXp-Span-172\"\u003ea\u003c/span\u003e\u003c/span\u003e\u003c/span\u003e\u003cscript type=\"math/tex\" id=\"MathJax-Element-35\"\u003eb,ab,aba\u003c/script\u003e\u003c/p\u003e\u003cp\u003e第 \u003cspan class=\"MathJax_Preview\" style=\"color: inherit;\"\u003e\u003cspan class=\"MJXp-math\" id=\"MJXp-Span-173\"\u003e\u003cspan class=\"MJXp-mn\" id=\"MJXp-Span-174\"\u003e3\u003c/span\u003e\u003c/span\u003e\u003c/span\u003e\u003cscript type=\"math/tex\" id=\"MathJax-Element-36\"\u003e3\u003c/script\u003e 组： \u003cspan class=\"MathJax_Preview\" style=\"color: inherit;\"\u003e\u003cspan class=\"MJXp-math\" id=\"MJXp-Span-175\"\u003e\u003cspan class=\"MJXp-mi MJXp-italic\" id=\"MJXp-Span-176\"\u003eb\u003c/span\u003e\u003cspan class=\"MJXp-mi MJXp-italic\" id=\"MJXp-Span-177\"\u003ea\u003c/span\u003e\u003cspan class=\"MJXp-mo\" id=\"MJXp-Span-178\" style=\"margin-left: 0em; margin-right: 0.222em;\"\u003e,\u003c/span\u003e\u003cspan class=\"MJXp-mi MJXp-italic\" id=\"MJXp-Span-179\"\u003eb\u003c/span\u003e\u003cspan class=\"MJXp-mi MJXp-italic\" id=\"MJXp-Span-180\"\u003ea\u003c/span\u003e\u003cspan class=\"MJXp-mi MJXp-italic\" id=\"MJXp-Span-181\"\u003ea\u003c/span\u003e\u003c/span\u003e\u003c/span\u003e\u003cscript type=\"math/tex\" id=\"MathJax-Element-37\"\u003eba,baa\u003c/script\u003e\u003c/p\u003e",
      "misc": ""
    },
    {
      "title": "样例二",
      "input": "\u003cpre\u003e5 5\nabbab\n1 2\n1 3\n4 5\n2 5\n2 4\n\n\u003c/pre\u003e",
      "output": "\u003cpre\u003e2\n2\n2\n3\n2\n\n\u003c/pre\u003e",
      "explanation": "",
      "misc": ""
    },
    {
      "title": "样例三",
      "input": "",
      "output": "",
      "explanation": "",
      "misc": "\u003cp\u003e见附加文件中 \u003ccode\u003eex_partition3.in\u003c/code\u003e 和 \u003ccode\u003eex_partition3.out\u003c/code\u003e 。\u003c/p\u003e"
    },
    {
      "title": "样例四",
      "input": "",
      "output": "",
      "explanation": "",
      "misc": "\u003cp\u003e见附加文件中 \u003ccode\u003eex_partition4.in\u003c/code\u003e 和 \u003ccode\u003eex_partition4.out\u003c/code\u003e 。\u003c/p\u003e"
    }
  ],
  "tags": [
    "UOJ",
    "UR #20"
  ],
  "rules": {
    "runtime": "4000000000",
    "memory": "536870912",
    "stack": "536870912",
    "source": "51200"
  },
  "meta": {
    "created": "2021-04-09T21:57:17.811667325+08:00",
    "updated": "2021-04-09T21:57:17.811667325+08:00",
    "checked": "2021-04-09T21:57:17.811667325+08:00"
  },
  "misc": ""
}
