{
  "id": "95",
  "title": "胡策的数列",
  "type": "traditional",
  "sections": [
    {
      "title": "",
      "content": "\u003cp\u003e在 OI 界，有一个无人不知无人不晓，OI 水平前无古人后无来者的胡策，江湖人称一眼秒题胡大爷！\u003c/p\u003e\u003cp\u003e今天胡策正在研究一个远古传下来的数列：\u003cspan class=\"MathJax_Preview\" style=\"color: inherit;\"\u003e\u003cspan class=\"MJXp-math\" id=\"MJXp-Span-1\"\u003e\u003cspan class=\"MJXp-msubsup\" id=\"MJXp-Span-2\"\u003e\u003cspan class=\"MJXp-mi MJXp-italic\" id=\"MJXp-Span-3\" style=\"margin-right: 0.05em;\"\u003ea\u003c/span\u003e\u003cspan class=\"MJXp-mn MJXp-script\" id=\"MJXp-Span-4\" style=\"vertical-align: -0.4em;\"\u003e0\u003c/span\u003e\u003c/span\u003e\u003cspan class=\"MJXp-mo\" id=\"MJXp-Span-5\" style=\"margin-left: 0em; margin-right: 0.222em;\"\u003e,\u003c/span\u003e\u003cspan class=\"MJXp-msubsup\" id=\"MJXp-Span-6\"\u003e\u003cspan class=\"MJXp-mi MJXp-italic\" id=\"MJXp-Span-7\" style=\"margin-right: 0.05em;\"\u003ea\u003c/span\u003e\u003cspan class=\"MJXp-mn MJXp-script\" id=\"MJXp-Span-8\" style=\"vertical-align: -0.4em;\"\u003e1\u003c/span\u003e\u003c/span\u003e\u003cspan class=\"MJXp-mo\" id=\"MJXp-Span-9\" style=\"margin-left: 0em; margin-right: 0.222em;\"\u003e,\u003c/span\u003e\u003cspan class=\"MJXp-msubsup\" id=\"MJXp-Span-10\"\u003e\u003cspan class=\"MJXp-mi MJXp-italic\" id=\"MJXp-Span-11\" style=\"margin-right: 0.05em;\"\u003ea\u003c/span\u003e\u003cspan class=\"MJXp-mn MJXp-script\" id=\"MJXp-Span-12\" style=\"vertical-align: -0.4em;\"\u003e2\u003c/span\u003e\u003c/span\u003e\u003cspan class=\"MJXp-mo\" id=\"MJXp-Span-13\" style=\"margin-left: 0em; margin-right: 0.222em;\"\u003e,\u003c/span\u003e\u003cspan class=\"MJXp-mo\" id=\"MJXp-Span-14\" style=\"margin-left: 0em; margin-right: 0em;\"\u003e…\u003c/span\u003e\u003c/span\u003e\u003c/span\u003e\u003cscript type=\"math/tex\" id=\"MathJax-Element-1\"\u003ea_0, a_1, a_2, \\dots\u003c/script\u003e，数列的第 \u003cspan class=\"MathJax_Preview\" style=\"color: inherit;\"\u003e\u003cspan class=\"MJXp-math\" id=\"MJXp-Span-15\"\u003e\u003cspan class=\"MJXp-mi MJXp-italic\" id=\"MJXp-Span-16\"\u003ek\u003c/span\u003e\u003c/span\u003e\u003c/span\u003e\u003cscript type=\"math/tex\" id=\"MathJax-Element-2\"\u003ek\u003c/script\u003e 项为 \u003cspan class=\"MathJax_Preview\" style=\"color: inherit;\"\u003e\u003cspan class=\"MJXp-math\" id=\"MJXp-Span-17\"\u003e\u003cspan class=\"MJXp-msubsup\" id=\"MJXp-Span-18\"\u003e\u003cspan class=\"MJXp-mi MJXp-italic\" id=\"MJXp-Span-19\" style=\"margin-right: 0.05em;\"\u003ea\u003c/span\u003e\u003cspan class=\"MJXp-mi MJXp-italic MJXp-script\" id=\"MJXp-Span-20\" style=\"vertical-align: -0.4em;\"\u003ek\u003c/span\u003e\u003c/span\u003e\u003c/span\u003e\u003c/span\u003e\u003cscript type=\"math/tex\" id=\"MathJax-Element-3\"\u003ea_k\u003c/script\u003e。这个数列有特别的性质，对于 \u003cspan class=\"MathJax_Preview\" style=\"color: inherit;\"\u003e\u003cspan class=\"MJXp-math\" id=\"MJXp-Span-21\"\u003e\u003cspan class=\"MJXp-mi MJXp-italic\" id=\"MJXp-Span-22\"\u003ei\u003c/span\u003e\u003cspan class=\"MJXp-mo\" id=\"MJXp-Span-23\" style=\"margin-left: 0.333em; margin-right: 0.333em;\"\u003e\u0026gt;\u003c/span\u003e\u003cspan class=\"MJXp-mn\" id=\"MJXp-Span-24\"\u003e1\u003c/span\u003e\u003c/span\u003e\u003c/span\u003e\u003cscript type=\"math/tex\" id=\"MathJax-Element-4\"\u003ei \u003e 1\u003c/script\u003e 有：\u003cspan class=\"MathJax_Preview\" style=\"color: inherit;\"\u003e\u003cspan class=\"MJXp-math\" id=\"MJXp-Span-25\"\u003e\u003cspan class=\"MJXp-mn\" id=\"MJXp-Span-26\"\u003e25\u003c/span\u003e\u003cspan class=\"MJXp-msubsup\" id=\"MJXp-Span-27\"\u003e\u003cspan class=\"MJXp-mi MJXp-italic\" id=\"MJXp-Span-28\" style=\"margin-right: 0.05em;\"\u003ea\u003c/span\u003e\u003cspan class=\"MJXp-mi MJXp-italic MJXp-script\" id=\"MJXp-Span-29\" style=\"vertical-align: -0.4em;\"\u003ei\u003c/span\u003e\u003c/span\u003e\u003cspan class=\"MJXp-mo\" id=\"MJXp-Span-30\" style=\"margin-left: 0.267em; margin-right: 0.267em;\"\u003e+\u003c/span\u003e\u003cspan class=\"MJXp-mn\" id=\"MJXp-Span-31\"\u003e20\u003c/span\u003e\u003cspan class=\"MJXp-msubsup\" id=\"MJXp-Span-32\"\u003e\u003cspan class=\"MJXp-mi MJXp-italic\" id=\"MJXp-Span-33\" style=\"margin-right: 0.05em;\"\u003ea\u003c/span\u003e\u003cspan class=\"MJXp-mrow MJXp-script\" id=\"MJXp-Span-34\" style=\"vertical-align: -0.4em;\"\u003e\u003cspan class=\"MJXp-mi MJXp-italic\" id=\"MJXp-Span-35\"\u003ei\u003c/span\u003e\u003cspan class=\"MJXp-mo\" id=\"MJXp-Span-36\"\u003e−\u003c/span\u003e\u003cspan class=\"MJXp-mn\" id=\"MJXp-Span-37\"\u003e1\u003c/span\u003e\u003c/span\u003e\u003c/span\u003e\u003cspan class=\"MJXp-mo\" id=\"MJXp-Span-38\" style=\"margin-left: 0.333em; margin-right: 0.333em;\"\u003e=\u003c/span\u003e\u003cspan class=\"MJXp-mn\" id=\"MJXp-Span-39\"\u003e12\u003c/span\u003e\u003cspan class=\"MJXp-msubsup\" id=\"MJXp-Span-40\"\u003e\u003cspan class=\"MJXp-mi MJXp-italic\" id=\"MJXp-Span-41\" style=\"margin-right: 0.05em;\"\u003ea\u003c/span\u003e\u003cspan class=\"MJXp-mrow MJXp-script\" id=\"MJXp-Span-42\" style=\"vertical-align: -0.4em;\"\u003e\u003cspan class=\"MJXp-mi MJXp-italic\" id=\"MJXp-Span-43\"\u003ei\u003c/span\u003e\u003cspan class=\"MJXp-mo\" id=\"MJXp-Span-44\"\u003e−\u003c/span\u003e\u003cspan class=\"MJXp-mn\" id=\"MJXp-Span-45\"\u003e2\u003c/span\u003e\u003c/span\u003e\u003c/span\u003e\u003c/span\u003e\u003c/span\u003e\u003cscript type=\"math/tex\" id=\"MathJax-Element-5\"\u003e25 a_i + 20 a_{i - 1} = 12 a_{i - 2}\u003c/script\u003e。因为流传的时间太过久远，\u003cspan class=\"MathJax_Preview\" style=\"color: inherit;\"\u003e\u003cspan class=\"MJXp-math\" id=\"MJXp-Span-46\"\u003e\u003cspan class=\"MJXp-msubsup\" id=\"MJXp-Span-47\"\u003e\u003cspan class=\"MJXp-mi MJXp-italic\" id=\"MJXp-Span-48\" style=\"margin-right: 0.05em;\"\u003ea\u003c/span\u003e\u003cspan class=\"MJXp-mn MJXp-script\" id=\"MJXp-Span-49\" style=\"vertical-align: -0.4em;\"\u003e0\u003c/span\u003e\u003c/span\u003e\u003c/span\u003e\u003c/span\u003e\u003cscript type=\"math/tex\" id=\"MathJax-Element-6\"\u003ea_0\u003c/script\u003e 和 \u003cspan class=\"MathJax_Preview\" style=\"color: inherit;\"\u003e\u003cspan class=\"MJXp-math\" id=\"MJXp-Span-50\"\u003e\u003cspan class=\"MJXp-msubsup\" id=\"MJXp-Span-51\"\u003e\u003cspan class=\"MJXp-mi MJXp-italic\" id=\"MJXp-Span-52\" style=\"margin-right: 0.05em;\"\u003ea\u003c/span\u003e\u003cspan class=\"MJXp-mn MJXp-script\" id=\"MJXp-Span-53\" style=\"vertical-align: -0.4em;\"\u003e1\u003c/span\u003e\u003c/span\u003e\u003c/span\u003e\u003c/span\u003e\u003cscript type=\"math/tex\" id=\"MathJax-Element-7\"\u003ea_1\u003c/script\u003e 的值都已经看不清了，但是在最后还记载着，这个数列有一个特别的性质：对于任意的 \u003cspan class=\"MathJax_Preview\" style=\"color: inherit;\"\u003e\u003cspan class=\"MJXp-math\" id=\"MJXp-Span-54\"\u003e\u003cspan class=\"MJXp-mi MJXp-italic\" id=\"MJXp-Span-55\"\u003ei\u003c/span\u003e\u003cspan class=\"MJXp-mo\" id=\"MJXp-Span-56\" style=\"margin-left: 0.333em; margin-right: 0.333em;\"\u003e≥\u003c/span\u003e\u003cspan class=\"MJXp-mn\" id=\"MJXp-Span-57\"\u003e0\u003c/span\u003e\u003c/span\u003e\u003c/span\u003e\u003cscript type=\"math/tex\" id=\"MathJax-Element-8\"\u003ei \\geq 0\u003c/script\u003e，都有  \u003cspan class=\"MathJax_Preview\" style=\"color: inherit;\"\u003e\u003cspan class=\"MJXp-math\" id=\"MJXp-Span-58\"\u003e\u003cspan class=\"MJXp-msubsup\" id=\"MJXp-Span-59\"\u003e\u003cspan class=\"MJXp-mi MJXp-italic\" id=\"MJXp-Span-60\" style=\"margin-right: 0.05em;\"\u003ea\u003c/span\u003e\u003cspan class=\"MJXp-mi MJXp-italic MJXp-script\" id=\"MJXp-Span-61\" style=\"vertical-align: -0.4em;\"\u003ei\u003c/span\u003e\u003c/span\u003e\u003cspan class=\"MJXp-mo\" id=\"MJXp-Span-62\" style=\"margin-left: 0.333em; margin-right: 0.333em;\"\u003e≥\u003c/span\u003e\u003cspan class=\"MJXp-mn\" id=\"MJXp-Span-63\"\u003e0\u003c/span\u003e\u003c/span\u003e\u003c/span\u003e\u003cscript type=\"math/tex\" id=\"MathJax-Element-9\"\u003ea_i \\geq 0\u003c/script\u003e。\u003c/p\u003e\u003cp\u003e然而胡策已经看穿了一切：对于任意一个正数 \u003cspan class=\"MathJax_Preview\" style=\"color: inherit;\"\u003e\u003cspan class=\"MJXp-math\" id=\"MJXp-Span-64\"\u003e\u003cspan class=\"MJXp-mi MJXp-italic\" id=\"MJXp-Span-65\"\u003et\u003c/span\u003e\u003c/span\u003e\u003c/span\u003e\u003cscript type=\"math/tex\" id=\"MathJax-Element-10\"\u003et\u003c/script\u003e，满足 \u003cspan class=\"MathJax_Preview\" style=\"color: inherit;\"\u003e\u003cspan class=\"MJXp-math\" id=\"MJXp-Span-66\"\u003e\u003cspan class=\"MJXp-msubsup\" id=\"MJXp-Span-67\"\u003e\u003cspan class=\"MJXp-mi MJXp-italic\" id=\"MJXp-Span-68\" style=\"margin-right: 0.05em;\"\u003ea\u003c/span\u003e\u003cspan class=\"MJXp-mn MJXp-script\" id=\"MJXp-Span-69\" style=\"vertical-align: -0.4em;\"\u003e0\u003c/span\u003e\u003c/span\u003e\u003cspan class=\"MJXp-mo\" id=\"MJXp-Span-70\" style=\"margin-left: 0.333em; margin-right: 0.333em;\"\u003e=\u003c/span\u003e\u003cspan class=\"MJXp-mi MJXp-italic\" id=\"MJXp-Span-71\"\u003et\u003c/span\u003e\u003c/span\u003e\u003c/span\u003e\u003cscript type=\"math/tex\" id=\"MathJax-Element-11\"\u003ea_0 = t\u003c/script\u003e 的数列 \u003cspan class=\"MathJax_Preview\" style=\"color: inherit;\"\u003e\u003cspan class=\"MJXp-math\" id=\"MJXp-Span-72\"\u003e\u003cspan class=\"MJXp-mi MJXp-italic\" id=\"MJXp-Span-73\"\u003ea\u003c/span\u003e\u003c/span\u003e\u003c/span\u003e\u003cscript type=\"math/tex\" id=\"MathJax-Element-12\"\u003ea\u003c/script\u003e 是唯一的！但是，他想拿这个问题考一考拜胡策为师的你。\u003c/p\u003e\u003cp\u003e具体来说，胡策会给你一个长度为 \u003cspan class=\"MathJax_Preview\" style=\"color: inherit;\"\u003e\u003cspan class=\"MJXp-math\" id=\"MJXp-Span-74\"\u003e\u003cspan class=\"MJXp-mi MJXp-italic\" id=\"MJXp-Span-75\"\u003en\u003c/span\u003e\u003c/span\u003e\u003c/span\u003e\u003cscript type=\"math/tex\" id=\"MathJax-Element-13\"\u003en\u003c/script\u003e 的表格，一开始每个格子都写着 \u003cspan class=\"MathJax_Preview\" style=\"color: inherit;\"\u003e\u003cspan class=\"MJXp-math\" id=\"MJXp-Span-76\"\u003e\u003cspan class=\"MJXp-mn\" id=\"MJXp-Span-77\"\u003e0\u003c/span\u003e\u003c/span\u003e\u003c/span\u003e\u003cscript type=\"math/tex\" id=\"MathJax-Element-14\"\u003e0\u003c/script\u003e。有时他会让你将 \u003cspan class=\"MathJax_Preview\" style=\"color: inherit;\"\u003e\u003cspan class=\"MJXp-math\" id=\"MJXp-Span-78\"\u003e\u003cspan class=\"MJXp-msubsup\" id=\"MJXp-Span-79\"\u003e\u003cspan class=\"MJXp-mi MJXp-italic\" id=\"MJXp-Span-80\" style=\"margin-right: 0.05em;\"\u003ea\u003c/span\u003e\u003cspan class=\"MJXp-mn MJXp-script\" id=\"MJXp-Span-81\" style=\"vertical-align: -0.4em;\"\u003e0\u003c/span\u003e\u003c/span\u003e\u003cspan class=\"MJXp-mo\" id=\"MJXp-Span-82\" style=\"margin-left: 0.333em; margin-right: 0.333em;\"\u003e=\u003c/span\u003e\u003cspan class=\"MJXp-mi MJXp-italic\" id=\"MJXp-Span-83\"\u003et\u003c/span\u003e\u003c/span\u003e\u003c/span\u003e\u003cscript type=\"math/tex\" id=\"MathJax-Element-15\"\u003ea_0 = t\u003c/script\u003e 时的数列 \u003cspan class=\"MathJax_Preview\" style=\"color: inherit;\"\u003e\u003cspan class=\"MJXp-math\" id=\"MJXp-Span-84\"\u003e\u003cspan class=\"MJXp-mi MJXp-italic\" id=\"MJXp-Span-85\"\u003ea\u003c/span\u003e\u003c/span\u003e\u003c/span\u003e\u003cscript type=\"math/tex\" id=\"MathJax-Element-16\"\u003ea\u003c/script\u003e 从第 \u003cspan class=\"MathJax_Preview\" style=\"color: inherit;\"\u003e\u003cspan class=\"MJXp-math\" id=\"MJXp-Span-86\"\u003e\u003cspan class=\"MJXp-mi MJXp-italic\" id=\"MJXp-Span-87\"\u003ep\u003c/span\u003e\u003c/span\u003e\u003c/span\u003e\u003cscript type=\"math/tex\" id=\"MathJax-Element-17\"\u003ep\u003c/script\u003e 项到第 \u003cspan class=\"MathJax_Preview\" style=\"color: inherit;\"\u003e\u003cspan class=\"MJXp-math\" id=\"MJXp-Span-88\"\u003e\u003cspan class=\"MJXp-mi MJXp-italic\" id=\"MJXp-Span-89\"\u003ep\u003c/span\u003e\u003cspan class=\"MJXp-mo\" id=\"MJXp-Span-90\" style=\"margin-left: 0.267em; margin-right: 0.267em;\"\u003e+\u003c/span\u003e\u003cspan class=\"MJXp-mi MJXp-italic\" id=\"MJXp-Span-91\"\u003er\u003c/span\u003e\u003cspan class=\"MJXp-mo\" id=\"MJXp-Span-92\" style=\"margin-left: 0.267em; margin-right: 0.267em;\"\u003e−\u003c/span\u003e\u003cspan class=\"MJXp-mi MJXp-italic\" id=\"MJXp-Span-93\"\u003el\u003c/span\u003e\u003c/span\u003e\u003c/span\u003e\u003cscript type=\"math/tex\" id=\"MathJax-Element-18\"\u003ep + r - l\u003c/script\u003e 项的值分别写入表格中第 \u003cspan class=\"MathJax_Preview\" style=\"color: inherit;\"\u003e\u003cspan class=\"MJXp-math\" id=\"MJXp-Span-94\"\u003e\u003cspan class=\"MJXp-mi MJXp-italic\" id=\"MJXp-Span-95\"\u003el\u003c/span\u003e\u003c/span\u003e\u003c/span\u003e\u003cscript type=\"math/tex\" id=\"MathJax-Element-19\"\u003el\u003c/script\u003e 到第 \u003cspan class=\"MathJax_Preview\" style=\"color: inherit;\"\u003e\u003cspan class=\"MJXp-math\" id=\"MJXp-Span-96\"\u003e\u003cspan class=\"MJXp-mi MJXp-italic\" id=\"MJXp-Span-97\"\u003er\u003c/span\u003e\u003c/span\u003e\u003c/span\u003e\u003cscript type=\"math/tex\" id=\"MathJax-Element-20\"\u003er\u003c/script\u003e 格（覆盖原有的值），有时他会询问表格中某一段连续的格子中的数的和。\u003c/p\u003e\u003cp\u003e当然，作为胡策的弟子，你必须在胡策提出一个询问的时候马上作出回应。\u003c/p\u003e\u003cp\u003e因为这是一个远古的问题，胡策只给了你一台远古的计算机，它只有 \u003cspan class=\"MathJax_Preview\" style=\"color: inherit;\"\u003e\u003cspan class=\"MJXp-math\" id=\"MJXp-Span-98\"\u003e\u003cspan class=\"MJXp-mn\" id=\"MJXp-Span-99\"\u003e64\u003c/span\u003e\u003cspan class=\"MJXp-mrow\" id=\"MJXp-Span-100\"\u003e\u003cspan class=\"MJXp-mtext MJXp-mono\" id=\"MJXp-Span-101\"\u003eMB\u003c/span\u003e\u003c/span\u003e\u003c/span\u003e\u003c/span\u003e\u003cscript type=\"math/tex\" id=\"MathJax-Element-21\"\u003e64\\texttt{MB}\u003c/script\u003e的内存。\u003c/p\u003e",
      "misc": ""
    },
    {
      "title": "输入格式",
      "content": "\u003cp\u003e第一行两个正整数 \u003cspan class=\"MathJax_Preview\" style=\"color: inherit;\"\u003e\u003cspan class=\"MJXp-math\" id=\"MJXp-Span-102\"\u003e\u003cspan class=\"MJXp-mi MJXp-italic\" id=\"MJXp-Span-103\"\u003en\u003c/span\u003e\u003cspan class=\"MJXp-mo\" id=\"MJXp-Span-104\" style=\"margin-left: 0em; margin-right: 0.222em;\"\u003e,\u003c/span\u003e\u003cspan class=\"MJXp-mi MJXp-italic\" id=\"MJXp-Span-105\"\u003em\u003c/span\u003e\u003c/span\u003e\u003c/span\u003e\u003cscript type=\"math/tex\" id=\"MathJax-Element-22\"\u003en,m\u003c/script\u003e。分别表示表格的长度和操作个数。\u003c/p\u003e\u003cp\u003e接下来 \u003cspan class=\"MathJax_Preview\" style=\"color: inherit;\"\u003e\u003cspan class=\"MJXp-math\" id=\"MJXp-Span-106\"\u003e\u003cspan class=\"MJXp-mi MJXp-italic\" id=\"MJXp-Span-107\"\u003em\u003c/span\u003e\u003c/span\u003e\u003c/span\u003e\u003cscript type=\"math/tex\" id=\"MathJax-Element-23\"\u003em\u003c/script\u003e 行，每行描述一个操作。每行的第一个整数 \u003cspan class=\"MathJax_Preview\" style=\"color: inherit;\"\u003e\u003cspan class=\"MJXp-math\" id=\"MJXp-Span-108\"\u003e\u003cspan class=\"MJXp-mrow\" id=\"MJXp-Span-109\"\u003e\u003cspan class=\"MJXp-mi\" id=\"MJXp-Span-110\"\u003et\u003c/span\u003e\u003cspan class=\"MJXp-mi\" id=\"MJXp-Span-111\"\u003ey\u003c/span\u003e\u003cspan class=\"MJXp-mi\" id=\"MJXp-Span-112\"\u003ep\u003c/span\u003e\u003cspan class=\"MJXp-mi\" id=\"MJXp-Span-113\"\u003ee\u003c/span\u003e\u003c/span\u003e\u003c/span\u003e\u003c/span\u003e\u003cscript type=\"math/tex\" id=\"MathJax-Element-24\"\u003e\\mathrm{type}\u003c/script\u003e 描述了操作的类型，\u003cspan class=\"MathJax_Preview\" style=\"color: inherit;\"\u003e\u003cspan class=\"MJXp-math\" id=\"MJXp-Span-114\"\u003e\u003cspan class=\"MJXp-mrow\" id=\"MJXp-Span-115\"\u003e\u003cspan class=\"MJXp-mi\" id=\"MJXp-Span-116\"\u003et\u003c/span\u003e\u003cspan class=\"MJXp-mi\" id=\"MJXp-Span-117\"\u003ey\u003c/span\u003e\u003cspan class=\"MJXp-mi\" id=\"MJXp-Span-118\"\u003ep\u003c/span\u003e\u003cspan class=\"MJXp-mi\" id=\"MJXp-Span-119\"\u003ee\u003c/span\u003e\u003c/span\u003e\u003cspan class=\"MJXp-mo\" id=\"MJXp-Span-120\" style=\"margin-left: 0.333em; margin-right: 0.333em;\"\u003e=\u003c/span\u003e\u003cspan class=\"MJXp-mn\" id=\"MJXp-Span-121\"\u003e1\u003c/span\u003e\u003c/span\u003e\u003c/span\u003e\u003cscript type=\"math/tex\" id=\"MathJax-Element-25\"\u003e\\mathrm{type} = 1\u003c/script\u003e 表示是修改操作，\u003cspan class=\"MathJax_Preview\" style=\"color: inherit;\"\u003e\u003cspan class=\"MJXp-math\" id=\"MJXp-Span-122\"\u003e\u003cspan class=\"MJXp-mrow\" id=\"MJXp-Span-123\"\u003e\u003cspan class=\"MJXp-mi\" id=\"MJXp-Span-124\"\u003et\u003c/span\u003e\u003cspan class=\"MJXp-mi\" id=\"MJXp-Span-125\"\u003ey\u003c/span\u003e\u003cspan class=\"MJXp-mi\" id=\"MJXp-Span-126\"\u003ep\u003c/span\u003e\u003cspan class=\"MJXp-mi\" id=\"MJXp-Span-127\"\u003ee\u003c/span\u003e\u003c/span\u003e\u003cspan class=\"MJXp-mo\" id=\"MJXp-Span-128\" style=\"margin-left: 0.333em; margin-right: 0.333em;\"\u003e=\u003c/span\u003e\u003cspan class=\"MJXp-mn\" id=\"MJXp-Span-129\"\u003e2\u003c/span\u003e\u003c/span\u003e\u003c/span\u003e\u003cscript type=\"math/tex\" id=\"MathJax-Element-26\"\u003e\\mathrm{type} = 2\u003c/script\u003e 表示是询问操作。\u003c/p\u003e\u003cp\u003e如果是修改操作，接下来有四个整数 \u003cspan class=\"MathJax_Preview\" style=\"color: inherit;\"\u003e\u003cspan class=\"MJXp-math\" id=\"MJXp-Span-130\"\u003e\u003cspan class=\"MJXp-mi MJXp-italic\" id=\"MJXp-Span-131\"\u003el\u003c/span\u003e\u003cspan class=\"MJXp-mo\" id=\"MJXp-Span-132\" style=\"margin-left: 0em; margin-right: 0.222em;\"\u003e,\u003c/span\u003e\u003cspan class=\"MJXp-mi MJXp-italic\" id=\"MJXp-Span-133\"\u003er\u003c/span\u003e\u003cspan class=\"MJXp-mo\" id=\"MJXp-Span-134\" style=\"margin-left: 0em; margin-right: 0.222em;\"\u003e,\u003c/span\u003e\u003cspan class=\"MJXp-mi MJXp-italic\" id=\"MJXp-Span-135\"\u003et\u003c/span\u003e\u003cspan class=\"MJXp-mo\" id=\"MJXp-Span-136\" style=\"margin-left: 0em; margin-right: 0.222em;\"\u003e,\u003c/span\u003e\u003cspan class=\"MJXp-mi MJXp-italic\" id=\"MJXp-Span-137\"\u003ep\u003c/span\u003e\u003c/span\u003e\u003c/span\u003e\u003cscript type=\"math/tex\" id=\"MathJax-Element-27\"\u003el,r,t,p\u003c/script\u003e，意义如上所述。\u003c/p\u003e\u003cp\u003e如果是询问操作，接下来有两个整数 \u003cspan class=\"MathJax_Preview\" style=\"color: inherit;\"\u003e\u003cspan class=\"MJXp-math\" id=\"MJXp-Span-138\"\u003e\u003cspan class=\"MJXp-mi MJXp-italic\" id=\"MJXp-Span-139\"\u003el\u003c/span\u003e\u003cspan class=\"MJXp-mo\" id=\"MJXp-Span-140\" style=\"margin-left: 0em; margin-right: 0.222em;\"\u003e,\u003c/span\u003e\u003cspan class=\"MJXp-mi MJXp-italic\" id=\"MJXp-Span-141\"\u003er\u003c/span\u003e\u003c/span\u003e\u003c/span\u003e\u003cscript type=\"math/tex\" id=\"MathJax-Element-28\"\u003el,r\u003c/script\u003e，意义如上所述。\u003c/p\u003e\u003cp\u003e由于胡策需要确定你是在线回答他的问题，输入中的 \u003cspan class=\"MathJax_Preview\" style=\"color: inherit;\"\u003e\u003cspan class=\"MJXp-math\" id=\"MJXp-Span-142\"\u003e\u003cspan class=\"MJXp-mi MJXp-italic\" id=\"MJXp-Span-143\"\u003el\u003c/span\u003e\u003cspan class=\"MJXp-mo\" id=\"MJXp-Span-144\" style=\"margin-left: 0em; margin-right: 0.222em;\"\u003e,\u003c/span\u003e\u003cspan class=\"MJXp-mi MJXp-italic\" id=\"MJXp-Span-145\"\u003er\u003c/span\u003e\u003c/span\u003e\u003c/span\u003e\u003cscript type=\"math/tex\" id=\"MathJax-Element-29\"\u003el, r\u003c/script\u003e 是加密了的。于是你需要把输入中的 \u003cspan class=\"MathJax_Preview\" style=\"color: inherit;\"\u003e\u003cspan class=\"MJXp-math\" id=\"MJXp-Span-146\"\u003e\u003cspan class=\"MJXp-mi MJXp-italic\" id=\"MJXp-Span-147\"\u003el\u003c/span\u003e\u003cspan class=\"MJXp-mo\" id=\"MJXp-Span-148\" style=\"margin-left: 0em; margin-right: 0.222em;\"\u003e,\u003c/span\u003e\u003cspan class=\"MJXp-mi MJXp-italic\" id=\"MJXp-Span-149\"\u003er\u003c/span\u003e\u003c/span\u003e\u003c/span\u003e\u003cscript type=\"math/tex\" id=\"MathJax-Element-30\"\u003el, r\u003c/script\u003e 分别异或 \u003cspan class=\"MathJax_Preview\" style=\"color: inherit;\"\u003e\u003cspan class=\"MJXp-math\" id=\"MJXp-Span-150\"\u003e\u003cspan class=\"MJXp-mrow\" id=\"MJXp-Span-151\"\u003e\u003cspan class=\"MJXp-mi\" id=\"MJXp-Span-152\"\u003el\u003c/span\u003e\u003cspan class=\"MJXp-mi\" id=\"MJXp-Span-153\"\u003ea\u003c/span\u003e\u003cspan class=\"MJXp-mi\" id=\"MJXp-Span-154\"\u003es\u003c/span\u003e\u003cspan class=\"MJXp-mi\" id=\"MJXp-Span-155\"\u003et\u003c/span\u003e\u003cspan class=\"MJXp-mi\" id=\"MJXp-Span-156\"\u003ea\u003c/span\u003e\u003cspan class=\"MJXp-mi\" id=\"MJXp-Span-157\"\u003en\u003c/span\u003e\u003cspan class=\"MJXp-mi\" id=\"MJXp-Span-158\"\u003es\u003c/span\u003e\u003c/span\u003e\u003c/span\u003e\u003c/span\u003e\u003cscript type=\"math/tex\" id=\"MathJax-Element-31\"\u003e\\mathrm{lastans}\u003c/script\u003e 来得到实际的 \u003cspan class=\"MathJax_Preview\" style=\"color: inherit;\"\u003e\u003cspan class=\"MJXp-math\" id=\"MJXp-Span-159\"\u003e\u003cspan class=\"MJXp-mi MJXp-italic\" id=\"MJXp-Span-160\"\u003el\u003c/span\u003e\u003cspan class=\"MJXp-mo\" id=\"MJXp-Span-161\" style=\"margin-left: 0em; margin-right: 0.222em;\"\u003e,\u003c/span\u003e\u003cspan class=\"MJXp-mi MJXp-italic\" id=\"MJXp-Span-162\"\u003er\u003c/span\u003e\u003c/span\u003e\u003c/span\u003e\u003cscript type=\"math/tex\" id=\"MathJax-Element-32\"\u003el, r\u003c/script\u003e。\u003cspan class=\"MathJax_Preview\" style=\"color: inherit;\"\u003e\u003cspan class=\"MJXp-math\" id=\"MJXp-Span-163\"\u003e\u003cspan class=\"MJXp-mrow\" id=\"MJXp-Span-164\"\u003e\u003cspan class=\"MJXp-mi\" id=\"MJXp-Span-165\"\u003el\u003c/span\u003e\u003cspan class=\"MJXp-mi\" id=\"MJXp-Span-166\"\u003ea\u003c/span\u003e\u003cspan class=\"MJXp-mi\" id=\"MJXp-Span-167\"\u003es\u003c/span\u003e\u003cspan class=\"MJXp-mi\" id=\"MJXp-Span-168\"\u003et\u003c/span\u003e\u003cspan class=\"MJXp-mi\" id=\"MJXp-Span-169\"\u003ea\u003c/span\u003e\u003cspan class=\"MJXp-mi\" id=\"MJXp-Span-170\"\u003en\u003c/span\u003e\u003cspan class=\"MJXp-mi\" id=\"MJXp-Span-171\"\u003es\u003c/span\u003e\u003c/span\u003e\u003c/span\u003e\u003c/span\u003e\u003cscript type=\"math/tex\" id=\"MathJax-Element-33\"\u003e\\mathrm{lastans}\u003c/script\u003e 表示上一次询问操作的答案，初始为 \u003cspan class=\"MathJax_Preview\" style=\"color: inherit;\"\u003e\u003cspan class=\"MJXp-math\" id=\"MJXp-Span-172\"\u003e\u003cspan class=\"MJXp-mn\" id=\"MJXp-Span-173\"\u003e0\u003c/span\u003e\u003c/span\u003e\u003c/span\u003e\u003cscript type=\"math/tex\" id=\"MathJax-Element-34\"\u003e0\u003c/script\u003e。保证实际的 \u003cspan class=\"MathJax_Preview\" style=\"color: inherit;\"\u003e\u003cspan class=\"MJXp-math\" id=\"MJXp-Span-174\"\u003e\u003cspan class=\"MJXp-mi MJXp-italic\" id=\"MJXp-Span-175\"\u003el\u003c/span\u003e\u003cspan class=\"MJXp-mo\" id=\"MJXp-Span-176\" style=\"margin-left: 0em; margin-right: 0.222em;\"\u003e,\u003c/span\u003e\u003cspan class=\"MJXp-mi MJXp-italic\" id=\"MJXp-Span-177\"\u003er\u003c/span\u003e\u003c/span\u003e\u003c/span\u003e\u003cscript type=\"math/tex\" id=\"MathJax-Element-35\"\u003el, r\u003c/script\u003e 满足 \u003cspan class=\"MathJax_Preview\" style=\"color: inherit;\"\u003e\u003cspan class=\"MJXp-math\" id=\"MJXp-Span-178\"\u003e\u003cspan class=\"MJXp-mn\" id=\"MJXp-Span-179\"\u003e1\u003c/span\u003e\u003cspan class=\"MJXp-mo\" id=\"MJXp-Span-180\" style=\"margin-left: 0.333em; margin-right: 0.333em;\"\u003e≤\u003c/span\u003e\u003cspan class=\"MJXp-mi MJXp-italic\" id=\"MJXp-Span-181\"\u003el\u003c/span\u003e\u003cspan class=\"MJXp-mo\" id=\"MJXp-Span-182\" style=\"margin-left: 0.333em; margin-right: 0.333em;\"\u003e≤\u003c/span\u003e\u003cspan class=\"MJXp-mi MJXp-italic\" id=\"MJXp-Span-183\"\u003er\u003c/span\u003e\u003cspan class=\"MJXp-mo\" id=\"MJXp-Span-184\" style=\"margin-left: 0.333em; margin-right: 0.333em;\"\u003e≤\u003c/span\u003e\u003cspan class=\"MJXp-mi MJXp-italic\" id=\"MJXp-Span-185\"\u003en\u003c/span\u003e\u003c/span\u003e\u003c/span\u003e\u003cscript type=\"math/tex\" id=\"MathJax-Element-36\"\u003e1 \\leq l \\leq r \\leq n\u003c/script\u003e。\u003c/p\u003e",
      "misc": ""
    },
    {
      "title": "输出格式",
      "content": "\u003cp\u003e对每个询问操作输出一行，表示询问的答案。\u003c/p\u003e\u003cp\u003e答案一定能写成 \u003cspan class=\"MathJax_Preview\" style=\"color: inherit;\"\u003e\u003cspan class=\"MJXp-math\" id=\"MJXp-Span-186\"\u003e\u003cspan class=\"MJXp-mfrac\" id=\"MJXp-Span-187\" style=\"vertical-align: 0.25em;\"\u003e\u003cspan class=\"MJXp-box MJXp-script\"\u003e\u003cspan class=\"MJXp-mi MJXp-italic\" id=\"MJXp-Span-188\"\u003ev\u003c/span\u003e\u003c/span\u003e\u003cspan class=\"MJXp-box\" style=\"margin-top: -0.9em;\"\u003e\u003cspan class=\"MJXp-denom\"\u003e\u003cspan\u003e\u003cspan class=\"MJXp-rule\" style=\"height: 1em; border-top: none; border-bottom: 1px solid; margin: 0.1em 0px;\"\u003e\u003c/span\u003e\u003c/span\u003e\u003cspan\u003e\u003cspan class=\"MJXp-box MJXp-script\"\u003e\u003cspan class=\"MJXp-mi MJXp-italic\" id=\"MJXp-Span-189\"\u003eu\u003c/span\u003e\u003c/span\u003e\u003c/span\u003e\u003c/span\u003e\u003c/span\u003e\u003c/span\u003e\u003c/span\u003e\u003c/span\u003e\u003cscript type=\"math/tex\" id=\"MathJax-Element-37\"\u003e\\frac{v}{u}\u003c/script\u003e 的形式，其中 \u003cspan class=\"MathJax_Preview\" style=\"color: inherit;\"\u003e\u003cspan class=\"MJXp-math\" id=\"MJXp-Span-190\"\u003e\u003cspan class=\"MJXp-mi MJXp-italic\" id=\"MJXp-Span-191\"\u003ev\u003c/span\u003e\u003cspan class=\"MJXp-mo\" id=\"MJXp-Span-192\" style=\"margin-left: 0em; margin-right: 0.222em;\"\u003e,\u003c/span\u003e\u003cspan class=\"MJXp-mi MJXp-italic\" id=\"MJXp-Span-193\"\u003eu\u003c/span\u003e\u003c/span\u003e\u003c/span\u003e\u003cscript type=\"math/tex\" id=\"MathJax-Element-38\"\u003ev, u\u003c/script\u003e 是互质的整数，且 \u003cspan class=\"MathJax_Preview\" style=\"color: inherit;\"\u003e\u003cspan class=\"MJXp-math\" id=\"MJXp-Span-194\"\u003e\u003cspan class=\"MJXp-mi MJXp-italic\" id=\"MJXp-Span-195\"\u003eu\u003c/span\u003e\u003cspan class=\"MJXp-mo\" id=\"MJXp-Span-196\" style=\"margin-left: 0.333em; margin-right: 0.333em;\"\u003e\u0026gt;\u003c/span\u003e\u003cspan class=\"MJXp-mn\" id=\"MJXp-Span-197\"\u003e0\u003c/span\u003e\u003c/span\u003e\u003c/span\u003e\u003cscript type=\"math/tex\" id=\"MathJax-Element-39\"\u003eu \u003e 0\u003c/script\u003e。为了避免分数，你只用输出一个介于 \u003cspan class=\"MathJax_Preview\" style=\"color: inherit;\"\u003e\u003cspan class=\"MJXp-math\" id=\"MJXp-Span-198\"\u003e\u003cspan class=\"MJXp-mn\" id=\"MJXp-Span-199\"\u003e0\u003c/span\u003e\u003c/span\u003e\u003c/span\u003e\u003cscript type=\"math/tex\" id=\"MathJax-Element-40\"\u003e0\u003c/script\u003e 到 \u003cspan class=\"MathJax_Preview\" style=\"color: inherit;\"\u003e\u003cspan class=\"MJXp-math\" id=\"MJXp-Span-200\"\u003e\u003cspan class=\"MJXp-msubsup\" id=\"MJXp-Span-201\"\u003e\u003cspan class=\"MJXp-mn\" id=\"MJXp-Span-202\" style=\"margin-right: 0.05em;\"\u003e10\u003c/span\u003e\u003cspan class=\"MJXp-mn MJXp-script\" id=\"MJXp-Span-203\" style=\"vertical-align: 0.5em;\"\u003e9\u003c/span\u003e\u003c/span\u003e\u003cspan class=\"MJXp-mo\" id=\"MJXp-Span-204\" style=\"margin-left: 0.267em; margin-right: 0.267em;\"\u003e+\u003c/span\u003e\u003cspan class=\"MJXp-mn\" id=\"MJXp-Span-205\"\u003e8\u003c/span\u003e\u003c/span\u003e\u003c/span\u003e\u003cscript type=\"math/tex\" id=\"MathJax-Element-41\"\u003e10^9 + 8\u003c/script\u003e 之间的整数 \u003cspan class=\"MathJax_Preview\" style=\"color: inherit;\"\u003e\u003cspan class=\"MJXp-math\" id=\"MJXp-Span-206\"\u003e\u003cspan class=\"MJXp-mi MJXp-italic\" id=\"MJXp-Span-207\"\u003ex\u003c/span\u003e\u003c/span\u003e\u003c/span\u003e\u003cscript type=\"math/tex\" id=\"MathJax-Element-42\"\u003ex\u003c/script\u003e 满足 \u003cspan class=\"MathJax_Preview\" style=\"color: inherit;\"\u003e\u003cspan class=\"MJXp-math\" id=\"MJXp-Span-208\"\u003e\u003cspan class=\"MJXp-mi MJXp-italic\" id=\"MJXp-Span-209\"\u003eu\u003c/span\u003e\u003cspan class=\"MJXp-mi MJXp-italic\" id=\"MJXp-Span-210\"\u003ex\u003c/span\u003e\u003cspan class=\"MJXp-mo\" id=\"MJXp-Span-211\" style=\"margin-left: 0.333em; margin-right: 0.333em;\"\u003e≡\u003c/span\u003e\u003cspan class=\"MJXp-mi MJXp-italic\" id=\"MJXp-Span-212\"\u003ev\u003c/span\u003e\u003cspan class=\"MJXp-TeXmathchoice\" id=\"MJXp-Span-213\"\u003e\u003cspan class=\"MJXp-mspace\" id=\"MJXp-Span-214\" style=\"width: 0.444em; height: 0em;\"\u003e\u003c/span\u003e\u003c/span\u003e\u003cspan class=\"MJXp-mo\" id=\"MJXp-Span-215\" style=\"margin-left: 0em; margin-right: 0em;\"\u003e(\u003c/span\u003e\u003cspan class=\"MJXp-mi\" id=\"MJXp-Span-216\"\u003emod\u003c/span\u003e\u003cspan class=\"MJXp-mspace\" id=\"MJXp-Span-217\" style=\"width: 0.333em; height: 0em;\"\u003e\u003c/span\u003e\u003cspan class=\"MJXp-msubsup\" id=\"MJXp-Span-218\"\u003e\u003cspan class=\"MJXp-mn\" id=\"MJXp-Span-219\" style=\"margin-right: 0.05em;\"\u003e10\u003c/span\u003e\u003cspan class=\"MJXp-mn MJXp-script\" id=\"MJXp-Span-220\" style=\"vertical-align: 0.5em;\"\u003e9\u003c/span\u003e\u003c/span\u003e\u003cspan class=\"MJXp-mo\" id=\"MJXp-Span-221\" style=\"margin-left: 0.267em; margin-right: 0.267em;\"\u003e+\u003c/span\u003e\u003cspan class=\"MJXp-mn\" id=\"MJXp-Span-222\"\u003e9\u003c/span\u003e\u003cspan class=\"MJXp-mo\" id=\"MJXp-Span-223\" style=\"margin-left: 0em; margin-right: 0em;\"\u003e)\u003c/span\u003e\u003c/span\u003e\u003c/span\u003e\u003cscript type=\"math/tex\" id=\"MathJax-Element-43\"\u003eux \\equiv v \\pmod{10^9 + 9}\u003c/script\u003e 来表示答案。显然在本题中，这样的 \u003cspan class=\"MathJax_Preview\" style=\"color: inherit;\"\u003e\u003cspan class=\"MJXp-math\" id=\"MJXp-Span-224\"\u003e\u003cspan class=\"MJXp-mi MJXp-italic\" id=\"MJXp-Span-225\"\u003ex\u003c/span\u003e\u003c/span\u003e\u003c/span\u003e\u003cscript type=\"math/tex\" id=\"MathJax-Element-44\"\u003ex\u003c/script\u003e 是唯一的。\u003c/p\u003e",
      "misc": ""
    },
    {
      "title": "限制与约定",
      "content": "\u003cp\u003e对于 20% 的数据，\u003cspan class=\"MathJax_Preview\" style=\"color: inherit;\"\u003e\u003cspan class=\"MJXp-math\" id=\"MJXp-Span-234\"\u003e\u003cspan class=\"MJXp-mi MJXp-italic\" id=\"MJXp-Span-235\"\u003en\u003c/span\u003e\u003cspan class=\"MJXp-mo\" id=\"MJXp-Span-236\" style=\"margin-left: 0em; margin-right: 0.222em;\"\u003e,\u003c/span\u003e\u003cspan class=\"MJXp-mi MJXp-italic\" id=\"MJXp-Span-237\"\u003em\u003c/span\u003e\u003cspan class=\"MJXp-mo\" id=\"MJXp-Span-238\" style=\"margin-left: 0.333em; margin-right: 0.333em;\"\u003e≤\u003c/span\u003e\u003cspan class=\"MJXp-mn\" id=\"MJXp-Span-239\"\u003e1000\u003c/span\u003e\u003c/span\u003e\u003c/span\u003e\u003cscript type=\"math/tex\" id=\"MathJax-Element-48\"\u003en,m \\leq 1000\u003c/script\u003e。\u003c/p\u003e\u003cp\u003e对于 50% 的数据，\u003cspan class=\"MathJax_Preview\" style=\"color: inherit;\"\u003e\u003cspan class=\"MJXp-math\" id=\"MJXp-Span-240\"\u003e\u003cspan class=\"MJXp-mi MJXp-italic\" id=\"MJXp-Span-241\"\u003en\u003c/span\u003e\u003cspan class=\"MJXp-mo\" id=\"MJXp-Span-242\" style=\"margin-left: 0em; margin-right: 0.222em;\"\u003e,\u003c/span\u003e\u003cspan class=\"MJXp-mi MJXp-italic\" id=\"MJXp-Span-243\"\u003em\u003c/span\u003e\u003cspan class=\"MJXp-mo\" id=\"MJXp-Span-244\" style=\"margin-left: 0.333em; margin-right: 0.333em;\"\u003e≤\u003c/span\u003e\u003cspan class=\"MJXp-mn\" id=\"MJXp-Span-245\"\u003e30000\u003c/span\u003e\u003c/span\u003e\u003c/span\u003e\u003cscript type=\"math/tex\" id=\"MathJax-Element-49\"\u003en,m \\leq 30000\u003c/script\u003e。\u003c/p\u003e\u003cp\u003e对于 100% 的数据，\u003cspan class=\"MathJax_Preview\" style=\"color: inherit;\"\u003e\u003cspan class=\"MJXp-math\" id=\"MJXp-Span-246\"\u003e\u003cspan class=\"MJXp-mn\" id=\"MJXp-Span-247\"\u003e1\u003c/span\u003e\u003cspan class=\"MJXp-mo\" id=\"MJXp-Span-248\" style=\"margin-left: 0.333em; margin-right: 0.333em;\"\u003e≤\u003c/span\u003e\u003cspan class=\"MJXp-mi MJXp-italic\" id=\"MJXp-Span-249\"\u003en\u003c/span\u003e\u003cspan class=\"MJXp-mo\" id=\"MJXp-Span-250\" style=\"margin-left: 0.333em; margin-right: 0.333em;\"\u003e≤\u003c/span\u003e\u003cspan class=\"MJXp-msubsup\" id=\"MJXp-Span-251\"\u003e\u003cspan class=\"MJXp-mn\" id=\"MJXp-Span-252\" style=\"margin-right: 0.05em;\"\u003e10\u003c/span\u003e\u003cspan class=\"MJXp-mn MJXp-script\" id=\"MJXp-Span-253\" style=\"vertical-align: 0.5em;\"\u003e9\u003c/span\u003e\u003c/span\u003e\u003c/span\u003e\u003c/span\u003e\u003cscript type=\"math/tex\" id=\"MathJax-Element-50\"\u003e1 \\leq n \\leq 10^9\u003c/script\u003e，\u003cspan class=\"MathJax_Preview\" style=\"color: inherit;\"\u003e\u003cspan class=\"MJXp-math\" id=\"MJXp-Span-254\"\u003e\u003cspan class=\"MJXp-mn\" id=\"MJXp-Span-255\"\u003e1\u003c/span\u003e\u003cspan class=\"MJXp-mo\" id=\"MJXp-Span-256\" style=\"margin-left: 0.333em; margin-right: 0.333em;\"\u003e≤\u003c/span\u003e\u003cspan class=\"MJXp-mi MJXp-italic\" id=\"MJXp-Span-257\"\u003em\u003c/span\u003e\u003cspan class=\"MJXp-mo\" id=\"MJXp-Span-258\" style=\"margin-left: 0.333em; margin-right: 0.333em;\"\u003e≤\u003c/span\u003e\u003cspan class=\"MJXp-msubsup\" id=\"MJXp-Span-259\"\u003e\u003cspan class=\"MJXp-mn\" id=\"MJXp-Span-260\" style=\"margin-right: 0.05em;\"\u003e10\u003c/span\u003e\u003cspan class=\"MJXp-mn MJXp-script\" id=\"MJXp-Span-261\" style=\"vertical-align: 0.5em;\"\u003e5\u003c/span\u003e\u003c/span\u003e\u003c/span\u003e\u003c/span\u003e\u003cscript type=\"math/tex\" id=\"MathJax-Element-51\"\u003e1 \\leq m \\leq 10^5\u003c/script\u003e，\u003cspan class=\"MathJax_Preview\" style=\"color: inherit;\"\u003e\u003cspan class=\"MJXp-math\" id=\"MJXp-Span-262\"\u003e\u003cspan class=\"MJXp-mn\" id=\"MJXp-Span-263\"\u003e1\u003c/span\u003e\u003cspan class=\"MJXp-mo\" id=\"MJXp-Span-264\" style=\"margin-left: 0.333em; margin-right: 0.333em;\"\u003e≤\u003c/span\u003e\u003cspan class=\"MJXp-mi MJXp-italic\" id=\"MJXp-Span-265\"\u003et\u003c/span\u003e\u003cspan class=\"MJXp-mo\" id=\"MJXp-Span-266\" style=\"margin-left: 0.333em; margin-right: 0.333em;\"\u003e≤\u003c/span\u003e\u003cspan class=\"MJXp-msubsup\" id=\"MJXp-Span-267\"\u003e\u003cspan class=\"MJXp-mn\" id=\"MJXp-Span-268\" style=\"margin-right: 0.05em;\"\u003e10\u003c/span\u003e\u003cspan class=\"MJXp-mn MJXp-script\" id=\"MJXp-Span-269\" style=\"vertical-align: 0.5em;\"\u003e9\u003c/span\u003e\u003c/span\u003e\u003c/span\u003e\u003c/span\u003e\u003cscript type=\"math/tex\" id=\"MathJax-Element-52\"\u003e1 \\leq t \\leq 10^9\u003c/script\u003e，\u003cspan class=\"MathJax_Preview\" style=\"color: inherit;\"\u003e\u003cspan class=\"MJXp-math\" id=\"MJXp-Span-270\"\u003e\u003cspan class=\"MJXp-mn\" id=\"MJXp-Span-271\"\u003e1\u003c/span\u003e\u003cspan class=\"MJXp-mo\" id=\"MJXp-Span-272\" style=\"margin-left: 0.333em; margin-right: 0.333em;\"\u003e≤\u003c/span\u003e\u003cspan class=\"MJXp-mi MJXp-italic\" id=\"MJXp-Span-273\"\u003ep\u003c/span\u003e\u003cspan class=\"MJXp-mo\" id=\"MJXp-Span-274\" style=\"margin-left: 0.333em; margin-right: 0.333em;\"\u003e≤\u003c/span\u003e\u003cspan class=\"MJXp-msubsup\" id=\"MJXp-Span-275\"\u003e\u003cspan class=\"MJXp-mn\" id=\"MJXp-Span-276\" style=\"margin-right: 0.05em;\"\u003e10\u003c/span\u003e\u003cspan class=\"MJXp-mn MJXp-script\" id=\"MJXp-Span-277\" style=\"vertical-align: 0.5em;\"\u003e9\u003c/span\u003e\u003c/span\u003e\u003c/span\u003e\u003c/span\u003e\u003cscript type=\"math/tex\" id=\"MathJax-Element-53\"\u003e1 \\leq p \\leq 10^9\u003c/script\u003e。\u003c/p\u003e",
      "misc": ""
    },
    {
      "title": "来源",
      "content": "\u003cp\u003e中国国家集训队互测2015 - By 张天扬\u003c/p\u003e",
      "misc": ""
    },
    {
      "title": "下载",
      "content": "\u003cp\u003e\u003ca href=\"/download.php?type=problem\u0026amp;id=95\"\u003e样例数据下载\u003c/a\u003e\u003c/p\u003e",
      "misc": ""
    }
  ],
  "samples": [
    {
      "title": "样例一",
      "input": "\u003cpre\u003e3 3\n1 1 3 2 3\n1 2 2 4 5\n2 1 3\n\n\u003c/pre\u003e",
      "output": "\u003cpre\u003e867840008\n\n\u003c/pre\u003e",
      "explanation": "\u003cp\u003e答案是 \u003cspan class=\"MathJax_Preview\" style=\"color: inherit;\"\u003e\u003cspan class=\"MJXp-math\" id=\"MJXp-Span-226\"\u003e\u003cspan class=\"MJXp-mfrac\" id=\"MJXp-Span-227\" style=\"vertical-align: 0.25em;\"\u003e\u003cspan class=\"MJXp-box MJXp-script\"\u003e\u003cspan class=\"MJXp-mn\" id=\"MJXp-Span-228\"\u003e592\u003c/span\u003e\u003c/span\u003e\u003cspan class=\"MJXp-box\" style=\"margin-top: -0.9em;\"\u003e\u003cspan class=\"MJXp-denom\"\u003e\u003cspan\u003e\u003cspan class=\"MJXp-rule\" style=\"height: 1em; border-top: none; border-bottom: 1px solid; margin: 0.1em 0px;\"\u003e\u003c/span\u003e\u003c/span\u003e\u003cspan\u003e\u003cspan class=\"MJXp-box MJXp-script\"\u003e\u003cspan class=\"MJXp-mn\" id=\"MJXp-Span-229\"\u003e3125\u003c/span\u003e\u003c/span\u003e\u003c/span\u003e\u003c/span\u003e\u003c/span\u003e\u003c/span\u003e\u003c/span\u003e\u003c/span\u003e\u003cscript type=\"math/tex\" id=\"MathJax-Element-45\"\u003e\\frac{592}{3125}\u003c/script\u003e，对应的 \u003cspan class=\"MathJax_Preview\" style=\"color: inherit;\"\u003e\u003cspan class=\"MJXp-math\" id=\"MJXp-Span-230\"\u003e\u003cspan class=\"MJXp-mi MJXp-italic\" id=\"MJXp-Span-231\"\u003ex\u003c/span\u003e\u003c/span\u003e\u003c/span\u003e\u003cscript type=\"math/tex\" id=\"MathJax-Element-46\"\u003ex\u003c/script\u003e 为 \u003cspan class=\"MathJax_Preview\" style=\"color: inherit;\"\u003e\u003cspan class=\"MJXp-math\" id=\"MJXp-Span-232\"\u003e\u003cspan class=\"MJXp-mn\" id=\"MJXp-Span-233\"\u003e867840008\u003c/span\u003e\u003c/span\u003e\u003c/span\u003e\u003cscript type=\"math/tex\" id=\"MathJax-Element-47\"\u003e867840008\u003c/script\u003e。\u003c/p\u003e",
      "misc": ""
    },
    {
      "title": "样例二",
      "input": "\u003cpre\u003e1000000000 3\n1 1 12450 6666666 23333333\n1 6666 99999 2333 44444\n2 1 1000000000\n\n\u003c/pre\u003e",
      "output": "\u003cpre\u003e431287288\n\n\u003c/pre\u003e",
      "explanation": "",
      "misc": ""
    },
    {
      "title": "样例三",
      "input": "",
      "output": "",
      "explanation": "",
      "misc": "\u003cp\u003e见样例数据下载。\u003c/p\u003e"
    }
  ],
  "tags": [
    "UOJ",
    "集训队互测2015"
  ],
  "rules": {
    "runtime": "1000000000",
    "memory": "67108864",
    "stack": "67108864",
    "source": "51200"
  },
  "meta": {
    "created": "2021-04-09T21:31:24.187994398+08:00",
    "updated": "2021-04-09T21:31:24.187994398+08:00",
    "checked": "2021-04-09T21:31:24.187994398+08:00"
  },
  "misc": ""
}
