{
  "id": "234",
  "title": "Towns",
  "type": "interactive",
  "sections": [
    {
      "title": "",
      "content": "\u003cp\u003e哈萨克斯坦有 \u003cspan class=\"MathJax_Preview\" style=\"color: inherit;\"\u003e\u003cspan class=\"MJXp-math\" id=\"MJXp-Span-1\"\u003e\u003cspan class=\"MJXp-mi MJXp-italic\" id=\"MJXp-Span-2\"\u003eN\u003c/span\u003e\u003c/span\u003e\u003c/span\u003e\u003cspan class=\"MathJax MathJax_Processing\" id=\"MathJax-Element-1-Frame\" tabindex=\"0\"\u003e\u003c/span\u003e\u003cscript type=\"math/tex\" id=\"MathJax-Element-1\"\u003eN\u003c/script\u003e 座⼩城镇，编号从 \u003cspan class=\"MathJax_Preview\" style=\"color: inherit;\"\u003e\u003cspan class=\"MJXp-math\" id=\"MJXp-Span-3\"\u003e\u003cspan class=\"MJXp-mn\" id=\"MJXp-Span-4\"\u003e0\u003c/span\u003e\u003c/span\u003e\u003c/span\u003e\u003cspan class=\"MathJax MathJax_Processing\" id=\"MathJax-Element-2-Frame\" tabindex=\"0\"\u003e\u003c/span\u003e\u003cscript type=\"math/tex\" id=\"MathJax-Element-2\"\u003e0\u003c/script\u003e 到 \u003cspan class=\"MathJax_Preview\" style=\"color: inherit;\"\u003e\u003cspan class=\"MJXp-math\" id=\"MJXp-Span-5\"\u003e\u003cspan class=\"MJXp-mi MJXp-italic\" id=\"MJXp-Span-6\"\u003eN\u003c/span\u003e\u003cspan class=\"MJXp-mo\" id=\"MJXp-Span-7\" style=\"margin-left: 0.267em; margin-right: 0.267em;\"\u003e−\u003c/span\u003e\u003cspan class=\"MJXp-mn\" id=\"MJXp-Span-8\"\u003e1\u003c/span\u003e\u003c/span\u003e\u003c/span\u003e\u003cspan class=\"MathJax MathJax_Processing\" id=\"MathJax-Element-3-Frame\" tabindex=\"0\"\u003e\u003c/span\u003e\u003cscript type=\"math/tex\" id=\"MathJax-Element-3\"\u003eN - 1\u003c/script\u003e，另有不知道具体数量的若⼲⼤城市。哈萨克斯坦的这些⼩城镇和⼤城市统称为定居点。\u003c/p\u003e\u003cp\u003e哈萨克斯坦的所有定居点通过⼀个双向公路⽹络连接在⼀起。每条公路连接 \u003cspan class=\"MathJax_Preview\" style=\"color: inherit;\"\u003e\u003cspan class=\"MJXp-math\" id=\"MJXp-Span-9\"\u003e\u003cspan class=\"MJXp-mn\" id=\"MJXp-Span-10\"\u003e2\u003c/span\u003e\u003c/span\u003e\u003c/span\u003e\u003cspan class=\"MathJax MathJax_Processing\" id=\"MathJax-Element-4-Frame\" tabindex=\"0\"\u003e\u003c/span\u003e\u003cscript type=\"math/tex\" id=\"MathJax-Element-4\"\u003e2\u003c/script\u003e 个不同的定居点。每对定居点之间最多有⼀条直接相连的公路。对于任意⼀对定居点 \u003cspan class=\"MathJax_Preview\" style=\"color: inherit;\"\u003e\u003cspan class=\"MJXp-math\" id=\"MJXp-Span-11\"\u003e\u003cspan class=\"MJXp-mi MJXp-italic\" id=\"MJXp-Span-12\"\u003ea\u003c/span\u003e\u003c/span\u003e\u003c/span\u003e\u003cspan class=\"MathJax MathJax_Processing\" id=\"MathJax-Element-5-Frame\" tabindex=\"0\"\u003e\u003c/span\u003e\u003cscript type=\"math/tex\" id=\"MathJax-Element-5\"\u003ea\u003c/script\u003e 和 \u003cspan class=\"MathJax_Preview\" style=\"color: inherit;\"\u003e\u003cspan class=\"MJXp-math\" id=\"MJXp-Span-13\"\u003e\u003cspan class=\"MJXp-mi MJXp-italic\" id=\"MJXp-Span-14\"\u003eb\u003c/span\u003e\u003c/span\u003e\u003c/span\u003e\u003cspan class=\"MathJax MathJax_Processing\" id=\"MathJax-Element-6-Frame\" tabindex=\"0\"\u003e\u003c/span\u003e\u003cscript type=\"math/tex\" id=\"MathJax-Element-6\"\u003eb\u003c/script\u003e，只要经过的公路最多只能使⽤⼀次，则有⼀条唯⼀的路径从 \u003cspan class=\"MathJax_Preview\" style=\"color: inherit;\"\u003e\u003cspan class=\"MJXp-math\" id=\"MJXp-Span-15\"\u003e\u003cspan class=\"MJXp-mi MJXp-italic\" id=\"MJXp-Span-16\"\u003ea\u003c/span\u003e\u003c/span\u003e\u003c/span\u003e\u003cspan class=\"MathJax MathJax_Processing\" id=\"MathJax-Element-7-Frame\" tabindex=\"0\"\u003e\u003c/span\u003e\u003cscript type=\"math/tex\" id=\"MathJax-Element-7\"\u003ea\u003c/script\u003e ⾛到 \u003cspan class=\"MathJax_Preview\" style=\"color: inherit;\"\u003e\u003cspan class=\"MJXp-math\" id=\"MJXp-Span-17\"\u003e\u003cspan class=\"MJXp-mi MJXp-italic\" id=\"MJXp-Span-18\"\u003eb\u003c/span\u003e\u003c/span\u003e\u003c/span\u003e\u003cspan class=\"MathJax MathJax_Processing\" id=\"MathJax-Element-8-Frame\" tabindex=\"0\"\u003e\u003c/span\u003e\u003cscript type=\"math/tex\" id=\"MathJax-Element-8\"\u003eb\u003c/script\u003e。\u003c/p\u003e\u003cp\u003e每个⼩城镇只能与另外⼀个定居点直接相连，⽽⼤城市与 \u003cspan class=\"MathJax_Preview\" style=\"color: inherit;\"\u003e\u003cspan class=\"MJXp-math\" id=\"MJXp-Span-19\"\u003e\u003cspan class=\"MJXp-mn\" id=\"MJXp-Span-20\"\u003e3\u003c/span\u003e\u003c/span\u003e\u003c/span\u003e\u003cspan class=\"MathJax MathJax_Processing\" id=\"MathJax-Element-9-Frame\" tabindex=\"0\"\u003e\u003c/span\u003e\u003cscript type=\"math/tex\" id=\"MathJax-Element-9\"\u003e3\u003c/script\u003e 个或者更多的定居点直接相连。\u003c/p\u003e\u003cp\u003e下图给出了⼀个由 \u003cspan class=\"MathJax_Preview\" style=\"color: inherit;\"\u003e\u003cspan class=\"MJXp-math\" id=\"MJXp-Span-21\"\u003e\u003cspan class=\"MJXp-mn\" id=\"MJXp-Span-22\"\u003e11\u003c/span\u003e\u003c/span\u003e\u003c/span\u003e\u003cspan class=\"MathJax MathJax_Processing\" id=\"MathJax-Element-10-Frame\" tabindex=\"0\"\u003e\u003c/span\u003e\u003cscript type=\"math/tex\" id=\"MathJax-Element-10\"\u003e11\u003c/script\u003e 个⼩城镇和 \u003cspan class=\"MathJax_Preview\" style=\"color: inherit;\"\u003e\u003cspan class=\"MJXp-math\" id=\"MJXp-Span-23\"\u003e\u003cspan class=\"MJXp-mn\" id=\"MJXp-Span-24\"\u003e7\u003c/span\u003e\u003c/span\u003e\u003c/span\u003e\u003cspan class=\"MathJax MathJax_Processing\" id=\"MathJax-Element-11-Frame\" tabindex=\"0\"\u003e\u003c/span\u003e\u003cscript type=\"math/tex\" id=\"MathJax-Element-11\"\u003e7\u003c/script\u003e 个⼤城市组成的⽹络。⼩城镇⽤圆圈表⽰并⽤整数编号，⼤城市⽤⽅形表⽰并⽤字母标识。\u003c/p\u003e\u003cp\u003e\u003cimg class=\"img-responsive center-block\" src=\"//img.uoj.ac/problem/234/sample.png\" alt=\"样例\" style=\"width:500px;\"\u003e\u003c/p\u003e\u003cp\u003e每条公路的⻓度都是⼀个正整数。两个定居点之间距离是从⼀个定居点⾛到另⼀个定居点所经过的所有公路⻓度之和的最⼩值。\u003c/p\u003e\u003cp\u003e对于⼤城市 \u003cspan class=\"MathJax_Preview\" style=\"color: inherit;\"\u003e\u003cspan class=\"MJXp-math\" id=\"MJXp-Span-25\"\u003e\u003cspan class=\"MJXp-mi MJXp-italic\" id=\"MJXp-Span-26\"\u003eC\u003c/span\u003e\u003c/span\u003e\u003c/span\u003e\u003cspan class=\"MathJax MathJax_Processing\" id=\"MathJax-Element-12-Frame\" tabindex=\"0\"\u003e\u003c/span\u003e\u003cscript type=\"math/tex\" id=\"MathJax-Element-12\"\u003eC\u003c/script\u003e，\u003cspan class=\"MathJax_Preview\" style=\"color: inherit;\"\u003e\u003cspan class=\"MJXp-math\" id=\"MJXp-Span-27\"\u003e\u003cspan class=\"MJXp-mi MJXp-italic\" id=\"MJXp-Span-28\"\u003er\u003c/span\u003e\u003cspan class=\"MJXp-mo\" id=\"MJXp-Span-29\" style=\"margin-left: 0em; margin-right: 0em;\"\u003e(\u003c/span\u003e\u003cspan class=\"MJXp-mi MJXp-italic\" id=\"MJXp-Span-30\"\u003eC\u003c/span\u003e\u003cspan class=\"MJXp-mo\" id=\"MJXp-Span-31\" style=\"margin-left: 0em; margin-right: 0em;\"\u003e)\u003c/span\u003e\u003c/span\u003e\u003c/span\u003e\u003cspan class=\"MathJax MathJax_Processing\" id=\"MathJax-Element-13-Frame\" tabindex=\"0\"\u003e\u003c/span\u003e\u003cscript type=\"math/tex\" id=\"MathJax-Element-13\"\u003er(C)\u003c/script\u003e 表⽰离 \u003cspan class=\"MathJax_Preview\" style=\"color: inherit;\"\u003e\u003cspan class=\"MJXp-math\" id=\"MJXp-Span-32\"\u003e\u003cspan class=\"MJXp-mi MJXp-italic\" id=\"MJXp-Span-33\"\u003eC\u003c/span\u003e\u003c/span\u003e\u003c/span\u003e\u003cspan class=\"MathJax MathJax_Processing\" id=\"MathJax-Element-14-Frame\" tabindex=\"0\"\u003e\u003c/span\u003e\u003cscript type=\"math/tex\" id=\"MathJax-Element-14\"\u003eC\u003c/script\u003e 最远的⼩城镇到 \u003cspan class=\"MathJax_Preview\" style=\"color: inherit;\"\u003e\u003cspan class=\"MJXp-math\" id=\"MJXp-Span-34\"\u003e\u003cspan class=\"MJXp-mi MJXp-italic\" id=\"MJXp-Span-35\"\u003eC\u003c/span\u003e\u003c/span\u003e\u003c/span\u003e\u003cspan class=\"MathJax MathJax_Processing\" id=\"MathJax-Element-15-Frame\" tabindex=\"0\"\u003e\u003c/span\u003e\u003cscript type=\"math/tex\" id=\"MathJax-Element-15\"\u003eC\u003c/script\u003e 的距离。在所有的⼤城市中 \u003cspan class=\"MathJax_Preview\" style=\"color: inherit;\"\u003e\u003cspan class=\"MJXp-math\" id=\"MJXp-Span-36\"\u003e\u003cspan class=\"MJXp-mi MJXp-italic\" id=\"MJXp-Span-37\"\u003er\u003c/span\u003e\u003cspan class=\"MJXp-mo\" id=\"MJXp-Span-38\" style=\"margin-left: 0em; margin-right: 0em;\"\u003e(\u003c/span\u003e\u003cspan class=\"MJXp-mi MJXp-italic\" id=\"MJXp-Span-39\"\u003eC\u003c/span\u003e\u003cspan class=\"MJXp-mo\" id=\"MJXp-Span-40\" style=\"margin-left: 0em; margin-right: 0em;\"\u003e)\u003c/span\u003e\u003c/span\u003e\u003c/span\u003e\u003cspan class=\"MathJax MathJax_Processing\" id=\"MathJax-Element-16-Frame\" tabindex=\"0\"\u003e\u003c/span\u003e\u003cscript type=\"math/tex\" id=\"MathJax-Element-16\"\u003er(C)\u003c/script\u003e 值最⼩的⼤城市称为中⼼城市（hub）。离中⼼城市最远的⼩城镇到中⼼城市的距离是 \u003cspan class=\"MathJax_Preview\" style=\"color: inherit;\"\u003e\u003cspan class=\"MJXp-math\" id=\"MJXp-Span-41\"\u003e\u003cspan class=\"MJXp-mi MJXp-italic\" id=\"MJXp-Span-42\"\u003eR\u003c/span\u003e\u003c/span\u003e\u003c/span\u003e\u003cspan class=\"MathJax MathJax_Processing\" id=\"MathJax-Element-17-Frame\" tabindex=\"0\"\u003e\u003c/span\u003e\u003cscript type=\"math/tex\" id=\"MathJax-Element-17\"\u003eR\u003c/script\u003e，即 \u003cspan class=\"MathJax_Preview\" style=\"color: inherit;\"\u003e\u003cspan class=\"MJXp-math\" id=\"MJXp-Span-43\"\u003e\u003cspan class=\"MJXp-mi MJXp-italic\" id=\"MJXp-Span-44\"\u003eR\u003c/span\u003e\u003c/span\u003e\u003c/span\u003e\u003cspan class=\"MathJax MathJax_Processing\" id=\"MathJax-Element-18-Frame\" tabindex=\"0\"\u003e\u003c/span\u003e\u003cscript type=\"math/tex\" id=\"MathJax-Element-18\"\u003eR\u003c/script\u003e 是所有 \u003cspan class=\"MathJax_Preview\" style=\"color: inherit;\"\u003e\u003cspan class=\"MJXp-math\" id=\"MJXp-Span-45\"\u003e\u003cspan class=\"MJXp-mi MJXp-italic\" id=\"MJXp-Span-46\"\u003er\u003c/span\u003e\u003cspan class=\"MJXp-mo\" id=\"MJXp-Span-47\" style=\"margin-left: 0em; margin-right: 0em;\"\u003e(\u003c/span\u003e\u003cspan class=\"MJXp-mi MJXp-italic\" id=\"MJXp-Span-48\"\u003eC\u003c/span\u003e\u003cspan class=\"MJXp-mo\" id=\"MJXp-Span-49\" style=\"margin-left: 0em; margin-right: 0em;\"\u003e)\u003c/span\u003e\u003c/span\u003e\u003c/span\u003e\u003cspan class=\"MathJax MathJax_Processing\" id=\"MathJax-Element-19-Frame\" tabindex=\"0\"\u003e\u003c/span\u003e\u003cscript type=\"math/tex\" id=\"MathJax-Element-19\"\u003er(C)\u003c/script\u003e 的最⼩值。\u003c/p\u003e\u003cp\u003e在上例中，离⼤城市 \u003cspan class=\"MathJax_Preview\" style=\"color: inherit;\"\u003e\u003cspan class=\"MJXp-math\" id=\"MJXp-Span-50\"\u003e\u003cspan class=\"MJXp-mi MJXp-italic\" id=\"MJXp-Span-51\"\u003ea\u003c/span\u003e\u003c/span\u003e\u003c/span\u003e\u003cspan class=\"MathJax MathJax_Processing\" id=\"MathJax-Element-20-Frame\" tabindex=\"0\"\u003e\u003c/span\u003e\u003cscript type=\"math/tex\" id=\"MathJax-Element-20\"\u003ea\u003c/script\u003e 最远的⼩城镇是城镇 \u003cspan class=\"MathJax_Preview\" style=\"color: inherit;\"\u003e\u003cspan class=\"MJXp-math\" id=\"MJXp-Span-52\"\u003e\u003cspan class=\"MJXp-mn\" id=\"MJXp-Span-53\"\u003e8\u003c/span\u003e\u003c/span\u003e\u003c/span\u003e\u003cspan class=\"MathJax MathJax_Processing\" id=\"MathJax-Element-21-Frame\" tabindex=\"0\"\u003e\u003c/span\u003e\u003cscript type=\"math/tex\" id=\"MathJax-Element-21\"\u003e8\u003c/script\u003e，⼤城市 \u003cspan class=\"MathJax_Preview\" style=\"color: inherit;\"\u003e\u003cspan class=\"MJXp-math\" id=\"MJXp-Span-54\"\u003e\u003cspan class=\"MJXp-mi MJXp-italic\" id=\"MJXp-Span-55\"\u003ea\u003c/span\u003e\u003c/span\u003e\u003c/span\u003e\u003cspan class=\"MathJax MathJax_Processing\" id=\"MathJax-Element-22-Frame\" tabindex=\"0\"\u003e\u003c/span\u003e\u003cscript type=\"math/tex\" id=\"MathJax-Element-22\"\u003ea\u003c/script\u003e 和⼩城镇 \u003cspan class=\"MathJax_Preview\" style=\"color: inherit;\"\u003e\u003cspan class=\"MJXp-math\" id=\"MJXp-Span-56\"\u003e\u003cspan class=\"MJXp-mn\" id=\"MJXp-Span-57\"\u003e8\u003c/span\u003e\u003c/span\u003e\u003c/span\u003e\u003cspan class=\"MathJax MathJax_Processing\" id=\"MathJax-Element-23-Frame\" tabindex=\"0\"\u003e\u003c/span\u003e\u003cscript type=\"math/tex\" id=\"MathJax-Element-23\"\u003e8\u003c/script\u003e 之间的距离 \u003cspan class=\"MathJax_Preview\" style=\"color: inherit;\"\u003e\u003cspan class=\"MJXp-math\" id=\"MJXp-Span-58\"\u003e\u003cspan class=\"MJXp-mi MJXp-italic\" id=\"MJXp-Span-59\"\u003er\u003c/span\u003e\u003cspan class=\"MJXp-mo\" id=\"MJXp-Span-60\" style=\"margin-left: 0em; margin-right: 0em;\"\u003e(\u003c/span\u003e\u003cspan class=\"MJXp-mi MJXp-italic\" id=\"MJXp-Span-61\"\u003ea\u003c/span\u003e\u003cspan class=\"MJXp-mo\" id=\"MJXp-Span-62\" style=\"margin-left: 0em; margin-right: 0em;\"\u003e)\u003c/span\u003e\u003cspan class=\"MJXp-mo\" id=\"MJXp-Span-63\" style=\"margin-left: 0.333em; margin-right: 0.333em;\"\u003e=\u003c/span\u003e\u003cspan class=\"MJXp-mn\" id=\"MJXp-Span-64\"\u003e1\u003c/span\u003e\u003cspan class=\"MJXp-mo\" id=\"MJXp-Span-65\" style=\"margin-left: 0.267em; margin-right: 0.267em;\"\u003e+\u003c/span\u003e\u003cspan class=\"MJXp-mn\" id=\"MJXp-Span-66\"\u003e4\u003c/span\u003e\u003cspan class=\"MJXp-mo\" id=\"MJXp-Span-67\" style=\"margin-left: 0.267em; margin-right: 0.267em;\"\u003e+\u003c/span\u003e\u003cspan class=\"MJXp-mn\" id=\"MJXp-Span-68\"\u003e12\u003c/span\u003e\u003cspan class=\"MJXp-mo\" id=\"MJXp-Span-69\" style=\"margin-left: 0.333em; margin-right: 0.333em;\"\u003e=\u003c/span\u003e\u003cspan class=\"MJXp-mn\" id=\"MJXp-Span-70\"\u003e17\u003c/span\u003e\u003c/span\u003e\u003c/span\u003e\u003cspan class=\"MathJax MathJax_Processing\" id=\"MathJax-Element-24-Frame\" tabindex=\"0\"\u003e\u003c/span\u003e\u003cscript type=\"math/tex\" id=\"MathJax-Element-24\"\u003er(a) = 1 + 4 + 12 = 17\u003c/script\u003e。对于⼤城市 \u003cspan class=\"MathJax_Preview\" style=\"color: inherit;\"\u003e\u003cspan class=\"MJXp-math\" id=\"MJXp-Span-71\"\u003e\u003cspan class=\"MJXp-mi MJXp-italic\" id=\"MJXp-Span-72\"\u003eg\u003c/span\u003e\u003c/span\u003e\u003c/span\u003e\u003cspan class=\"MathJax MathJax_Processing\" id=\"MathJax-Element-25-Frame\" tabindex=\"0\"\u003e\u003c/span\u003e\u003cscript type=\"math/tex\" id=\"MathJax-Element-25\"\u003eg\u003c/script\u003e 来说，\u003cspan class=\"MathJax_Preview\" style=\"color: inherit;\"\u003e\u003cspan class=\"MJXp-math\" id=\"MJXp-Span-73\"\u003e\u003cspan class=\"MJXp-mi MJXp-italic\" id=\"MJXp-Span-74\"\u003er\u003c/span\u003e\u003cspan class=\"MJXp-mo\" id=\"MJXp-Span-75\" style=\"margin-left: 0em; margin-right: 0em;\"\u003e(\u003c/span\u003e\u003cspan class=\"MJXp-mi MJXp-italic\" id=\"MJXp-Span-76\"\u003eg\u003c/span\u003e\u003cspan class=\"MJXp-mo\" id=\"MJXp-Span-77\" style=\"margin-left: 0em; margin-right: 0em;\"\u003e)\u003c/span\u003e\u003cspan class=\"MJXp-mo\" id=\"MJXp-Span-78\" style=\"margin-left: 0.333em; margin-right: 0.333em;\"\u003e=\u003c/span\u003e\u003cspan class=\"MJXp-mn\" id=\"MJXp-Span-79\"\u003e17\u003c/span\u003e\u003c/span\u003e\u003c/span\u003e\u003cspan class=\"MathJax MathJax_Processing\" id=\"MathJax-Element-26-Frame\" tabindex=\"0\"\u003e\u003c/span\u003e\u003cscript type=\"math/tex\" id=\"MathJax-Element-26\"\u003er(g) = 17\u003c/script\u003e（距离⼤城市 \u003cspan class=\"MathJax_Preview\" style=\"color: inherit;\"\u003e\u003cspan class=\"MJXp-math\" id=\"MJXp-Span-80\"\u003e\u003cspan class=\"MJXp-mi MJXp-italic\" id=\"MJXp-Span-81\"\u003eg\u003c/span\u003e\u003c/span\u003e\u003c/span\u003e\u003cspan class=\"MathJax MathJax_Processing\" id=\"MathJax-Element-27-Frame\" tabindex=\"0\"\u003e\u003c/span\u003e\u003cscript type=\"math/tex\" id=\"MathJax-Element-27\"\u003eg\u003c/script\u003e 最远的⼩城镇之⼀是城 \u003cspan class=\"MathJax_Preview\" style=\"color: inherit;\"\u003e\u003cspan class=\"MJXp-math\" id=\"MJXp-Span-82\"\u003e\u003cspan class=\"MJXp-mn\" id=\"MJXp-Span-83\"\u003e6\u003c/span\u003e\u003c/span\u003e\u003c/span\u003e\u003cspan class=\"MathJax MathJax_Processing\" id=\"MathJax-Element-28-Frame\" tabindex=\"0\"\u003e\u003c/span\u003e\u003cscript type=\"math/tex\" id=\"MathJax-Element-28\"\u003e6\u003c/script\u003e）。上图中唯⼀的中⼼城市是城市 \u003cspan class=\"MathJax_Preview\" style=\"color: inherit;\"\u003e\u003cspan class=\"MJXp-math\" id=\"MJXp-Span-84\"\u003e\u003cspan class=\"MJXp-mi MJXp-italic\" id=\"MJXp-Span-85\"\u003ef\u003c/span\u003e\u003c/span\u003e\u003c/span\u003e\u003cspan class=\"MathJax MathJax_Processing\" id=\"MathJax-Element-29-Frame\" tabindex=\"0\"\u003e\u003c/span\u003e\u003cscript type=\"math/tex\" id=\"MathJax-Element-29\"\u003ef\u003c/script\u003e，其 \u003cspan class=\"MathJax_Preview\" style=\"color: inherit;\"\u003e\u003cspan class=\"MJXp-math\" id=\"MJXp-Span-86\"\u003e\u003cspan class=\"MJXp-mi MJXp-italic\" id=\"MJXp-Span-87\"\u003er\u003c/span\u003e\u003cspan class=\"MJXp-mo\" id=\"MJXp-Span-88\" style=\"margin-left: 0em; margin-right: 0em;\"\u003e(\u003c/span\u003e\u003cspan class=\"MJXp-mi MJXp-italic\" id=\"MJXp-Span-89\"\u003ef\u003c/span\u003e\u003cspan class=\"MJXp-mo\" id=\"MJXp-Span-90\" style=\"margin-left: 0em; margin-right: 0em;\"\u003e)\u003c/span\u003e\u003cspan class=\"MJXp-mo\" id=\"MJXp-Span-91\" style=\"margin-left: 0.333em; margin-right: 0.333em;\"\u003e=\u003c/span\u003e\u003cspan class=\"MJXp-mn\" id=\"MJXp-Span-92\"\u003e16\u003c/span\u003e\u003c/span\u003e\u003c/span\u003e\u003cspan class=\"MathJax MathJax_Processing\" id=\"MathJax-Element-30-Frame\" tabindex=\"0\"\u003e\u003c/span\u003e\u003cscript type=\"math/tex\" id=\"MathJax-Element-30\"\u003er(f)=16\u003c/script\u003e，因此上例中 \u003cspan class=\"MathJax_Preview\" style=\"color: inherit;\"\u003e\u003cspan class=\"MJXp-math\" id=\"MJXp-Span-93\"\u003e\u003cspan class=\"MJXp-mi MJXp-italic\" id=\"MJXp-Span-94\"\u003eR\u003c/span\u003e\u003c/span\u003e\u003c/span\u003e\u003cspan class=\"MathJax MathJax_Processing\" id=\"MathJax-Element-31-Frame\" tabindex=\"0\"\u003e\u003c/span\u003e\u003cscript type=\"math/tex\" id=\"MathJax-Element-31\"\u003eR\u003c/script\u003e 是 \u003cspan class=\"MathJax_Preview\" style=\"color: inherit;\"\u003e\u003cspan class=\"MJXp-math\" id=\"MJXp-Span-95\"\u003e\u003cspan class=\"MJXp-mn\" id=\"MJXp-Span-96\"\u003e16\u003c/span\u003e\u003c/span\u003e\u003c/span\u003e\u003cspan class=\"MathJax MathJax_Processing\" id=\"MathJax-Element-32-Frame\" tabindex=\"0\"\u003e\u003c/span\u003e\u003cscript type=\"math/tex\" id=\"MathJax-Element-32\"\u003e16\u003c/script\u003e。\u003c/p\u003e\u003cp\u003e删除某个中⼼城市后，整个⽹络会分成⼏个连通⼦图，如果每个⼦图中⾄多包含 \u003cspan class=\"MathJax_Preview\" style=\"color: inherit;\"\u003e\u003cspan class=\"MJXp-math\" id=\"MJXp-Span-97\"\u003e\u003cspan class=\"MJXp-mo\" id=\"MJXp-Span-98\" style=\"margin-left: 0em; margin-right: 0em;\"\u003e⌊\u003c/span\u003e\u003cspan class=\"MJXp-mi MJXp-italic\" id=\"MJXp-Span-99\"\u003eN\u003c/span\u003e\u003cspan class=\"MJXp-mrow\" id=\"MJXp-Span-100\"\u003e\u003cspan class=\"MJXp-mo\" id=\"MJXp-Span-101\" style=\"margin-left: 0.111em; margin-right: 0.111em;\"\u003e/\u003c/span\u003e\u003c/span\u003e\u003cspan class=\"MJXp-mn\" id=\"MJXp-Span-102\"\u003e2\u003c/span\u003e\u003cspan class=\"MJXp-mo\" id=\"MJXp-Span-103\" style=\"margin-left: 0em; margin-right: 0em;\"\u003e⌋\u003c/span\u003e\u003c/span\u003e\u003c/span\u003e\u003cspan class=\"MathJax MathJax_Processing\" id=\"MathJax-Element-33-Frame\" tabindex=\"0\"\u003e\u003c/span\u003e\u003cscript type=\"math/tex\" id=\"MathJax-Element-33\"\u003e\\lfloor N / 2 \\rfloor\u003c/script\u003e 个⼩城镇，那么这个删除的中⼼城市就是平衡的（balanced）。注意：计数中不含⼤城市，\u003cspan class=\"MathJax_Preview\" style=\"color: inherit;\"\u003e\u003cspan class=\"MJXp-math\" id=\"MJXp-Span-104\"\u003e\u003cspan class=\"MJXp-mo\" id=\"MJXp-Span-105\" style=\"margin-left: 0em; margin-right: 0em;\"\u003e⌊\u003c/span\u003e\u003cspan class=\"MJXp-mi MJXp-italic\" id=\"MJXp-Span-106\"\u003ex\u003c/span\u003e\u003cspan class=\"MJXp-mo\" id=\"MJXp-Span-107\" style=\"margin-left: 0em; margin-right: 0em;\"\u003e⌋\u003c/span\u003e\u003c/span\u003e\u003c/span\u003e\u003cspan class=\"MathJax MathJax_Processing\" id=\"MathJax-Element-34-Frame\" tabindex=\"0\"\u003e\u003c/span\u003e\u003cscript type=\"math/tex\" id=\"MathJax-Element-34\"\u003e\\lfloor x \\rfloor\u003c/script\u003e 表⽰不⼤于 \u003cspan class=\"MathJax_Preview\" style=\"color: inherit;\"\u003e\u003cspan class=\"MJXp-math\" id=\"MJXp-Span-108\"\u003e\u003cspan class=\"MJXp-mi MJXp-italic\" id=\"MJXp-Span-109\"\u003ex\u003c/span\u003e\u003c/span\u003e\u003c/span\u003e\u003cspan class=\"MathJax MathJax_Processing\" id=\"MathJax-Element-35-Frame\" tabindex=\"0\"\u003e\u003c/span\u003e\u003cscript type=\"math/tex\" id=\"MathJax-Element-35\"\u003ex\u003c/script\u003e 的最⼤整数。\u003c/p\u003e\u003cp\u003e在上例中，⼤城市 \u003cspan class=\"MathJax_Preview\" style=\"color: inherit;\"\u003e\u003cspan class=\"MJXp-math\" id=\"MJXp-Span-110\"\u003e\u003cspan class=\"MJXp-mi MJXp-italic\" id=\"MJXp-Span-111\"\u003ef\u003c/span\u003e\u003c/span\u003e\u003c/span\u003e\u003cspan class=\"MathJax MathJax_Processing\" id=\"MathJax-Element-36-Frame\" tabindex=\"0\"\u003e\u003c/span\u003e\u003cscript type=\"math/tex\" id=\"MathJax-Element-36\"\u003ef\u003c/script\u003e 是⼀个中⼼城市，如果删除 \u003cspan class=\"MathJax_Preview\" style=\"color: inherit;\"\u003e\u003cspan class=\"MJXp-math\" id=\"MJXp-Span-112\"\u003e\u003cspan class=\"MJXp-mi MJXp-italic\" id=\"MJXp-Span-113\"\u003ef\u003c/span\u003e\u003c/span\u003e\u003c/span\u003e\u003cspan class=\"MathJax MathJax_Processing\" id=\"MathJax-Element-37-Frame\" tabindex=\"0\"\u003e\u003c/span\u003e\u003cscript type=\"math/tex\" id=\"MathJax-Element-37\"\u003ef\u003c/script\u003e，整个⽹络分成 \u003cspan class=\"MathJax_Preview\" style=\"color: inherit;\"\u003e\u003cspan class=\"MJXp-math\" id=\"MJXp-Span-114\"\u003e\u003cspan class=\"MJXp-mn\" id=\"MJXp-Span-115\"\u003e4\u003c/span\u003e\u003c/span\u003e\u003c/span\u003e\u003cspan class=\"MathJax MathJax_Processing\" id=\"MathJax-Element-38-Frame\" tabindex=\"0\"\u003e\u003c/span\u003e\u003cscript type=\"math/tex\" id=\"MathJax-Element-38\"\u003e4\u003c/script\u003e 个连通⼦图，这 \u003cspan class=\"MathJax_Preview\" style=\"color: inherit;\"\u003e\u003cspan class=\"MJXp-math\" id=\"MJXp-Span-116\"\u003e\u003cspan class=\"MJXp-mn\" id=\"MJXp-Span-117\"\u003e4\u003c/span\u003e\u003c/span\u003e\u003c/span\u003e\u003cspan class=\"MathJax MathJax_Processing\" id=\"MathJax-Element-39-Frame\" tabindex=\"0\"\u003e\u003c/span\u003e\u003cscript type=\"math/tex\" id=\"MathJax-Element-39\"\u003e4\u003c/script\u003e 个⼦图分别包含下列⼩城镇 \u003cspan class=\"MathJax_Preview\" style=\"color: inherit;\"\u003e\u003cspan class=\"MJXp-math\" id=\"MJXp-Span-118\"\u003e\u003cspan class=\"MJXp-mrow\" id=\"MJXp-Span-119\"\u003e\u003cspan class=\"MJXp-mn\" id=\"MJXp-Span-120\"\u003e0\u003c/span\u003e\u003cspan class=\"MJXp-mo\" id=\"MJXp-Span-121\" style=\"margin-left: 0em; margin-right: 0.222em;\"\u003e,\u003c/span\u003e\u003cspan class=\"MJXp-mn\" id=\"MJXp-Span-122\"\u003e1\u003c/span\u003e\u003cspan class=\"MJXp-mo\" id=\"MJXp-Span-123\" style=\"margin-left: 0em; margin-right: 0.222em;\"\u003e,\u003c/span\u003e\u003cspan class=\"MJXp-mn\" id=\"MJXp-Span-124\"\u003e10\u003c/span\u003e\u003c/span\u003e\u003cspan class=\"MJXp-mo\" id=\"MJXp-Span-125\" style=\"margin-left: 0em; margin-right: 0.222em;\"\u003e,\u003c/span\u003e\u003cspan class=\"MJXp-mrow\" id=\"MJXp-Span-126\"\u003e\u003cspan class=\"MJXp-mn\" id=\"MJXp-Span-127\"\u003e2\u003c/span\u003e\u003cspan class=\"MJXp-mo\" id=\"MJXp-Span-128\" style=\"margin-left: 0em; margin-right: 0.222em;\"\u003e,\u003c/span\u003e\u003cspan class=\"MJXp-mn\" id=\"MJXp-Span-129\"\u003e3\u003c/span\u003e\u003c/span\u003e\u003cspan class=\"MJXp-mo\" id=\"MJXp-Span-130\" style=\"margin-left: 0em; margin-right: 0.222em;\"\u003e,\u003c/span\u003e\u003cspan class=\"MJXp-mrow\" id=\"MJXp-Span-131\"\u003e\u003cspan class=\"MJXp-mn\" id=\"MJXp-Span-132\"\u003e4\u003c/span\u003e\u003cspan class=\"MJXp-mo\" id=\"MJXp-Span-133\" style=\"margin-left: 0em; margin-right: 0.222em;\"\u003e,\u003c/span\u003e\u003cspan class=\"MJXp-mn\" id=\"MJXp-Span-134\"\u003e5\u003c/span\u003e\u003cspan class=\"MJXp-mo\" id=\"MJXp-Span-135\" style=\"margin-left: 0em; margin-right: 0.222em;\"\u003e,\u003c/span\u003e\u003cspan class=\"MJXp-mn\" id=\"MJXp-Span-136\"\u003e6\u003c/span\u003e\u003cspan class=\"MJXp-mo\" id=\"MJXp-Span-137\" style=\"margin-left: 0em; margin-right: 0.222em;\"\u003e,\u003c/span\u003e\u003cspan class=\"MJXp-mn\" id=\"MJXp-Span-138\"\u003e7\u003c/span\u003e\u003c/span\u003e\u003c/span\u003e\u003c/span\u003e\u003cspan class=\"MathJax MathJax_Processing\" id=\"MathJax-Element-40-Frame\" tabindex=\"0\"\u003e\u003c/span\u003e\u003cscript type=\"math/tex\" id=\"MathJax-Element-40\"\u003e{0, 1, 10}, {2, 3}, {4, 5, 6, 7}\u003c/script\u003e 和 \u003cspan class=\"MathJax_Preview\" style=\"color: inherit;\"\u003e\u003cspan class=\"MJXp-math\" id=\"MJXp-Span-139\"\u003e\u003cspan class=\"MJXp-mrow\" id=\"MJXp-Span-140\"\u003e\u003cspan class=\"MJXp-mn\" id=\"MJXp-Span-141\"\u003e8\u003c/span\u003e\u003cspan class=\"MJXp-mo\" id=\"MJXp-Span-142\" style=\"margin-left: 0em; margin-right: 0.222em;\"\u003e,\u003c/span\u003e\u003cspan class=\"MJXp-mn\" id=\"MJXp-Span-143\"\u003e9\u003c/span\u003e\u003c/span\u003e\u003c/span\u003e\u003c/span\u003e\u003cspan class=\"MathJax MathJax_Processing\" id=\"MathJax-Element-41-Frame\" tabindex=\"0\"\u003e\u003c/span\u003e\u003cscript type=\"math/tex\" id=\"MathJax-Element-41\"\u003e{8, 9}\u003c/script\u003e，没有任何⼀个⼦图包含超过 \u003cspan class=\"MathJax_Preview\" style=\"color: inherit;\"\u003e\u003cspan class=\"MJXp-math\" id=\"MJXp-Span-144\"\u003e\u003cspan class=\"MJXp-mo\" id=\"MJXp-Span-145\" style=\"margin-left: 0em; margin-right: 0em;\"\u003e⌊\u003c/span\u003e\u003cspan class=\"MJXp-mn\" id=\"MJXp-Span-146\"\u003e11\u003c/span\u003e\u003cspan class=\"MJXp-mrow\" id=\"MJXp-Span-147\"\u003e\u003cspan class=\"MJXp-mo\" id=\"MJXp-Span-148\" style=\"margin-left: 0.111em; margin-right: 0.111em;\"\u003e/\u003c/span\u003e\u003c/span\u003e\u003cspan class=\"MJXp-mn\" id=\"MJXp-Span-149\"\u003e2\u003c/span\u003e\u003cspan class=\"MJXp-mo\" id=\"MJXp-Span-150\" style=\"margin-left: 0em; margin-right: 0em;\"\u003e⌋\u003c/span\u003e\u003cspan class=\"MJXp-mo\" id=\"MJXp-Span-151\" style=\"margin-left: 0.333em; margin-right: 0.333em;\"\u003e=\u003c/span\u003e\u003cspan class=\"MJXp-mn\" id=\"MJXp-Span-152\"\u003e5\u003c/span\u003e\u003c/span\u003e\u003c/span\u003e\u003cspan class=\"MathJax MathJax_Processing\" id=\"MathJax-Element-42-Frame\" tabindex=\"0\"\u003e\u003c/span\u003e\u003cscript type=\"math/tex\" id=\"MathJax-Element-42\"\u003e\\lfloor 11 / 2 \\rfloor = 5\u003c/script\u003e 个⼩城镇，所以⼤城市 \u003cspan class=\"MathJax_Preview\" style=\"color: inherit;\"\u003e\u003cspan class=\"MJXp-math\" id=\"MJXp-Span-153\"\u003e\u003cspan class=\"MJXp-mi MJXp-italic\" id=\"MJXp-Span-154\"\u003ef\u003c/span\u003e\u003c/span\u003e\u003c/span\u003e\u003cspan class=\"MathJax MathJax_Processing\" id=\"MathJax-Element-43-Frame\" tabindex=\"0\"\u003e\u003c/span\u003e\u003cscript type=\"math/tex\" id=\"MathJax-Element-43\"\u003ef\u003c/script\u003e 是⼀个平衡的中⼼城市。\u003c/p\u003e",
      "misc": ""
    },
    {
      "title": "任务",
      "content": "\u003cp\u003e最初，整个⽹络的唯⼀信息只有⼩城镇的数⽬ \u003cspan class=\"MathJax_Preview\" style=\"color: inherit;\"\u003e\u003cspan class=\"MJXp-math\" id=\"MJXp-Span-155\"\u003e\u003cspan class=\"MJXp-mi MJXp-italic\" id=\"MJXp-Span-156\"\u003eN\u003c/span\u003e\u003c/span\u003e\u003c/span\u003e\u003cspan class=\"MathJax MathJax_Processing\" id=\"MathJax-Element-44-Frame\" tabindex=\"0\"\u003e\u003c/span\u003e\u003cscript type=\"math/tex\" id=\"MathJax-Element-44\"\u003eN\u003c/script\u003e。你不知道⼤城市的数⽬，也不清楚公路的⽹络连接情况。你获取信息的唯⼀⽅法是查询两个⼩镇之间的距离。\u003c/p\u003e\u003cp\u003e你的任务是确定：\n\u003cem\u003e 在所有的⼦任务中：距离 \u003cspan class=\"MathJax_Preview\" style=\"color: inherit;\"\u003e\u003cspan class=\"MJXp-math\" id=\"MJXp-Span-157\"\u003e\u003cspan class=\"MJXp-mi MJXp-italic\" id=\"MJXp-Span-158\"\u003eR\u003c/span\u003e\u003c/span\u003e\u003c/span\u003e\u003cspan class=\"MathJax MathJax_Processing\" id=\"MathJax-Element-45-Frame\" tabindex=\"0\"\u003e\u003c/span\u003e\u003cscript type=\"math/tex\" id=\"MathJax-Element-45\"\u003eR\u003c/script\u003e。\n\u003c/em\u003e ⼦任务 \u003cspan class=\"MathJax_Preview\" style=\"color: inherit;\"\u003e\u003cspan class=\"MJXp-math\" id=\"MJXp-Span-159\"\u003e\u003cspan class=\"MJXp-mn\" id=\"MJXp-Span-160\"\u003e3\u003c/span\u003e\u003c/span\u003e\u003c/span\u003e\u003cspan class=\"MathJax MathJax_Processing\" id=\"MathJax-Element-46-Frame\" tabindex=\"0\"\u003e\u003c/span\u003e\u003cscript type=\"math/tex\" id=\"MathJax-Element-46\"\u003e3\u003c/script\u003e 到 \u003cspan class=\"MathJax_Preview\" style=\"color: inherit;\"\u003e\u003cspan class=\"MJXp-math\" id=\"MJXp-Span-161\"\u003e\u003cspan class=\"MJXp-mn\" id=\"MJXp-Span-162\"\u003e6\u003c/span\u003e\u003c/span\u003e\u003c/span\u003e\u003cspan class=\"MathJax MathJax_Processing\" id=\"MathJax-Element-47-Frame\" tabindex=\"0\"\u003e\u003c/span\u003e\u003cscript type=\"math/tex\" id=\"MathJax-Element-47\"\u003e6\u003c/script\u003e：⽹络中是否存在平衡的中⼼城市。\u003c/p\u003e\u003cp\u003e你需要实现函数 \u003ccode\u003ehubDistance\u003c/code\u003e。Grader 将会在⼀次运⾏中评测多个测试点。每次运⾏时最多有 \u003cspan class=\"MathJax_Preview\" style=\"color: inherit;\"\u003e\u003cspan class=\"MJXp-math\" id=\"MJXp-Span-163\"\u003e\u003cspan class=\"MJXp-mn\" id=\"MJXp-Span-164\"\u003e40\u003c/span\u003e\u003c/span\u003e\u003c/span\u003e\u003cspan class=\"MathJax MathJax_Processing\" id=\"MathJax-Element-48-Frame\" tabindex=\"0\"\u003e\u003c/span\u003e\u003cscript type=\"math/tex\" id=\"MathJax-Element-48\"\u003e40\u003c/script\u003e 个测试点。对每个测试点，grader 会调⽤你的函数 \u003ccode\u003ehubDistance\u003c/code\u003e 恰好⼀次。请确保你的函数在每次被调⽤时都初始化所有需要的变量。\u003c/p\u003e\u003cul\u003e\u003cli\u003e\u003ccode\u003ehubDistance(N, sub)\u003c/code\u003e\u003cul\u003e\u003cli\u003eN: ⼩城镇的数⽬。\u003c/li\u003e\n\u003cli\u003esub: ⼦任务编号（详⻅⼦任务描述部分）。\u003c/li\u003e\n\u003cli\u003esub是 \u003cspan class=\"MathJax_Preview\" style=\"color: inherit;\"\u003e\u003cspan class=\"MJXp-math\" id=\"MJXp-Span-165\"\u003e\u003cspan class=\"MJXp-mn\" id=\"MJXp-Span-166\"\u003e1\u003c/span\u003e\u003c/span\u003e\u003c/span\u003e\u003cspan class=\"MathJax MathJax_Processing\" id=\"MathJax-Element-49-Frame\" tabindex=\"0\"\u003e\u003c/span\u003e\u003cscript type=\"math/tex\" id=\"MathJax-Element-49\"\u003e1\u003c/script\u003e 或者 \u003cspan class=\"MathJax_Preview\" style=\"color: inherit;\"\u003e\u003cspan class=\"MJXp-math\" id=\"MJXp-Span-167\"\u003e\u003cspan class=\"MJXp-mn\" id=\"MJXp-Span-168\"\u003e2\u003c/span\u003e\u003c/span\u003e\u003c/span\u003e\u003cspan class=\"MathJax MathJax_Processing\" id=\"MathJax-Element-50-Frame\" tabindex=\"0\"\u003e\u003c/span\u003e\u003cscript type=\"math/tex\" id=\"MathJax-Element-50\"\u003e2\u003c/script\u003e 时，该函数返回 \u003cspan class=\"MathJax_Preview\" style=\"color: inherit;\"\u003e\u003cspan class=\"MJXp-math\" id=\"MJXp-Span-169\"\u003e\u003cspan class=\"MJXp-mi MJXp-italic\" id=\"MJXp-Span-170\"\u003eR\u003c/span\u003e\u003c/span\u003e\u003c/span\u003e\u003cspan class=\"MathJax MathJax_Processing\" id=\"MathJax-Element-51-Frame\" tabindex=\"0\"\u003e\u003c/span\u003e\u003cscript type=\"math/tex\" id=\"MathJax-Element-51\"\u003eR\u003c/script\u003e 或 \u003cspan class=\"MathJax_Preview\" style=\"color: inherit;\"\u003e\u003cspan class=\"MJXp-math\" id=\"MJXp-Span-171\"\u003e\u003cspan class=\"MJXp-mo\" id=\"MJXp-Span-172\" style=\"margin-left: 0em; margin-right: 0.111em;\"\u003e−\u003c/span\u003e\u003cspan class=\"MJXp-mi MJXp-italic\" id=\"MJXp-Span-173\"\u003eR\u003c/span\u003e\u003c/span\u003e\u003c/span\u003e\u003cspan class=\"MathJax MathJax_Processing\" id=\"MathJax-Element-52-Frame\" tabindex=\"0\"\u003e\u003c/span\u003e\u003cscript type=\"math/tex\" id=\"MathJax-Element-52\"\u003e-R\u003c/script\u003e 均可。\u003c/li\u003e\n\u003cli\u003esub⼤于 \u003cspan class=\"MathJax_Preview\" style=\"color: inherit;\"\u003e\u003cspan class=\"MJXp-math\" id=\"MJXp-Span-174\"\u003e\u003cspan class=\"MJXp-mn\" id=\"MJXp-Span-175\"\u003e2\u003c/span\u003e\u003c/span\u003e\u003c/span\u003e\u003cspan class=\"MathJax MathJax_Processing\" id=\"MathJax-Element-53-Frame\" tabindex=\"0\"\u003e\u003c/span\u003e\u003cscript type=\"math/tex\" id=\"MathJax-Element-53\"\u003e2\u003c/script\u003e 时，如果存在平衡的中⼼城市，该函数返回 \u003cspan class=\"MathJax_Preview\" style=\"color: inherit;\"\u003e\u003cspan class=\"MJXp-math\" id=\"MJXp-Span-176\"\u003e\u003cspan class=\"MJXp-mi MJXp-italic\" id=\"MJXp-Span-177\"\u003eR\u003c/span\u003e\u003c/span\u003e\u003c/span\u003e\u003cspan class=\"MathJax MathJax_Processing\" id=\"MathJax-Element-54-Frame\" tabindex=\"0\"\u003e\u003c/span\u003e\u003cscript type=\"math/tex\" id=\"MathJax-Element-54\"\u003eR\u003c/script\u003e，否则返回 \u003cspan class=\"MathJax_Preview\" style=\"color: inherit;\"\u003e\u003cspan class=\"MJXp-math\" id=\"MJXp-Span-178\"\u003e\u003cspan class=\"MJXp-mo\" id=\"MJXp-Span-179\" style=\"margin-left: 0em; margin-right: 0.111em;\"\u003e−\u003c/span\u003e\u003cspan class=\"MJXp-mi MJXp-italic\" id=\"MJXp-Span-180\"\u003eR\u003c/span\u003e\u003c/span\u003e\u003c/span\u003e\u003cspan class=\"MathJax MathJax_Processing\" id=\"MathJax-Element-55-Frame\" tabindex=\"0\"\u003e\u003c/span\u003e\u003cscript type=\"math/tex\" id=\"MathJax-Element-55\"\u003e-R\u003c/script\u003e。\u003c/li\u003e\n\u003c/ul\u003e\u003c/li\u003e\n\u003c/ul\u003e\u003cp\u003e你的 \u003ccode\u003ehubDistance\u003c/code\u003e 函数可以通过调⽤ grader 函数 \u003ccode\u003egetDistance(i, j)\u003c/code\u003e ⽽获得关于公路⽹络的信息。函数 \u003ccode\u003egetDistance(i, j)\u003c/code\u003e 返回⼩城镇 \u003cspan class=\"MathJax_Preview\" style=\"color: inherit;\"\u003e\u003cspan class=\"MJXp-math\" id=\"MJXp-Span-181\"\u003e\u003cspan class=\"MJXp-mi MJXp-italic\" id=\"MJXp-Span-182\"\u003ei\u003c/span\u003e\u003c/span\u003e\u003c/span\u003e\u003cspan class=\"MathJax MathJax_Processing\" id=\"MathJax-Element-56-Frame\" tabindex=\"0\"\u003e\u003c/span\u003e\u003cscript type=\"math/tex\" id=\"MathJax-Element-56\"\u003ei\u003c/script\u003e 与⼩城镇 \u003cspan class=\"MathJax_Preview\" style=\"color: inherit;\"\u003e\u003cspan class=\"MJXp-math\" id=\"MJXp-Span-183\"\u003e\u003cspan class=\"MJXp-mi MJXp-italic\" id=\"MJXp-Span-184\"\u003ej\u003c/span\u003e\u003c/span\u003e\u003c/span\u003e\u003cspan class=\"MathJax MathJax_Processing\" id=\"MathJax-Element-57-Frame\" tabindex=\"0\"\u003e\u003c/span\u003e\u003cscript type=\"math/tex\" id=\"MathJax-Element-57\"\u003ej\u003c/script\u003e 之间的距离。注意：如果 \u003cspan class=\"MathJax_Preview\" style=\"color: inherit;\"\u003e\u003cspan class=\"MJXp-math\" id=\"MJXp-Span-185\"\u003e\u003cspan class=\"MJXp-mi MJXp-italic\" id=\"MJXp-Span-186\"\u003ei\u003c/span\u003e\u003c/span\u003e\u003c/span\u003e\u003cspan class=\"MathJax MathJax_Processing\" id=\"MathJax-Element-58-Frame\" tabindex=\"0\"\u003e\u003c/span\u003e\u003cscript type=\"math/tex\" id=\"MathJax-Element-58\"\u003ei\u003c/script\u003e 和 \u003cspan class=\"MathJax_Preview\" style=\"color: inherit;\"\u003e\u003cspan class=\"MJXp-math\" id=\"MJXp-Span-187\"\u003e\u003cspan class=\"MJXp-mi MJXp-italic\" id=\"MJXp-Span-188\"\u003ej\u003c/span\u003e\u003c/span\u003e\u003c/span\u003e\u003cspan class=\"MathJax MathJax_Processing\" id=\"MathJax-Element-59-Frame\" tabindex=\"0\"\u003e\u003c/span\u003e\u003cscript type=\"math/tex\" id=\"MathJax-Element-59\"\u003ej\u003c/script\u003e 相同的话，函数的返回值将是 \u003cspan class=\"MathJax_Preview\" style=\"color: inherit;\"\u003e\u003cspan class=\"MJXp-math\" id=\"MJXp-Span-189\"\u003e\u003cspan class=\"MJXp-mn\" id=\"MJXp-Span-190\"\u003e0\u003c/span\u003e\u003c/span\u003e\u003c/span\u003e\u003cspan class=\"MathJax MathJax_Processing\" id=\"MathJax-Element-60-Frame\" tabindex=\"0\"\u003e\u003c/span\u003e\u003cscript type=\"math/tex\" id=\"MathJax-Element-60\"\u003e0\u003c/script\u003e，⽽且当参数不合法时，返回值也是 \u003cspan class=\"MathJax_Preview\" style=\"color: inherit;\"\u003e\u003cspan class=\"MJXp-math\" id=\"MJXp-Span-191\"\u003e\u003cspan class=\"MJXp-mn\" id=\"MJXp-Span-192\"\u003e0\u003c/span\u003e\u003c/span\u003e\u003c/span\u003e\u003cspan class=\"MathJax MathJax_Processing\" id=\"MathJax-Element-61-Frame\" tabindex=\"0\"\u003e\u003c/span\u003e\u003cscript type=\"math/tex\" id=\"MathJax-Element-61\"\u003e0\u003c/script\u003e。\u003c/p\u003e",
      "misc": ""
    },
    {
      "title": "⼦任务",
      "content": "\u003cp\u003e对每个测试点⽽⾔：\n\u003cem\u003e \u003cspan class=\"MathJax_Preview\" style=\"color: inherit;\"\u003e\u003cspan class=\"MJXp-math\" id=\"MJXp-Span-193\"\u003e\u003cspan class=\"MJXp-mi MJXp-italic\" id=\"MJXp-Span-194\"\u003eN\u003c/span\u003e\u003c/span\u003e\u003c/span\u003e\u003cspan class=\"MathJax MathJax_Processing\" id=\"MathJax-Element-62-Frame\" tabindex=\"0\"\u003e\u003c/span\u003e\u003cscript type=\"math/tex\" id=\"MathJax-Element-62\"\u003eN\u003c/script\u003e 的范围是 \u003cspan class=\"MathJax_Preview\" style=\"color: inherit;\"\u003e\u003cspan class=\"MJXp-math\" id=\"MJXp-Span-195\"\u003e\u003cspan class=\"MJXp-mo\" id=\"MJXp-Span-196\" style=\"margin-left: 0em; margin-right: 0em;\"\u003e[\u003c/span\u003e\u003cspan class=\"MJXp-mn\" id=\"MJXp-Span-197\"\u003e6\u003c/span\u003e\u003cspan class=\"MJXp-mo\" id=\"MJXp-Span-198\" style=\"margin-left: 0em; margin-right: 0.222em;\"\u003e,\u003c/span\u003e\u003cspan class=\"MJXp-mn\" id=\"MJXp-Span-199\"\u003e110\u003c/span\u003e\u003cspan class=\"MJXp-mo\" id=\"MJXp-Span-200\" style=\"margin-left: 0em; margin-right: 0em;\"\u003e]\u003c/span\u003e\u003c/span\u003e\u003c/span\u003e\u003cspan class=\"MathJax MathJax_Processing\" id=\"MathJax-Element-63-Frame\" tabindex=\"0\"\u003e\u003c/span\u003e\u003cscript type=\"math/tex\" id=\"MathJax-Element-63\"\u003e[6, 110]\u003c/script\u003e。\n\u003c/em\u003e 两个⼩镇之间距离的范围是\u003cspan class=\"MathJax_Preview\" style=\"color: inherit;\"\u003e\u003cspan class=\"MJXp-math\" id=\"MJXp-Span-201\"\u003e\u003cspan class=\"MJXp-mo\" id=\"MJXp-Span-202\" style=\"margin-left: 0em; margin-right: 0em;\"\u003e[\u003c/span\u003e\u003cspan class=\"MJXp-mn\" id=\"MJXp-Span-203\"\u003e1\u003c/span\u003e\u003cspan class=\"MJXp-mo\" id=\"MJXp-Span-204\" style=\"margin-left: 0em; margin-right: 0.222em;\"\u003e,\u003c/span\u003e\u003cspan class=\"MJXp-mn\" id=\"MJXp-Span-205\"\u003e1000000\u003c/span\u003e\u003cspan class=\"MJXp-mo\" id=\"MJXp-Span-206\" style=\"margin-left: 0em; margin-right: 0em;\"\u003e]\u003c/span\u003e\u003c/span\u003e\u003c/span\u003e\u003cspan class=\"MathJax MathJax_Processing\" id=\"MathJax-Element-64-Frame\" tabindex=\"0\"\u003e\u003c/span\u003e\u003cscript type=\"math/tex\" id=\"MathJax-Element-64\"\u003e[1, 1000000]\u003c/script\u003e。\u003c/p\u003e\u003cp\u003e你调⽤ \u003ccode\u003egetDistance(i, j)\u003c/code\u003e 函数查询的次数是有⼀定限制的。该限制与⼦任务有关，详⻅下表。如果你的程序调⽤的次数超过限制，你的程序将会被终⽌，且视为答案错误。\u003c/p\u003e\u003cdiv class=\"table-responsive\"\u003e\n\u003ctable class=\"table table-bordered table-text-center table-vertical-middle\"\u003e\u003cthead\u003e\u003ctr\u003e\u003cth\u003e子任务\u003c/th\u003e\n\u003cth\u003e分数\u003c/th\u003e\n\u003cth\u003e查询次数限制\u003c/th\u003e\n\u003cth\u003e是否查找平衡中心城市\u003c/th\u003e\n\u003cth\u003e限制\u003c/th\u003e\n\u003c/tr\u003e\u003c/thead\u003e\u003ctbody\u003e\u003ctr\u003e\u003ctd\u003e1\u003c/td\u003e\u003ctd\u003e13\u003c/td\u003e\u003ctd\u003e\u003cspan class=\"MathJax_Preview\" style=\"color: inherit;\"\u003e\u003cspan class=\"MJXp-math\" id=\"MJXp-Span-207\"\u003e\u003cspan class=\"MJXp-mfrac\" id=\"MJXp-Span-208\" style=\"vertical-align: 0.25em;\"\u003e\u003cspan class=\"MJXp-box MJXp-script\"\u003e\u003cspan class=\"MJXp-mi MJXp-italic\" id=\"MJXp-Span-209\"\u003en\u003c/span\u003e\u003cspan class=\"MJXp-mo\" id=\"MJXp-Span-210\"\u003e(\u003c/span\u003e\u003cspan class=\"MJXp-mi MJXp-italic\" id=\"MJXp-Span-211\"\u003en\u003c/span\u003e\u003cspan class=\"MJXp-mo\" id=\"MJXp-Span-212\"\u003e−\u003c/span\u003e\u003cspan class=\"MJXp-mn\" id=\"MJXp-Span-213\"\u003e1\u003c/span\u003e\u003cspan class=\"MJXp-mo\" id=\"MJXp-Span-214\"\u003e)\u003c/span\u003e\u003c/span\u003e\u003cspan class=\"MJXp-box\" style=\"margin-top: -0.9em;\"\u003e\u003cspan class=\"MJXp-denom\"\u003e\u003cspan\u003e\u003cspan class=\"MJXp-rule\" style=\"height: 1em; border-top: none; border-bottom: 1px solid; margin: 0.1em 0px;\"\u003e\u003c/span\u003e\u003c/span\u003e\u003cspan\u003e\u003cspan class=\"MJXp-box MJXp-script\"\u003e\u003cspan class=\"MJXp-mn\" id=\"MJXp-Span-215\"\u003e2\u003c/span\u003e\u003c/span\u003e\u003c/span\u003e\u003c/span\u003e\u003c/span\u003e\u003c/span\u003e\u003c/span\u003e\u003c/span\u003e\u003cspan class=\"MathJax MathJax_Processing\" id=\"MathJax-Element-65-Frame\" tabindex=\"0\"\u003e\u003c/span\u003e\u003cscript type=\"math/tex\" id=\"MathJax-Element-65\"\u003e\\frac{n(n - 1)}{2}\u003c/script\u003e\u003c/td\u003e\u003ctd\u003e否\u003c/td\u003e\u003ctd\u003e无\u003c/td\u003e\u003c/tr\u003e\u003ctr\u003e\u003ctd\u003e2\u003c/td\u003e\u003ctd\u003e12\u003c/td\u003e\u003ctd\u003e\u003cspan class=\"MathJax_Preview\" style=\"color: inherit;\"\u003e\u003cspan class=\"MJXp-math\" id=\"MJXp-Span-216\"\u003e\u003cspan class=\"MJXp-mo\" id=\"MJXp-Span-217\" style=\"margin-left: 0em; margin-right: 0em;\"\u003e⌈\u003c/span\u003e\u003cspan class=\"MJXp-mfrac\" id=\"MJXp-Span-218\" style=\"vertical-align: 0.25em;\"\u003e\u003cspan class=\"MJXp-box MJXp-script\"\u003e\u003cspan class=\"MJXp-mn\" id=\"MJXp-Span-219\"\u003e7\u003c/span\u003e\u003cspan class=\"MJXp-mi MJXp-italic\" id=\"MJXp-Span-220\"\u003en\u003c/span\u003e\u003c/span\u003e\u003cspan class=\"MJXp-box\" style=\"margin-top: -0.9em;\"\u003e\u003cspan class=\"MJXp-denom\"\u003e\u003cspan\u003e\u003cspan class=\"MJXp-rule\" style=\"height: 1em; border-top: none; border-bottom: 1px solid; margin: 0.1em 0px;\"\u003e\u003c/span\u003e\u003c/span\u003e\u003cspan\u003e\u003cspan class=\"MJXp-box MJXp-script\"\u003e\u003cspan class=\"MJXp-mn\" id=\"MJXp-Span-221\"\u003e2\u003c/span\u003e\u003c/span\u003e\u003c/span\u003e\u003c/span\u003e\u003c/span\u003e\u003c/span\u003e\u003cspan class=\"MJXp-mo\" id=\"MJXp-Span-222\" style=\"margin-left: 0em; margin-right: 0em;\"\u003e⌉\u003c/span\u003e\u003c/span\u003e\u003c/span\u003e\u003cspan class=\"MathJax MathJax_Processing\" id=\"MathJax-Element-66-Frame\" tabindex=\"0\"\u003e\u003c/span\u003e\u003cscript type=\"math/tex\" id=\"MathJax-Element-66\"\u003e\\lceil \\frac{7n}{2}\\rceil\u003c/script\u003e\u003c/td\u003e\u003ctd\u003e否\u003c/td\u003e\u003ctd\u003e无\u003c/td\u003e\u003c/tr\u003e\u003ctr\u003e\u003ctd\u003e3\u003c/td\u003e\u003ctd\u003e13\u003c/td\u003e\u003ctd\u003e\u003cspan class=\"MathJax_Preview\" style=\"color: inherit;\"\u003e\u003cspan class=\"MJXp-math\" id=\"MJXp-Span-223\"\u003e\u003cspan class=\"MJXp-mfrac\" id=\"MJXp-Span-224\" style=\"vertical-align: 0.25em;\"\u003e\u003cspan class=\"MJXp-box MJXp-script\"\u003e\u003cspan class=\"MJXp-mi MJXp-italic\" id=\"MJXp-Span-225\"\u003en\u003c/span\u003e\u003cspan class=\"MJXp-mo\" id=\"MJXp-Span-226\"\u003e(\u003c/span\u003e\u003cspan class=\"MJXp-mi MJXp-italic\" id=\"MJXp-Span-227\"\u003en\u003c/span\u003e\u003cspan class=\"MJXp-mo\" id=\"MJXp-Span-228\"\u003e−\u003c/span\u003e\u003cspan class=\"MJXp-mn\" id=\"MJXp-Span-229\"\u003e1\u003c/span\u003e\u003cspan class=\"MJXp-mo\" id=\"MJXp-Span-230\"\u003e)\u003c/span\u003e\u003c/span\u003e\u003cspan class=\"MJXp-box\" style=\"margin-top: -0.9em;\"\u003e\u003cspan class=\"MJXp-denom\"\u003e\u003cspan\u003e\u003cspan class=\"MJXp-rule\" style=\"height: 1em; border-top: none; border-bottom: 1px solid; margin: 0.1em 0px;\"\u003e\u003c/span\u003e\u003c/span\u003e\u003cspan\u003e\u003cspan class=\"MJXp-box MJXp-script\"\u003e\u003cspan class=\"MJXp-mn\" id=\"MJXp-Span-231\"\u003e2\u003c/span\u003e\u003c/span\u003e\u003c/span\u003e\u003c/span\u003e\u003c/span\u003e\u003c/span\u003e\u003c/span\u003e\u003c/span\u003e\u003cspan class=\"MathJax MathJax_Processing\" id=\"MathJax-Element-67-Frame\" tabindex=\"0\"\u003e\u003c/span\u003e\u003cscript type=\"math/tex\" id=\"MathJax-Element-67\"\u003e\\frac{n(n - 1)}{2}\u003c/script\u003e\u003c/td\u003e\u003ctd\u003e是\u003c/td\u003e\u003ctd\u003e无\u003c/td\u003e\u003c/tr\u003e\u003ctr\u003e\u003ctd\u003e4\u003c/td\u003e\u003ctd\u003e10\u003c/td\u003e\u003ctd\u003e\u003cspan class=\"MathJax_Preview\" style=\"color: inherit;\"\u003e\u003cspan class=\"MJXp-math\" id=\"MJXp-Span-232\"\u003e\u003cspan class=\"MJXp-mo\" id=\"MJXp-Span-233\" style=\"margin-left: 0em; margin-right: 0em;\"\u003e⌈\u003c/span\u003e\u003cspan class=\"MJXp-mfrac\" id=\"MJXp-Span-234\" style=\"vertical-align: 0.25em;\"\u003e\u003cspan class=\"MJXp-box MJXp-script\"\u003e\u003cspan class=\"MJXp-mn\" id=\"MJXp-Span-235\"\u003e7\u003c/span\u003e\u003cspan class=\"MJXp-mi MJXp-italic\" id=\"MJXp-Span-236\"\u003en\u003c/span\u003e\u003c/span\u003e\u003cspan class=\"MJXp-box\" style=\"margin-top: -0.9em;\"\u003e\u003cspan class=\"MJXp-denom\"\u003e\u003cspan\u003e\u003cspan class=\"MJXp-rule\" style=\"height: 1em; border-top: none; border-bottom: 1px solid; margin: 0.1em 0px;\"\u003e\u003c/span\u003e\u003c/span\u003e\u003cspan\u003e\u003cspan class=\"MJXp-box MJXp-script\"\u003e\u003cspan class=\"MJXp-mn\" id=\"MJXp-Span-237\"\u003e2\u003c/span\u003e\u003c/span\u003e\u003c/span\u003e\u003c/span\u003e\u003c/span\u003e\u003c/span\u003e\u003cspan class=\"MJXp-mo\" id=\"MJXp-Span-238\" style=\"margin-left: 0em; margin-right: 0em;\"\u003e⌉\u003c/span\u003e\u003c/span\u003e\u003c/span\u003e\u003cspan class=\"MathJax MathJax_Processing\" id=\"MathJax-Element-68-Frame\" tabindex=\"0\"\u003e\u003c/span\u003e\u003cscript type=\"math/tex\" id=\"MathJax-Element-68\"\u003e\\lceil \\frac{7n}{2}\\rceil\u003c/script\u003e\u003c/td\u003e\u003ctd\u003e是\u003c/td\u003e\u003ctd\u003e每个大城市都刚好与 \u003cspan class=\"MathJax_Preview\" style=\"color: inherit;\"\u003e\u003cspan class=\"MJXp-math\" id=\"MJXp-Span-239\"\u003e\u003cspan class=\"MJXp-mn\" id=\"MJXp-Span-240\"\u003e3\u003c/span\u003e\u003c/span\u003e\u003c/span\u003e\u003cspan class=\"MathJax MathJax_Processing\" id=\"MathJax-Element-69-Frame\" tabindex=\"0\"\u003e\u003c/span\u003e\u003cscript type=\"math/tex\" id=\"MathJax-Element-69\"\u003e3\u003c/script\u003e 个定居点连接\u003c/td\u003e\u003c/tr\u003e\u003ctr\u003e\u003ctd\u003e5\u003c/td\u003e\u003ctd\u003e13\u003c/td\u003e\u003ctd\u003e\u003cspan class=\"MathJax_Preview\" style=\"color: inherit;\"\u003e\u003cspan class=\"MJXp-math\" id=\"MJXp-Span-241\"\u003e\u003cspan class=\"MJXp-mn\" id=\"MJXp-Span-242\"\u003e5\u003c/span\u003e\u003cspan class=\"MJXp-mi MJXp-italic\" id=\"MJXp-Span-243\"\u003en\u003c/span\u003e\u003c/span\u003e\u003c/span\u003e\u003cspan class=\"MathJax MathJax_Processing\" id=\"MathJax-Element-70-Frame\" tabindex=\"0\"\u003e\u003c/span\u003e\u003cscript type=\"math/tex\" id=\"MathJax-Element-70\"\u003e5n\u003c/script\u003e\u003c/td\u003e\u003ctd\u003e是\u003c/td\u003e\u003ctd\u003e无\u003c/td\u003e\u003c/tr\u003e\u003ctr\u003e\u003ctd\u003e6\u003c/td\u003e\u003ctd\u003e39\u003c/td\u003e\u003ctd\u003e\u003cspan class=\"MathJax_Preview\" style=\"color: inherit;\"\u003e\u003cspan class=\"MJXp-math\" id=\"MJXp-Span-244\"\u003e\u003cspan class=\"MJXp-mo\" id=\"MJXp-Span-245\" style=\"margin-left: 0em; margin-right: 0em;\"\u003e⌈\u003c/span\u003e\u003cspan class=\"MJXp-mfrac\" id=\"MJXp-Span-246\" style=\"vertical-align: 0.25em;\"\u003e\u003cspan class=\"MJXp-box MJXp-script\"\u003e\u003cspan class=\"MJXp-mn\" id=\"MJXp-Span-247\"\u003e7\u003c/span\u003e\u003cspan class=\"MJXp-mi MJXp-italic\" id=\"MJXp-Span-248\"\u003en\u003c/span\u003e\u003c/span\u003e\u003cspan class=\"MJXp-box\" style=\"margin-top: -0.9em;\"\u003e\u003cspan class=\"MJXp-denom\"\u003e\u003cspan\u003e\u003cspan class=\"MJXp-rule\" style=\"height: 1em; border-top: none; border-bottom: 1px solid; margin: 0.1em 0px;\"\u003e\u003c/span\u003e\u003c/span\u003e\u003cspan\u003e\u003cspan class=\"MJXp-box MJXp-script\"\u003e\u003cspan class=\"MJXp-mn\" id=\"MJXp-Span-249\"\u003e2\u003c/span\u003e\u003c/span\u003e\u003c/span\u003e\u003c/span\u003e\u003c/span\u003e\u003c/span\u003e\u003cspan class=\"MJXp-mo\" id=\"MJXp-Span-250\" style=\"margin-left: 0em; margin-right: 0em;\"\u003e⌉\u003c/span\u003e\u003c/span\u003e\u003c/span\u003e\u003cspan class=\"MathJax MathJax_Processing\" id=\"MathJax-Element-71-Frame\" tabindex=\"0\"\u003e\u003c/span\u003e\u003cscript type=\"math/tex\" id=\"MathJax-Element-71\"\u003e\\lceil \\frac{7n}{2}\\rceil\u003c/script\u003e\u003c/td\u003e\u003ctd\u003e是\u003c/td\u003e\u003ctd\u003e无\u003c/td\u003e\u003c/tr\u003e\u003c/tbody\u003e\u003c/table\u003e\u003c/div\u003e\u003cp\u003e注意：\u003cspan class=\"MathJax_Preview\" style=\"color: inherit;\"\u003e\u003cspan class=\"MJXp-math\" id=\"MJXp-Span-251\"\u003e\u003cspan class=\"MJXp-mo\" id=\"MJXp-Span-252\" style=\"margin-left: 0em; margin-right: 0em;\"\u003e⌈\u003c/span\u003e\u003cspan class=\"MJXp-mi MJXp-italic\" id=\"MJXp-Span-253\"\u003ex\u003c/span\u003e\u003cspan class=\"MJXp-mo\" id=\"MJXp-Span-254\" style=\"margin-left: 0em; margin-right: 0em;\"\u003e⌉\u003c/span\u003e\u003c/span\u003e\u003c/span\u003e\u003cspan class=\"MathJax MathJax_Processing\" id=\"MathJax-Element-72-Frame\" tabindex=\"0\"\u003e\u003c/span\u003e\u003cscript type=\"math/tex\" id=\"MathJax-Element-72\"\u003e\\lceil x \\rceil\u003c/script\u003e 表⽰⼤于或等于 \u003cspan class=\"MathJax_Preview\" style=\"color: inherit;\"\u003e\u003cspan class=\"MJXp-math\" id=\"MJXp-Span-255\"\u003e\u003cspan class=\"MJXp-mi MJXp-italic\" id=\"MJXp-Span-256\"\u003ex\u003c/span\u003e\u003c/span\u003e\u003c/span\u003e\u003cspan class=\"MathJax MathJax_Processing\" id=\"MathJax-Element-73-Frame\" tabindex=\"0\"\u003e\u003c/span\u003e\u003cscript type=\"math/tex\" id=\"MathJax-Element-73\"\u003ex\u003c/script\u003e 的最⼩整数。\u003c/p\u003e",
      "misc": ""
    },
    {
      "title": "实现细节",
      "content": "\u003cp\u003e你只能提交一个源文件实现如上所述的 \u003ccode\u003ehubDistance\u003c/code\u003e 函数，并且遵循下面的命名和接口。你需要包含头文件 towns.h。\u003c/p\u003e\u003cpre class=\"sh_sourceCode\"\u003e\u003ccode class=\"sh_cpp\"\u003e\u003cspan class=\"sh_type\"\u003eint\u003c/span\u003e \u003cspan class=\"sh_function\"\u003ehubDistance\u003c/span\u003e\u003cspan class=\"sh_symbol\"\u003e(\u003c/span\u003e\u003cspan class=\"sh_type\"\u003eint\u003c/span\u003e N\u003cspan class=\"sh_symbol\"\u003e,\u003c/span\u003e \u003cspan class=\"sh_type\"\u003eint\u003c/span\u003e sub\u003cspan class=\"sh_symbol\"\u003e);\u003c/span\u003e\u003c/code\u003e\u003c/pre\u003e",
      "misc": ""
    },
    {
      "title": "评测方式",
      "content": "\u003cp\u003e请注意⼦任务的编号也是输⼊的⼀部分。grader 根据⼦任务的编号⽽改变它评分的⽅法。\u003c/p\u003e\u003cul\u003e\u003cli\u003e第 \u003cspan class=\"MathJax_Preview\" style=\"color: inherit;\"\u003e\u003cspan class=\"MJXp-math\" id=\"MJXp-Span-257\"\u003e\u003cspan class=\"MJXp-mn\" id=\"MJXp-Span-258\"\u003e1\u003c/span\u003e\u003c/span\u003e\u003c/span\u003e\u003cspan class=\"MathJax MathJax_Processing\" id=\"MathJax-Element-74-Frame\" tabindex=\"0\"\u003e\u003c/span\u003e\u003cscript type=\"math/tex\" id=\"MathJax-Element-74\"\u003e1\u003c/script\u003e ⾏：⼦任务编号和测试点的数⽬。\u003c/li\u003e\n\u003cli\u003e第 \u003cspan class=\"MathJax_Preview\" style=\"color: inherit;\"\u003e\u003cspan class=\"MJXp-math\" id=\"MJXp-Span-259\"\u003e\u003cspan class=\"MJXp-mn\" id=\"MJXp-Span-260\"\u003e2\u003c/span\u003e\u003c/span\u003e\u003c/span\u003e\u003cspan class=\"MathJax MathJax_Processing\" id=\"MathJax-Element-75-Frame\" tabindex=\"0\"\u003e\u003c/span\u003e\u003cscript type=\"math/tex\" id=\"MathJax-Element-75\"\u003e2\u003c/script\u003e ⾏：\u003cspan class=\"MathJax_Preview\" style=\"color: inherit;\"\u003e\u003cspan class=\"MJXp-math\" id=\"MJXp-Span-261\"\u003e\u003cspan class=\"MJXp-msubsup\" id=\"MJXp-Span-262\"\u003e\u003cspan class=\"MJXp-mi MJXp-italic\" id=\"MJXp-Span-263\" style=\"margin-right: 0.05em;\"\u003eN\u003c/span\u003e\u003cspan class=\"MJXp-mn MJXp-script\" id=\"MJXp-Span-264\" style=\"vertical-align: -0.4em;\"\u003e1\u003c/span\u003e\u003c/span\u003e\u003c/span\u003e\u003c/span\u003e\u003cspan class=\"MathJax MathJax_Processing\" id=\"MathJax-Element-76-Frame\" tabindex=\"0\"\u003e\u003c/span\u003e\u003cscript type=\"math/tex\" id=\"MathJax-Element-76\"\u003eN_1\u003c/script\u003e，第⼀个测试点中⼩城镇的数⽬。\u003c/li\u003e\n\u003cli\u003e接下来的 \u003cspan class=\"MathJax_Preview\" style=\"color: inherit;\"\u003e\u003cspan class=\"MJXp-math\" id=\"MJXp-Span-265\"\u003e\u003cspan class=\"MJXp-msubsup\" id=\"MJXp-Span-266\"\u003e\u003cspan class=\"MJXp-mi MJXp-italic\" id=\"MJXp-Span-267\" style=\"margin-right: 0.05em;\"\u003eN\u003c/span\u003e\u003cspan class=\"MJXp-mn MJXp-script\" id=\"MJXp-Span-268\" style=\"vertical-align: -0.4em;\"\u003e1\u003c/span\u003e\u003c/span\u003e\u003c/span\u003e\u003c/span\u003e\u003cspan class=\"MathJax MathJax_Processing\" id=\"MathJax-Element-77-Frame\" tabindex=\"0\"\u003e\u003c/span\u003e\u003cscript type=\"math/tex\" id=\"MathJax-Element-77\"\u003eN_1\u003c/script\u003e ⾏：第 \u003cspan class=\"MathJax_Preview\" style=\"color: inherit;\"\u003e\u003cspan class=\"MJXp-math\" id=\"MJXp-Span-269\"\u003e\u003cspan class=\"MJXp-mi MJXp-italic\" id=\"MJXp-Span-270\"\u003ei\u003c/span\u003e\u003c/span\u003e\u003c/span\u003e\u003cspan class=\"MathJax MathJax_Processing\" id=\"MathJax-Element-78-Frame\" tabindex=\"0\"\u003e\u003c/span\u003e\u003cscript type=\"math/tex\" id=\"MathJax-Element-78\"\u003ei\u003c/script\u003e ⾏（\u003cspan class=\"MathJax_Preview\" style=\"color: inherit;\"\u003e\u003cspan class=\"MJXp-math\" id=\"MJXp-Span-271\"\u003e\u003cspan class=\"MJXp-mn\" id=\"MJXp-Span-272\"\u003e1\u003c/span\u003e\u003cspan class=\"MJXp-mo\" id=\"MJXp-Span-273\" style=\"margin-left: 0.333em; margin-right: 0.333em;\"\u003e≤\u003c/span\u003e\u003cspan class=\"MJXp-mi MJXp-italic\" id=\"MJXp-Span-274\"\u003ei\u003c/span\u003e\u003cspan class=\"MJXp-mo\" id=\"MJXp-Span-275\" style=\"margin-left: 0.333em; margin-right: 0.333em;\"\u003e≤\u003c/span\u003e\u003cspan class=\"MJXp-msubsup\" id=\"MJXp-Span-276\"\u003e\u003cspan class=\"MJXp-mi MJXp-italic\" id=\"MJXp-Span-277\" style=\"margin-right: 0.05em;\"\u003eN\u003c/span\u003e\u003cspan class=\"MJXp-mn MJXp-script\" id=\"MJXp-Span-278\" style=\"vertical-align: -0.4em;\"\u003e1\u003c/span\u003e\u003c/span\u003e\u003c/span\u003e\u003c/span\u003e\u003cspan class=\"MathJax MathJax_Processing\" id=\"MathJax-Element-79-Frame\" tabindex=\"0\"\u003e\u003c/span\u003e\u003cscript type=\"math/tex\" id=\"MathJax-Element-79\"\u003e1 \\le i \\le N_1\u003c/script\u003e）第 \u003cspan class=\"MathJax_Preview\" style=\"color: inherit;\"\u003e\u003cspan class=\"MJXp-math\" id=\"MJXp-Span-279\"\u003e\u003cspan class=\"MJXp-mi MJXp-italic\" id=\"MJXp-Span-280\"\u003ej\u003c/span\u003e\u003c/span\u003e\u003c/span\u003e\u003cspan class=\"MathJax MathJax_Processing\" id=\"MathJax-Element-80-Frame\" tabindex=\"0\"\u003e\u003c/span\u003e\u003cscript type=\"math/tex\" id=\"MathJax-Element-80\"\u003ej\u003c/script\u003e 个（\u003cspan class=\"MathJax_Preview\" style=\"color: inherit;\"\u003e\u003cspan class=\"MJXp-math\" id=\"MJXp-Span-281\"\u003e\u003cspan class=\"MJXp-mn\" id=\"MJXp-Span-282\"\u003e1\u003c/span\u003e\u003cspan class=\"MJXp-mo\" id=\"MJXp-Span-283\" style=\"margin-left: 0.333em; margin-right: 0.333em;\"\u003e≤\u003c/span\u003e\u003cspan class=\"MJXp-mi MJXp-italic\" id=\"MJXp-Span-284\"\u003ej\u003c/span\u003e\u003cspan class=\"MJXp-mo\" id=\"MJXp-Span-285\" style=\"margin-left: 0.333em; margin-right: 0.333em;\"\u003e≤\u003c/span\u003e\u003cspan class=\"MJXp-msubsup\" id=\"MJXp-Span-286\"\u003e\u003cspan class=\"MJXp-mi MJXp-italic\" id=\"MJXp-Span-287\" style=\"margin-right: 0.05em;\"\u003eN\u003c/span\u003e\u003cspan class=\"MJXp-mn MJXp-script\" id=\"MJXp-Span-288\" style=\"vertical-align: -0.4em;\"\u003e1\u003c/span\u003e\u003c/span\u003e\u003c/span\u003e\u003c/span\u003e\u003cspan class=\"MathJax MathJax_Processing\" id=\"MathJax-Element-81-Frame\" tabindex=\"0\"\u003e\u003c/span\u003e\u003cscript type=\"math/tex\" id=\"MathJax-Element-81\"\u003e1 \\le j \\le N_1\u003c/script\u003e）数字是⼩城镇 \u003cspan class=\"MathJax_Preview\" style=\"color: inherit;\"\u003e\u003cspan class=\"MJXp-math\" id=\"MJXp-Span-289\"\u003e\u003cspan class=\"MJXp-mi MJXp-italic\" id=\"MJXp-Span-290\"\u003ei\u003c/span\u003e\u003cspan class=\"MJXp-mo\" id=\"MJXp-Span-291\" style=\"margin-left: 0.267em; margin-right: 0.267em;\"\u003e−\u003c/span\u003e\u003cspan class=\"MJXp-mn\" id=\"MJXp-Span-292\"\u003e1\u003c/span\u003e\u003c/span\u003e\u003c/span\u003e\u003cspan class=\"MathJax MathJax_Processing\" id=\"MathJax-Element-82-Frame\" tabindex=\"0\"\u003e\u003c/span\u003e\u003cscript type=\"math/tex\" id=\"MathJax-Element-82\"\u003ei - 1\u003c/script\u003e 到⼩城镇 \u003cspan class=\"MathJax_Preview\" style=\"color: inherit;\"\u003e\u003cspan class=\"MJXp-math\" id=\"MJXp-Span-293\"\u003e\u003cspan class=\"MJXp-mi MJXp-italic\" id=\"MJXp-Span-294\"\u003ej\u003c/span\u003e\u003cspan class=\"MJXp-mo\" id=\"MJXp-Span-295\" style=\"margin-left: 0.267em; margin-right: 0.267em;\"\u003e−\u003c/span\u003e\u003cspan class=\"MJXp-mn\" id=\"MJXp-Span-296\"\u003e1\u003c/span\u003e\u003c/span\u003e\u003c/span\u003e\u003cspan class=\"MathJax MathJax_Processing\" id=\"MathJax-Element-83-Frame\" tabindex=\"0\"\u003e\u003c/span\u003e\u003cscript type=\"math/tex\" id=\"MathJax-Element-83\"\u003ej - 1\u003c/script\u003e 的距离。\u003c/li\u003e\n\u003cli\u003e随后是下⼀个测试点的数据，格式与第 \u003cspan class=\"MathJax_Preview\" style=\"color: inherit;\"\u003e\u003cspan class=\"MJXp-math\" id=\"MJXp-Span-297\"\u003e\u003cspan class=\"MJXp-mn\" id=\"MJXp-Span-298\"\u003e1\u003c/span\u003e\u003c/span\u003e\u003c/span\u003e\u003cspan class=\"MathJax MathJax_Processing\" id=\"MathJax-Element-84-Frame\" tabindex=\"0\"\u003e\u003c/span\u003e\u003cscript type=\"math/tex\" id=\"MathJax-Element-84\"\u003e1\u003c/script\u003e 个测试点的数据相同。\u003c/li\u003e\n\u003c/ul\u003e\u003cp\u003e对于每个测试点，grader 会在不同⾏上输出函数 \u003ccode\u003ehubDistance\u003c/code\u003e 的返回值及调⽤函数的次数。\u003c/p\u003e\u003cp\u003e本题样例的输⼊格式如下：\u003c/p\u003e\u003cpre\u003e1 1\n11\n0 17 18 20 17 12 20 16 23 20 11\n17 0 23 25 22 17 25 21 28 25 16\n18 23 0 12 21 16 24 20 27 24 17\n20 25 12 0 23 18 26 22 29 26 19\n17 22 21 23 0 9 21 17 26 23 16\n12 17 16 18 9 0 16 12 21 18 11\n20 25 24 26 21 16 0 10 29 26 19\n16 21 20 22 17 12 10 0 25 22 15\n23 28 27 29 26 21 29 25 0 21 22\n20 25 24 26 23 18 26 22 21 0 19\n11 16 17 19 16 11 19 15 22 19 0\n\u003c/pre\u003e\u003cp\u003e\u003ca href=\"/faq\"\u003e交互式类型的题目怎么本地测试\u003c/a\u003e\u003c/p\u003e",
      "misc": ""
    },
    {
      "title": "下载",
      "content": "\u003cp\u003e\u003ca href=\"/download.php?type=problem\u0026amp;id=234\"\u003e样例及测评库下载\u003c/a\u003e\u003c/p\u003e",
      "misc": ""
    }
  ],
  "samples": [],
  "tags": [
    "UOJ",
    "IOI2015"
  ],
  "rules": {
    "runtime": "1000000000",
    "memory": "1572864000",
    "stack": "1572864000",
    "source": "51200"
  },
  "meta": {
    "created": "2021-04-09T21:35:33.803961598+08:00",
    "updated": "2021-04-09T21:35:33.803961598+08:00",
    "checked": "2021-04-09T21:35:33.803961598+08:00"
  },
  "misc": ""
}
