{
  "id": "247",
  "title": "Mysterious Space Station",
  "type": "traditional",
  "sections": [
    {
      "title": "",
      "content": "\u003cp\u003e公元 3000 年，科学家发现了一个神秘的太空站。经过几个月的研究之后，他们作出了一张电子地图并发送了一个机器人过去进行进一步调查。\u003c/p\u003e\u003cp\u003e这张地图由 \u003cspan class=\"MathJax_Preview\" style=\"color: inherit;\"\u003e\u003cspan class=\"MJXp-math\" id=\"MJXp-Span-1\"\u003e\u003cspan class=\"MJXp-mi MJXp-italic\" id=\"MJXp-Span-2\"\u003en\u003c/span\u003e\u003cspan class=\"MJXp-mo\" id=\"MJXp-Span-3\" style=\"margin-left: 0.267em; margin-right: 0.267em;\"\u003e×\u003c/span\u003e\u003cspan class=\"MJXp-mi MJXp-italic\" id=\"MJXp-Span-4\"\u003em\u003c/span\u003e\u003c/span\u003e\u003c/span\u003e\u003cscript type=\"math/tex\" id=\"MathJax-Element-1\"\u003en \\times m\u003c/script\u003e 的方格组成，每个格子上为空或有障碍物，每次可以从东西南北四个方向中选择一个方向，发送指令让机器人向该方向移动一个格子。然而，这个空间站里没有光，所以机器人只能在黑暗中乱走乱撞。当机器人试图移动到障碍物上时此次移动便会失败，可据此推断出前方是否有障碍物。\u003c/p\u003e\u003cp\u003e这张地图还有一个特别的地方：所有的障碍物都是四连通的（通过东西南北四个方向连通），并且所有空格子被障碍物包围。所有的空格子之间均可互相到达，并且该空间站不存在通道。不存在通道的意思是，对于每个空格子，南北两个相邻格子中至多只有一个障碍物，东西两个相邻格子中至多只有一个障碍物。\u003c/p\u003e\u003cp\u003e我们将所有的空格子从北到南、从西到东依次编号为 \u003cspan class=\"MathJax_Preview\" style=\"color: inherit;\"\u003e\u003cspan class=\"MJXp-math\" id=\"MJXp-Span-5\"\u003e\u003cspan class=\"MJXp-mn\" id=\"MJXp-Span-6\"\u003e1\u003c/span\u003e\u003cspan class=\"MJXp-mo\" id=\"MJXp-Span-7\" style=\"margin-left: 0em; margin-right: 0.222em;\"\u003e,\u003c/span\u003e\u003cspan class=\"MJXp-mn\" id=\"MJXp-Span-8\"\u003e2\u003c/span\u003e\u003cspan class=\"MJXp-mo\" id=\"MJXp-Span-9\" style=\"margin-left: 0em; margin-right: 0.222em;\"\u003e,\u003c/span\u003e\u003cspan class=\"MJXp-mn\" id=\"MJXp-Span-10\"\u003e3\u003c/span\u003e\u003cspan class=\"MJXp-mo\" id=\"MJXp-Span-11\" style=\"margin-left: 0em; margin-right: 0.222em;\"\u003e,\u003c/span\u003e\u003cspan class=\"MJXp-mo\" id=\"MJXp-Span-12\" style=\"margin-left: 0em; margin-right: 0em;\"\u003e…\u003c/span\u003e\u003c/span\u003e\u003c/span\u003e\u003cscript type=\"math/tex\" id=\"MathJax-Element-2\"\u003e1, 2, 3, \\dots\u003c/script\u003e，如下图所示：\u003c/p\u003e\u003cp\u003e\u003cimg class=\"img-responsive center-block\" src=\"//img.uoj.ac/problem/247/a.png\" alt=\"图1\"\u003e\u003c/p\u003e\u003cp\u003e有 \u003cspan class=\"MathJax_Preview\" style=\"color: inherit;\"\u003e\u003cspan class=\"MJXp-math\" id=\"MJXp-Span-13\"\u003e\u003cspan class=\"MJXp-mi MJXp-italic\" id=\"MJXp-Span-14\"\u003ek\u003c/span\u003e\u003c/span\u003e\u003c/span\u003e\u003cscript type=\"math/tex\" id=\"MathJax-Element-3\"\u003ek\u003c/script\u003e 个传送控制器，每个控制器连接了两个不同的空格子，称为传送格。每个传送格仅可最多与一个传送控制器连接，并且传送格的 \u003cspan class=\"MathJax_Preview\" style=\"color: inherit;\"\u003e\u003cspan class=\"MJXp-math\" id=\"MJXp-Span-15\"\u003e\u003cspan class=\"MJXp-mn\" id=\"MJXp-Span-16\"\u003e8\u003c/span\u003e\u003c/span\u003e\u003c/span\u003e\u003cscript type=\"math/tex\" id=\"MathJax-Element-4\"\u003e8\u003c/script\u003e 个相邻格子不可能是另一个传送格或障碍物。\u003c/p\u003e\u003cp\u003e如果两个传送格由同一个控制器连接，那么机器人一旦从某个方向走到了其中一个格子，它就会立刻被传送到另一个格子上，并且以同样的方向移动到相邻格子上。显然这个过程中机器人不会再次被传送。\u003c/p\u003e\u003cp\u003e现在，科学家已经将机器人发送到某一个特定的格子上。由于一些技术上的原因，起始的格子总是与一个障碍物相邻。\u003c/p\u003e\u003cp\u003e例如在上图中，机器人可能会被发送到 \u003cspan class=\"MathJax_Preview\" style=\"color: inherit;\"\u003e\u003cspan class=\"MJXp-math\" id=\"MJXp-Span-17\"\u003e\u003cspan class=\"MJXp-mn\" id=\"MJXp-Span-18\"\u003e12\u003c/span\u003e\u003c/span\u003e\u003c/span\u003e\u003cscript type=\"math/tex\" id=\"MathJax-Element-5\"\u003e12\u003c/script\u003e 号格子。如果没有传送控制器，那么向机器人发送指令 \u003csamp\u003eEN\u003c/samp\u003e 后，机器人最后会停在 \u003cspan class=\"MathJax_Preview\" style=\"color: inherit;\"\u003e\u003cspan class=\"MJXp-math\" id=\"MJXp-Span-19\"\u003e\u003cspan class=\"MJXp-mn\" id=\"MJXp-Span-20\"\u003e8\u003c/span\u003e\u003c/span\u003e\u003c/span\u003e\u003cscript type=\"math/tex\" id=\"MathJax-Element-6\"\u003e8\u003c/script\u003e 号格子。但再向机器人发送 \u003csamp\u003eN\u003c/samp\u003e 指令时，机器人将被障碍物堵住。如果 \u003cspan class=\"MathJax_Preview\" style=\"color: inherit;\"\u003e\u003cspan class=\"MJXp-math\" id=\"MJXp-Span-21\"\u003e\u003cspan class=\"MJXp-mn\" id=\"MJXp-Span-22\"\u003e10\u003c/span\u003e\u003c/span\u003e\u003c/span\u003e\u003cscript type=\"math/tex\" id=\"MathJax-Element-7\"\u003e10\u003c/script\u003e 号格子和 \u003cspan class=\"MathJax_Preview\" style=\"color: inherit;\"\u003e\u003cspan class=\"MJXp-math\" id=\"MJXp-Span-23\"\u003e\u003cspan class=\"MJXp-mn\" id=\"MJXp-Span-24\"\u003e13\u003c/span\u003e\u003c/span\u003e\u003c/span\u003e\u003cscript type=\"math/tex\" id=\"MathJax-Element-8\"\u003e13\u003c/script\u003e 号格子之间有一个传送控制器，那么机器人就可以成功地执行 \u003csamp\u003eENN\u003c/samp\u003e 指令，实际的移动路线为 \u003cspan class=\"MathJax_Preview\" style=\"color: inherit;\"\u003e\u003cspan class=\"MJXp-math\" id=\"MJXp-Span-25\"\u003e\u003cspan class=\"MJXp-mn\" id=\"MJXp-Span-26\"\u003e12\u003c/span\u003e\u003cspan class=\"MJXp-mo\" id=\"MJXp-Span-27\" style=\"margin-left: 0.333em; margin-right: 0.333em;\"\u003e→\u003c/span\u003e\u003cspan class=\"MJXp-mo\" id=\"MJXp-Span-28\" style=\"margin-left: 0em; margin-right: 0em;\"\u003e(\u003c/span\u003e\u003cspan class=\"MJXp-mn\" id=\"MJXp-Span-29\"\u003e13\u003c/span\u003e\u003cspan class=\"MJXp-mo\" id=\"MJXp-Span-30\" style=\"margin-left: 0.333em; margin-right: 0.333em;\"\u003e→\u003c/span\u003e\u003cspan class=\"MJXp-mn\" id=\"MJXp-Span-31\"\u003e10\u003c/span\u003e\u003cspan class=\"MJXp-mo\" id=\"MJXp-Span-32\" style=\"margin-left: 0.333em; margin-right: 0.333em;\"\u003e→\u003c/span\u003e\u003cspan class=\"MJXp-mo\" id=\"MJXp-Span-33\" style=\"margin-left: 0em; margin-right: 0em;\"\u003e)\u003c/span\u003e\u003cspan class=\"MJXp-mn\" id=\"MJXp-Span-34\"\u003e11\u003c/span\u003e\u003cspan class=\"MJXp-mo\" id=\"MJXp-Span-35\" style=\"margin-left: 0.333em; margin-right: 0.333em;\"\u003e→\u003c/span\u003e\u003cspan class=\"MJXp-mn\" id=\"MJXp-Span-36\"\u003e5\u003c/span\u003e\u003cspan class=\"MJXp-mo\" id=\"MJXp-Span-37\" style=\"margin-left: 0.333em; margin-right: 0.333em;\"\u003e→\u003c/span\u003e\u003cspan class=\"MJXp-mn\" id=\"MJXp-Span-38\"\u003e1\u003c/span\u003e\u003c/span\u003e\u003c/span\u003e\u003cscript type=\"math/tex\" id=\"MathJax-Element-9\"\u003e12 \\rightarrow (13 \\rightarrow 10 \\rightarrow) 11 \\rightarrow 5 \\rightarrow 1\u003c/script\u003e。（\u003csamp\u003eE\u003c/samp\u003e、\u003csamp\u003eW\u003c/samp\u003e、\u003csamp\u003eS\u003c/samp\u003e、\u003csamp\u003eN\u003c/samp\u003e 分别代表东西南北四个方向）\u003c/p\u003e\u003cp\u003e你的任务是发送指令控制这台机器人，在合理的移动指令个数内发现所有传送控制器的位置。\u003c/p\u003e",
      "misc": ""
    },
    {
      "title": "交互格式",
      "content": "\u003cp\u003e本题是一道交互式试题，你的程序需要和交互程序通过标准输入输出进行交互。每次向标准输出打印了一行后，\u003cstrong\u003e请立即刷新缓冲区\u003c/strong\u003e。\u003c/p\u003e\u003cp\u003e第一行三个正整数 \u003cspan class=\"MathJax_Preview\" style=\"color: inherit;\"\u003e\u003cspan class=\"MJXp-math\" id=\"MJXp-Span-39\"\u003e\u003cspan class=\"MJXp-mi MJXp-italic\" id=\"MJXp-Span-40\"\u003en\u003c/span\u003e\u003cspan class=\"MJXp-mo\" id=\"MJXp-Span-41\" style=\"margin-left: 0em; margin-right: 0.222em;\"\u003e,\u003c/span\u003e\u003cspan class=\"MJXp-mi MJXp-italic\" id=\"MJXp-Span-42\"\u003em\u003c/span\u003e\u003cspan class=\"MJXp-mo\" id=\"MJXp-Span-43\" style=\"margin-left: 0em; margin-right: 0.222em;\"\u003e,\u003c/span\u003e\u003cspan class=\"MJXp-mi MJXp-italic\" id=\"MJXp-Span-44\"\u003ek\u003c/span\u003e\u003c/span\u003e\u003c/span\u003e\u003cscript type=\"math/tex\" id=\"MathJax-Element-10\"\u003en, m, k\u003c/script\u003e。\u003c/p\u003e\u003cp\u003e接下来 \u003cspan class=\"MathJax_Preview\" style=\"color: inherit;\"\u003e\u003cspan class=\"MJXp-math\" id=\"MJXp-Span-45\"\u003e\u003cspan class=\"MJXp-mi MJXp-italic\" id=\"MJXp-Span-46\"\u003en\u003c/span\u003e\u003c/span\u003e\u003c/span\u003e\u003cscript type=\"math/tex\" id=\"MathJax-Element-11\"\u003en\u003c/script\u003e 行，每行 \u003cspan class=\"MathJax_Preview\" style=\"color: inherit;\"\u003e\u003cspan class=\"MJXp-math\" id=\"MJXp-Span-47\"\u003e\u003cspan class=\"MJXp-mi MJXp-italic\" id=\"MJXp-Span-48\"\u003em\u003c/span\u003e\u003c/span\u003e\u003c/span\u003e\u003cscript type=\"math/tex\" id=\"MathJax-Element-12\"\u003em\u003c/script\u003e 个字符。其中 “\u003csamp\u003e.\u003c/samp\u003e” 表示空格子，“\u003csamp\u003e*\u003c/samp\u003e” 表示障碍物，“\u003csamp\u003eS\u003c/samp\u003e” 表示起始位置。\u003c/p\u003e\u003cp\u003e选手程序需要输出若干 MoveRobot 命令进行移动并读取交互程序返回的移动结果，最后输出恰好 \u003cspan class=\"MathJax_Preview\" style=\"color: inherit;\"\u003e\u003cspan class=\"MJXp-math\" id=\"MJXp-Span-49\"\u003e\u003cspan class=\"MJXp-mi MJXp-italic\" id=\"MJXp-Span-50\"\u003ek\u003c/span\u003e\u003c/span\u003e\u003c/span\u003e\u003cscript type=\"math/tex\" id=\"MathJax-Element-13\"\u003ek\u003c/script\u003e 个 Answer 命令提交答案。\u003c/p\u003e\u003cdiv class=\"table-responsive\"\u003e\n\u003ctable class=\"table table-bordered table-text-center table-vertical-middle\"\u003e\u003cthead\u003e\u003ctr\u003e\u003cth\u003e命令\u003c/th\u003e\n\u003cth\u003e描述\u003c/th\u003e\n\u003c/tr\u003e\u003c/thead\u003e\u003ctbody\u003e\u003ctr\u003e\u003ctd\u003e\u003csamp\u003eMoveRobot \u003cspan class=\"MathJax_Preview\" style=\"color: inherit;\"\u003e\u003cspan class=\"MJXp-math\" id=\"MJXp-Span-51\"\u003e\u003cspan class=\"MJXp-mi MJXp-italic\" id=\"MJXp-Span-52\"\u003eD\u003c/span\u003e\u003c/span\u003e\u003c/span\u003e\u003cscript type=\"math/tex\" id=\"MathJax-Element-14\"\u003eD\u003c/script\u003e\u003c/samp\u003e\u003c/td\u003e\u003ctd\u003e试图向方向 \u003cspan class=\"MathJax_Preview\" style=\"color: inherit;\"\u003e\u003cspan class=\"MJXp-math\" id=\"MJXp-Span-53\"\u003e\u003cspan class=\"MJXp-mi MJXp-italic\" id=\"MJXp-Span-54\"\u003eD\u003c/span\u003e\u003c/span\u003e\u003c/span\u003e\u003cscript type=\"math/tex\" id=\"MathJax-Element-15\"\u003eD\u003c/script\u003e 移动，若成功返回 \u003cspan class=\"MathJax_Preview\" style=\"color: inherit;\"\u003e\u003cspan class=\"MJXp-math\" id=\"MJXp-Span-55\"\u003e\u003cspan class=\"MJXp-mn\" id=\"MJXp-Span-56\"\u003e1\u003c/span\u003e\u003c/span\u003e\u003c/span\u003e\u003cscript type=\"math/tex\" id=\"MathJax-Element-16\"\u003e1\u003c/script\u003e，若失败返回 \u003cspan class=\"MathJax_Preview\" style=\"color: inherit;\"\u003e\u003cspan class=\"MJXp-math\" id=\"MJXp-Span-57\"\u003e\u003cspan class=\"MJXp-mn\" id=\"MJXp-Span-58\"\u003e0\u003c/span\u003e\u003c/span\u003e\u003c/span\u003e\u003cscript type=\"math/tex\" id=\"MathJax-Element-17\"\u003e0\u003c/script\u003e。\u003c/td\u003e\u003c/tr\u003e\u003ctr\u003e\u003ctd\u003e\u003csamp\u003eAnswer \u003cspan class=\"MathJax_Preview\" style=\"color: inherit;\"\u003e\u003cspan class=\"MJXp-math\" id=\"MJXp-Span-59\"\u003e\u003cspan class=\"MJXp-msubsup\" id=\"MJXp-Span-60\"\u003e\u003cspan class=\"MJXp-mrow\" id=\"MJXp-Span-61\" style=\"margin-right: 0.05em;\"\u003e\u003cspan class=\"MJXp-mi\" id=\"MJXp-Span-62\"\u003ep\u003c/span\u003e\u003cspan class=\"MJXp-mi\" id=\"MJXp-Span-63\"\u003eo\u003c/span\u003e\u003cspan class=\"MJXp-mi\" id=\"MJXp-Span-64\"\u003es\u003c/span\u003e\u003c/span\u003e\u003cspan class=\"MJXp-mn MJXp-script\" id=\"MJXp-Span-65\" style=\"vertical-align: -0.4em;\"\u003e1\u003c/span\u003e\u003c/span\u003e\u003c/span\u003e\u003c/span\u003e\u003cscript type=\"math/tex\" id=\"MathJax-Element-18\"\u003e\\mathrm{pos}_1\u003c/script\u003e \u003cspan class=\"MathJax_Preview\" style=\"color: inherit;\"\u003e\u003cspan class=\"MJXp-math\" id=\"MJXp-Span-66\"\u003e\u003cspan class=\"MJXp-msubsup\" id=\"MJXp-Span-67\"\u003e\u003cspan class=\"MJXp-mrow\" id=\"MJXp-Span-68\" style=\"margin-right: 0.05em;\"\u003e\u003cspan class=\"MJXp-mi\" id=\"MJXp-Span-69\"\u003ep\u003c/span\u003e\u003cspan class=\"MJXp-mi\" id=\"MJXp-Span-70\"\u003eo\u003c/span\u003e\u003cspan class=\"MJXp-mi\" id=\"MJXp-Span-71\"\u003es\u003c/span\u003e\u003c/span\u003e\u003cspan class=\"MJXp-mn MJXp-script\" id=\"MJXp-Span-72\" style=\"vertical-align: -0.4em;\"\u003e2\u003c/span\u003e\u003c/span\u003e\u003c/span\u003e\u003c/span\u003e\u003cscript type=\"math/tex\" id=\"MathJax-Element-19\"\u003e\\mathrm{pos}_2\u003c/script\u003e\u003c/samp\u003e\u003c/td\u003e\u003ctd\u003e告诉交互程序你找到了一个连接 \u003cspan class=\"MathJax_Preview\" style=\"color: inherit;\"\u003e\u003cspan class=\"MJXp-math\" id=\"MJXp-Span-73\"\u003e\u003cspan class=\"MJXp-msubsup\" id=\"MJXp-Span-74\"\u003e\u003cspan class=\"MJXp-mrow\" id=\"MJXp-Span-75\" style=\"margin-right: 0.05em;\"\u003e\u003cspan class=\"MJXp-mi\" id=\"MJXp-Span-76\"\u003ep\u003c/span\u003e\u003cspan class=\"MJXp-mi\" id=\"MJXp-Span-77\"\u003eo\u003c/span\u003e\u003cspan class=\"MJXp-mi\" id=\"MJXp-Span-78\"\u003es\u003c/span\u003e\u003c/span\u003e\u003cspan class=\"MJXp-mn MJXp-script\" id=\"MJXp-Span-79\" style=\"vertical-align: -0.4em;\"\u003e1\u003c/span\u003e\u003c/span\u003e\u003c/span\u003e\u003c/span\u003e\u003cscript type=\"math/tex\" id=\"MathJax-Element-20\"\u003e\\mathrm{pos}_1\u003c/script\u003e 和 \u003cspan class=\"MathJax_Preview\" style=\"color: inherit;\"\u003e\u003cspan class=\"MJXp-math\" id=\"MJXp-Span-80\"\u003e\u003cspan class=\"MJXp-msubsup\" id=\"MJXp-Span-81\"\u003e\u003cspan class=\"MJXp-mrow\" id=\"MJXp-Span-82\" style=\"margin-right: 0.05em;\"\u003e\u003cspan class=\"MJXp-mi\" id=\"MJXp-Span-83\"\u003ep\u003c/span\u003e\u003cspan class=\"MJXp-mi\" id=\"MJXp-Span-84\"\u003eo\u003c/span\u003e\u003cspan class=\"MJXp-mi\" id=\"MJXp-Span-85\"\u003es\u003c/span\u003e\u003c/span\u003e\u003cspan class=\"MJXp-mn MJXp-script\" id=\"MJXp-Span-86\" style=\"vertical-align: -0.4em;\"\u003e2\u003c/span\u003e\u003c/span\u003e\u003c/span\u003e\u003c/span\u003e\u003cscript type=\"math/tex\" id=\"MathJax-Element-21\"\u003e\\mathrm{pos}_2\u003c/script\u003e 的传送控制器，该命令不返回任何信息。\u003c/td\u003e\u003c/tr\u003e\u003c/tbody\u003e\u003c/table\u003e\u003c/div\u003e\u003cp\u003e注意每个传送控制器应被输出恰好一次，但可以按任意顺序。\u003c/p\u003e",
      "misc": ""
    },
    {
      "title": "限制与约定",
      "content": "\u003cp\u003e保证 \u003cspan class=\"MathJax_Preview\" style=\"color: inherit;\"\u003e\u003cspan class=\"MJXp-math\" id=\"MJXp-Span-87\"\u003e\u003cspan class=\"MJXp-mn\" id=\"MJXp-Span-88\"\u003e6\u003c/span\u003e\u003cspan class=\"MJXp-mo\" id=\"MJXp-Span-89\" style=\"margin-left: 0.333em; margin-right: 0.333em;\"\u003e≤\u003c/span\u003e\u003cspan class=\"MJXp-mi MJXp-italic\" id=\"MJXp-Span-90\"\u003en\u003c/span\u003e\u003cspan class=\"MJXp-mo\" id=\"MJXp-Span-91\" style=\"margin-left: 0em; margin-right: 0.222em;\"\u003e,\u003c/span\u003e\u003cspan class=\"MJXp-mi MJXp-italic\" id=\"MJXp-Span-92\"\u003em\u003c/span\u003e\u003cspan class=\"MJXp-mo\" id=\"MJXp-Span-93\" style=\"margin-left: 0.333em; margin-right: 0.333em;\"\u003e≤\u003c/span\u003e\u003cspan class=\"MJXp-mn\" id=\"MJXp-Span-94\"\u003e15\u003c/span\u003e\u003c/span\u003e\u003c/span\u003e\u003cscript type=\"math/tex\" id=\"MathJax-Element-22\"\u003e6 \\le n,m \\le 15\u003c/script\u003e，\u003cspan class=\"MathJax_Preview\" style=\"color: inherit;\"\u003e\u003cspan class=\"MJXp-math\" id=\"MJXp-Span-95\"\u003e\u003cspan class=\"MJXp-mn\" id=\"MJXp-Span-96\"\u003e1\u003c/span\u003e\u003cspan class=\"MJXp-mo\" id=\"MJXp-Span-97\" style=\"margin-left: 0.333em; margin-right: 0.333em;\"\u003e≤\u003c/span\u003e\u003cspan class=\"MJXp-mi MJXp-italic\" id=\"MJXp-Span-98\"\u003ek\u003c/span\u003e\u003cspan class=\"MJXp-mo\" id=\"MJXp-Span-99\" style=\"margin-left: 0.333em; margin-right: 0.333em;\"\u003e≤\u003c/span\u003e\u003cspan class=\"MJXp-mn\" id=\"MJXp-Span-100\"\u003e5\u003c/span\u003e\u003c/span\u003e\u003c/span\u003e\u003cscript type=\"math/tex\" id=\"MathJax-Element-23\"\u003e1 \\le k \\le 5\u003c/script\u003e。\u003c/p\u003e\u003cp\u003eMoveRobot 命令的调用次数不能超过 \u003cspan class=\"MathJax_Preview\" style=\"color: inherit;\"\u003e\u003cspan class=\"MJXp-math\" id=\"MJXp-Span-101\"\u003e\u003cspan class=\"MJXp-mn\" id=\"MJXp-Span-102\"\u003e32767\u003c/span\u003e\u003c/span\u003e\u003c/span\u003e\u003cscript type=\"math/tex\" id=\"MathJax-Element-24\"\u003e32767\u003c/script\u003e。\u003c/p\u003e",
      "misc": ""
    },
    {
      "title": "来源",
      "content": "\u003cp\u003eUva Online Judge，题目作者刘汝佳。\u003c/p\u003e",
      "misc": ""
    },
    {
      "title": "下载",
      "content": "\u003cp\u003e没有什么可下载的。\u003c/p\u003e",
      "misc": ""
    }
  ],
  "samples": [
    {
      "title": "样例一",
      "input": "",
      "output": "",
      "explanation": "",
      "misc": "\u003cdiv class=\"table-responsive\"\u003e\n\u003ctable class=\"table table-bordered table-condensed table-with-pre\"\u003e\u003cthead\u003e\u003ctr\u003e\u003cth\u003e交互程序输出\u003c/th\u003e\n\u003cth\u003e选手程序输出\u003c/th\u003e\n\u003c/tr\u003e\u003c/thead\u003e\u003ctbody\u003e\u003ctr\u003e\u003ctd\u003e\u003cpre\u003e7 8 1\n********\n*****..*\n***....*\n*.....**\n*S.....*\n*......*\n********\u003c/pre\u003e\u003c/td\u003e\u003ctd\u003e\u003c/td\u003e\u003c/tr\u003e\u003ctr\u003e\u003ctd\u003e\u003c/td\u003e\u003ctd\u003e\u003cpre\u003eMoveRobot E\u003c/pre\u003e\u003c/td\u003e\u003c/tr\u003e\u003ctr\u003e\u003ctd\u003e\u003cpre\u003e1\u003c/pre\u003e\u003c/td\u003e\u003ctd\u003e\u003c/td\u003e\u003c/tr\u003e\u003ctr\u003e\u003ctd\u003e\u003c/td\u003e\u003ctd\u003e\u003cpre\u003eMoveRobot N\u003c/pre\u003e\u003c/td\u003e\u003c/tr\u003e\u003ctr\u003e\u003ctd\u003e\u003cpre\u003e1\u003c/pre\u003e\u003c/td\u003e\u003ctd\u003e\u003c/td\u003e\u003c/tr\u003e\u003ctr\u003e\u003ctd\u003e\u003c/td\u003e\u003ctd\u003e\u003cpre\u003eMoveRobot N\u003c/pre\u003e\u003c/td\u003e\u003c/tr\u003e\u003ctr\u003e\u003ctd\u003e\u003cpre\u003e1\u003c/pre\u003e\u003c/td\u003e\u003ctd\u003e\u003c/td\u003e\u003c/tr\u003e\u003ctr\u003e\u003ctd\u003e\u003c/td\u003e\u003ctd\u003e\u003cpre\u003eMoveRobot W\u003c/pre\u003e\u003c/td\u003e\u003c/tr\u003e\u003ctr\u003e\u003ctd\u003e\u003cpre\u003e0\u003c/pre\u003e\u003c/td\u003e\u003ctd\u003e\u003c/td\u003e\u003c/tr\u003e\u003ctr\u003e\u003ctd\u003e\u003c/td\u003e\u003ctd\u003e\u003cpre\u003eMoveRobot N\u003c/pre\u003e\u003c/td\u003e\u003c/tr\u003e\u003ctr\u003e\u003ctd\u003e\u003cpre\u003e0\u003c/pre\u003e\u003c/td\u003e\u003ctd\u003e\u003c/td\u003e\u003c/tr\u003e\u003ctr\u003e\u003ctd\u003e\u003c/td\u003e\u003ctd\u003e\u003cpre\u003eMoveRobot E\u003c/pre\u003e\u003c/td\u003e\u003c/tr\u003e\u003ctr\u003e\u003ctd\u003e\u003cpre\u003e1\u003c/pre\u003e\u003c/td\u003e\u003ctd\u003e\u003c/td\u003e\u003c/tr\u003e\u003ctr\u003e\u003ctd\u003e\u003c/td\u003e\u003ctd\u003e\u003cpre\u003eMoveRobot E\u003c/pre\u003e\u003c/td\u003e\u003c/tr\u003e\u003ctr\u003e\u003ctd\u003e\u003cpre\u003e0\u003c/pre\u003e\u003c/td\u003e\u003ctd\u003e\u003c/td\u003e\u003c/tr\u003e\u003ctr\u003e\u003ctd\u003e\u003c/td\u003e\u003ctd\u003e\u003cpre\u003eAnswer 10 13\u003c/pre\u003e\u003c/td\u003e\u003c/tr\u003e\u003c/tbody\u003e\u003c/table\u003e\u003c/div\u003e"
    }
  ],
  "tags": [
    "UOJ",
    "Rujia Liu's Present 7"
  ],
  "rules": {
    "runtime": "1000000000",
    "memory": "268435456",
    "stack": "268435456",
    "source": "51200"
  },
  "meta": {
    "created": "2021-04-09T21:38:50.615103473+08:00",
    "updated": "2021-04-09T21:38:50.615103473+08:00",
    "checked": "2021-04-09T21:38:50.615103473+08:00"
  },
  "misc": ""
}
