{
  "id": "271",
  "title": "连通子树",
  "type": "traditional",
  "sections": [
    {
      "title": "",
      "content": "\u003cp\u003e小M至上主义者小D今天心情很好，准备给小M准备一个圣诞礼物。\u003c/p\u003e\u003cp\u003e他购买了一个圣诞树，这个圣诞树是一个有 \u003cspan class=\"MathJax_Preview\" style=\"color: inherit;\"\u003e\u003cspan class=\"MJXp-math\" id=\"MJXp-Span-1\"\u003e\u003cspan class=\"MJXp-mi MJXp-italic\" id=\"MJXp-Span-2\"\u003en\u003c/span\u003e\u003c/span\u003e\u003c/span\u003e\u003cscript type=\"math/tex\" id=\"MathJax-Element-1\"\u003en\u003c/script\u003e 个点的树，点 \u003cspan class=\"MathJax_Preview\" style=\"color: inherit;\"\u003e\u003cspan class=\"MJXp-math\" id=\"MJXp-Span-3\"\u003e\u003cspan class=\"MJXp-mi MJXp-italic\" id=\"MJXp-Span-4\"\u003ei\u003c/span\u003e\u003c/span\u003e\u003c/span\u003e\u003cscript type=\"math/tex\" id=\"MathJax-Element-2\"\u003ei\u003c/script\u003e 有一个颜色 \u003cspan class=\"MathJax_Preview\" style=\"color: inherit;\"\u003e\u003cspan class=\"MJXp-math\" id=\"MJXp-Span-5\"\u003e\u003cspan class=\"MJXp-msubsup\" id=\"MJXp-Span-6\"\u003e\u003cspan class=\"MJXp-mi MJXp-italic\" id=\"MJXp-Span-7\" style=\"margin-right: 0.05em;\"\u003ec\u003c/span\u003e\u003cspan class=\"MJXp-mi MJXp-italic MJXp-script\" id=\"MJXp-Span-8\" style=\"vertical-align: -0.4em;\"\u003ei\u003c/span\u003e\u003c/span\u003e\u003c/span\u003e\u003c/span\u003e\u003cscript type=\"math/tex\" id=\"MathJax-Element-3\"\u003ec_i\u003c/script\u003e。小D觉得如果某种颜色太多就不好看了，所以最多会有 \u003cspan class=\"MathJax_Preview\" style=\"color: inherit;\"\u003e\u003cspan class=\"MJXp-math\" id=\"MJXp-Span-9\"\u003e\u003cspan class=\"MJXp-mn\" id=\"MJXp-Span-10\"\u003e5\u003c/span\u003e\u003c/span\u003e\u003c/span\u003e\u003cscript type=\"math/tex\" id=\"MathJax-Element-4\"\u003e5\u003c/script\u003e 个点有相同的颜色。\u003c/p\u003e\u003cp\u003e小M收到了礼物很高兴，但是她最近对计数问题很感兴趣，于是她有一些问题想要小D解决。每次小M会关心三种不同的颜色 \u003cspan class=\"MathJax_Preview\" style=\"color: inherit;\"\u003e\u003cspan class=\"MJXp-math\" id=\"MJXp-Span-11\"\u003e\u003cspan class=\"MJXp-mi MJXp-italic\" id=\"MJXp-Span-12\"\u003ea\u003c/span\u003e\u003cspan class=\"MJXp-mo\" id=\"MJXp-Span-13\" style=\"margin-left: 0em; margin-right: 0.222em;\"\u003e,\u003c/span\u003e\u003cspan class=\"MJXp-mi MJXp-italic\" id=\"MJXp-Span-14\"\u003eb\u003c/span\u003e\u003cspan class=\"MJXp-mo\" id=\"MJXp-Span-15\" style=\"margin-left: 0em; margin-right: 0.222em;\"\u003e,\u003c/span\u003e\u003cspan class=\"MJXp-mi MJXp-italic\" id=\"MJXp-Span-16\"\u003ec\u003c/span\u003e\u003c/span\u003e\u003c/span\u003e\u003cscript type=\"math/tex\" id=\"MathJax-Element-5\"\u003ea,b,c\u003c/script\u003e，她想要知道这个圣诞树有多少个不同的\u003cstrong\u003e非空联通子图\u003c/strong\u003e满足里面颜色为 \u003cspan class=\"MathJax_Preview\" style=\"color: inherit;\"\u003e\u003cspan class=\"MJXp-math\" id=\"MJXp-Span-17\"\u003e\u003cspan class=\"MJXp-mi MJXp-italic\" id=\"MJXp-Span-18\"\u003ea\u003c/span\u003e\u003cspan class=\"MJXp-mo\" id=\"MJXp-Span-19\" style=\"margin-left: 0em; margin-right: 0.222em;\"\u003e,\u003c/span\u003e\u003cspan class=\"MJXp-mi MJXp-italic\" id=\"MJXp-Span-20\"\u003eb\u003c/span\u003e\u003cspan class=\"MJXp-mo\" id=\"MJXp-Span-21\" style=\"margin-left: 0em; margin-right: 0.222em;\"\u003e,\u003c/span\u003e\u003cspan class=\"MJXp-mi MJXp-italic\" id=\"MJXp-Span-22\"\u003ec\u003c/span\u003e\u003c/span\u003e\u003c/span\u003e\u003cscript type=\"math/tex\" id=\"MathJax-Element-6\"\u003ea,b,c\u003c/script\u003e 的点的个数分别为 \u003cspan class=\"MathJax_Preview\" style=\"color: inherit;\"\u003e\u003cspan class=\"MJXp-math\" id=\"MJXp-Span-23\"\u003e\u003cspan class=\"MJXp-msubsup\" id=\"MJXp-Span-24\"\u003e\u003cspan class=\"MJXp-mi MJXp-italic\" id=\"MJXp-Span-25\" style=\"margin-right: 0.05em;\"\u003en\u003c/span\u003e\u003cspan class=\"MJXp-mi MJXp-italic MJXp-script\" id=\"MJXp-Span-26\" style=\"vertical-align: -0.4em;\"\u003ea\u003c/span\u003e\u003c/span\u003e\u003cspan class=\"MJXp-mo\" id=\"MJXp-Span-27\" style=\"margin-left: 0em; margin-right: 0.222em;\"\u003e,\u003c/span\u003e\u003cspan class=\"MJXp-msubsup\" id=\"MJXp-Span-28\"\u003e\u003cspan class=\"MJXp-mi MJXp-italic\" id=\"MJXp-Span-29\" style=\"margin-right: 0.05em;\"\u003en\u003c/span\u003e\u003cspan class=\"MJXp-mi MJXp-italic MJXp-script\" id=\"MJXp-Span-30\" style=\"vertical-align: -0.4em;\"\u003eb\u003c/span\u003e\u003c/span\u003e\u003cspan class=\"MJXp-mo\" id=\"MJXp-Span-31\" style=\"margin-left: 0em; margin-right: 0.222em;\"\u003e,\u003c/span\u003e\u003cspan class=\"MJXp-msubsup\" id=\"MJXp-Span-32\"\u003e\u003cspan class=\"MJXp-mi MJXp-italic\" id=\"MJXp-Span-33\" style=\"margin-right: 0.05em;\"\u003en\u003c/span\u003e\u003cspan class=\"MJXp-mi MJXp-italic MJXp-script\" id=\"MJXp-Span-34\" style=\"vertical-align: -0.4em;\"\u003ec\u003c/span\u003e\u003c/span\u003e\u003c/span\u003e\u003c/span\u003e\u003cscript type=\"math/tex\" id=\"MathJax-Element-7\"\u003en_a,n_b,n_c\u003c/script\u003e。由于数可能很大，输出关于对 \u003cspan class=\"MathJax_Preview\" style=\"color: inherit;\"\u003e\u003cspan class=\"MJXp-math\" id=\"MJXp-Span-35\"\u003e\u003cspan class=\"MJXp-msubsup\" id=\"MJXp-Span-36\"\u003e\u003cspan class=\"MJXp-mn\" id=\"MJXp-Span-37\" style=\"margin-right: 0.05em;\"\u003e10\u003c/span\u003e\u003cspan class=\"MJXp-mn MJXp-script\" id=\"MJXp-Span-38\" style=\"vertical-align: 0.5em;\"\u003e9\u003c/span\u003e\u003c/span\u003e\u003cspan class=\"MJXp-mo\" id=\"MJXp-Span-39\" style=\"margin-left: 0.267em; margin-right: 0.267em;\"\u003e+\u003c/span\u003e\u003cspan class=\"MJXp-mn\" id=\"MJXp-Span-40\"\u003e7\u003c/span\u003e\u003c/span\u003e\u003c/span\u003e\u003cscript type=\"math/tex\" id=\"MathJax-Element-8\"\u003e10^9+7\u003c/script\u003e 取模的余数就可以了。\u003c/p\u003e\u003cp\u003e小D当然轻松解决了这个问题，你虽然被喂了狗粮，但你也想锻炼你的实力，你能解决这个问题吗？\u003c/p\u003e",
      "misc": ""
    },
    {
      "title": "输入格式",
      "content": "\u003cp\u003e第一行两个数 \u003cspan class=\"MathJax_Preview\" style=\"color: inherit;\"\u003e\u003cspan class=\"MJXp-math\" id=\"MJXp-Span-41\"\u003e\u003cspan class=\"MJXp-mi MJXp-italic\" id=\"MJXp-Span-42\"\u003en\u003c/span\u003e\u003c/span\u003e\u003c/span\u003e\u003cspan class=\"MathJax MathJax_Processing\" id=\"MathJax-Element-9-Frame\" tabindex=\"0\"\u003e\u003c/span\u003e\u003cscript type=\"math/tex\" id=\"MathJax-Element-9\"\u003en\u003c/script\u003e 和 \u003cspan class=\"MathJax_Preview\" style=\"color: inherit;\"\u003e\u003cspan class=\"MJXp-math\" id=\"MJXp-Span-43\"\u003e\u003cspan class=\"MJXp-mi MJXp-italic\" id=\"MJXp-Span-44\"\u003eQ\u003c/span\u003e\u003c/span\u003e\u003c/span\u003e\u003cspan class=\"MathJax MathJax_Processing\" id=\"MathJax-Element-10-Frame\" tabindex=\"0\"\u003e\u003c/span\u003e\u003cscript type=\"math/tex\" id=\"MathJax-Element-10\"\u003eQ\u003c/script\u003e，表示树的大小和询问的个数。\n第二行 \u003cspan class=\"MathJax_Preview\" style=\"color: inherit;\"\u003e\u003cspan class=\"MJXp-math\" id=\"MJXp-Span-45\"\u003e\u003cspan class=\"MJXp-mi MJXp-italic\" id=\"MJXp-Span-46\"\u003en\u003c/span\u003e\u003c/span\u003e\u003c/span\u003e\u003cspan class=\"MathJax MathJax_Processing\" id=\"MathJax-Element-11-Frame\" tabindex=\"0\"\u003e\u003c/span\u003e\u003cscript type=\"math/tex\" id=\"MathJax-Element-11\"\u003en\u003c/script\u003e 个数，其中第 \u003cspan class=\"MathJax_Preview\" style=\"color: inherit;\"\u003e\u003cspan class=\"MJXp-math\" id=\"MJXp-Span-47\"\u003e\u003cspan class=\"MJXp-mi MJXp-italic\" id=\"MJXp-Span-48\"\u003ei\u003c/span\u003e\u003c/span\u003e\u003c/span\u003e\u003cspan class=\"MathJax MathJax_Processing\" id=\"MathJax-Element-12-Frame\" tabindex=\"0\"\u003e\u003c/span\u003e\u003cscript type=\"math/tex\" id=\"MathJax-Element-12\"\u003ei\u003c/script\u003e 个表示 \u003cspan class=\"MathJax_Preview\" style=\"color: inherit;\"\u003e\u003cspan class=\"MJXp-math\" id=\"MJXp-Span-49\"\u003e\u003cspan class=\"MJXp-msubsup\" id=\"MJXp-Span-50\"\u003e\u003cspan class=\"MJXp-mi MJXp-italic\" id=\"MJXp-Span-51\" style=\"margin-right: 0.05em;\"\u003ec\u003c/span\u003e\u003cspan class=\"MJXp-mi MJXp-italic MJXp-script\" id=\"MJXp-Span-52\" style=\"vertical-align: -0.4em;\"\u003ei\u003c/span\u003e\u003c/span\u003e\u003c/span\u003e\u003c/span\u003e\u003cspan class=\"MathJax MathJax_Processing\" id=\"MathJax-Element-13-Frame\" tabindex=\"0\"\u003e\u003c/span\u003e\u003cscript type=\"math/tex\" id=\"MathJax-Element-13\"\u003ec_i\u003c/script\u003e，为第 \u003cspan class=\"MathJax_Preview\" style=\"color: inherit;\"\u003e\u003cspan class=\"MJXp-math\" id=\"MJXp-Span-53\"\u003e\u003cspan class=\"MJXp-mi MJXp-italic\" id=\"MJXp-Span-54\"\u003ei\u003c/span\u003e\u003c/span\u003e\u003c/span\u003e\u003cspan class=\"MathJax MathJax_Processing\" id=\"MathJax-Element-14-Frame\" tabindex=\"0\"\u003e\u003c/span\u003e\u003cscript type=\"math/tex\" id=\"MathJax-Element-14\"\u003ei\u003c/script\u003e 个节点的颜色。\n接下来 \u003cspan class=\"MathJax_Preview\" style=\"color: inherit;\"\u003e\u003cspan class=\"MJXp-math\" id=\"MJXp-Span-55\"\u003e\u003cspan class=\"MJXp-mi MJXp-italic\" id=\"MJXp-Span-56\"\u003en\u003c/span\u003e\u003cspan class=\"MJXp-mo\" id=\"MJXp-Span-57\" style=\"margin-left: 0.267em; margin-right: 0.267em;\"\u003e−\u003c/span\u003e\u003cspan class=\"MJXp-mn\" id=\"MJXp-Span-58\"\u003e1\u003c/span\u003e\u003c/span\u003e\u003c/span\u003e\u003cspan class=\"MathJax MathJax_Processing\" id=\"MathJax-Element-15-Frame\" tabindex=\"0\"\u003e\u003c/span\u003e\u003cscript type=\"math/tex\" id=\"MathJax-Element-15\"\u003en-1\u003c/script\u003e 行，每行两个数 \u003cspan class=\"MathJax_Preview\" style=\"color: inherit;\"\u003e\u003cspan class=\"MJXp-math\" id=\"MJXp-Span-59\"\u003e\u003cspan class=\"MJXp-mi MJXp-italic\" id=\"MJXp-Span-60\"\u003ea\u003c/span\u003e\u003c/span\u003e\u003c/span\u003e\u003cspan class=\"MathJax MathJax_Processing\" id=\"MathJax-Element-16-Frame\" tabindex=\"0\"\u003e\u003c/span\u003e\u003cscript type=\"math/tex\" id=\"MathJax-Element-16\"\u003ea\u003c/script\u003e 和 \u003cspan class=\"MathJax_Preview\" style=\"color: inherit;\"\u003e\u003cspan class=\"MJXp-math\" id=\"MJXp-Span-61\"\u003e\u003cspan class=\"MJXp-mi MJXp-italic\" id=\"MJXp-Span-62\"\u003eb\u003c/span\u003e\u003c/span\u003e\u003c/span\u003e\u003cspan class=\"MathJax MathJax_Processing\" id=\"MathJax-Element-17-Frame\" tabindex=\"0\"\u003e\u003c/span\u003e\u003cscript type=\"math/tex\" id=\"MathJax-Element-17\"\u003eb\u003c/script\u003e，表示点 \u003cspan class=\"MathJax_Preview\" style=\"color: inherit;\"\u003e\u003cspan class=\"MJXp-math\" id=\"MJXp-Span-63\"\u003e\u003cspan class=\"MJXp-mi MJXp-italic\" id=\"MJXp-Span-64\"\u003ea\u003c/span\u003e\u003c/span\u003e\u003c/span\u003e\u003cspan class=\"MathJax MathJax_Processing\" id=\"MathJax-Element-18-Frame\" tabindex=\"0\"\u003e\u003c/span\u003e\u003cscript type=\"math/tex\" id=\"MathJax-Element-18\"\u003ea\u003c/script\u003e 和点 \u003cspan class=\"MathJax_Preview\" style=\"color: inherit;\"\u003e\u003cspan class=\"MJXp-math\" id=\"MJXp-Span-65\"\u003e\u003cspan class=\"MJXp-mi MJXp-italic\" id=\"MJXp-Span-66\"\u003eb\u003c/span\u003e\u003c/span\u003e\u003c/span\u003e\u003cspan class=\"MathJax MathJax_Processing\" id=\"MathJax-Element-19-Frame\" tabindex=\"0\"\u003e\u003c/span\u003e\u003cscript type=\"math/tex\" id=\"MathJax-Element-19\"\u003eb\u003c/script\u003e 之间有一条边。\n接下来 \u003cspan class=\"MathJax_Preview\" style=\"color: inherit;\"\u003e\u003cspan class=\"MJXp-math\" id=\"MJXp-Span-67\"\u003e\u003cspan class=\"MJXp-mi MJXp-italic\" id=\"MJXp-Span-68\"\u003eQ\u003c/span\u003e\u003c/span\u003e\u003c/span\u003e\u003cspan class=\"MathJax MathJax_Processing\" id=\"MathJax-Element-20-Frame\" tabindex=\"0\"\u003e\u003c/span\u003e\u003cscript type=\"math/tex\" id=\"MathJax-Element-20\"\u003eQ\u003c/script\u003e 行，其中每行有 \u003cspan class=\"MathJax_Preview\" style=\"color: inherit;\"\u003e\u003cspan class=\"MJXp-math\" id=\"MJXp-Span-69\"\u003e\u003cspan class=\"MJXp-mn\" id=\"MJXp-Span-70\"\u003e6\u003c/span\u003e\u003c/span\u003e\u003c/span\u003e\u003cspan class=\"MathJax MathJax_Processing\" id=\"MathJax-Element-21-Frame\" tabindex=\"0\"\u003e\u003c/span\u003e\u003cscript type=\"math/tex\" id=\"MathJax-Element-21\"\u003e6\u003c/script\u003e 个数 \u003cspan class=\"MathJax_Preview\" style=\"color: inherit;\"\u003e\u003cspan class=\"MJXp-math\" id=\"MJXp-Span-71\"\u003e\u003cspan class=\"MJXp-mi MJXp-italic\" id=\"MJXp-Span-72\"\u003ea\u003c/span\u003e\u003cspan class=\"MJXp-mo\" id=\"MJXp-Span-73\" style=\"margin-left: 0em; margin-right: 0.222em;\"\u003e,\u003c/span\u003e\u003cspan class=\"MJXp-msubsup\" id=\"MJXp-Span-74\"\u003e\u003cspan class=\"MJXp-mi MJXp-italic\" id=\"MJXp-Span-75\" style=\"margin-right: 0.05em;\"\u003en\u003c/span\u003e\u003cspan class=\"MJXp-mi MJXp-italic MJXp-script\" id=\"MJXp-Span-76\" style=\"vertical-align: -0.4em;\"\u003ea\u003c/span\u003e\u003c/span\u003e\u003cspan class=\"MJXp-mo\" id=\"MJXp-Span-77\" style=\"margin-left: 0em; margin-right: 0.222em;\"\u003e,\u003c/span\u003e\u003cspan class=\"MJXp-mi MJXp-italic\" id=\"MJXp-Span-78\"\u003eb\u003c/span\u003e\u003cspan class=\"MJXp-mo\" id=\"MJXp-Span-79\" style=\"margin-left: 0em; margin-right: 0.222em;\"\u003e,\u003c/span\u003e\u003cspan class=\"MJXp-msubsup\" id=\"MJXp-Span-80\"\u003e\u003cspan class=\"MJXp-mi MJXp-italic\" id=\"MJXp-Span-81\" style=\"margin-right: 0.05em;\"\u003en\u003c/span\u003e\u003cspan class=\"MJXp-mi MJXp-italic MJXp-script\" id=\"MJXp-Span-82\" style=\"vertical-align: -0.4em;\"\u003eb\u003c/span\u003e\u003c/span\u003e\u003cspan class=\"MJXp-mo\" id=\"MJXp-Span-83\" style=\"margin-left: 0em; margin-right: 0.222em;\"\u003e,\u003c/span\u003e\u003cspan class=\"MJXp-mi MJXp-italic\" id=\"MJXp-Span-84\"\u003ec\u003c/span\u003e\u003cspan class=\"MJXp-mo\" id=\"MJXp-Span-85\" style=\"margin-left: 0em; margin-right: 0.222em;\"\u003e,\u003c/span\u003e\u003cspan class=\"MJXp-msubsup\" id=\"MJXp-Span-86\"\u003e\u003cspan class=\"MJXp-mi MJXp-italic\" id=\"MJXp-Span-87\" style=\"margin-right: 0.05em;\"\u003en\u003c/span\u003e\u003cspan class=\"MJXp-mi MJXp-italic MJXp-script\" id=\"MJXp-Span-88\" style=\"vertical-align: -0.4em;\"\u003ec\u003c/span\u003e\u003c/span\u003e\u003c/span\u003e\u003c/span\u003e\u003cspan class=\"MathJax MathJax_Processing\" id=\"MathJax-Element-22-Frame\" tabindex=\"0\"\u003e\u003c/span\u003e\u003cscript type=\"math/tex\" id=\"MathJax-Element-22\"\u003ea,n_a,b,n_b,c,n_c\u003c/script\u003e，表示如题目中所述的询问。\u003c/p\u003e",
      "misc": ""
    },
    {
      "title": "输出格式",
      "content": "\u003cp\u003e对每个询问输出一行表示答案。\u003c/p\u003e",
      "misc": ""
    },
    {
      "title": "限制与约定",
      "content": "\u003cp\u003e对于每个 \u003cspan class=\"MathJax_Preview\" style=\"color: inherit;\"\u003e\u003cspan class=\"MJXp-math\" id=\"MJXp-Span-89\"\u003e\u003cspan class=\"MJXp-mn\" id=\"MJXp-Span-90\"\u003e1\u003c/span\u003e\u003cspan class=\"MJXp-mo\" id=\"MJXp-Span-91\" style=\"margin-left: 0.333em; margin-right: 0.333em;\"\u003e≤\u003c/span\u003e\u003cspan class=\"MJXp-mi MJXp-italic\" id=\"MJXp-Span-92\"\u003ei\u003c/span\u003e\u003cspan class=\"MJXp-mo\" id=\"MJXp-Span-93\" style=\"margin-left: 0.333em; margin-right: 0.333em;\"\u003e≤\u003c/span\u003e\u003cspan class=\"MJXp-mi MJXp-italic\" id=\"MJXp-Span-94\"\u003en\u003c/span\u003e\u003c/span\u003e\u003c/span\u003e\u003cspan class=\"MathJax MathJax_Processing\" id=\"MathJax-Element-23-Frame\" tabindex=\"0\"\u003e\u003c/span\u003e\u003cscript type=\"math/tex\" id=\"MathJax-Element-23\"\u003e 1 \\le i \\le n\u003c/script\u003e, \u003cspan class=\"MathJax_Preview\" style=\"color: inherit;\"\u003e\u003cspan class=\"MJXp-math\" id=\"MJXp-Span-95\"\u003e\u003cspan class=\"MJXp-mn\" id=\"MJXp-Span-96\"\u003e1\u003c/span\u003e\u003cspan class=\"MJXp-mo\" id=\"MJXp-Span-97\" style=\"margin-left: 0.333em; margin-right: 0.333em;\"\u003e≤\u003c/span\u003e\u003cspan class=\"MJXp-msubsup\" id=\"MJXp-Span-98\"\u003e\u003cspan class=\"MJXp-mi MJXp-italic\" id=\"MJXp-Span-99\" style=\"margin-right: 0.05em;\"\u003ec\u003c/span\u003e\u003cspan class=\"MJXp-mi MJXp-italic MJXp-script\" id=\"MJXp-Span-100\" style=\"vertical-align: -0.4em;\"\u003ei\u003c/span\u003e\u003c/span\u003e\u003cspan class=\"MJXp-mo\" id=\"MJXp-Span-101\" style=\"margin-left: 0.333em; margin-right: 0.333em;\"\u003e≤\u003c/span\u003e\u003cspan class=\"MJXp-mi MJXp-italic\" id=\"MJXp-Span-102\"\u003en\u003c/span\u003e\u003c/span\u003e\u003c/span\u003e\u003cspan class=\"MathJax MathJax_Processing\" id=\"MathJax-Element-24-Frame\" tabindex=\"0\"\u003e\u003c/span\u003e\u003cscript type=\"math/tex\" id=\"MathJax-Element-24\"\u003e1 \\le c_i \\le n\u003c/script\u003e。\u003c/p\u003e\u003cp\u003e对于每个询问我们有: \u003cspan class=\"MathJax_Preview\" style=\"color: inherit;\"\u003e\u003cspan class=\"MJXp-math\" id=\"MJXp-Span-103\"\u003e\u003cspan class=\"MJXp-mn\" id=\"MJXp-Span-104\"\u003e0\u003c/span\u003e\u003cspan class=\"MJXp-mo\" id=\"MJXp-Span-105\" style=\"margin-left: 0.333em; margin-right: 0.333em;\"\u003e≤\u003c/span\u003e\u003cspan class=\"MJXp-msubsup\" id=\"MJXp-Span-106\"\u003e\u003cspan class=\"MJXp-mi MJXp-italic\" id=\"MJXp-Span-107\" style=\"margin-right: 0.05em;\"\u003en\u003c/span\u003e\u003cspan class=\"MJXp-mi MJXp-italic MJXp-script\" id=\"MJXp-Span-108\" style=\"vertical-align: -0.4em;\"\u003ea\u003c/span\u003e\u003c/span\u003e\u003cspan class=\"MJXp-mo\" id=\"MJXp-Span-109\" style=\"margin-left: 0em; margin-right: 0.222em;\"\u003e,\u003c/span\u003e\u003cspan class=\"MJXp-msubsup\" id=\"MJXp-Span-110\"\u003e\u003cspan class=\"MJXp-mi MJXp-italic\" id=\"MJXp-Span-111\" style=\"margin-right: 0.05em;\"\u003en\u003c/span\u003e\u003cspan class=\"MJXp-mi MJXp-italic MJXp-script\" id=\"MJXp-Span-112\" style=\"vertical-align: -0.4em;\"\u003eb\u003c/span\u003e\u003c/span\u003e\u003cspan class=\"MJXp-mo\" id=\"MJXp-Span-113\" style=\"margin-left: 0em; margin-right: 0.222em;\"\u003e,\u003c/span\u003e\u003cspan class=\"MJXp-msubsup\" id=\"MJXp-Span-114\"\u003e\u003cspan class=\"MJXp-mi MJXp-italic\" id=\"MJXp-Span-115\" style=\"margin-right: 0.05em;\"\u003en\u003c/span\u003e\u003cspan class=\"MJXp-mi MJXp-italic MJXp-script\" id=\"MJXp-Span-116\" style=\"vertical-align: -0.4em;\"\u003ec\u003c/span\u003e\u003c/span\u003e\u003cspan class=\"MJXp-mo\" id=\"MJXp-Span-117\" style=\"margin-left: 0.333em; margin-right: 0.333em;\"\u003e≤\u003c/span\u003e\u003cspan class=\"MJXp-mn\" id=\"MJXp-Span-118\"\u003e5\u003c/span\u003e\u003c/span\u003e\u003c/span\u003e\u003cspan class=\"MathJax MathJax_Processing\" id=\"MathJax-Element-25-Frame\" tabindex=\"0\"\u003e\u003c/span\u003e\u003cscript type=\"math/tex\" id=\"MathJax-Element-25\"\u003e0 \\le n_a,n_b,n_c \\le 5\u003c/script\u003e, \u003cspan class=\"MathJax_Preview\" style=\"color: inherit;\"\u003e\u003cspan class=\"MJXp-math\" id=\"MJXp-Span-119\"\u003e\u003cspan class=\"MJXp-mn\" id=\"MJXp-Span-120\"\u003e1\u003c/span\u003e\u003cspan class=\"MJXp-mo\" id=\"MJXp-Span-121\" style=\"margin-left: 0.333em; margin-right: 0.333em;\"\u003e≤\u003c/span\u003e\u003cspan class=\"MJXp-mi MJXp-italic\" id=\"MJXp-Span-122\"\u003ea\u003c/span\u003e\u003cspan class=\"MJXp-mo\" id=\"MJXp-Span-123\" style=\"margin-left: 0em; margin-right: 0.222em;\"\u003e,\u003c/span\u003e\u003cspan class=\"MJXp-mi MJXp-italic\" id=\"MJXp-Span-124\"\u003eb\u003c/span\u003e\u003cspan class=\"MJXp-mo\" id=\"MJXp-Span-125\" style=\"margin-left: 0em; margin-right: 0.222em;\"\u003e,\u003c/span\u003e\u003cspan class=\"MJXp-mi MJXp-italic\" id=\"MJXp-Span-126\"\u003ec\u003c/span\u003e\u003cspan class=\"MJXp-mo\" id=\"MJXp-Span-127\" style=\"margin-left: 0.333em; margin-right: 0.333em;\"\u003e≤\u003c/span\u003e\u003cspan class=\"MJXp-mi MJXp-italic\" id=\"MJXp-Span-128\"\u003en\u003c/span\u003e\u003c/span\u003e\u003c/span\u003e\u003cspan class=\"MathJax MathJax_Processing\" id=\"MathJax-Element-26-Frame\" tabindex=\"0\"\u003e\u003c/span\u003e\u003cscript type=\"math/tex\" id=\"MathJax-Element-26\"\u003e1 \\le a,b,c \\le n\u003c/script\u003e 以及 \u003cspan class=\"MathJax_Preview\" style=\"color: inherit;\"\u003e\u003cspan class=\"MJXp-math\" id=\"MJXp-Span-129\"\u003e\u003cspan class=\"MJXp-mi MJXp-italic\" id=\"MJXp-Span-130\"\u003ea\u003c/span\u003e\u003cspan class=\"MJXp-mo\" id=\"MJXp-Span-131\" style=\"margin-left: 0em; margin-right: 0.222em;\"\u003e,\u003c/span\u003e\u003cspan class=\"MJXp-mi MJXp-italic\" id=\"MJXp-Span-132\"\u003eb\u003c/span\u003e\u003cspan class=\"MJXp-mo\" id=\"MJXp-Span-133\" style=\"margin-left: 0em; margin-right: 0.222em;\"\u003e,\u003c/span\u003e\u003cspan class=\"MJXp-mi MJXp-italic\" id=\"MJXp-Span-134\"\u003ec\u003c/span\u003e\u003c/span\u003e\u003c/span\u003e\u003cspan class=\"MathJax MathJax_Processing\" id=\"MathJax-Element-27-Frame\" tabindex=\"0\"\u003e\u003c/span\u003e\u003cscript type=\"math/tex\" id=\"MathJax-Element-27\"\u003ea,b,c\u003c/script\u003e 两两不同。\u003c/p\u003e\u003cp\u003e对于 \u003cspan class=\"MathJax_Preview\" style=\"color: inherit;\"\u003e\u003cspan class=\"MJXp-math\" id=\"MJXp-Span-135\"\u003e\u003cspan class=\"MJXp-mn\" id=\"MJXp-Span-136\"\u003e10\u003c/span\u003e\u003cspan class=\"MJXp-mi\" id=\"MJXp-Span-137\"\u003e%\u003c/span\u003e\u003c/span\u003e\u003c/span\u003e\u003cspan class=\"MathJax MathJax_Processing\" id=\"MathJax-Element-28-Frame\" tabindex=\"0\"\u003e\u003c/span\u003e\u003cscript type=\"math/tex\" id=\"MathJax-Element-28\"\u003e10\\%\u003c/script\u003e 的询问, \u003cspan class=\"MathJax_Preview\" style=\"color: inherit;\"\u003e\u003cspan class=\"MJXp-math\" id=\"MJXp-Span-138\"\u003e\u003cspan class=\"MJXp-mi MJXp-italic\" id=\"MJXp-Span-139\"\u003en\u003c/span\u003e\u003cspan class=\"MJXp-mo\" id=\"MJXp-Span-140\" style=\"margin-left: 0em; margin-right: 0.222em;\"\u003e,\u003c/span\u003e\u003cspan class=\"MJXp-mi MJXp-italic\" id=\"MJXp-Span-141\"\u003eQ\u003c/span\u003e\u003cspan class=\"MJXp-mo\" id=\"MJXp-Span-142\" style=\"margin-left: 0.333em; margin-right: 0.333em;\"\u003e≤\u003c/span\u003e\u003cspan class=\"MJXp-mn\" id=\"MJXp-Span-143\"\u003e10\u003c/span\u003e\u003c/span\u003e\u003c/span\u003e\u003cspan class=\"MathJax MathJax_Processing\" id=\"MathJax-Element-29-Frame\" tabindex=\"0\"\u003e\u003c/span\u003e\u003cscript type=\"math/tex\" id=\"MathJax-Element-29\"\u003en,Q \\le10\u003c/script\u003e。\u003c/p\u003e\u003cp\u003e对于另 \u003cspan class=\"MathJax_Preview\" style=\"color: inherit;\"\u003e\u003cspan class=\"MJXp-math\" id=\"MJXp-Span-144\"\u003e\u003cspan class=\"MJXp-mn\" id=\"MJXp-Span-145\"\u003e10\u003c/span\u003e\u003cspan class=\"MJXp-mi\" id=\"MJXp-Span-146\"\u003e%\u003c/span\u003e\u003c/span\u003e\u003c/span\u003e\u003cspan class=\"MathJax MathJax_Processing\" id=\"MathJax-Element-30-Frame\" tabindex=\"0\"\u003e\u003c/span\u003e\u003cscript type=\"math/tex\" id=\"MathJax-Element-30\"\u003e10\\%\u003c/script\u003e 的询问, \u003cspan class=\"MathJax_Preview\" style=\"color: inherit;\"\u003e\u003cspan class=\"MJXp-math\" id=\"MJXp-Span-147\"\u003e\u003cspan class=\"MJXp-mi MJXp-italic\" id=\"MJXp-Span-148\"\u003en\u003c/span\u003e\u003cspan class=\"MJXp-mo\" id=\"MJXp-Span-149\" style=\"margin-left: 0.333em; margin-right: 0.333em;\"\u003e≤\u003c/span\u003e\u003cspan class=\"MJXp-mn\" id=\"MJXp-Span-150\"\u003e15\u003c/span\u003e\u003cspan class=\"MJXp-mo\" id=\"MJXp-Span-151\" style=\"margin-left: 0em; margin-right: 0.222em;\"\u003e,\u003c/span\u003e\u003cspan class=\"MJXp-mi MJXp-italic\" id=\"MJXp-Span-152\"\u003eQ\u003c/span\u003e\u003cspan class=\"MJXp-mo\" id=\"MJXp-Span-153\" style=\"margin-left: 0.333em; margin-right: 0.333em;\"\u003e≤\u003c/span\u003e\u003cspan class=\"MJXp-mn\" id=\"MJXp-Span-154\"\u003e50\u003c/span\u003e\u003c/span\u003e\u003c/span\u003e\u003cspan class=\"MathJax MathJax_Processing\" id=\"MathJax-Element-31-Frame\" tabindex=\"0\"\u003e\u003c/span\u003e\u003cscript type=\"math/tex\" id=\"MathJax-Element-31\"\u003en\\le15,Q\\le50\u003c/script\u003e。\u003c/p\u003e\u003cp\u003e对于另 \u003cspan class=\"MathJax_Preview\" style=\"color: inherit;\"\u003e\u003cspan class=\"MJXp-math\" id=\"MJXp-Span-155\"\u003e\u003cspan class=\"MJXp-mn\" id=\"MJXp-Span-156\"\u003e10\u003c/span\u003e\u003cspan class=\"MJXp-mi\" id=\"MJXp-Span-157\"\u003e%\u003c/span\u003e\u003c/span\u003e\u003c/span\u003e\u003cspan class=\"MathJax MathJax_Processing\" id=\"MathJax-Element-32-Frame\" tabindex=\"0\"\u003e\u003c/span\u003e\u003cscript type=\"math/tex\" id=\"MathJax-Element-32\"\u003e10\\%\u003c/script\u003e 的询问, \u003cspan class=\"MathJax_Preview\" style=\"color: inherit;\"\u003e\u003cspan class=\"MJXp-math\" id=\"MJXp-Span-158\"\u003e\u003cspan class=\"MJXp-mi MJXp-italic\" id=\"MJXp-Span-159\"\u003en\u003c/span\u003e\u003cspan class=\"MJXp-mo\" id=\"MJXp-Span-160\" style=\"margin-left: 0em; margin-right: 0.222em;\"\u003e,\u003c/span\u003e\u003cspan class=\"MJXp-mi MJXp-italic\" id=\"MJXp-Span-161\"\u003eQ\u003c/span\u003e\u003cspan class=\"MJXp-mo\" id=\"MJXp-Span-162\" style=\"margin-left: 0.333em; margin-right: 0.333em;\"\u003e≤\u003c/span\u003e\u003cspan class=\"MJXp-mn\" id=\"MJXp-Span-163\"\u003e1000\u003c/span\u003e\u003c/span\u003e\u003c/span\u003e\u003cspan class=\"MathJax MathJax_Processing\" id=\"MathJax-Element-33-Frame\" tabindex=\"0\"\u003e\u003c/span\u003e\u003cscript type=\"math/tex\" id=\"MathJax-Element-33\"\u003en,Q \\le1000\u003c/script\u003e。\u003c/p\u003e\u003cp\u003e对于另 \u003cspan class=\"MathJax_Preview\" style=\"color: inherit;\"\u003e\u003cspan class=\"MJXp-math\" id=\"MJXp-Span-164\"\u003e\u003cspan class=\"MJXp-mn\" id=\"MJXp-Span-165\"\u003e5\u003c/span\u003e\u003cspan class=\"MJXp-mi\" id=\"MJXp-Span-166\"\u003e%\u003c/span\u003e\u003c/span\u003e\u003c/span\u003e\u003cspan class=\"MathJax MathJax_Processing\" id=\"MathJax-Element-34-Frame\" tabindex=\"0\"\u003e\u003c/span\u003e\u003cscript type=\"math/tex\" id=\"MathJax-Element-34\"\u003e5\\%\u003c/script\u003e 的询问, \u003cspan class=\"MathJax_Preview\" style=\"color: inherit;\"\u003e\u003cspan class=\"MJXp-math\" id=\"MJXp-Span-167\"\u003e\u003cspan class=\"MJXp-mi MJXp-italic\" id=\"MJXp-Span-168\"\u003en\u003c/span\u003e\u003cspan class=\"MJXp-mo\" id=\"MJXp-Span-169\" style=\"margin-left: 0em; margin-right: 0.222em;\"\u003e,\u003c/span\u003e\u003cspan class=\"MJXp-mi MJXp-italic\" id=\"MJXp-Span-170\"\u003eQ\u003c/span\u003e\u003cspan class=\"MJXp-mo\" id=\"MJXp-Span-171\" style=\"margin-left: 0.333em; margin-right: 0.333em;\"\u003e≤\u003c/span\u003e\u003cspan class=\"MJXp-mn\" id=\"MJXp-Span-172\"\u003e50000\u003c/span\u003e\u003c/span\u003e\u003c/span\u003e\u003cspan class=\"MathJax MathJax_Processing\" id=\"MathJax-Element-35-Frame\" tabindex=\"0\"\u003e\u003c/span\u003e\u003cscript type=\"math/tex\" id=\"MathJax-Element-35\"\u003en,Q \\le 50000\u003c/script\u003e，并且输入的树如果以点 \u003cspan class=\"MathJax_Preview\" style=\"color: inherit;\"\u003e\u003cspan class=\"MJXp-math\" id=\"MJXp-Span-173\"\u003e\u003cspan class=\"MJXp-mn\" id=\"MJXp-Span-174\"\u003e1\u003c/span\u003e\u003c/span\u003e\u003c/span\u003e\u003cspan class=\"MathJax MathJax_Processing\" id=\"MathJax-Element-36-Frame\" tabindex=\"0\"\u003e\u003c/span\u003e\u003cscript type=\"math/tex\" id=\"MathJax-Element-36\"\u003e1\u003c/script\u003e 为根，最大深度不超过 \u003cspan class=\"MathJax_Preview\" style=\"color: inherit;\"\u003e\u003cspan class=\"MJXp-math\" id=\"MJXp-Span-175\"\u003e\u003cspan class=\"MJXp-mn\" id=\"MJXp-Span-176\"\u003e35\u003c/span\u003e\u003c/span\u003e\u003c/span\u003e\u003cspan class=\"MathJax MathJax_Processing\" id=\"MathJax-Element-37-Frame\" tabindex=\"0\"\u003e\u003c/span\u003e\u003cscript type=\"math/tex\" id=\"MathJax-Element-37\"\u003e35\u003c/script\u003e（点 \u003cspan class=\"MathJax_Preview\" style=\"color: inherit;\"\u003e\u003cspan class=\"MJXp-math\" id=\"MJXp-Span-177\"\u003e\u003cspan class=\"MJXp-mn\" id=\"MJXp-Span-178\"\u003e1\u003c/span\u003e\u003c/span\u003e\u003c/span\u003e\u003cspan class=\"MathJax MathJax_Processing\" id=\"MathJax-Element-38-Frame\" tabindex=\"0\"\u003e\u003c/span\u003e\u003cscript type=\"math/tex\" id=\"MathJax-Element-38\"\u003e1\u003c/script\u003e 的深度为 \u003cspan class=\"MathJax_Preview\" style=\"color: inherit;\"\u003e\u003cspan class=\"MJXp-math\" id=\"MJXp-Span-179\"\u003e\u003cspan class=\"MJXp-mn\" id=\"MJXp-Span-180\"\u003e0\u003c/span\u003e\u003c/span\u003e\u003c/span\u003e\u003cspan class=\"MathJax MathJax_Processing\" id=\"MathJax-Element-39-Frame\" tabindex=\"0\"\u003e\u003c/span\u003e\u003cscript type=\"math/tex\" id=\"MathJax-Element-39\"\u003e0\u003c/script\u003e）。\u003c/p\u003e\u003cp\u003e对于另 \u003cspan class=\"MathJax_Preview\" style=\"color: inherit;\"\u003e\u003cspan class=\"MJXp-math\" id=\"MJXp-Span-181\"\u003e\u003cspan class=\"MJXp-mn\" id=\"MJXp-Span-182\"\u003e5\u003c/span\u003e\u003cspan class=\"MJXp-mi\" id=\"MJXp-Span-183\"\u003e%\u003c/span\u003e\u003c/span\u003e\u003c/span\u003e\u003cspan class=\"MathJax MathJax_Processing\" id=\"MathJax-Element-40-Frame\" tabindex=\"0\"\u003e\u003c/span\u003e\u003cscript type=\"math/tex\" id=\"MathJax-Element-40\"\u003e5\\%\u003c/script\u003e 的询问, \u003cspan class=\"MathJax_Preview\" style=\"color: inherit;\"\u003e\u003cspan class=\"MJXp-math\" id=\"MJXp-Span-184\"\u003e\u003cspan class=\"MJXp-mi MJXp-italic\" id=\"MJXp-Span-185\"\u003en\u003c/span\u003e\u003cspan class=\"MJXp-mo\" id=\"MJXp-Span-186\" style=\"margin-left: 0em; margin-right: 0.222em;\"\u003e,\u003c/span\u003e\u003cspan class=\"MJXp-mi MJXp-italic\" id=\"MJXp-Span-187\"\u003eQ\u003c/span\u003e\u003cspan class=\"MJXp-mo\" id=\"MJXp-Span-188\" style=\"margin-left: 0.333em; margin-right: 0.333em;\"\u003e≤\u003c/span\u003e\u003cspan class=\"MJXp-mn\" id=\"MJXp-Span-189\"\u003e100000\u003c/span\u003e\u003c/span\u003e\u003c/span\u003e\u003cspan class=\"MathJax MathJax_Processing\" id=\"MathJax-Element-41-Frame\" tabindex=\"0\"\u003e\u003c/span\u003e\u003cscript type=\"math/tex\" id=\"MathJax-Element-41\"\u003en,Q \\le 100000\u003c/script\u003e，并且输入的树如果以点 \u003cspan class=\"MathJax_Preview\" style=\"color: inherit;\"\u003e\u003cspan class=\"MJXp-math\" id=\"MJXp-Span-190\"\u003e\u003cspan class=\"MJXp-mn\" id=\"MJXp-Span-191\"\u003e1\u003c/span\u003e\u003c/span\u003e\u003c/span\u003e\u003cspan class=\"MathJax MathJax_Processing\" id=\"MathJax-Element-42-Frame\" tabindex=\"0\"\u003e\u003c/span\u003e\u003cscript type=\"math/tex\" id=\"MathJax-Element-42\"\u003e1\u003c/script\u003e 为根，最大深度不超过 \u003cspan class=\"MathJax_Preview\" style=\"color: inherit;\"\u003e\u003cspan class=\"MJXp-math\" id=\"MJXp-Span-192\"\u003e\u003cspan class=\"MJXp-mn\" id=\"MJXp-Span-193\"\u003e35\u003c/span\u003e\u003c/span\u003e\u003c/span\u003e\u003cspan class=\"MathJax MathJax_Processing\" id=\"MathJax-Element-43-Frame\" tabindex=\"0\"\u003e\u003c/span\u003e\u003cscript type=\"math/tex\" id=\"MathJax-Element-43\"\u003e35\u003c/script\u003e（点 \u003cspan class=\"MathJax_Preview\" style=\"color: inherit;\"\u003e\u003cspan class=\"MJXp-math\" id=\"MJXp-Span-194\"\u003e\u003cspan class=\"MJXp-mn\" id=\"MJXp-Span-195\"\u003e1\u003c/span\u003e\u003c/span\u003e\u003c/span\u003e\u003cspan class=\"MathJax MathJax_Processing\" id=\"MathJax-Element-44-Frame\" tabindex=\"0\"\u003e\u003c/span\u003e\u003cscript type=\"math/tex\" id=\"MathJax-Element-44\"\u003e1\u003c/script\u003e 的深度为 \u003cspan class=\"MathJax_Preview\" style=\"color: inherit;\"\u003e\u003cspan class=\"MJXp-math\" id=\"MJXp-Span-196\"\u003e\u003cspan class=\"MJXp-mn\" id=\"MJXp-Span-197\"\u003e0\u003c/span\u003e\u003c/span\u003e\u003c/span\u003e\u003cspan class=\"MathJax MathJax_Processing\" id=\"MathJax-Element-45-Frame\" tabindex=\"0\"\u003e\u003c/span\u003e\u003cscript type=\"math/tex\" id=\"MathJax-Element-45\"\u003e0\u003c/script\u003e）。\u003c/p\u003e\u003cp\u003e对于另 \u003cspan class=\"MathJax_Preview\" style=\"color: inherit;\"\u003e\u003cspan class=\"MJXp-math\" id=\"MJXp-Span-198\"\u003e\u003cspan class=\"MJXp-mn\" id=\"MJXp-Span-199\"\u003e20\u003c/span\u003e\u003cspan class=\"MJXp-mi\" id=\"MJXp-Span-200\"\u003e%\u003c/span\u003e\u003c/span\u003e\u003c/span\u003e\u003cspan class=\"MathJax MathJax_Processing\" id=\"MathJax-Element-46-Frame\" tabindex=\"0\"\u003e\u003c/span\u003e\u003cscript type=\"math/tex\" id=\"MathJax-Element-46\"\u003e20\\%\u003c/script\u003e 的询问, \u003cspan class=\"MathJax_Preview\" style=\"color: inherit;\"\u003e\u003cspan class=\"MJXp-math\" id=\"MJXp-Span-201\"\u003e\u003cspan class=\"MJXp-mi MJXp-italic\" id=\"MJXp-Span-202\"\u003en\u003c/span\u003e\u003cspan class=\"MJXp-mo\" id=\"MJXp-Span-203\" style=\"margin-left: 0em; margin-right: 0.222em;\"\u003e,\u003c/span\u003e\u003cspan class=\"MJXp-mi MJXp-italic\" id=\"MJXp-Span-204\"\u003eQ\u003c/span\u003e\u003cspan class=\"MJXp-mo\" id=\"MJXp-Span-205\" style=\"margin-left: 0.333em; margin-right: 0.333em;\"\u003e≤\u003c/span\u003e\u003cspan class=\"MJXp-mn\" id=\"MJXp-Span-206\"\u003e100000\u003c/span\u003e\u003c/span\u003e\u003c/span\u003e\u003cspan class=\"MathJax MathJax_Processing\" id=\"MathJax-Element-47-Frame\" tabindex=\"0\"\u003e\u003c/span\u003e\u003cscript type=\"math/tex\" id=\"MathJax-Element-47\"\u003en,Q \\le 100000\u003c/script\u003e，并且保证所有询问 \u003cspan class=\"MathJax_Preview\" style=\"color: inherit;\"\u003e\u003cspan class=\"MJXp-math\" id=\"MJXp-Span-207\"\u003e\u003cspan class=\"MJXp-mo\" id=\"MJXp-Span-208\" style=\"margin-left: 0em; margin-right: 0em;\"\u003e(\u003c/span\u003e\u003cspan class=\"MJXp-msubsup\" id=\"MJXp-Span-209\"\u003e\u003cspan class=\"MJXp-mi MJXp-italic\" id=\"MJXp-Span-210\" style=\"margin-right: 0.05em;\"\u003en\u003c/span\u003e\u003cspan class=\"MJXp-mi MJXp-italic MJXp-script\" id=\"MJXp-Span-211\" style=\"vertical-align: -0.4em;\"\u003ea\u003c/span\u003e\u003c/span\u003e\u003cspan class=\"MJXp-mo\" id=\"MJXp-Span-212\" style=\"margin-left: 0.267em; margin-right: 0.267em;\"\u003e+\u003c/span\u003e\u003cspan class=\"MJXp-mn\" id=\"MJXp-Span-213\"\u003e1\u003c/span\u003e\u003cspan class=\"MJXp-msubsup\" id=\"MJXp-Span-214\"\u003e\u003cspan class=\"MJXp-mo\" id=\"MJXp-Span-215\" style=\"margin-left: 0em; margin-right: 0.05em;\"\u003e)\u003c/span\u003e\u003cspan class=\"MJXp-mn MJXp-script\" id=\"MJXp-Span-216\" style=\"vertical-align: 0.5em;\"\u003e2\u003c/span\u003e\u003c/span\u003e\u003cspan class=\"MJXp-mo\" id=\"MJXp-Span-217\" style=\"margin-left: 0.267em; margin-right: 0.267em;\"\u003e⋅\u003c/span\u003e\u003cspan class=\"MJXp-mo\" id=\"MJXp-Span-218\" style=\"margin-left: 0em; margin-right: 0em;\"\u003e(\u003c/span\u003e\u003cspan class=\"MJXp-msubsup\" id=\"MJXp-Span-219\"\u003e\u003cspan class=\"MJXp-mi MJXp-italic\" id=\"MJXp-Span-220\" style=\"margin-right: 0.05em;\"\u003en\u003c/span\u003e\u003cspan class=\"MJXp-mi MJXp-italic MJXp-script\" id=\"MJXp-Span-221\" style=\"vertical-align: -0.4em;\"\u003eb\u003c/span\u003e\u003c/span\u003e\u003cspan class=\"MJXp-mo\" id=\"MJXp-Span-222\" style=\"margin-left: 0.267em; margin-right: 0.267em;\"\u003e+\u003c/span\u003e\u003cspan class=\"MJXp-mn\" id=\"MJXp-Span-223\"\u003e1\u003c/span\u003e\u003cspan class=\"MJXp-msubsup\" id=\"MJXp-Span-224\"\u003e\u003cspan class=\"MJXp-mo\" id=\"MJXp-Span-225\" style=\"margin-left: 0em; margin-right: 0.05em;\"\u003e)\u003c/span\u003e\u003cspan class=\"MJXp-mn MJXp-script\" id=\"MJXp-Span-226\" style=\"vertical-align: 0.5em;\"\u003e2\u003c/span\u003e\u003c/span\u003e\u003cspan class=\"MJXp-mo\" id=\"MJXp-Span-227\" style=\"margin-left: 0.267em; margin-right: 0.267em;\"\u003e⋅\u003c/span\u003e\u003cspan class=\"MJXp-mo\" id=\"MJXp-Span-228\" style=\"margin-left: 0em; margin-right: 0em;\"\u003e(\u003c/span\u003e\u003cspan class=\"MJXp-msubsup\" id=\"MJXp-Span-229\"\u003e\u003cspan class=\"MJXp-mi MJXp-italic\" id=\"MJXp-Span-230\" style=\"margin-right: 0.05em;\"\u003en\u003c/span\u003e\u003cspan class=\"MJXp-mi MJXp-italic MJXp-script\" id=\"MJXp-Span-231\" style=\"vertical-align: -0.4em;\"\u003ec\u003c/span\u003e\u003c/span\u003e\u003cspan class=\"MJXp-mo\" id=\"MJXp-Span-232\" style=\"margin-left: 0.267em; margin-right: 0.267em;\"\u003e+\u003c/span\u003e\u003cspan class=\"MJXp-mn\" id=\"MJXp-Span-233\"\u003e1\u003c/span\u003e\u003cspan class=\"MJXp-msubsup\" id=\"MJXp-Span-234\"\u003e\u003cspan class=\"MJXp-mo\" id=\"MJXp-Span-235\" style=\"margin-left: 0em; margin-right: 0.05em;\"\u003e)\u003c/span\u003e\u003cspan class=\"MJXp-mn MJXp-script\" id=\"MJXp-Span-236\" style=\"vertical-align: 0.5em;\"\u003e2\u003c/span\u003e\u003c/span\u003e\u003c/span\u003e\u003c/span\u003e\u003cspan class=\"MathJax MathJax_Processing\" id=\"MathJax-Element-48-Frame\" tabindex=\"0\"\u003e\u003c/span\u003e\u003cscript type=\"math/tex\" id=\"MathJax-Element-48\"\u003e (n_a + 1)^2 \\cdot (n_b + 1)^2 \\cdot (n_c + 1)^2\u003c/script\u003e 的和小于等于 \u003cspan class=\"MathJax_Preview\" style=\"color: inherit;\"\u003e\u003cspan class=\"MJXp-math\" id=\"MJXp-Span-237\"\u003e\u003cspan class=\"MJXp-msubsup\" id=\"MJXp-Span-238\"\u003e\u003cspan class=\"MJXp-mn\" id=\"MJXp-Span-239\" style=\"margin-right: 0.05em;\"\u003e10\u003c/span\u003e\u003cspan class=\"MJXp-mrow MJXp-script\" id=\"MJXp-Span-240\" style=\"vertical-align: 0.5em;\"\u003e\u003cspan class=\"MJXp-mn\" id=\"MJXp-Span-241\"\u003e8\u003c/span\u003e\u003c/span\u003e\u003c/span\u003e\u003c/span\u003e\u003c/span\u003e\u003cspan class=\"MathJax MathJax_Processing\" id=\"MathJax-Element-49-Frame\" tabindex=\"0\"\u003e\u003c/span\u003e\u003cscript type=\"math/tex\" id=\"MathJax-Element-49\"\u003e10^{8}\u003c/script\u003e。\u003c/p\u003e\u003cp\u003e对于另 \u003cspan class=\"MathJax_Preview\" style=\"color: inherit;\"\u003e\u003cspan class=\"MJXp-math\" id=\"MJXp-Span-242\"\u003e\u003cspan class=\"MJXp-mn\" id=\"MJXp-Span-243\"\u003e40\u003c/span\u003e\u003cspan class=\"MJXp-mi\" id=\"MJXp-Span-244\"\u003e%\u003c/span\u003e\u003c/span\u003e\u003c/span\u003e\u003cspan class=\"MathJax MathJax_Processing\" id=\"MathJax-Element-50-Frame\" tabindex=\"0\"\u003e\u003c/span\u003e\u003cscript type=\"math/tex\" id=\"MathJax-Element-50\"\u003e40\\%\u003c/script\u003e 的询问, \u003cspan class=\"MathJax_Preview\" style=\"color: inherit;\"\u003e\u003cspan class=\"MJXp-math\" id=\"MJXp-Span-245\"\u003e\u003cspan class=\"MJXp-mi MJXp-italic\" id=\"MJXp-Span-246\"\u003en\u003c/span\u003e\u003cspan class=\"MJXp-mo\" id=\"MJXp-Span-247\" style=\"margin-left: 0em; margin-right: 0.222em;\"\u003e,\u003c/span\u003e\u003cspan class=\"MJXp-mi MJXp-italic\" id=\"MJXp-Span-248\"\u003eQ\u003c/span\u003e\u003cspan class=\"MJXp-mo\" id=\"MJXp-Span-249\" style=\"margin-left: 0.333em; margin-right: 0.333em;\"\u003e≤\u003c/span\u003e\u003cspan class=\"MJXp-mn\" id=\"MJXp-Span-250\"\u003e100000\u003c/span\u003e\u003c/span\u003e\u003c/span\u003e\u003cspan class=\"MathJax MathJax_Processing\" id=\"MathJax-Element-51-Frame\" tabindex=\"0\"\u003e\u003c/span\u003e\u003cscript type=\"math/tex\" id=\"MathJax-Element-51\"\u003en,Q \\le 100000\u003c/script\u003e，并且保证所有询问 \u003cspan class=\"MathJax_Preview\" style=\"color: inherit;\"\u003e\u003cspan class=\"MJXp-math\" id=\"MJXp-Span-251\"\u003e\u003cspan class=\"MJXp-mo\" id=\"MJXp-Span-252\" style=\"margin-left: 0em; margin-right: 0em;\"\u003e(\u003c/span\u003e\u003cspan class=\"MJXp-msubsup\" id=\"MJXp-Span-253\"\u003e\u003cspan class=\"MJXp-mi MJXp-italic\" id=\"MJXp-Span-254\" style=\"margin-right: 0.05em;\"\u003en\u003c/span\u003e\u003cspan class=\"MJXp-mi MJXp-italic MJXp-script\" id=\"MJXp-Span-255\" style=\"vertical-align: -0.4em;\"\u003ea\u003c/span\u003e\u003c/span\u003e\u003cspan class=\"MJXp-mo\" id=\"MJXp-Span-256\" style=\"margin-left: 0.267em; margin-right: 0.267em;\"\u003e+\u003c/span\u003e\u003cspan class=\"MJXp-mn\" id=\"MJXp-Span-257\"\u003e1\u003c/span\u003e\u003cspan class=\"MJXp-mo\" id=\"MJXp-Span-258\" style=\"margin-left: 0em; margin-right: 0em;\"\u003e)\u003c/span\u003e\u003cspan class=\"MJXp-mo\" id=\"MJXp-Span-259\" style=\"margin-left: 0em; margin-right: 0em;\"\u003e(\u003c/span\u003e\u003cspan class=\"MJXp-msubsup\" id=\"MJXp-Span-260\"\u003e\u003cspan class=\"MJXp-mi MJXp-italic\" id=\"MJXp-Span-261\" style=\"margin-right: 0.05em;\"\u003en\u003c/span\u003e\u003cspan class=\"MJXp-mi MJXp-italic MJXp-script\" id=\"MJXp-Span-262\" style=\"vertical-align: -0.4em;\"\u003eb\u003c/span\u003e\u003c/span\u003e\u003cspan class=\"MJXp-mo\" id=\"MJXp-Span-263\" style=\"margin-left: 0.267em; margin-right: 0.267em;\"\u003e+\u003c/span\u003e\u003cspan class=\"MJXp-mn\" id=\"MJXp-Span-264\"\u003e1\u003c/span\u003e\u003cspan class=\"MJXp-mo\" id=\"MJXp-Span-265\" style=\"margin-left: 0em; margin-right: 0em;\"\u003e)\u003c/span\u003e\u003cspan class=\"MJXp-mo\" id=\"MJXp-Span-266\" style=\"margin-left: 0em; margin-right: 0em;\"\u003e(\u003c/span\u003e\u003cspan class=\"MJXp-msubsup\" id=\"MJXp-Span-267\"\u003e\u003cspan class=\"MJXp-mi MJXp-italic\" id=\"MJXp-Span-268\" style=\"margin-right: 0.05em;\"\u003en\u003c/span\u003e\u003cspan class=\"MJXp-mi MJXp-italic MJXp-script\" id=\"MJXp-Span-269\" style=\"vertical-align: -0.4em;\"\u003ec\u003c/span\u003e\u003c/span\u003e\u003cspan class=\"MJXp-mo\" id=\"MJXp-Span-270\" style=\"margin-left: 0.267em; margin-right: 0.267em;\"\u003e+\u003c/span\u003e\u003cspan class=\"MJXp-mn\" id=\"MJXp-Span-271\"\u003e1\u003c/span\u003e\u003cspan class=\"MJXp-mo\" id=\"MJXp-Span-272\" style=\"margin-left: 0em; margin-right: 0em;\"\u003e)\u003c/span\u003e\u003c/span\u003e\u003c/span\u003e\u003cspan class=\"MathJax MathJax_Processing\" id=\"MathJax-Element-52-Frame\" tabindex=\"0\"\u003e\u003c/span\u003e\u003cscript type=\"math/tex\" id=\"MathJax-Element-52\"\u003e (n_a + 1)(n_b + 1)(n_c + 1)\u003c/script\u003e 的和小于等于 \u003cspan class=\"MathJax_Preview\" style=\"color: inherit;\"\u003e\u003cspan class=\"MJXp-math\" id=\"MJXp-Span-273\"\u003e\u003cspan class=\"MJXp-mn\" id=\"MJXp-Span-274\"\u003e8\u003c/span\u003e\u003cspan class=\"MJXp-mo\" id=\"MJXp-Span-275\" style=\"margin-left: 0.267em; margin-right: 0.267em;\"\u003e⋅\u003c/span\u003e\u003cspan class=\"MJXp-msubsup\" id=\"MJXp-Span-276\"\u003e\u003cspan class=\"MJXp-mn\" id=\"MJXp-Span-277\" style=\"margin-right: 0.05em;\"\u003e10\u003c/span\u003e\u003cspan class=\"MJXp-mrow MJXp-script\" id=\"MJXp-Span-278\" style=\"vertical-align: 0.5em;\"\u003e\u003cspan class=\"MJXp-mn\" id=\"MJXp-Span-279\"\u003e6\u003c/span\u003e\u003c/span\u003e\u003c/span\u003e\u003c/span\u003e\u003c/span\u003e\u003cspan class=\"MathJax MathJax_Processing\" id=\"MathJax-Element-53-Frame\" tabindex=\"0\"\u003e\u003c/span\u003e\u003cscript type=\"math/tex\" id=\"MathJax-Element-53\"\u003e8 \\cdot 10^{6}\u003c/script\u003e。\u003c/p\u003e",
      "misc": ""
    },
    {
      "title": "下载",
      "content": "\u003cp\u003e\u003ca href=\"/download.php?type=problem\u0026amp;id=271\"\u003e样例数据下载\u003c/a\u003e\u003c/p\u003e",
      "misc": ""
    }
  ],
  "samples": [
    {
      "title": "样例一",
      "input": "\u003cpre\u003e5 3\n1 2 3 1 2\n1 2\n2 3\n3 4\n4 5\n1 1 2 1 3 1\n1 0 2 1 3 1\n1 1 2 1 3 0\n\u003c/pre\u003e",
      "output": "\u003cpre\u003e3\n1\n2\n\u003c/pre\u003e",
      "explanation": "",
      "misc": ""
    }
  ],
  "tags": [
    "UOJ",
    "清华集训2016"
  ],
  "rules": {
    "runtime": "4000000000",
    "memory": "1073741824",
    "stack": "1073741824",
    "source": "51200"
  },
  "meta": {
    "created": "2021-04-09T21:41:11.571915667+08:00",
    "updated": "2021-04-09T21:41:11.571915667+08:00",
    "checked": "2021-04-09T21:41:11.571915667+08:00"
  },
  "misc": ""
}
