{
  "id": "274",
  "title": "温暖会指引我们前行",
  "type": "traditional",
  "sections": [
    {
      "title": "",
      "content": "\u003cp\u003e寒冬又一次肆虐了北国大地\u003c/p\u003e\u003cp\u003e无情的北风穿透了人们御寒的衣物\u003c/p\u003e\u003cp\u003e可怜虫们在冬夜中发出无助的哀嚎\u003c/p\u003e\u003cp\u003e“冻死宝宝了！”\u003c/p\u003e\u003cp\u003e这时\u003c/p\u003e\u003cp\u003e远处的天边出现了一位火焰之神\u003c/p\u003e\u003cp\u003e“我将赐予你们温暖和希望！”\u003c/p\u003e\u003cp\u003e只见他的身体中喷射出火焰之力\u003c/p\u003e\u003cp\u003e通过坚固的钢铁，传遍了千家万户\u003c/p\u003e\u003cp\u003e这时，只听见人们欢呼\u003c/p\u003e\u003cp\u003e“暖气来啦！”\u003c/p\u003e",
      "misc": ""
    },
    {
      "title": "任务描述",
      "content": "\u003cp\u003e虽然小R住的宿舍楼早已来了暖气，但是由于某些原因，宿舍楼中的某些窗户仍然开着（例如厕所的窗户），这就使得宿舍楼中有一些路上的温度还是很低。\u003c/p\u003e\u003cp\u003e小R的宿舍楼中有\u003cspan class=\"MathJax_Preview\" style=\"color: inherit;\"\u003e\u003cspan class=\"MJXp-math\" id=\"MJXp-Span-1\"\u003e\u003cspan class=\"MJXp-mi MJXp-italic\" id=\"MJXp-Span-2\"\u003en\u003c/span\u003e\u003c/span\u003e\u003c/span\u003e\u003cscript type=\"math/tex\" id=\"MathJax-Element-1\"\u003en\u003c/script\u003e个地点和一些路，一条路连接了两个地点，小R可以通过这条路从其中任意一个地点到达另外一个地点。但在刚开始，小R还不熟悉宿舍楼中的任何一条路，所以他会慢慢地发现这些路，他在发现一条路时还会知道这条路的温度和长度。每条路的温度都是互不相同的。\u003c/p\u003e\u003cp\u003e小R需要在宿舍楼中活动，每次他都需要从一个地点到达另一个地点。小R希望每次活动时经过一条最温暖的路径，最温暖的路径的定义为，将路径上各条路的温度从小到大排序后字典序最大。即温度最低的路温度尽量高，在满足该条件的情况下，温度第二低的路温度尽量高，以此类推。小R不会经过重复的路。由于每条路的温度互不相同，因此只存在一条最温暖的路径。\u003c/p\u003e\u003cp\u003e对于小R的每次活动，你需要求出小R需要走过的路径总长度。如果小R通过当前发现的路不能完成这次活动，则输出 \u003cspan class=\"MathJax_Preview\" style=\"color: inherit;\"\u003e\u003cspan class=\"MJXp-math\" id=\"MJXp-Span-3\"\u003e\u003cspan class=\"MJXp-mo\" id=\"MJXp-Span-4\" style=\"margin-left: 0em; margin-right: 0.111em;\"\u003e−\u003c/span\u003e\u003cspan class=\"MJXp-mn\" id=\"MJXp-Span-5\"\u003e1\u003c/span\u003e\u003c/span\u003e\u003c/span\u003e\u003cscript type=\"math/tex\" id=\"MathJax-Element-2\"\u003e-1\u003c/script\u003e。\u003c/p\u003e\u003cp\u003e\u003cstrong\u003e注意本题中的字典序与传统意义上的字典序定义有所不同，对于两个序列\u003cspan class=\"MathJax_Preview\" style=\"color: inherit;\"\u003e\u003cspan class=\"MJXp-math\" id=\"MJXp-Span-6\"\u003e\u003cspan class=\"MJXp-mi MJXp-italic\" id=\"MJXp-Span-7\"\u003ea\u003c/span\u003e\u003cspan class=\"MJXp-mo\" id=\"MJXp-Span-8\" style=\"margin-left: 0em; margin-right: 0.222em;\"\u003e,\u003c/span\u003e\u003cspan class=\"MJXp-mi MJXp-italic\" id=\"MJXp-Span-9\"\u003eb\u003c/span\u003e\u003cspan class=\"MJXp-mo\" id=\"MJXp-Span-10\" style=\"margin-left: 0em; margin-right: 0em;\"\u003e(\u003c/span\u003e\u003cspan class=\"MJXp-mi MJXp-italic\" id=\"MJXp-Span-11\"\u003ea\u003c/span\u003e\u003cspan class=\"MJXp-mo\" id=\"MJXp-Span-12\" style=\"margin-left: 0.333em; margin-right: 0.333em;\"\u003e≠\u003c/span\u003e\u003cspan class=\"MJXp-mi MJXp-italic\" id=\"MJXp-Span-13\"\u003eb\u003c/span\u003e\u003cspan class=\"MJXp-mo\" id=\"MJXp-Span-14\" style=\"margin-left: 0em; margin-right: 0em;\"\u003e)\u003c/span\u003e\u003c/span\u003e\u003c/span\u003e\u003cscript type=\"math/tex\" id=\"MathJax-Element-3\"\u003ea,b(a \\neq b)\u003c/script\u003e，若\u003cspan class=\"MathJax_Preview\" style=\"color: inherit;\"\u003e\u003cspan class=\"MJXp-math\" id=\"MJXp-Span-15\"\u003e\u003cspan class=\"MJXp-mi MJXp-italic\" id=\"MJXp-Span-16\"\u003ea\u003c/span\u003e\u003c/span\u003e\u003c/span\u003e\u003cscript type=\"math/tex\" id=\"MathJax-Element-4\"\u003ea\u003c/script\u003e是\u003cspan class=\"MathJax_Preview\" style=\"color: inherit;\"\u003e\u003cspan class=\"MJXp-math\" id=\"MJXp-Span-17\"\u003e\u003cspan class=\"MJXp-mi MJXp-italic\" id=\"MJXp-Span-18\"\u003eb\u003c/span\u003e\u003c/span\u003e\u003c/span\u003e\u003cscript type=\"math/tex\" id=\"MathJax-Element-5\"\u003eb\u003c/script\u003e的前缀则\u003cspan class=\"MathJax_Preview\" style=\"color: inherit;\"\u003e\u003cspan class=\"MJXp-math\" id=\"MJXp-Span-19\"\u003e\u003cspan class=\"MJXp-mi MJXp-italic\" id=\"MJXp-Span-20\"\u003ea\u003c/span\u003e\u003c/span\u003e\u003c/span\u003e\u003cscript type=\"math/tex\" id=\"MathJax-Element-6\"\u003ea\u003c/script\u003e的字典序较大，同时可以推出空串的字典序最大。\u003c/strong\u003e\u003c/p\u003e",
      "misc": ""
    },
    {
      "title": "输入格式",
      "content": "\u003cp\u003e第一行两个正整数 \u003cspan class=\"MathJax_Preview\" style=\"color: inherit;\"\u003e\u003cspan class=\"MJXp-math\" id=\"MJXp-Span-21\"\u003e\u003cspan class=\"MJXp-mi MJXp-italic\" id=\"MJXp-Span-22\"\u003en\u003c/span\u003e\u003cspan class=\"MJXp-mo\" id=\"MJXp-Span-23\" style=\"margin-left: 0em; margin-right: 0.222em;\"\u003e,\u003c/span\u003e\u003cspan class=\"MJXp-mi MJXp-italic\" id=\"MJXp-Span-24\"\u003em\u003c/span\u003e\u003c/span\u003e\u003c/span\u003e\u003cscript type=\"math/tex\" id=\"MathJax-Element-7\"\u003en,m\u003c/script\u003e。表示小R的宿舍楼中有 \u003cspan class=\"MathJax_Preview\" style=\"color: inherit;\"\u003e\u003cspan class=\"MJXp-math\" id=\"MJXp-Span-25\"\u003e\u003cspan class=\"MJXp-mi MJXp-italic\" id=\"MJXp-Span-26\"\u003en\u003c/span\u003e\u003c/span\u003e\u003c/span\u003e\u003cscript type=\"math/tex\" id=\"MathJax-Element-8\"\u003en\u003c/script\u003e 个地点，共发生了 \u003cspan class=\"MathJax_Preview\" style=\"color: inherit;\"\u003e\u003cspan class=\"MJXp-math\" id=\"MJXp-Span-27\"\u003e\u003cspan class=\"MJXp-mi MJXp-italic\" id=\"MJXp-Span-28\"\u003em\u003c/span\u003e\u003c/span\u003e\u003c/span\u003e\u003cscript type=\"math/tex\" id=\"MathJax-Element-9\"\u003em\u003c/script\u003e 个事件。\u003c/p\u003e\u003cp\u003e接下来 \u003cspan class=\"MathJax_Preview\" style=\"color: inherit;\"\u003e\u003cspan class=\"MJXp-math\" id=\"MJXp-Span-29\"\u003e\u003cspan class=\"MJXp-mi MJXp-italic\" id=\"MJXp-Span-30\"\u003em\u003c/span\u003e\u003c/span\u003e\u003c/span\u003e\u003cscript type=\"math/tex\" id=\"MathJax-Element-10\"\u003em\u003c/script\u003e 行，每行描述一个事件，事件分为三类。\u003c/p\u003e\u003col\u003e\u003cli\u003e\u003cp\u003e\u003cspan class=\"MathJax_Preview\" style=\"color: inherit;\"\u003e\u003cspan class=\"MJXp-math\" id=\"MJXp-Span-31\"\u003e\u003cspan class=\"MJXp-mrow\" id=\"MJXp-Span-32\"\u003e\u003cspan class=\"MJXp-mtext MJXp-mono\" id=\"MJXp-Span-33\"\u003efind id u v t l\u003c/span\u003e\u003c/span\u003e\u003c/span\u003e\u003c/span\u003e\u003cscript type=\"math/tex\" id=\"MathJax-Element-11\"\u003e\\texttt{find id u v t l}\u003c/script\u003e 表示小R发现了一条连接\u003cspan class=\"MathJax_Preview\" style=\"color: inherit;\"\u003e\u003cspan class=\"MJXp-math\" id=\"MJXp-Span-34\"\u003e\u003cspan class=\"MJXp-mi MJXp-italic\" id=\"MJXp-Span-35\"\u003eu\u003c/span\u003e\u003c/span\u003e\u003c/span\u003e\u003cscript type=\"math/tex\" id=\"MathJax-Element-12\"\u003eu\u003c/script\u003e和\u003cspan class=\"MathJax_Preview\" style=\"color: inherit;\"\u003e\u003cspan class=\"MJXp-math\" id=\"MJXp-Span-36\"\u003e\u003cspan class=\"MJXp-mi MJXp-italic\" id=\"MJXp-Span-37\"\u003ev\u003c/span\u003e\u003c/span\u003e\u003c/span\u003e\u003cscript type=\"math/tex\" id=\"MathJax-Element-13\"\u003ev\u003c/script\u003e之间的路，编号为\u003cspan class=\"MathJax_Preview\" style=\"color: inherit;\"\u003e\u003cspan class=\"MJXp-math\" id=\"MJXp-Span-38\"\u003e\u003cspan class=\"MJXp-mi MJXp-italic\" id=\"MJXp-Span-39\"\u003ei\u003c/span\u003e\u003cspan class=\"MJXp-mi MJXp-italic\" id=\"MJXp-Span-40\"\u003ed\u003c/span\u003e\u003c/span\u003e\u003c/span\u003e\u003cscript type=\"math/tex\" id=\"MathJax-Element-14\"\u003eid\u003c/script\u003e。相同\u003cspan class=\"MathJax_Preview\" style=\"color: inherit;\"\u003e\u003cspan class=\"MJXp-math\" id=\"MJXp-Span-41\"\u003e\u003cspan class=\"MJXp-mi MJXp-italic\" id=\"MJXp-Span-42\"\u003ei\u003c/span\u003e\u003cspan class=\"MJXp-mi MJXp-italic\" id=\"MJXp-Span-43\"\u003ed\u003c/span\u003e\u003c/span\u003e\u003c/span\u003e\u003cscript type=\"math/tex\" id=\"MathJax-Element-15\"\u003eid\u003c/script\u003e的边只会出现一次。\u003c/p\u003e\n\u003c/li\u003e\n\u003cli\u003e\u003cp\u003e\u003cspan class=\"MathJax_Preview\" style=\"color: inherit;\"\u003e\u003cspan class=\"MJXp-math\" id=\"MJXp-Span-44\"\u003e\u003cspan class=\"MJXp-mrow\" id=\"MJXp-Span-45\"\u003e\u003cspan class=\"MJXp-mtext MJXp-mono\" id=\"MJXp-Span-46\"\u003emove u v\u003c/span\u003e\u003c/span\u003e\u003c/span\u003e\u003c/span\u003e\u003cscript type=\"math/tex\" id=\"MathJax-Element-16\"\u003e\\texttt{move u v}\u003c/script\u003e 表示小R要从\u003cspan class=\"MathJax_Preview\" style=\"color: inherit;\"\u003e\u003cspan class=\"MJXp-math\" id=\"MJXp-Span-47\"\u003e\u003cspan class=\"MJXp-mi MJXp-italic\" id=\"MJXp-Span-48\"\u003eu\u003c/span\u003e\u003c/span\u003e\u003c/span\u003e\u003cscript type=\"math/tex\" id=\"MathJax-Element-17\"\u003eu\u003c/script\u003e到达\u003cspan class=\"MathJax_Preview\" style=\"color: inherit;\"\u003e\u003cspan class=\"MJXp-math\" id=\"MJXp-Span-49\"\u003e\u003cspan class=\"MJXp-mi MJXp-italic\" id=\"MJXp-Span-50\"\u003ev\u003c/span\u003e\u003c/span\u003e\u003c/span\u003e\u003cscript type=\"math/tex\" id=\"MathJax-Element-18\"\u003ev\u003c/script\u003e，你需要计算出最温暖的路径的长度 ，若不能从\u003cspan class=\"MathJax_Preview\" style=\"color: inherit;\"\u003e\u003cspan class=\"MJXp-math\" id=\"MJXp-Span-51\"\u003e\u003cspan class=\"MJXp-mi MJXp-italic\" id=\"MJXp-Span-52\"\u003eu\u003c/span\u003e\u003c/span\u003e\u003c/span\u003e\u003cscript type=\"math/tex\" id=\"MathJax-Element-19\"\u003eu\u003c/script\u003e到达\u003cspan class=\"MathJax_Preview\" style=\"color: inherit;\"\u003e\u003cspan class=\"MJXp-math\" id=\"MJXp-Span-53\"\u003e\u003cspan class=\"MJXp-mi MJXp-italic\" id=\"MJXp-Span-54\"\u003ev\u003c/span\u003e\u003c/span\u003e\u003c/span\u003e\u003cscript type=\"math/tex\" id=\"MathJax-Element-20\"\u003ev\u003c/script\u003e，则输出\u003cspan class=\"MathJax_Preview\" style=\"color: inherit;\"\u003e\u003cspan class=\"MJXp-math\" id=\"MJXp-Span-55\"\u003e\u003cspan class=\"MJXp-mo\" id=\"MJXp-Span-56\" style=\"margin-left: 0em; margin-right: 0.111em;\"\u003e−\u003c/span\u003e\u003cspan class=\"MJXp-mn\" id=\"MJXp-Span-57\"\u003e1\u003c/span\u003e\u003c/span\u003e\u003c/span\u003e\u003cscript type=\"math/tex\" id=\"MathJax-Element-21\"\u003e-1\u003c/script\u003e。\u003c/p\u003e\n\u003c/li\u003e\n\u003cli\u003e\u003cp\u003e\u003cspan class=\"MathJax_Preview\" style=\"color: inherit;\"\u003e\u003cspan class=\"MJXp-math\" id=\"MJXp-Span-58\"\u003e\u003cspan class=\"MJXp-mrow\" id=\"MJXp-Span-59\"\u003e\u003cspan class=\"MJXp-mtext MJXp-mono\" id=\"MJXp-Span-60\"\u003echange id l\u003c/span\u003e\u003c/span\u003e\u003c/span\u003e\u003c/span\u003e\u003cscript type=\"math/tex\" id=\"MathJax-Element-22\"\u003e\\texttt{change id l}\u003c/script\u003e 表示从\u003cspan class=\"MathJax_Preview\" style=\"color: inherit;\"\u003e\u003cspan class=\"MJXp-math\" id=\"MJXp-Span-61\"\u003e\u003cspan class=\"MJXp-mi MJXp-italic\" id=\"MJXp-Span-62\"\u003eu\u003c/span\u003e\u003c/span\u003e\u003c/span\u003e\u003cscript type=\"math/tex\" id=\"MathJax-Element-23\"\u003eu\u003c/script\u003e到\u003cspan class=\"MathJax_Preview\" style=\"color: inherit;\"\u003e\u003cspan class=\"MJXp-math\" id=\"MJXp-Span-63\"\u003e\u003cspan class=\"MJXp-mi MJXp-italic\" id=\"MJXp-Span-64\"\u003ev\u003c/span\u003e\u003c/span\u003e\u003c/span\u003e\u003cscript type=\"math/tex\" id=\"MathJax-Element-24\"\u003ev\u003c/script\u003e这条边的长度变为了\u003cspan class=\"MathJax_Preview\" style=\"color: inherit;\"\u003e\u003cspan class=\"MJXp-math\" id=\"MJXp-Span-65\"\u003e\u003cspan class=\"MJXp-mi MJXp-italic\" id=\"MJXp-Span-66\"\u003el\u003c/span\u003e\u003c/span\u003e\u003c/span\u003e\u003cscript type=\"math/tex\" id=\"MathJax-Element-25\"\u003el\u003c/script\u003e（保证在当前时间点这条边存在）。 \u003c/p\u003e\n\u003c/li\u003e\n\u003c/ol\u003e",
      "misc": ""
    },
    {
      "title": "输出格式",
      "content": "\u003cp\u003e对于每个询问，输出一行整数，表示最温暖的路径长度。\u003c/p\u003e",
      "misc": ""
    },
    {
      "title": "限制与约定",
      "content": "\u003cp\u003e对于find操作：\u003cspan class=\"MathJax_Preview\" style=\"color: inherit;\"\u003e\u003cspan class=\"MJXp-math\" id=\"MJXp-Span-67\"\u003e\u003cspan class=\"MJXp-mo\" id=\"MJXp-Span-68\" style=\"margin-left: 0em; margin-right: 0em;\"\u003e(\u003c/span\u003e\u003cspan class=\"MJXp-mn\" id=\"MJXp-Span-69\"\u003e0\u003c/span\u003e\u003cspan class=\"MJXp-mo\" id=\"MJXp-Span-70\" style=\"margin-left: 0.333em; margin-right: 0.333em;\"\u003e≤\u003c/span\u003e\u003cspan class=\"MJXp-mi MJXp-italic\" id=\"MJXp-Span-71\"\u003ei\u003c/span\u003e\u003cspan class=\"MJXp-mi MJXp-italic\" id=\"MJXp-Span-72\"\u003ed\u003c/span\u003e\u003cspan class=\"MJXp-mo\" id=\"MJXp-Span-73\" style=\"margin-left: 0.333em; margin-right: 0.333em;\"\u003e\u0026lt;\u003c/span\u003e\u003cspan class=\"MJXp-mi MJXp-italic\" id=\"MJXp-Span-74\"\u003em\u003c/span\u003e\u003cspan class=\"MJXp-mo\" id=\"MJXp-Span-75\" style=\"margin-left: 0em; margin-right: 0.222em;\"\u003e,\u003c/span\u003e\u003cspan class=\"MJXp-mn\" id=\"MJXp-Span-76\"\u003e0\u003c/span\u003e\u003cspan class=\"MJXp-mo\" id=\"MJXp-Span-77\" style=\"margin-left: 0.333em; margin-right: 0.333em;\"\u003e≤\u003c/span\u003e\u003cspan class=\"MJXp-mi MJXp-italic\" id=\"MJXp-Span-78\"\u003eu\u003c/span\u003e\u003cspan class=\"MJXp-mo\" id=\"MJXp-Span-79\" style=\"margin-left: 0em; margin-right: 0.222em;\"\u003e,\u003c/span\u003e\u003cspan class=\"MJXp-mi MJXp-italic\" id=\"MJXp-Span-80\"\u003ev\u003c/span\u003e\u003cspan class=\"MJXp-mo\" id=\"MJXp-Span-81\" style=\"margin-left: 0.333em; margin-right: 0.333em;\"\u003e\u0026lt;\u003c/span\u003e\u003cspan class=\"MJXp-mi MJXp-italic\" id=\"MJXp-Span-82\"\u003en\u003c/span\u003e\u003cspan class=\"MJXp-mo\" id=\"MJXp-Span-83\" style=\"margin-left: 0em; margin-right: 0.222em;\"\u003e,\u003c/span\u003e\u003cspan class=\"MJXp-mi MJXp-italic\" id=\"MJXp-Span-84\"\u003eu\u003c/span\u003e\u003cspan class=\"MJXp-mo\" id=\"MJXp-Span-85\" style=\"margin-left: 0.333em; margin-right: 0.333em;\"\u003e≠\u003c/span\u003e\u003cspan class=\"MJXp-mi MJXp-italic\" id=\"MJXp-Span-86\"\u003ev\u003c/span\u003e\u003cspan class=\"MJXp-mo\" id=\"MJXp-Span-87\" style=\"margin-left: 0em; margin-right: 0.222em;\"\u003e,\u003c/span\u003e\u003cspan class=\"MJXp-mn\" id=\"MJXp-Span-88\"\u003e0\u003c/span\u003e\u003cspan class=\"MJXp-mo\" id=\"MJXp-Span-89\" style=\"margin-left: 0.333em; margin-right: 0.333em;\"\u003e≤\u003c/span\u003e\u003cspan class=\"MJXp-mi MJXp-italic\" id=\"MJXp-Span-90\"\u003et\u003c/span\u003e\u003cspan class=\"MJXp-mo\" id=\"MJXp-Span-91\" style=\"margin-left: 0.333em; margin-right: 0.333em;\"\u003e≤\u003c/span\u003e\u003cspan class=\"MJXp-mn\" id=\"MJXp-Span-92\"\u003e1000000000\u003c/span\u003e\u003cspan class=\"MJXp-mo\" id=\"MJXp-Span-93\" style=\"margin-left: 0em; margin-right: 0.222em;\"\u003e,\u003c/span\u003e\u003cspan class=\"MJXp-mn\" id=\"MJXp-Span-94\"\u003e0\u003c/span\u003e\u003cspan class=\"MJXp-mo\" id=\"MJXp-Span-95\" style=\"margin-left: 0.333em; margin-right: 0.333em;\"\u003e≤\u003c/span\u003e\u003cspan class=\"MJXp-mi MJXp-italic\" id=\"MJXp-Span-96\"\u003el\u003c/span\u003e\u003cspan class=\"MJXp-mo\" id=\"MJXp-Span-97\" style=\"margin-left: 0.333em; margin-right: 0.333em;\"\u003e≤\u003c/span\u003e\u003cspan class=\"MJXp-mn\" id=\"MJXp-Span-98\"\u003e10000\u003c/span\u003e\u003cspan class=\"MJXp-mo\" id=\"MJXp-Span-99\" style=\"margin-left: 0em; margin-right: 0em;\"\u003e)\u003c/span\u003e\u003c/span\u003e\u003c/span\u003e\u003cscript type=\"math/tex\" id=\"MathJax-Element-26\"\u003e(0\\le id\\lt m, 0\\le u,v \\lt n, u\\ne v,0\\le t\\le 1000000000, 0 \\le l \\le 10000)\u003c/script\u003e；\u003c/p\u003e\u003cp\u003e对于move操作：\u003cspan class=\"MathJax_Preview\" style=\"color: inherit;\"\u003e\u003cspan class=\"MJXp-math\" id=\"MJXp-Span-100\"\u003e\u003cspan class=\"MJXp-mo\" id=\"MJXp-Span-101\" style=\"margin-left: 0em; margin-right: 0em;\"\u003e(\u003c/span\u003e\u003cspan class=\"MJXp-mn\" id=\"MJXp-Span-102\"\u003e0\u003c/span\u003e\u003cspan class=\"MJXp-mo\" id=\"MJXp-Span-103\" style=\"margin-left: 0.333em; margin-right: 0.333em;\"\u003e≤\u003c/span\u003e\u003cspan class=\"MJXp-mi MJXp-italic\" id=\"MJXp-Span-104\"\u003eu\u003c/span\u003e\u003cspan class=\"MJXp-mo\" id=\"MJXp-Span-105\" style=\"margin-left: 0em; margin-right: 0.222em;\"\u003e,\u003c/span\u003e\u003cspan class=\"MJXp-mi MJXp-italic\" id=\"MJXp-Span-106\"\u003ev\u003c/span\u003e\u003cspan class=\"MJXp-mo\" id=\"MJXp-Span-107\" style=\"margin-left: 0.333em; margin-right: 0.333em;\"\u003e\u0026lt;\u003c/span\u003e\u003cspan class=\"MJXp-mi MJXp-italic\" id=\"MJXp-Span-108\"\u003en\u003c/span\u003e\u003cspan class=\"MJXp-mo\" id=\"MJXp-Span-109\" style=\"margin-left: 0em; margin-right: 0em;\"\u003e)\u003c/span\u003e\u003c/span\u003e\u003c/span\u003e\u003cscript type=\"math/tex\" id=\"MathJax-Element-27\"\u003e(0\\le u,v \\lt n)\u003c/script\u003e；\u003c/p\u003e\u003cp\u003e对于change操作：\u003cspan class=\"MathJax_Preview\" style=\"color: inherit;\"\u003e\u003cspan class=\"MJXp-math\" id=\"MJXp-Span-110\"\u003e\u003cspan class=\"MJXp-mo\" id=\"MJXp-Span-111\" style=\"margin-left: 0em; margin-right: 0em;\"\u003e(\u003c/span\u003e\u003cspan class=\"MJXp-mn\" id=\"MJXp-Span-112\"\u003e0\u003c/span\u003e\u003cspan class=\"MJXp-mo\" id=\"MJXp-Span-113\" style=\"margin-left: 0.333em; margin-right: 0.333em;\"\u003e≤\u003c/span\u003e\u003cspan class=\"MJXp-mi MJXp-italic\" id=\"MJXp-Span-114\"\u003el\u003c/span\u003e\u003cspan class=\"MJXp-mo\" id=\"MJXp-Span-115\" style=\"margin-left: 0.333em; margin-right: 0.333em;\"\u003e≤\u003c/span\u003e\u003cspan class=\"MJXp-mn\" id=\"MJXp-Span-116\"\u003e10000\u003c/span\u003e\u003cspan class=\"MJXp-mo\" id=\"MJXp-Span-117\" style=\"margin-left: 0em; margin-right: 0em;\"\u003e)\u003c/span\u003e\u003c/span\u003e\u003c/span\u003e\u003cscript type=\"math/tex\" id=\"MathJax-Element-28\"\u003e(0 \\le l \\le 10000)\u003c/script\u003e。\u003c/p\u003e\u003cp\u003e对于100%的数据，\u003cspan class=\"MathJax_Preview\" style=\"color: inherit;\"\u003e\u003cspan class=\"MJXp-math\" id=\"MJXp-Span-118\"\u003e\u003cspan class=\"MJXp-mn\" id=\"MJXp-Span-119\"\u003e1\u003c/span\u003e\u003cspan class=\"MJXp-mo\" id=\"MJXp-Span-120\" style=\"margin-left: 0.333em; margin-right: 0.333em;\"\u003e≤\u003c/span\u003e\u003cspan class=\"MJXp-mi MJXp-italic\" id=\"MJXp-Span-121\"\u003en\u003c/span\u003e\u003cspan class=\"MJXp-mo\" id=\"MJXp-Span-122\" style=\"margin-left: 0.333em; margin-right: 0.333em;\"\u003e≤\u003c/span\u003e\u003cspan class=\"MJXp-mn\" id=\"MJXp-Span-123\"\u003e100000\u003c/span\u003e\u003cspan class=\"MJXp-mo\" id=\"MJXp-Span-124\" style=\"margin-left: 0em; margin-right: 0.222em;\"\u003e,\u003c/span\u003e\u003cspan class=\"MJXp-mn\" id=\"MJXp-Span-125\"\u003e1\u003c/span\u003e\u003cspan class=\"MJXp-mo\" id=\"MJXp-Span-126\" style=\"margin-left: 0.333em; margin-right: 0.333em;\"\u003e≤\u003c/span\u003e\u003cspan class=\"MJXp-mi MJXp-italic\" id=\"MJXp-Span-127\"\u003em\u003c/span\u003e\u003cspan class=\"MJXp-mo\" id=\"MJXp-Span-128\" style=\"margin-left: 0.333em; margin-right: 0.333em;\"\u003e≤\u003c/span\u003e\u003cspan class=\"MJXp-mn\" id=\"MJXp-Span-129\"\u003e300000\u003c/span\u003e\u003c/span\u003e\u003c/span\u003e\u003cscript type=\"math/tex\" id=\"MathJax-Element-29\"\u003e1\\le n\\le 100000, 1\\le m \\le 300000\u003c/script\u003e 。\u003c/p\u003e\u003cp\u003e本题共有20个数据点，每个数据点5分。\u003c/p\u003e\u003cdiv class=\"table-responsive\"\u003e\n\u003ctable class=\"table table-bordered table-text-center table-vertical-middle\"\u003e\u003cthead\u003e\u003ctr\u003e\u003cth rowspan=\"1\"\u003e测试点\u003c/th\u003e\u003cth rowspan=\"1\"\u003e\u003cspan class=\"MathJax_Preview\" style=\"color: inherit;\"\u003e\u003cspan class=\"MJXp-math\" id=\"MJXp-Span-130\"\u003e\u003cspan class=\"MJXp-mi MJXp-italic\" id=\"MJXp-Span-131\"\u003en\u003c/span\u003e\u003c/span\u003e\u003c/span\u003e\u003cscript type=\"math/tex\" id=\"MathJax-Element-30\"\u003en\u003c/script\u003e\u003c/th\u003e\u003cth rowspan=\"1\"\u003e\u003cspan class=\"MathJax_Preview\" style=\"color: inherit;\"\u003e\u003cspan class=\"MJXp-math\" id=\"MJXp-Span-132\"\u003e\u003cspan class=\"MJXp-mi MJXp-italic\" id=\"MJXp-Span-133\"\u003em\u003c/span\u003e\u003c/span\u003e\u003c/span\u003e\u003cscript type=\"math/tex\" id=\"MathJax-Element-31\"\u003em\u003c/script\u003e\u003c/th\u003e\u003cth rowspan=\"1\"\u003e\u003cspan class=\"MathJax_Preview\" style=\"color: inherit;\"\u003e\u003cspan class=\"MJXp-math\" id=\"MJXp-Span-134\"\u003e\u003cspan class=\"MJXp-mrow\" id=\"MJXp-Span-135\"\u003e\u003cspan class=\"MJXp-mo\" id=\"MJXp-Span-136\" style=\"margin-left: 0.278em; margin-right: 0.278em;\"\u003e其\u003c/span\u003e\u003c/span\u003e\u003cspan class=\"MJXp-mrow\" id=\"MJXp-Span-137\"\u003e\u003cspan class=\"MJXp-mo\" id=\"MJXp-Span-138\" style=\"margin-left: 0.278em; margin-right: 0.278em;\"\u003e它\u003c/span\u003e\u003c/span\u003e\u003c/span\u003e\u003c/span\u003e\u003cscript type=\"math/tex\" id=\"MathJax-Element-32\"\u003e其它\u003c/script\u003e\u003c/th\u003e\u003c/tr\u003e\u003c/thead\u003e\u003ctbody\u003e\u003ctr\u003e\u003ctd rowspan=\"1\"\u003e\u003cspan class=\"MathJax_Preview\" style=\"color: inherit;\"\u003e\u003cspan class=\"MJXp-math\" id=\"MJXp-Span-139\"\u003e\u003cspan class=\"MJXp-mn\" id=\"MJXp-Span-140\"\u003e1\u003c/span\u003e\u003cspan class=\"MJXp-mo\" id=\"MJXp-Span-141\" style=\"margin-left: 0.267em; margin-right: 0.267em;\"\u003e−\u003c/span\u003e\u003cspan class=\"MJXp-mn\" id=\"MJXp-Span-142\"\u003e2\u003c/span\u003e\u003c/span\u003e\u003c/span\u003e\u003cscript type=\"math/tex\" id=\"MathJax-Element-33\"\u003e1-2\u003c/script\u003e\u003c/td\u003e\u003ctd rowspan=\"1\"\u003e\u003cspan class=\"MathJax_Preview\" style=\"color: inherit;\"\u003e\u003cspan class=\"MJXp-math\" id=\"MJXp-Span-143\"\u003e\u003cspan class=\"MJXp-mo\" id=\"MJXp-Span-144\" style=\"margin-left: 0.333em; margin-right: 0.333em;\"\u003e≤\u003c/span\u003e\u003cspan class=\"MJXp-mn\" id=\"MJXp-Span-145\"\u003e20\u003c/span\u003e\u003c/span\u003e\u003c/span\u003e\u003cscript type=\"math/tex\" id=\"MathJax-Element-34\"\u003e\\leq20\u003c/script\u003e\u003c/td\u003e\u003ctd rowspan=\"1\"\u003e\u003cspan class=\"MathJax_Preview\" style=\"color: inherit;\"\u003e\u003cspan class=\"MJXp-math\" id=\"MJXp-Span-146\"\u003e\u003cspan class=\"MJXp-mo\" id=\"MJXp-Span-147\" style=\"margin-left: 0.333em; margin-right: 0.333em;\"\u003e≤\u003c/span\u003e\u003cspan class=\"MJXp-mn\" id=\"MJXp-Span-148\"\u003e50\u003c/span\u003e\u003c/span\u003e\u003c/span\u003e\u003cscript type=\"math/tex\" id=\"MathJax-Element-35\"\u003e\\leq50\u003c/script\u003e\u003c/td\u003e\u003ctd rowspan=\"2\"\u003e无特殊约定\u003c/td\u003e\u003c/tr\u003e\u003ctr\u003e\u003ctd rowspan=\"1\"\u003e\u003cspan class=\"MathJax_Preview\" style=\"color: inherit;\"\u003e\u003cspan class=\"MJXp-math\" id=\"MJXp-Span-149\"\u003e\u003cspan class=\"MJXp-mn\" id=\"MJXp-Span-150\"\u003e3\u003c/span\u003e\u003cspan class=\"MJXp-mo\" id=\"MJXp-Span-151\" style=\"margin-left: 0.267em; margin-right: 0.267em;\"\u003e−\u003c/span\u003e\u003cspan class=\"MJXp-mn\" id=\"MJXp-Span-152\"\u003e5\u003c/span\u003e\u003c/span\u003e\u003c/span\u003e\u003cscript type=\"math/tex\" id=\"MathJax-Element-36\"\u003e3-5\u003c/script\u003e\u003c/td\u003e\u003ctd rowspan=\"1\"\u003e\u003cspan class=\"MathJax_Preview\" style=\"color: inherit;\"\u003e\u003cspan class=\"MJXp-math\" id=\"MJXp-Span-153\"\u003e\u003cspan class=\"MJXp-mo\" id=\"MJXp-Span-154\" style=\"margin-left: 0.333em; margin-right: 0.333em;\"\u003e≤\u003c/span\u003e\u003cspan class=\"MJXp-mn\" id=\"MJXp-Span-155\"\u003e1000\u003c/span\u003e\u003c/span\u003e\u003c/span\u003e\u003cscript type=\"math/tex\" id=\"MathJax-Element-37\"\u003e\\leq1000\u003c/script\u003e\u003c/td\u003e\u003ctd rowspan=\"1\"\u003e\u003cspan class=\"MathJax_Preview\" style=\"color: inherit;\"\u003e\u003cspan class=\"MJXp-math\" id=\"MJXp-Span-156\"\u003e\u003cspan class=\"MJXp-mo\" id=\"MJXp-Span-157\" style=\"margin-left: 0.333em; margin-right: 0.333em;\"\u003e≤\u003c/span\u003e\u003cspan class=\"MJXp-mn\" id=\"MJXp-Span-158\"\u003e3000\u003c/span\u003e\u003c/span\u003e\u003c/span\u003e\u003cscript type=\"math/tex\" id=\"MathJax-Element-38\"\u003e\\leq3000\u003c/script\u003e\u003c/td\u003e\u003c/tr\u003e\u003ctr\u003e\u003ctd rowspan=\"1\"\u003e\u003cspan class=\"MathJax_Preview\" style=\"color: inherit;\"\u003e\u003cspan class=\"MJXp-math\" id=\"MJXp-Span-159\"\u003e\u003cspan class=\"MJXp-mn\" id=\"MJXp-Span-160\"\u003e6\u003c/span\u003e\u003cspan class=\"MJXp-mo\" id=\"MJXp-Span-161\" style=\"margin-left: 0.267em; margin-right: 0.267em;\"\u003e−\u003c/span\u003e\u003cspan class=\"MJXp-mn\" id=\"MJXp-Span-162\"\u003e10\u003c/span\u003e\u003c/span\u003e\u003c/span\u003e\u003cscript type=\"math/tex\" id=\"MathJax-Element-39\"\u003e6-10\u003c/script\u003e\u003c/td\u003e\u003ctd rowspan=\"3\"\u003e\u003cspan class=\"MathJax_Preview\" style=\"color: inherit;\"\u003e\u003cspan class=\"MJXp-math\" id=\"MJXp-Span-163\"\u003e\u003cspan class=\"MJXp-mo\" id=\"MJXp-Span-164\" style=\"margin-left: 0.333em; margin-right: 0.333em;\"\u003e≤\u003c/span\u003e\u003cspan class=\"MJXp-mn\" id=\"MJXp-Span-165\"\u003e100000\u003c/span\u003e\u003c/span\u003e\u003c/span\u003e\u003cscript type=\"math/tex\" id=\"MathJax-Element-40\"\u003e\\leq100000\u003c/script\u003e\u003c/td\u003e\u003ctd rowspan=\"3\"\u003e\u003cspan class=\"MathJax_Preview\" style=\"color: inherit;\"\u003e\u003cspan class=\"MJXp-math\" id=\"MJXp-Span-166\"\u003e\u003cspan class=\"MJXp-mo\" id=\"MJXp-Span-167\" style=\"margin-left: 0.333em; margin-right: 0.333em;\"\u003e≤\u003c/span\u003e\u003cspan class=\"MJXp-mn\" id=\"MJXp-Span-168\"\u003e300000\u003c/span\u003e\u003c/span\u003e\u003c/span\u003e\u003cscript type=\"math/tex\" id=\"MathJax-Element-41\"\u003e\\leq300000\u003c/script\u003e\u003c/td\u003e\u003ctd rowspan=\"1\"\u003e所有的find事件都在move事件之前，且没有change事件\u003c/td\u003e\u003c/tr\u003e\u003ctr\u003e\u003ctd rowspan=\"1\"\u003e\u003cspan class=\"MathJax_Preview\" style=\"color: inherit;\"\u003e\u003cspan class=\"MJXp-math\" id=\"MJXp-Span-169\"\u003e\u003cspan class=\"MJXp-mn\" id=\"MJXp-Span-170\"\u003e11\u003c/span\u003e\u003cspan class=\"MJXp-mo\" id=\"MJXp-Span-171\" style=\"margin-left: 0.267em; margin-right: 0.267em;\"\u003e−\u003c/span\u003e\u003cspan class=\"MJXp-mn\" id=\"MJXp-Span-172\"\u003e14\u003c/span\u003e\u003c/span\u003e\u003c/span\u003e\u003cscript type=\"math/tex\" id=\"MathJax-Element-42\"\u003e11-14\u003c/script\u003e\u003c/td\u003e\u003ctd rowspan=\"1\"\u003e所有的find事件都在move事件之前\u003c/td\u003e\u003c/tr\u003e\u003ctr\u003e\u003ctd rowspan=\"1\"\u003e\u003cspan class=\"MathJax_Preview\" style=\"color: inherit;\"\u003e\u003cspan class=\"MJXp-math\" id=\"MJXp-Span-173\"\u003e\u003cspan class=\"MJXp-mn\" id=\"MJXp-Span-174\"\u003e15\u003c/span\u003e\u003cspan class=\"MJXp-mo\" id=\"MJXp-Span-175\" style=\"margin-left: 0.267em; margin-right: 0.267em;\"\u003e−\u003c/span\u003e\u003cspan class=\"MJXp-mn\" id=\"MJXp-Span-176\"\u003e20\u003c/span\u003e\u003c/span\u003e\u003c/span\u003e\u003cscript type=\"math/tex\" id=\"MathJax-Element-43\"\u003e15-20\u003c/script\u003e\u003c/td\u003e\u003ctd rowspan=\"1\"\u003e无特殊约定\u003c/td\u003e\u003c/tr\u003e\u003c/tbody\u003e\u003c/table\u003e\u003c/div\u003e",
      "misc": ""
    },
    {
      "title": "下载",
      "content": "\u003cp\u003e\u003ca href=\"/download.php?type=problem\u0026amp;id=274\"\u003e样例数据下载\u003c/a\u003e\u003c/p\u003e",
      "misc": ""
    }
  ],
  "samples": [
    {
      "title": "样例一",
      "input": "\u003cpre\u003e8 19\nfind 0 0 2 7 2\nfind 1 2 4 4 4\nfind 2 4 6 10 1\nfind 3 6 7 8 6\nmove 2 7\nmove 1 6\nfind 4 2 5 3 4\nmove 0 5\nchange 0 12\nfind 5 4 5 5 10\nfind 6 2 3 6 9\nmove 3 5\nfind 7 0 1 12 1\nmove 1 6\nfind 8 1 7 11 100\nmove 1 6\nmove 3 7\nmove 5 6\nmove 2 2\n\n\u003c/pre\u003e",
      "output": "\u003cpre\u003e11\n-1\n6\n23\n18\n106\n122\n11\n0\n\n\u003c/pre\u003e",
      "explanation": "",
      "misc": ""
    },
    {
      "title": "样例二",
      "input": "\u003cpre\u003e15 45\nfind 0 1 0 8 5987\nfind 1 2 0 14 5455\nfind 2 3 0 27 8830\nfind 3 4 3 42 7688\nfind 4 5 0 25 1756\nfind 5 6 5 35 1550\nfind 6 7 4 43 9440\nmove 3 9\nchange 2 9113\nmove 10 13\nmove 3 3\nmove 11 10\nfind 7 8 7 6 7347\nfind 8 9 8 26 8935\nmove 8 4\nchange 3 4466\nfind 9 10 9 28 8560\nmove 6 5\nfind 10 11 10 31 6205\nchange 9 9228\nfind 11 12 10 23 948\nfind 12 13 12 45 5945\nmove 0 9\nmove 2 5\nchange 2 6118\nfind 13 14 13 12 6906\nmove 4 1\nchange 2 504\nfind 14 4 2 22 9796\nmove 10 7\nmove 1 14\nmove 13 3\nfind 15 12 9 39 8985\nfind 16 9 8 17 3710\nchange 1 5370\nfind 17 1 0 36 4669\nfind 18 7 6 37 8087\nmove 9 0\nfind 19 14 9 33 8234\nfind 20 0 4 24 5209\nchange 1 4883\nfind 21 6 3 9 2461\nfind 22 5 2 19 4291\nchange 1 7219\nchange 6 4846\n\n\u003c/pre\u003e",
      "output": "\u003cpre\u003e-1\n-1\n0\n-1\n16787\n1550\n39301\n7211\n16571\n25510\n59706\n46309\n30692\n\n\u003c/pre\u003e",
      "explanation": "",
      "misc": ""
    },
    {
      "title": "样例三",
      "input": "",
      "output": "",
      "explanation": "",
      "misc": "\u003cp\u003e见样例数据下载\u003c/p\u003e"
    }
  ],
  "tags": [
    "UOJ",
    "清华集训2016"
  ],
  "rules": {
    "runtime": "2000000000",
    "memory": "536870912",
    "stack": "536870912",
    "source": "51200"
  },
  "meta": {
    "created": "2021-04-09T21:41:16.691656015+08:00",
    "updated": "2021-04-09T21:41:16.691656015+08:00",
    "checked": "2021-04-09T21:41:16.691656015+08:00"
  },
  "misc": ""
}
