{
  "id": "295",
  "title": "线段树",
  "type": "traditional",
  "sections": [
    {
      "title": "",
      "content": "\u003cp\u003e线段树是九条可怜很喜欢的一个数据结构，它拥有着简单的结构、优秀的复杂度与强大的 功能，因此可怜曾经花了很长时间研究线段树的一些性质。\u003c/p\u003e\u003cp\u003e最近可怜又开始研究起线段树来了，有所不同的是，她把目光放在了更广义的线段树上：在正常的线段树中，对于区间 \u003cspan class=\"MathJax_Preview\" style=\"color: inherit;\"\u003e\u003cspan class=\"MJXp-math\" id=\"MJXp-Span-1\"\u003e\u003cspan class=\"MJXp-mo\" id=\"MJXp-Span-2\" style=\"margin-left: 0em; margin-right: 0em;\"\u003e[\u003c/span\u003e\u003cspan class=\"MJXp-mi MJXp-italic\" id=\"MJXp-Span-3\"\u003el\u003c/span\u003e\u003cspan class=\"MJXp-mo\" id=\"MJXp-Span-4\" style=\"margin-left: 0em; margin-right: 0.222em;\"\u003e,\u003c/span\u003e\u003cspan class=\"MJXp-mi MJXp-italic\" id=\"MJXp-Span-5\"\u003er\u003c/span\u003e\u003cspan class=\"MJXp-mo\" id=\"MJXp-Span-6\" style=\"margin-left: 0em; margin-right: 0em;\"\u003e]\u003c/span\u003e\u003c/span\u003e\u003c/span\u003e\u003cscript type=\"math/tex\" id=\"MathJax-Element-1\"\u003e[l, r]\u003c/script\u003e，我们会取 \u003cspan class=\"MathJax_Preview\" style=\"color: inherit;\"\u003e\u003cspan class=\"MJXp-math\" id=\"MJXp-Span-7\"\u003e\u003cspan class=\"MJXp-mi MJXp-italic\" id=\"MJXp-Span-8\"\u003em\u003c/span\u003e\u003cspan class=\"MJXp-mo\" id=\"MJXp-Span-9\" style=\"margin-left: 0.333em; margin-right: 0.333em;\"\u003e=\u003c/span\u003e\u003cspan class=\"MJXp-mo\" id=\"MJXp-Span-10\" style=\"margin-left: 0em; margin-right: 0em;\"\u003e⌊\u003c/span\u003e\u003cspan class=\"MJXp-mfrac\" id=\"MJXp-Span-11\" style=\"vertical-align: 0.25em;\"\u003e\u003cspan class=\"MJXp-box MJXp-script\"\u003e\u003cspan class=\"MJXp-mi MJXp-italic\" id=\"MJXp-Span-12\"\u003el\u003c/span\u003e\u003cspan class=\"MJXp-mo\" id=\"MJXp-Span-13\"\u003e+\u003c/span\u003e\u003cspan class=\"MJXp-mi MJXp-italic\" id=\"MJXp-Span-14\"\u003er\u003c/span\u003e\u003c/span\u003e\u003cspan class=\"MJXp-box\" style=\"margin-top: -0.9em;\"\u003e\u003cspan class=\"MJXp-denom\"\u003e\u003cspan\u003e\u003cspan class=\"MJXp-rule\" style=\"height: 1em; border-top: none; border-bottom: 1px solid; margin: 0.1em 0px;\"\u003e\u003c/span\u003e\u003c/span\u003e\u003cspan\u003e\u003cspan class=\"MJXp-box MJXp-script\"\u003e\u003cspan class=\"MJXp-mn\" id=\"MJXp-Span-15\"\u003e2\u003c/span\u003e\u003c/span\u003e\u003c/span\u003e\u003c/span\u003e\u003c/span\u003e\u003c/span\u003e\u003cspan class=\"MJXp-mo\" id=\"MJXp-Span-16\" style=\"margin-left: 0em; margin-right: 0em;\"\u003e⌋\u003c/span\u003e\u003c/span\u003e\u003c/span\u003e\u003cscript type=\"math/tex\" id=\"MathJax-Element-2\"\u003em = \\lfloor \\frac{l+r}{2} \\rfloor\u003c/script\u003e，然后将这个区间分成 \u003cspan class=\"MathJax_Preview\" style=\"color: inherit;\"\u003e\u003cspan class=\"MJXp-math\" id=\"MJXp-Span-17\"\u003e\u003cspan class=\"MJXp-mo\" id=\"MJXp-Span-18\" style=\"margin-left: 0em; margin-right: 0em;\"\u003e[\u003c/span\u003e\u003cspan class=\"MJXp-mi MJXp-italic\" id=\"MJXp-Span-19\"\u003el\u003c/span\u003e\u003cspan class=\"MJXp-mo\" id=\"MJXp-Span-20\" style=\"margin-left: 0em; margin-right: 0.222em;\"\u003e,\u003c/span\u003e\u003cspan class=\"MJXp-mi MJXp-italic\" id=\"MJXp-Span-21\"\u003em\u003c/span\u003e\u003cspan class=\"MJXp-mo\" id=\"MJXp-Span-22\" style=\"margin-left: 0em; margin-right: 0em;\"\u003e]\u003c/span\u003e\u003c/span\u003e\u003c/span\u003e\u003cscript type=\"math/tex\" id=\"MathJax-Element-3\"\u003e[l, m]\u003c/script\u003e 和 \u003cspan class=\"MathJax_Preview\" style=\"color: inherit;\"\u003e\u003cspan class=\"MJXp-math\" id=\"MJXp-Span-23\"\u003e\u003cspan class=\"MJXp-mo\" id=\"MJXp-Span-24\" style=\"margin-left: 0em; margin-right: 0em;\"\u003e[\u003c/span\u003e\u003cspan class=\"MJXp-mi MJXp-italic\" id=\"MJXp-Span-25\"\u003em\u003c/span\u003e\u003cspan class=\"MJXp-mo\" id=\"MJXp-Span-26\" style=\"margin-left: 0.267em; margin-right: 0.267em;\"\u003e+\u003c/span\u003e\u003cspan class=\"MJXp-mn\" id=\"MJXp-Span-27\"\u003e1\u003c/span\u003e\u003cspan class=\"MJXp-mo\" id=\"MJXp-Span-28\" style=\"margin-left: 0em; margin-right: 0.222em;\"\u003e,\u003c/span\u003e\u003cspan class=\"MJXp-mi MJXp-italic\" id=\"MJXp-Span-29\"\u003er\u003c/span\u003e\u003cspan class=\"MJXp-mo\" id=\"MJXp-Span-30\" style=\"margin-left: 0em; margin-right: 0em;\"\u003e]\u003c/span\u003e\u003c/span\u003e\u003c/span\u003e\u003cscript type=\"math/tex\" id=\"MathJax-Element-4\"\u003e[m + 1, r]\u003c/script\u003e 两个子区间。在广义的线段树中，\u003cspan class=\"MathJax_Preview\" style=\"color: inherit;\"\u003e\u003cspan class=\"MJXp-math\" id=\"MJXp-Span-31\"\u003e\u003cspan class=\"MJXp-mi MJXp-italic\" id=\"MJXp-Span-32\"\u003em\u003c/span\u003e\u003c/span\u003e\u003c/span\u003e\u003cscript type=\"math/tex\" id=\"MathJax-Element-5\"\u003em\u003c/script\u003e 不要求恰好等于区间的中点，但是 \u003cspan class=\"MathJax_Preview\" style=\"color: inherit;\"\u003e\u003cspan class=\"MJXp-math\" id=\"MJXp-Span-33\"\u003e\u003cspan class=\"MJXp-mi MJXp-italic\" id=\"MJXp-Span-34\"\u003em\u003c/span\u003e\u003c/span\u003e\u003c/span\u003e\u003cscript type=\"math/tex\" id=\"MathJax-Element-6\"\u003em\u003c/script\u003e 还是必须 满足 \u003cspan class=\"MathJax_Preview\" style=\"color: inherit;\"\u003e\u003cspan class=\"MJXp-math\" id=\"MJXp-Span-35\"\u003e\u003cspan class=\"MJXp-mi MJXp-italic\" id=\"MJXp-Span-36\"\u003el\u003c/span\u003e\u003cspan class=\"MJXp-mo\" id=\"MJXp-Span-37\" style=\"margin-left: 0.333em; margin-right: 0.333em;\"\u003e≤\u003c/span\u003e\u003cspan class=\"MJXp-mi MJXp-italic\" id=\"MJXp-Span-38\"\u003em\u003c/span\u003e\u003cspan class=\"MJXp-mo\" id=\"MJXp-Span-39\" style=\"margin-left: 0.333em; margin-right: 0.333em;\"\u003e\u0026lt;\u003c/span\u003e\u003cspan class=\"MJXp-mi MJXp-italic\" id=\"MJXp-Span-40\"\u003er\u003c/span\u003e\u003c/span\u003e\u003c/span\u003e\u003cscript type=\"math/tex\" id=\"MathJax-Element-7\"\u003el \\le m \u003c r\u003c/script\u003e 的。不难发现在广义的线段树中，树的深度可以达到 \u003cspan class=\"MathJax_Preview\" style=\"color: inherit;\"\u003e\u003cspan class=\"MJXp-math\" id=\"MJXp-Span-41\"\u003e\u003cspan class=\"MJXp-mi MJXp-italic\" id=\"MJXp-Span-42\"\u003eO\u003c/span\u003e\u003cspan class=\"MJXp-mo\" id=\"MJXp-Span-43\" style=\"margin-left: 0em; margin-right: 0em;\"\u003e(\u003c/span\u003e\u003cspan class=\"MJXp-mi MJXp-italic\" id=\"MJXp-Span-44\"\u003en\u003c/span\u003e\u003cspan class=\"MJXp-mo\" id=\"MJXp-Span-45\" style=\"margin-left: 0em; margin-right: 0em;\"\u003e)\u003c/span\u003e\u003c/span\u003e\u003c/span\u003e\u003cscript type=\"math/tex\" id=\"MathJax-Element-8\"\u003eO(n)\u003c/script\u003e 级别。\u003c/p\u003e\u003cp\u003e例如下面这棵树，就是一棵广义的线段树：\u003c/p\u003e\u003cp\u003e\u003cimg class=\"img-responsive center-block\" src=\"//img.uoj.ac/utility/seg.png\" alt=\"线段树\"\u003e\u003c/p\u003e\u003cp\u003e为了方便，我们按照先序遍历给线段树上所有的节点标号，例如在上图中，\u003cspan class=\"MathJax_Preview\" style=\"color: inherit;\"\u003e\u003cspan class=\"MJXp-math\" id=\"MJXp-Span-46\"\u003e\u003cspan class=\"MJXp-mo\" id=\"MJXp-Span-47\" style=\"margin-left: 0em; margin-right: 0em;\"\u003e[\u003c/span\u003e\u003cspan class=\"MJXp-mn\" id=\"MJXp-Span-48\"\u003e2\u003c/span\u003e\u003cspan class=\"MJXp-mo\" id=\"MJXp-Span-49\" style=\"margin-left: 0em; margin-right: 0.222em;\"\u003e,\u003c/span\u003e\u003cspan class=\"MJXp-mn\" id=\"MJXp-Span-50\"\u003e3\u003c/span\u003e\u003cspan class=\"MJXp-mo\" id=\"MJXp-Span-51\" style=\"margin-left: 0em; margin-right: 0em;\"\u003e]\u003c/span\u003e\u003c/span\u003e\u003c/span\u003e\u003cscript type=\"math/tex\" id=\"MathJax-Element-9\"\u003e[2, 3]\u003c/script\u003e 的标号是 \u003cspan class=\"MathJax_Preview\" style=\"color: inherit;\"\u003e\u003cspan class=\"MJXp-math\" id=\"MJXp-Span-52\"\u003e\u003cspan class=\"MJXp-mn\" id=\"MJXp-Span-53\"\u003e5\u003c/span\u003e\u003c/span\u003e\u003c/span\u003e\u003cscript type=\"math/tex\" id=\"MathJax-Element-10\"\u003e5\u003c/script\u003e，\u003cspan class=\"MathJax_Preview\" style=\"color: inherit;\"\u003e\u003cspan class=\"MJXp-math\" id=\"MJXp-Span-54\"\u003e\u003cspan class=\"MJXp-mo\" id=\"MJXp-Span-55\" style=\"margin-left: 0em; margin-right: 0em;\"\u003e[\u003c/span\u003e\u003cspan class=\"MJXp-mn\" id=\"MJXp-Span-56\"\u003e4\u003c/span\u003e\u003cspan class=\"MJXp-mo\" id=\"MJXp-Span-57\" style=\"margin-left: 0em; margin-right: 0.222em;\"\u003e,\u003c/span\u003e\u003cspan class=\"MJXp-mn\" id=\"MJXp-Span-58\"\u003e4\u003c/span\u003e\u003cspan class=\"MJXp-mo\" id=\"MJXp-Span-59\" style=\"margin-left: 0em; margin-right: 0em;\"\u003e]\u003c/span\u003e\u003c/span\u003e\u003c/span\u003e\u003cscript type=\"math/tex\" id=\"MathJax-Element-11\"\u003e[4, 4]\u003c/script\u003e 的标号是 \u003cspan class=\"MathJax_Preview\" style=\"color: inherit;\"\u003e\u003cspan class=\"MJXp-math\" id=\"MJXp-Span-60\"\u003e\u003cspan class=\"MJXp-mn\" id=\"MJXp-Span-61\"\u003e9\u003c/span\u003e\u003c/span\u003e\u003c/span\u003e\u003cscript type=\"math/tex\" id=\"MathJax-Element-12\"\u003e9\u003c/script\u003e，不难发现在 \u003cspan class=\"MathJax_Preview\" style=\"color: inherit;\"\u003e\u003cspan class=\"MJXp-math\" id=\"MJXp-Span-62\"\u003e\u003cspan class=\"MJXp-mo\" id=\"MJXp-Span-63\" style=\"margin-left: 0em; margin-right: 0em;\"\u003e[\u003c/span\u003e\u003cspan class=\"MJXp-mn\" id=\"MJXp-Span-64\"\u003e1\u003c/span\u003e\u003cspan class=\"MJXp-mo\" id=\"MJXp-Span-65\" style=\"margin-left: 0em; margin-right: 0.222em;\"\u003e,\u003c/span\u003e\u003cspan class=\"MJXp-mi MJXp-italic\" id=\"MJXp-Span-66\"\u003en\u003c/span\u003e\u003cspan class=\"MJXp-mo\" id=\"MJXp-Span-67\" style=\"margin-left: 0em; margin-right: 0em;\"\u003e]\u003c/span\u003e\u003c/span\u003e\u003c/span\u003e\u003cscript type=\"math/tex\" id=\"MathJax-Element-13\"\u003e[1, n]\u003c/script\u003e 上建立的广义线段树，它共有着 \u003cspan class=\"MathJax_Preview\" style=\"color: inherit;\"\u003e\u003cspan class=\"MJXp-math\" id=\"MJXp-Span-68\"\u003e\u003cspan class=\"MJXp-mn\" id=\"MJXp-Span-69\"\u003e2\u003c/span\u003e\u003cspan class=\"MJXp-mi MJXp-italic\" id=\"MJXp-Span-70\"\u003en\u003c/span\u003e\u003cspan class=\"MJXp-mo\" id=\"MJXp-Span-71\" style=\"margin-left: 0.267em; margin-right: 0.267em;\"\u003e−\u003c/span\u003e\u003cspan class=\"MJXp-mn\" id=\"MJXp-Span-72\"\u003e1\u003c/span\u003e\u003c/span\u003e\u003c/span\u003e\u003cscript type=\"math/tex\" id=\"MathJax-Element-14\"\u003e2n − 1\u003c/script\u003e 个节点。\u003c/p\u003e\u003cp\u003e考虑把线段树上的定位区间操作（就是打懒标记的时候干的事情）移植到广义线段树上，可以发现在广义的线段树上还是可以用传统的线段树上的方法定位区间的，例如在上图中，蓝色节点和蓝色边就是在定位区间 \u003cspan class=\"MathJax_Preview\" style=\"color: inherit;\"\u003e\u003cspan class=\"MJXp-math\" id=\"MJXp-Span-73\"\u003e\u003cspan class=\"MJXp-mo\" id=\"MJXp-Span-74\" style=\"margin-left: 0em; margin-right: 0em;\"\u003e[\u003c/span\u003e\u003cspan class=\"MJXp-mn\" id=\"MJXp-Span-75\"\u003e2\u003c/span\u003e\u003cspan class=\"MJXp-mo\" id=\"MJXp-Span-76\" style=\"margin-left: 0em; margin-right: 0.222em;\"\u003e,\u003c/span\u003e\u003cspan class=\"MJXp-mn\" id=\"MJXp-Span-77\"\u003e4\u003c/span\u003e\u003cspan class=\"MJXp-mo\" id=\"MJXp-Span-78\" style=\"margin-left: 0em; margin-right: 0em;\"\u003e]\u003c/span\u003e\u003c/span\u003e\u003c/span\u003e\u003cscript type=\"math/tex\" id=\"MathJax-Element-15\"\u003e[2, 4]\u003c/script\u003e 时经过的点和边，最终定位到的点是 \u003cspan class=\"MathJax_Preview\" style=\"color: inherit;\"\u003e\u003cspan class=\"MJXp-math\" id=\"MJXp-Span-79\"\u003e\u003cspan class=\"MJXp-mo\" id=\"MJXp-Span-80\" style=\"margin-left: 0em; margin-right: 0em;\"\u003e[\u003c/span\u003e\u003cspan class=\"MJXp-mn\" id=\"MJXp-Span-81\"\u003e2\u003c/span\u003e\u003cspan class=\"MJXp-mo\" id=\"MJXp-Span-82\" style=\"margin-left: 0em; margin-right: 0.222em;\"\u003e,\u003c/span\u003e\u003cspan class=\"MJXp-mn\" id=\"MJXp-Span-83\"\u003e3\u003c/span\u003e\u003cspan class=\"MJXp-mo\" id=\"MJXp-Span-84\" style=\"margin-left: 0em; margin-right: 0em;\"\u003e]\u003c/span\u003e\u003c/span\u003e\u003c/span\u003e\u003cscript type=\"math/tex\" id=\"MathJax-Element-16\"\u003e[2, 3]\u003c/script\u003e 和 \u003cspan class=\"MathJax_Preview\" style=\"color: inherit;\"\u003e\u003cspan class=\"MJXp-math\" id=\"MJXp-Span-85\"\u003e\u003cspan class=\"MJXp-mo\" id=\"MJXp-Span-86\" style=\"margin-left: 0em; margin-right: 0em;\"\u003e[\u003c/span\u003e\u003cspan class=\"MJXp-mn\" id=\"MJXp-Span-87\"\u003e4\u003c/span\u003e\u003cspan class=\"MJXp-mo\" id=\"MJXp-Span-88\" style=\"margin-left: 0em; margin-right: 0.222em;\"\u003e,\u003c/span\u003e\u003cspan class=\"MJXp-mn\" id=\"MJXp-Span-89\"\u003e4\u003c/span\u003e\u003cspan class=\"MJXp-mo\" id=\"MJXp-Span-90\" style=\"margin-left: 0em; margin-right: 0em;\"\u003e]\u003c/span\u003e\u003c/span\u003e\u003c/span\u003e\u003cscript type=\"math/tex\" id=\"MathJax-Element-17\"\u003e[4, 4]\u003c/script\u003e。\u003c/p\u003e\u003cp\u003e如果你对线段树不熟悉，这儿给出定位区间操作形式化的定义：给出区间 \u003cspan class=\"MathJax_Preview\" style=\"color: inherit;\"\u003e\u003cspan class=\"MJXp-math\" id=\"MJXp-Span-91\"\u003e\u003cspan class=\"MJXp-mo\" id=\"MJXp-Span-92\" style=\"margin-left: 0em; margin-right: 0em;\"\u003e[\u003c/span\u003e\u003cspan class=\"MJXp-mi MJXp-italic\" id=\"MJXp-Span-93\"\u003el\u003c/span\u003e\u003cspan class=\"MJXp-mo\" id=\"MJXp-Span-94\" style=\"margin-left: 0em; margin-right: 0.222em;\"\u003e,\u003c/span\u003e\u003cspan class=\"MJXp-mi MJXp-italic\" id=\"MJXp-Span-95\"\u003er\u003c/span\u003e\u003cspan class=\"MJXp-mo\" id=\"MJXp-Span-96\" style=\"margin-left: 0em; margin-right: 0em;\"\u003e]\u003c/span\u003e\u003c/span\u003e\u003c/span\u003e\u003cscript type=\"math/tex\" id=\"MathJax-Element-18\"\u003e[l, r]\u003c/script\u003e，找出尽可能少的\u003cstrong\u003e区间互不相交\u003c/strong\u003e的线段树节点，使得它们区间的并集\u003cstrong\u003e恰好\u003c/strong\u003e是 \u003cspan class=\"MathJax_Preview\" style=\"color: inherit;\"\u003e\u003cspan class=\"MJXp-math\" id=\"MJXp-Span-97\"\u003e\u003cspan class=\"MJXp-mo\" id=\"MJXp-Span-98\" style=\"margin-left: 0em; margin-right: 0em;\"\u003e[\u003c/span\u003e\u003cspan class=\"MJXp-mi MJXp-italic\" id=\"MJXp-Span-99\"\u003el\u003c/span\u003e\u003cspan class=\"MJXp-mo\" id=\"MJXp-Span-100\" style=\"margin-left: 0em; margin-right: 0.222em;\"\u003e,\u003c/span\u003e\u003cspan class=\"MJXp-mi MJXp-italic\" id=\"MJXp-Span-101\"\u003er\u003c/span\u003e\u003cspan class=\"MJXp-mo\" id=\"MJXp-Span-102\" style=\"margin-left: 0em; margin-right: 0em;\"\u003e]\u003c/span\u003e\u003c/span\u003e\u003c/span\u003e\u003cscript type=\"math/tex\" id=\"MathJax-Element-19\"\u003e[l, r]\u003c/script\u003e。\u003c/p\u003e\u003cp\u003e定义 \u003cspan class=\"MathJax_Preview\" style=\"color: inherit;\"\u003e\u003cspan class=\"MJXp-math\" id=\"MJXp-Span-103\"\u003e\u003cspan class=\"MJXp-msubsup\" id=\"MJXp-Span-104\"\u003e\u003cspan class=\"MJXp-mi MJXp-italic\" id=\"MJXp-Span-105\" style=\"margin-right: 0.05em;\"\u003eS\u003c/span\u003e\u003cspan class=\"MJXp-mrow MJXp-script\" id=\"MJXp-Span-106\" style=\"vertical-align: -0.4em;\"\u003e\u003cspan class=\"MJXp-mo\" id=\"MJXp-Span-107\"\u003e[\u003c/span\u003e\u003cspan class=\"MJXp-mi MJXp-italic\" id=\"MJXp-Span-108\"\u003el\u003c/span\u003e\u003cspan class=\"MJXp-mo\" id=\"MJXp-Span-109\"\u003e,\u003c/span\u003e\u003cspan class=\"MJXp-mi MJXp-italic\" id=\"MJXp-Span-110\"\u003er\u003c/span\u003e\u003cspan class=\"MJXp-mo\" id=\"MJXp-Span-111\"\u003e]\u003c/span\u003e\u003c/span\u003e\u003c/span\u003e\u003c/span\u003e\u003c/span\u003e\u003cscript type=\"math/tex\" id=\"MathJax-Element-20\"\u003eS_{[l,r]}\u003c/script\u003e 为定位区间 \u003cspan class=\"MathJax_Preview\" style=\"color: inherit;\"\u003e\u003cspan class=\"MJXp-math\" id=\"MJXp-Span-112\"\u003e\u003cspan class=\"MJXp-mo\" id=\"MJXp-Span-113\" style=\"margin-left: 0em; margin-right: 0em;\"\u003e[\u003c/span\u003e\u003cspan class=\"MJXp-mi MJXp-italic\" id=\"MJXp-Span-114\"\u003el\u003c/span\u003e\u003cspan class=\"MJXp-mo\" id=\"MJXp-Span-115\" style=\"margin-left: 0em; margin-right: 0.222em;\"\u003e,\u003c/span\u003e\u003cspan class=\"MJXp-mi MJXp-italic\" id=\"MJXp-Span-116\"\u003er\u003c/span\u003e\u003cspan class=\"MJXp-mo\" id=\"MJXp-Span-117\" style=\"margin-left: 0em; margin-right: 0em;\"\u003e]\u003c/span\u003e\u003c/span\u003e\u003c/span\u003e\u003cscript type=\"math/tex\" id=\"MathJax-Element-21\"\u003e[l, r]\u003c/script\u003e 得到的点集，例如在上图中，\u003cspan class=\"MathJax_Preview\" style=\"color: inherit;\"\u003e\u003cspan class=\"MJXp-math\" id=\"MJXp-Span-118\"\u003e\u003cspan class=\"MJXp-msubsup\" id=\"MJXp-Span-119\"\u003e\u003cspan class=\"MJXp-mi MJXp-italic\" id=\"MJXp-Span-120\" style=\"margin-right: 0.05em;\"\u003eS\u003c/span\u003e\u003cspan class=\"MJXp-mrow MJXp-script\" id=\"MJXp-Span-121\" style=\"vertical-align: -0.4em;\"\u003e\u003cspan class=\"MJXp-mo\" id=\"MJXp-Span-122\"\u003e[\u003c/span\u003e\u003cspan class=\"MJXp-mn\" id=\"MJXp-Span-123\"\u003e2\u003c/span\u003e\u003cspan class=\"MJXp-mo\" id=\"MJXp-Span-124\"\u003e,\u003c/span\u003e\u003cspan class=\"MJXp-mn\" id=\"MJXp-Span-125\"\u003e4\u003c/span\u003e\u003cspan class=\"MJXp-mo\" id=\"MJXp-Span-126\"\u003e]\u003c/span\u003e\u003c/span\u003e\u003c/span\u003e\u003cspan class=\"MJXp-mo\" id=\"MJXp-Span-127\" style=\"margin-left: 0.333em; margin-right: 0.333em;\"\u003e=\u003c/span\u003e\u003cspan class=\"MJXp-mo\" id=\"MJXp-Span-128\" style=\"margin-left: 0em; margin-right: 0em;\"\u003e{\u003c/span\u003e\u003cspan class=\"MJXp-mn\" id=\"MJXp-Span-129\"\u003e5\u003c/span\u003e\u003cspan class=\"MJXp-mo\" id=\"MJXp-Span-130\" style=\"margin-left: 0em; margin-right: 0.222em;\"\u003e,\u003c/span\u003e\u003cspan class=\"MJXp-mn\" id=\"MJXp-Span-131\"\u003e9\u003c/span\u003e\u003cspan class=\"MJXp-mo\" id=\"MJXp-Span-132\" style=\"margin-left: 0em; margin-right: 0em;\"\u003e}\u003c/span\u003e\u003c/span\u003e\u003c/span\u003e\u003cscript type=\"math/tex\" id=\"MathJax-Element-22\"\u003eS_{[2,4]} = \\{5, 9\\}\u003c/script\u003e。定义线段树上两个点 \u003cspan class=\"MathJax_Preview\" style=\"color: inherit;\"\u003e\u003cspan class=\"MJXp-math\" id=\"MJXp-Span-133\"\u003e\u003cspan class=\"MJXp-mi MJXp-italic\" id=\"MJXp-Span-134\"\u003eu\u003c/span\u003e\u003cspan class=\"MJXp-mo\" id=\"MJXp-Span-135\" style=\"margin-left: 0em; margin-right: 0.222em;\"\u003e,\u003c/span\u003e\u003cspan class=\"MJXp-mi MJXp-italic\" id=\"MJXp-Span-136\"\u003ev\u003c/span\u003e\u003c/span\u003e\u003c/span\u003e\u003cscript type=\"math/tex\" id=\"MathJax-Element-23\"\u003eu, v\u003c/script\u003e 的距离 \u003cspan class=\"MathJax_Preview\" style=\"color: inherit;\"\u003e\u003cspan class=\"MJXp-math\" id=\"MJXp-Span-137\"\u003e\u003cspan class=\"MJXp-mi MJXp-italic\" id=\"MJXp-Span-138\"\u003ed\u003c/span\u003e\u003cspan class=\"MJXp-mo\" id=\"MJXp-Span-139\" style=\"margin-left: 0em; margin-right: 0em;\"\u003e(\u003c/span\u003e\u003cspan class=\"MJXp-mi MJXp-italic\" id=\"MJXp-Span-140\"\u003eu\u003c/span\u003e\u003cspan class=\"MJXp-mo\" id=\"MJXp-Span-141\" style=\"margin-left: 0em; margin-right: 0.222em;\"\u003e,\u003c/span\u003e\u003cspan class=\"MJXp-mi MJXp-italic\" id=\"MJXp-Span-142\"\u003ev\u003c/span\u003e\u003cspan class=\"MJXp-mo\" id=\"MJXp-Span-143\" style=\"margin-left: 0em; margin-right: 0em;\"\u003e)\u003c/span\u003e\u003c/span\u003e\u003c/span\u003e\u003cscript type=\"math/tex\" id=\"MathJax-Element-24\"\u003ed(u, v)\u003c/script\u003e 为线段树上 \u003cspan class=\"MathJax_Preview\" style=\"color: inherit;\"\u003e\u003cspan class=\"MJXp-math\" id=\"MJXp-Span-144\"\u003e\u003cspan class=\"MJXp-mi MJXp-italic\" id=\"MJXp-Span-145\"\u003eu\u003c/span\u003e\u003c/span\u003e\u003c/span\u003e\u003cscript type=\"math/tex\" id=\"MathJax-Element-25\"\u003eu\u003c/script\u003e 到 \u003cspan class=\"MathJax_Preview\" style=\"color: inherit;\"\u003e\u003cspan class=\"MJXp-math\" id=\"MJXp-Span-146\"\u003e\u003cspan class=\"MJXp-mi MJXp-italic\" id=\"MJXp-Span-147\"\u003ev\u003c/span\u003e\u003c/span\u003e\u003c/span\u003e\u003cscript type=\"math/tex\" id=\"MathJax-Element-26\"\u003ev\u003c/script\u003e 最短路径上的边数，例如在上图中 \u003cspan class=\"MathJax_Preview\" style=\"color: inherit;\"\u003e\u003cspan class=\"MJXp-math\" id=\"MJXp-Span-148\"\u003e\u003cspan class=\"MJXp-mi MJXp-italic\" id=\"MJXp-Span-149\"\u003ed\u003c/span\u003e\u003cspan class=\"MJXp-mo\" id=\"MJXp-Span-150\" style=\"margin-left: 0em; margin-right: 0em;\"\u003e(\u003c/span\u003e\u003cspan class=\"MJXp-mn\" id=\"MJXp-Span-151\"\u003e5\u003c/span\u003e\u003cspan class=\"MJXp-mo\" id=\"MJXp-Span-152\" style=\"margin-left: 0em; margin-right: 0.222em;\"\u003e,\u003c/span\u003e\u003cspan class=\"MJXp-mn\" id=\"MJXp-Span-153\"\u003e9\u003c/span\u003e\u003cspan class=\"MJXp-mo\" id=\"MJXp-Span-154\" style=\"margin-left: 0em; margin-right: 0em;\"\u003e)\u003c/span\u003e\u003cspan class=\"MJXp-mo\" id=\"MJXp-Span-155\" style=\"margin-left: 0.333em; margin-right: 0.333em;\"\u003e=\u003c/span\u003e\u003cspan class=\"MJXp-mn\" id=\"MJXp-Span-156\"\u003e3\u003c/span\u003e\u003c/span\u003e\u003c/span\u003e\u003cscript type=\"math/tex\" id=\"MathJax-Element-27\"\u003ed(5, 9) = 3\u003c/script\u003e。\u003c/p\u003e\u003cp\u003e现在可怜给了你一棵 \u003cspan class=\"MathJax_Preview\" style=\"color: inherit;\"\u003e\u003cspan class=\"MJXp-math\" id=\"MJXp-Span-157\"\u003e\u003cspan class=\"MJXp-mo\" id=\"MJXp-Span-158\" style=\"margin-left: 0em; margin-right: 0em;\"\u003e[\u003c/span\u003e\u003cspan class=\"MJXp-mn\" id=\"MJXp-Span-159\"\u003e1\u003c/span\u003e\u003cspan class=\"MJXp-mo\" id=\"MJXp-Span-160\" style=\"margin-left: 0em; margin-right: 0.222em;\"\u003e,\u003c/span\u003e\u003cspan class=\"MJXp-mi MJXp-italic\" id=\"MJXp-Span-161\"\u003en\u003c/span\u003e\u003cspan class=\"MJXp-mo\" id=\"MJXp-Span-162\" style=\"margin-left: 0em; margin-right: 0em;\"\u003e]\u003c/span\u003e\u003c/span\u003e\u003c/span\u003e\u003cscript type=\"math/tex\" id=\"MathJax-Element-28\"\u003e[1, n]\u003c/script\u003e 上的广义的线段树并给了 \u003cspan class=\"MathJax_Preview\" style=\"color: inherit;\"\u003e\u003cspan class=\"MJXp-math\" id=\"MJXp-Span-163\"\u003e\u003cspan class=\"MJXp-mi MJXp-italic\" id=\"MJXp-Span-164\"\u003em\u003c/span\u003e\u003c/span\u003e\u003c/span\u003e\u003cscript type=\"math/tex\" id=\"MathJax-Element-29\"\u003em\u003c/script\u003e 组询问，每组询问给出三个数 \u003cspan class=\"MathJax_Preview\" style=\"color: inherit;\"\u003e\u003cspan class=\"MJXp-math\" id=\"MJXp-Span-165\"\u003e\u003cspan class=\"MJXp-mi MJXp-italic\" id=\"MJXp-Span-166\"\u003eu\u003c/span\u003e\u003cspan class=\"MJXp-mo\" id=\"MJXp-Span-167\" style=\"margin-left: 0em; margin-right: 0.222em;\"\u003e,\u003c/span\u003e\u003cspan class=\"MJXp-mi MJXp-italic\" id=\"MJXp-Span-168\"\u003el\u003c/span\u003e\u003cspan class=\"MJXp-mo\" id=\"MJXp-Span-169\" style=\"margin-left: 0em; margin-right: 0.222em;\"\u003e,\u003c/span\u003e\u003cspan class=\"MJXp-mi MJXp-italic\" id=\"MJXp-Span-170\"\u003er\u003c/span\u003e\u003cspan class=\"MJXp-mo\" id=\"MJXp-Span-171\" style=\"margin-left: 0em; margin-right: 0em;\"\u003e(\u003c/span\u003e\u003cspan class=\"MJXp-mi MJXp-italic\" id=\"MJXp-Span-172\"\u003el\u003c/span\u003e\u003cspan class=\"MJXp-mo\" id=\"MJXp-Span-173\" style=\"margin-left: 0.333em; margin-right: 0.333em;\"\u003e≤\u003c/span\u003e\u003cspan class=\"MJXp-mi MJXp-italic\" id=\"MJXp-Span-174\"\u003er\u003c/span\u003e\u003cspan class=\"MJXp-mo\" id=\"MJXp-Span-175\" style=\"margin-left: 0em; margin-right: 0em;\"\u003e)\u003c/span\u003e\u003c/span\u003e\u003c/span\u003e\u003cscript type=\"math/tex\" id=\"MathJax-Element-30\"\u003eu, l, r (l \\le r)\u003c/script\u003e，可怜想要知道 \u003cspan class=\"MathJax_Preview\" style=\"color: inherit;\"\u003e\u003cspan class=\"MJXp-math\" id=\"MJXp-Span-176\"\u003e\u003cspan class=\"MJXp-msubsup\" id=\"MJXp-Span-177\"\u003e\u003cspan class=\"MJXp-mo\" id=\"MJXp-Span-178\" style=\"margin-left: 0.111em; margin-right: 0.05em;\"\u003e∑\u003c/span\u003e\u003cspan class=\"MJXp-mrow MJXp-script\" id=\"MJXp-Span-179\" style=\"vertical-align: -0.4em;\"\u003e\u003cspan class=\"MJXp-mi MJXp-italic\" id=\"MJXp-Span-180\"\u003ev\u003c/span\u003e\u003cspan class=\"MJXp-mo\" id=\"MJXp-Span-181\"\u003e∈\u003c/span\u003e\u003cspan class=\"MJXp-msubsup\" id=\"MJXp-Span-182\"\u003e\u003cspan class=\"MJXp-mi MJXp-italic\" id=\"MJXp-Span-183\" style=\"margin-right: 0.05em;\"\u003eS\u003c/span\u003e\u003cspan class=\"MJXp-mrow MJXp-script\" id=\"MJXp-Span-184\" style=\"vertical-align: -0.4em;\"\u003e\u003cspan class=\"MJXp-mo\" id=\"MJXp-Span-185\"\u003e[\u003c/span\u003e\u003cspan class=\"MJXp-mi MJXp-italic\" id=\"MJXp-Span-186\"\u003el\u003c/span\u003e\u003cspan class=\"MJXp-mo\" id=\"MJXp-Span-187\"\u003e,\u003c/span\u003e\u003cspan class=\"MJXp-mi MJXp-italic\" id=\"MJXp-Span-188\"\u003er\u003c/span\u003e\u003cspan class=\"MJXp-mo\" id=\"MJXp-Span-189\"\u003e]\u003c/span\u003e\u003c/span\u003e\u003c/span\u003e\u003c/span\u003e\u003c/span\u003e\u003cspan class=\"MJXp-mi MJXp-italic\" id=\"MJXp-Span-190\"\u003ed\u003c/span\u003e\u003cspan class=\"MJXp-mo\" id=\"MJXp-Span-191\" style=\"margin-left: 0em; margin-right: 0em;\"\u003e(\u003c/span\u003e\u003cspan class=\"MJXp-mi MJXp-italic\" id=\"MJXp-Span-192\"\u003eu\u003c/span\u003e\u003cspan class=\"MJXp-mo\" id=\"MJXp-Span-193\" style=\"margin-left: 0em; margin-right: 0.222em;\"\u003e,\u003c/span\u003e\u003cspan class=\"MJXp-mi MJXp-italic\" id=\"MJXp-Span-194\"\u003ev\u003c/span\u003e\u003cspan class=\"MJXp-mo\" id=\"MJXp-Span-195\" style=\"margin-left: 0em; margin-right: 0em;\"\u003e)\u003c/span\u003e\u003c/span\u003e\u003c/span\u003e\u003cscript type=\"math/tex\" id=\"MathJax-Element-31\"\u003e\\sum_{v \\in S_{[l, r]}} d(u, v)\u003c/script\u003e。\u003c/p\u003e",
      "misc": ""
    },
    {
      "title": "输入格式",
      "content": "\u003cp\u003e第一行输入一个整数 \u003cspan class=\"MathJax_Preview\" style=\"color: inherit;\"\u003e\u003cspan class=\"MJXp-math\" id=\"MJXp-Span-196\"\u003e\u003cspan class=\"MJXp-mi MJXp-italic\" id=\"MJXp-Span-197\"\u003en\u003c/span\u003e\u003c/span\u003e\u003c/span\u003e\u003cscript type=\"math/tex\" id=\"MathJax-Element-32\"\u003en\u003c/script\u003e。\u003c/p\u003e\u003cp\u003e接下来一行包含 \u003cspan class=\"MathJax_Preview\" style=\"color: inherit;\"\u003e\u003cspan class=\"MJXp-math\" id=\"MJXp-Span-198\"\u003e\u003cspan class=\"MJXp-mi MJXp-italic\" id=\"MJXp-Span-199\"\u003en\u003c/span\u003e\u003cspan class=\"MJXp-mo\" id=\"MJXp-Span-200\" style=\"margin-left: 0.267em; margin-right: 0.267em;\"\u003e−\u003c/span\u003e\u003cspan class=\"MJXp-mn\" id=\"MJXp-Span-201\"\u003e1\u003c/span\u003e\u003c/span\u003e\u003c/span\u003e\u003cscript type=\"math/tex\" id=\"MathJax-Element-33\"\u003en - 1\u003c/script\u003e 个空格隔开的整数：按照标号递增的顺序，给出广义线段树上所有\u003cstrong\u003e非叶子\u003c/strong\u003e节点的划分位置 \u003cspan class=\"MathJax_Preview\" style=\"color: inherit;\"\u003e\u003cspan class=\"MJXp-math\" id=\"MJXp-Span-202\"\u003e\u003cspan class=\"MJXp-mi MJXp-italic\" id=\"MJXp-Span-203\"\u003em\u003c/span\u003e\u003c/span\u003e\u003c/span\u003e\u003cscript type=\"math/tex\" id=\"MathJax-Element-34\"\u003em\u003c/script\u003e。不难发现通过这些信息就能唯一确定一棵 \u003cspan class=\"MathJax_Preview\" style=\"color: inherit;\"\u003e\u003cspan class=\"MJXp-math\" id=\"MJXp-Span-204\"\u003e\u003cspan class=\"MJXp-mo\" id=\"MJXp-Span-205\" style=\"margin-left: 0em; margin-right: 0em;\"\u003e[\u003c/span\u003e\u003cspan class=\"MJXp-mn\" id=\"MJXp-Span-206\"\u003e1\u003c/span\u003e\u003cspan class=\"MJXp-mo\" id=\"MJXp-Span-207\" style=\"margin-left: 0em; margin-right: 0.222em;\"\u003e,\u003c/span\u003e\u003cspan class=\"MJXp-mi MJXp-italic\" id=\"MJXp-Span-208\"\u003en\u003c/span\u003e\u003cspan class=\"MJXp-mo\" id=\"MJXp-Span-209\" style=\"margin-left: 0em; margin-right: 0em;\"\u003e]\u003c/span\u003e\u003c/span\u003e\u003c/span\u003e\u003cscript type=\"math/tex\" id=\"MathJax-Element-35\"\u003e[1, n]\u003c/script\u003e 上的广义线段树。\u003c/p\u003e\u003cp\u003e接下来一行输入一个整数 \u003cspan class=\"MathJax_Preview\" style=\"color: inherit;\"\u003e\u003cspan class=\"MJXp-math\" id=\"MJXp-Span-210\"\u003e\u003cspan class=\"MJXp-mi MJXp-italic\" id=\"MJXp-Span-211\"\u003em\u003c/span\u003e\u003c/span\u003e\u003c/span\u003e\u003cscript type=\"math/tex\" id=\"MathJax-Element-36\"\u003em\u003c/script\u003e。\u003c/p\u003e\u003cp\u003e之后 \u003cspan class=\"MathJax_Preview\" style=\"color: inherit;\"\u003e\u003cspan class=\"MJXp-math\" id=\"MJXp-Span-212\"\u003e\u003cspan class=\"MJXp-mi MJXp-italic\" id=\"MJXp-Span-213\"\u003em\u003c/span\u003e\u003c/span\u003e\u003c/span\u003e\u003cscript type=\"math/tex\" id=\"MathJax-Element-37\"\u003em\u003c/script\u003e 行每行输入三个整数 \u003cspan class=\"MathJax_Preview\" style=\"color: inherit;\"\u003e\u003cspan class=\"MJXp-math\" id=\"MJXp-Span-214\"\u003e\u003cspan class=\"MJXp-mi MJXp-italic\" id=\"MJXp-Span-215\"\u003eu\u003c/span\u003e\u003cspan class=\"MJXp-mo\" id=\"MJXp-Span-216\" style=\"margin-left: 0em; margin-right: 0.222em;\"\u003e,\u003c/span\u003e\u003cspan class=\"MJXp-mi MJXp-italic\" id=\"MJXp-Span-217\"\u003el\u003c/span\u003e\u003cspan class=\"MJXp-mo\" id=\"MJXp-Span-218\" style=\"margin-left: 0em; margin-right: 0.222em;\"\u003e,\u003c/span\u003e\u003cspan class=\"MJXp-mi MJXp-italic\" id=\"MJXp-Span-219\"\u003er\u003c/span\u003e\u003cspan class=\"MJXp-mo\" id=\"MJXp-Span-220\" style=\"margin-left: 0em; margin-right: 0em;\"\u003e(\u003c/span\u003e\u003cspan class=\"MJXp-mn\" id=\"MJXp-Span-221\"\u003e1\u003c/span\u003e\u003cspan class=\"MJXp-mo\" id=\"MJXp-Span-222\" style=\"margin-left: 0.333em; margin-right: 0.333em;\"\u003e≤\u003c/span\u003e\u003cspan class=\"MJXp-mi MJXp-italic\" id=\"MJXp-Span-223\"\u003eu\u003c/span\u003e\u003cspan class=\"MJXp-mo\" id=\"MJXp-Span-224\" style=\"margin-left: 0.333em; margin-right: 0.333em;\"\u003e≤\u003c/span\u003e\u003cspan class=\"MJXp-mn\" id=\"MJXp-Span-225\"\u003e2\u003c/span\u003e\u003cspan class=\"MJXp-mi MJXp-italic\" id=\"MJXp-Span-226\"\u003en\u003c/span\u003e\u003cspan class=\"MJXp-mo\" id=\"MJXp-Span-227\" style=\"margin-left: 0.267em; margin-right: 0.267em;\"\u003e−\u003c/span\u003e\u003cspan class=\"MJXp-mn\" id=\"MJXp-Span-228\"\u003e1\u003c/span\u003e\u003cspan class=\"MJXp-mo\" id=\"MJXp-Span-229\" style=\"margin-left: 0em; margin-right: 0.222em;\"\u003e,\u003c/span\u003e\u003cspan class=\"MJXp-mn\" id=\"MJXp-Span-230\"\u003e1\u003c/span\u003e\u003cspan class=\"MJXp-mo\" id=\"MJXp-Span-231\" style=\"margin-left: 0.333em; margin-right: 0.333em;\"\u003e≤\u003c/span\u003e\u003cspan class=\"MJXp-mi MJXp-italic\" id=\"MJXp-Span-232\"\u003el\u003c/span\u003e\u003cspan class=\"MJXp-mo\" id=\"MJXp-Span-233\" style=\"margin-left: 0.333em; margin-right: 0.333em;\"\u003e≤\u003c/span\u003e\u003cspan class=\"MJXp-mi MJXp-italic\" id=\"MJXp-Span-234\"\u003er\u003c/span\u003e\u003cspan class=\"MJXp-mo\" id=\"MJXp-Span-235\" style=\"margin-left: 0.333em; margin-right: 0.333em;\"\u003e≤\u003c/span\u003e\u003cspan class=\"MJXp-mi MJXp-italic\" id=\"MJXp-Span-236\"\u003en\u003c/span\u003e\u003cspan class=\"MJXp-mo\" id=\"MJXp-Span-237\" style=\"margin-left: 0em; margin-right: 0em;\"\u003e)\u003c/span\u003e\u003c/span\u003e\u003c/span\u003e\u003cscript type=\"math/tex\" id=\"MathJax-Element-38\"\u003eu, l, r(1 \\le u \\le 2n − 1, 1 \\le l \\le r \\le n)\u003c/script\u003e，表示一组询问。\u003c/p\u003e",
      "misc": ""
    },
    {
      "title": "输出格式",
      "content": "\u003cp\u003e对于每组询问，输出一个整数表示答案。\u003c/p\u003e",
      "misc": ""
    },
    {
      "title": "限制与约定",
      "content": "\u003cdiv class=\"table-responsive\"\u003e\n\u003ctable class=\"table table-bordered table-text-center table-vertical-middle\"\u003e\u003cthead\u003e\u003ctr\u003e\u003cth\u003e测试点编号\u003c/th\u003e\n\u003cth\u003e\u003cspan class=\"MathJax_Preview\" style=\"color: inherit;\"\u003e\u003cspan class=\"MJXp-math\" id=\"MJXp-Span-238\"\u003e\u003cspan class=\"MJXp-mi MJXp-italic\" id=\"MJXp-Span-239\"\u003en\u003c/span\u003e\u003c/span\u003e\u003c/span\u003e\u003cscript type=\"math/tex\" id=\"MathJax-Element-39\"\u003en\u003c/script\u003e\u003c/th\u003e\n\u003cth\u003e\u003cspan class=\"MathJax_Preview\" style=\"color: inherit;\"\u003e\u003cspan class=\"MJXp-math\" id=\"MJXp-Span-240\"\u003e\u003cspan class=\"MJXp-mi MJXp-italic\" id=\"MJXp-Span-241\"\u003em\u003c/span\u003e\u003c/span\u003e\u003c/span\u003e\u003cscript type=\"math/tex\" id=\"MathJax-Element-40\"\u003em\u003c/script\u003e\u003c/th\u003e\n\u003cth\u003e其他约定\u003c/th\u003e\n\u003c/tr\u003e\u003c/thead\u003e\u003ctbody\u003e\u003ctr\u003e\u003ctd\u003e1\u003c/td\u003e\u003ctd\u003e\u003cspan class=\"MathJax_Preview\" style=\"color: inherit;\"\u003e\u003cspan class=\"MJXp-math\" id=\"MJXp-Span-242\"\u003e\u003cspan class=\"MJXp-mo\" id=\"MJXp-Span-243\" style=\"margin-left: 0.333em; margin-right: 0.333em;\"\u003e≤\u003c/span\u003e\u003cspan class=\"MJXp-mn\" id=\"MJXp-Span-244\"\u003e100\u003c/span\u003e\u003c/span\u003e\u003c/span\u003e\u003cscript type=\"math/tex\" id=\"MathJax-Element-41\"\u003e\\le 100\u003c/script\u003e\u003c/td\u003e\u003ctd\u003e\u003cspan class=\"MathJax_Preview\" style=\"color: inherit;\"\u003e\u003cspan class=\"MJXp-math\" id=\"MJXp-Span-245\"\u003e\u003cspan class=\"MJXp-mo\" id=\"MJXp-Span-246\" style=\"margin-left: 0.333em; margin-right: 0.333em;\"\u003e≤\u003c/span\u003e\u003cspan class=\"MJXp-mn\" id=\"MJXp-Span-247\"\u003e100\u003c/span\u003e\u003c/span\u003e\u003c/span\u003e\u003cscript type=\"math/tex\" id=\"MathJax-Element-42\"\u003e\\le 100\u003c/script\u003e\u003c/td\u003e\u003ctd rowspan=\"2\"\u003e无\u003c/td\u003e\u003c/tr\u003e\u003ctr\u003e\u003ctd\u003e2\u003c/td\u003e\u003ctd rowspan=\"9\"\u003e\u003cspan class=\"MathJax_Preview\" style=\"color: inherit;\"\u003e\u003cspan class=\"MJXp-math\" id=\"MJXp-Span-248\"\u003e\u003cspan class=\"MJXp-mo\" id=\"MJXp-Span-249\" style=\"margin-left: 0.333em; margin-right: 0.333em;\"\u003e≤\u003c/span\u003e\u003cspan class=\"MJXp-mn\" id=\"MJXp-Span-250\"\u003e2\u003c/span\u003e\u003cspan class=\"MJXp-mo\" id=\"MJXp-Span-251\" style=\"margin-left: 0.267em; margin-right: 0.267em;\"\u003e×\u003c/span\u003e\u003cspan class=\"MJXp-msubsup\" id=\"MJXp-Span-252\"\u003e\u003cspan class=\"MJXp-mn\" id=\"MJXp-Span-253\" style=\"margin-right: 0.05em;\"\u003e10\u003c/span\u003e\u003cspan class=\"MJXp-mn MJXp-script\" id=\"MJXp-Span-254\" style=\"vertical-align: 0.5em;\"\u003e5\u003c/span\u003e\u003c/span\u003e\u003c/span\u003e\u003c/span\u003e\u003cscript type=\"math/tex\" id=\"MathJax-Element-43\"\u003e\\le 2 \\times 10^5\u003c/script\u003e\u003c/td\u003e\u003ctd\u003e\u003cspan class=\"MathJax_Preview\" style=\"color: inherit;\"\u003e\u003cspan class=\"MJXp-math\" id=\"MJXp-Span-255\"\u003e\u003cspan class=\"MJXp-mo\" id=\"MJXp-Span-256\" style=\"margin-left: 0.333em; margin-right: 0.333em;\"\u003e≤\u003c/span\u003e\u003cspan class=\"MJXp-mn\" id=\"MJXp-Span-257\"\u003e20\u003c/span\u003e\u003c/span\u003e\u003c/span\u003e\u003cscript type=\"math/tex\" id=\"MathJax-Element-44\"\u003e\\le 20\u003c/script\u003e\u003c/td\u003e\u003c/tr\u003e\u003ctr\u003e\u003ctd\u003e3\u003c/td\u003e\u003ctd rowspan=\"9\"\u003e\u003cspan class=\"MathJax_Preview\" style=\"color: inherit;\"\u003e\u003cspan class=\"MJXp-math\" id=\"MJXp-Span-258\"\u003e\u003cspan class=\"MJXp-mo\" id=\"MJXp-Span-259\" style=\"margin-left: 0.333em; margin-right: 0.333em;\"\u003e≤\u003c/span\u003e\u003cspan class=\"MJXp-mn\" id=\"MJXp-Span-260\"\u003e2\u003c/span\u003e\u003cspan class=\"MJXp-mo\" id=\"MJXp-Span-261\" style=\"margin-left: 0.267em; margin-right: 0.267em;\"\u003e×\u003c/span\u003e\u003cspan class=\"MJXp-msubsup\" id=\"MJXp-Span-262\"\u003e\u003cspan class=\"MJXp-mn\" id=\"MJXp-Span-263\" style=\"margin-right: 0.05em;\"\u003e10\u003c/span\u003e\u003cspan class=\"MJXp-mn MJXp-script\" id=\"MJXp-Span-264\" style=\"vertical-align: 0.5em;\"\u003e5\u003c/span\u003e\u003c/span\u003e\u003c/span\u003e\u003c/span\u003e\u003cscript type=\"math/tex\" id=\"MathJax-Element-45\"\u003e\\le 2 \\times 10^5\u003c/script\u003e\u003c/td\u003e\u003ctd rowspan=\"2\"\u003e\u003cspan class=\"MathJax_Preview\" style=\"color: inherit;\"\u003e\u003cspan class=\"MJXp-math\" id=\"MJXp-Span-265\"\u003e\u003cspan class=\"MJXp-mi MJXp-italic\" id=\"MJXp-Span-266\"\u003er\u003c/span\u003e\u003cspan class=\"MJXp-mo\" id=\"MJXp-Span-267\" style=\"margin-left: 0.333em; margin-right: 0.333em;\"\u003e=\u003c/span\u003e\u003cspan class=\"MJXp-mi MJXp-italic\" id=\"MJXp-Span-268\"\u003en\u003c/span\u003e\u003c/span\u003e\u003c/span\u003e\u003cscript type=\"math/tex\" id=\"MathJax-Element-46\"\u003er = n\u003c/script\u003e\u003c/td\u003e\u003c/tr\u003e\u003ctr\u003e\u003ctd\u003e4\u003c/td\u003e\u003c/tr\u003e\u003ctr\u003e\u003ctd\u003e5\u003c/td\u003e\u003ctd rowspan=\"2\"\u003e\u003cspan class=\"MathJax_Preview\" style=\"color: inherit;\"\u003e\u003cspan class=\"MJXp-math\" id=\"MJXp-Span-269\"\u003e\u003cspan class=\"MJXp-mi MJXp-italic\" id=\"MJXp-Span-270\"\u003eu\u003c/span\u003e\u003cspan class=\"MJXp-mo\" id=\"MJXp-Span-271\" style=\"margin-left: 0.333em; margin-right: 0.333em;\"\u003e=\u003c/span\u003e\u003cspan class=\"MJXp-mn\" id=\"MJXp-Span-272\"\u003e1\u003c/span\u003e\u003c/span\u003e\u003c/span\u003e\u003cscript type=\"math/tex\" id=\"MathJax-Element-47\"\u003eu = 1\u003c/script\u003e\u003c/td\u003e\u003c/tr\u003e\u003ctr\u003e\u003ctd\u003e6\u003c/td\u003e\u003c/tr\u003e\u003ctr\u003e\u003ctd\u003e7\u003c/td\u003e\u003ctd rowspan=\"4\"\u003e无\u003c/td\u003e\u003c/tr\u003e\u003ctr\u003e\u003ctd\u003e8\u003c/td\u003e\u003c/tr\u003e\u003ctr\u003e\u003ctd\u003e9\u003c/td\u003e\u003c/tr\u003e\u003ctr\u003e\u003ctd\u003e10\u003c/td\u003e\u003c/tr\u003e\u003c/tbody\u003e\u003c/table\u003e\u003c/div\u003e\u003cp\u003e对于 100% 的数据，保证 \u003cspan class=\"MathJax_Preview\" style=\"color: inherit;\"\u003e\u003cspan class=\"MJXp-math\" id=\"MJXp-Span-273\"\u003e\u003cspan class=\"MJXp-mi MJXp-italic\" id=\"MJXp-Span-274\"\u003en\u003c/span\u003e\u003cspan class=\"MJXp-mo\" id=\"MJXp-Span-275\" style=\"margin-left: 0.333em; margin-right: 0.333em;\"\u003e≥\u003c/span\u003e\u003cspan class=\"MJXp-mn\" id=\"MJXp-Span-276\"\u003e2\u003c/span\u003e\u003cspan class=\"MJXp-mo\" id=\"MJXp-Span-277\" style=\"margin-left: 0em; margin-right: 0.222em;\"\u003e,\u003c/span\u003e\u003cspan class=\"MJXp-mi MJXp-italic\" id=\"MJXp-Span-278\"\u003em\u003c/span\u003e\u003cspan class=\"MJXp-mo\" id=\"MJXp-Span-279\" style=\"margin-left: 0.333em; margin-right: 0.333em;\"\u003e≥\u003c/span\u003e\u003cspan class=\"MJXp-mn\" id=\"MJXp-Span-280\"\u003e1\u003c/span\u003e\u003c/span\u003e\u003c/span\u003e\u003cscript type=\"math/tex\" id=\"MathJax-Element-48\"\u003en \\ge 2, m \\ge 1\u003c/script\u003e。\u003c/p\u003e",
      "misc": ""
    },
    {
      "title": "下载",
      "content": "\u003cp\u003e\u003ca href=\"/download.php?type=problem\u0026amp;id=295\"\u003e样例数据下载\u003c/a\u003e\u003c/p\u003e",
      "misc": ""
    }
  ],
  "samples": [
    {
      "title": "样例一",
      "input": "\u003cpre\u003e10\n3 1 2 9 6 4 5 7 8\n3\n7 6 7\n18 4 5\n14 5 6\n\n\u003c/pre\u003e",
      "output": "\u003cpre\u003e7\n11\n3\n\n\u003c/pre\u003e",
      "explanation": "",
      "misc": ""
    },
    {
      "title": "样例二",
      "input": "",
      "output": "",
      "explanation": "",
      "misc": "\u003cp\u003e见样例数据下载。\u003c/p\u003e"
    }
  ],
  "tags": [
    "UOJ",
    "ZJOI2017"
  ],
  "rules": {
    "runtime": "2000000000",
    "memory": "536870912",
    "stack": "536870912",
    "source": "51200"
  },
  "meta": {
    "created": "2021-04-09T21:41:55.584676524+08:00",
    "updated": "2021-04-09T21:41:55.584676524+08:00",
    "checked": "2021-04-09T21:41:55.584676524+08:00"
  },
  "misc": ""
}
