{
  "id": "319",
  "title": "分身术",
  "type": "traditional",
  "sections": [
    {
      "title": "",
      "content": "\u003cp\u003e现在的ac程序应该靠谱。。欢迎大家hack\u003cdel\u003e（这个题现在标程挂了。。哪位哥哥愿意提供一下靠谱的标程呀？）\u003c/del\u003e\u003c/p\u003e\u003cp\u003e\"分！身！术！\" —— 小P\u003c/p\u003e\u003cp\u003e平面上有 \u003cspan class=\"MathJax_Preview\" style=\"color: inherit;\"\u003e\u003cspan class=\"MJXp-math\" id=\"MJXp-Span-1\"\u003e\u003cspan class=\"MJXp-mi MJXp-italic\" id=\"MJXp-Span-2\"\u003en\u003c/span\u003e\u003c/span\u003e\u003c/span\u003e\u003cspan class=\"MathJax MathJax_Processing\" id=\"MathJax-Element-1-Frame\" tabindex=\"0\" style=\"\"\u003e\u003c/span\u003e\u003cscript type=\"math/tex\" id=\"MathJax-Element-1\"\u003en\u003c/script\u003e 个小P的分身。定义一组分身占领的区域为覆盖这组分身的最小凸多边形。小P能力有限，每一时刻都会有若干分身消失。但在下一时刻之前，小P会使用\u003c/p\u003e\u003cp\u003e\"分！身！术！\"\u003c/p\u003e\u003cp\u003e使得这些消失的分身重新出现在原来的位置。小P想知道，每一时刻分身消失后，剩下的分身占领的区域面积是多少？\u003c/p\u003e",
      "misc": ""
    },
    {
      "title": "输入格式",
      "content": "\u003cp\u003e从标准输入读入数据。\u003c/p\u003e\u003cp\u003e输入第一行包含两个正整数 \u003cspan class=\"MathJax_Preview\" style=\"color: inherit;\"\u003e\u003cspan class=\"MJXp-math\" id=\"MJXp-Span-3\"\u003e\u003cspan class=\"MJXp-mi MJXp-italic\" id=\"MJXp-Span-4\"\u003en\u003c/span\u003e\u003cspan class=\"MJXp-mo\" id=\"MJXp-Span-5\" style=\"margin-left: 0em; margin-right: 0.222em;\"\u003e,\u003c/span\u003e\u003cspan class=\"MJXp-mi MJXp-italic\" id=\"MJXp-Span-6\"\u003em\u003c/span\u003e\u003c/span\u003e\u003c/span\u003e\u003cspan class=\"MathJax MathJax_Processing\" id=\"MathJax-Element-2-Frame\" tabindex=\"0\"\u003e\u003c/span\u003e\u003cscript type=\"math/tex\" id=\"MathJax-Element-2\"\u003en, m\u003c/script\u003e，描述初始时分身的个数，和总时刻数。\u003c/p\u003e\u003cp\u003e接下来 \u003cspan class=\"MathJax_Preview\" style=\"color: inherit;\"\u003e\u003cspan class=\"MJXp-math\" id=\"MJXp-Span-7\"\u003e\u003cspan class=\"MJXp-mi MJXp-italic\" id=\"MJXp-Span-8\"\u003en\u003c/span\u003e\u003c/span\u003e\u003c/span\u003e\u003cspan class=\"MathJax MathJax_Processing\" id=\"MathJax-Element-3-Frame\" tabindex=\"0\"\u003e\u003c/span\u003e\u003cscript type=\"math/tex\" id=\"MathJax-Element-3\"\u003en\u003c/script\u003e 行，第 \u003cspan class=\"MathJax_Preview\" style=\"color: inherit;\"\u003e\u003cspan class=\"MJXp-math\" id=\"MJXp-Span-9\"\u003e\u003cspan class=\"MJXp-mi MJXp-italic\" id=\"MJXp-Span-10\"\u003ei\u003c/span\u003e\u003c/span\u003e\u003c/span\u003e\u003cspan class=\"MathJax MathJax_Processing\" id=\"MathJax-Element-4-Frame\" tabindex=\"0\"\u003e\u003c/span\u003e\u003cscript type=\"math/tex\" id=\"MathJax-Element-4\"\u003ei\u003c/script\u003e 行有两个整数 \u003cspan class=\"MathJax_Preview\" style=\"color: inherit;\"\u003e\u003cspan class=\"MJXp-math\" id=\"MJXp-Span-11\"\u003e\u003cspan class=\"MJXp-msubsup\" id=\"MJXp-Span-12\"\u003e\u003cspan class=\"MJXp-mi MJXp-italic\" id=\"MJXp-Span-13\" style=\"margin-right: 0.05em;\"\u003ex\u003c/span\u003e\u003cspan class=\"MJXp-mi MJXp-italic MJXp-script\" id=\"MJXp-Span-14\" style=\"vertical-align: -0.4em;\"\u003ei\u003c/span\u003e\u003c/span\u003e\u003cspan class=\"MJXp-mo\" id=\"MJXp-Span-15\" style=\"margin-left: 0em; margin-right: 0.222em;\"\u003e,\u003c/span\u003e\u003cspan class=\"MJXp-msubsup\" id=\"MJXp-Span-16\"\u003e\u003cspan class=\"MJXp-mi MJXp-italic\" id=\"MJXp-Span-17\" style=\"margin-right: 0.05em;\"\u003ey\u003c/span\u003e\u003cspan class=\"MJXp-mi MJXp-italic MJXp-script\" id=\"MJXp-Span-18\" style=\"vertical-align: -0.4em;\"\u003ei\u003c/span\u003e\u003c/span\u003e\u003c/span\u003e\u003c/span\u003e\u003cspan class=\"MathJax MathJax_Processing\" id=\"MathJax-Element-5-Frame\" tabindex=\"0\"\u003e\u003c/span\u003e\u003cscript type=\"math/tex\" id=\"MathJax-Element-5\"\u003ex_i, y_i\u003c/script\u003e ，描述第 \u003cspan class=\"MathJax_Preview\" style=\"color: inherit;\"\u003e\u003cspan class=\"MJXp-math\" id=\"MJXp-Span-19\"\u003e\u003cspan class=\"MJXp-mi MJXp-italic\" id=\"MJXp-Span-20\"\u003ei\u003c/span\u003e\u003c/span\u003e\u003c/span\u003e\u003cspan class=\"MathJax MathJax_Processing\" id=\"MathJax-Element-6-Frame\" tabindex=\"0\"\u003e\u003c/span\u003e\u003cscript type=\"math/tex\" id=\"MathJax-Element-6\"\u003ei\u003c/script\u003e 个分身的位置。\u003c/p\u003e\u003cp\u003e接下来 \u003cspan class=\"MathJax_Preview\" style=\"color: inherit;\"\u003e\u003cspan class=\"MJXp-math\" id=\"MJXp-Span-21\"\u003e\u003cspan class=\"MJXp-mi MJXp-italic\" id=\"MJXp-Span-22\"\u003em\u003c/span\u003e\u003c/span\u003e\u003c/span\u003e\u003cspan class=\"MathJax MathJax_Processing\" id=\"MathJax-Element-7-Frame\" tabindex=\"0\"\u003e\u003c/span\u003e\u003cscript type=\"math/tex\" id=\"MathJax-Element-7\"\u003em\u003c/script\u003e 行，每行的第一个整数 \u003cspan class=\"MathJax_Preview\" style=\"color: inherit;\"\u003e\u003cspan class=\"MJXp-math\" id=\"MJXp-Span-23\"\u003e\u003cspan class=\"MJXp-mi MJXp-italic\" id=\"MJXp-Span-24\"\u003ek\u003c/span\u003e\u003c/span\u003e\u003c/span\u003e\u003cspan class=\"MathJax MathJax_Processing\" id=\"MathJax-Element-8-Frame\" tabindex=\"0\"\u003e\u003c/span\u003e\u003cscript type=\"math/tex\" id=\"MathJax-Element-8\"\u003ek\u003c/script\u003e 表示这一时刻有 \u003cspan class=\"MathJax_Preview\" style=\"color: inherit;\"\u003e\u003cspan class=\"MJXp-math\" id=\"MJXp-Span-25\"\u003e\u003cspan class=\"MJXp-mi MJXp-italic\" id=\"MJXp-Span-26\"\u003ek\u003c/span\u003e\u003c/span\u003e\u003c/span\u003e\u003cspan class=\"MathJax MathJax_Processing\" id=\"MathJax-Element-9-Frame\" tabindex=\"0\"\u003e\u003c/span\u003e\u003cscript type=\"math/tex\" id=\"MathJax-Element-9\"\u003ek\u003c/script\u003e 个分身消失。接下来有 \u003cspan class=\"MathJax_Preview\" style=\"color: inherit;\"\u003e\u003cspan class=\"MJXp-math\" id=\"MJXp-Span-27\"\u003e\u003cspan class=\"MJXp-mi MJXp-italic\" id=\"MJXp-Span-28\"\u003ek\u003c/span\u003e\u003c/span\u003e\u003c/span\u003e\u003cspan class=\"MathJax MathJax_Processing\" id=\"MathJax-Element-10-Frame\" tabindex=\"0\"\u003e\u003c/span\u003e\u003cscript type=\"math/tex\" id=\"MathJax-Element-10\"\u003ek\u003c/script\u003e 个非负整数 \u003cspan class=\"MathJax_Preview\" style=\"color: inherit;\"\u003e\u003cspan class=\"MJXp-math\" id=\"MJXp-Span-29\"\u003e\u003cspan class=\"MJXp-msubsup\" id=\"MJXp-Span-30\"\u003e\u003cspan class=\"MJXp-mi MJXp-italic\" id=\"MJXp-Span-31\" style=\"margin-right: 0.05em;\"\u003ec\u003c/span\u003e\u003cspan class=\"MJXp-mn MJXp-script\" id=\"MJXp-Span-32\" style=\"vertical-align: -0.4em;\"\u003e1\u003c/span\u003e\u003c/span\u003e\u003cspan class=\"MJXp-mo\" id=\"MJXp-Span-33\" style=\"margin-left: 0em; margin-right: 0.222em;\"\u003e,\u003c/span\u003e\u003cspan class=\"MJXp-msubsup\" id=\"MJXp-Span-34\"\u003e\u003cspan class=\"MJXp-mi MJXp-italic\" id=\"MJXp-Span-35\" style=\"margin-right: 0.05em;\"\u003ec\u003c/span\u003e\u003cspan class=\"MJXp-mn MJXp-script\" id=\"MJXp-Span-36\" style=\"vertical-align: -0.4em;\"\u003e2\u003c/span\u003e\u003c/span\u003e\u003cspan class=\"MJXp-mo\" id=\"MJXp-Span-37\" style=\"margin-left: 0em; margin-right: 0.222em;\"\u003e,\u003c/span\u003e\u003cspan class=\"MJXp-mo\" id=\"MJXp-Span-38\" style=\"margin-left: 0em; margin-right: 0em;\"\u003e⋯\u003c/span\u003e\u003cspan class=\"MJXp-msubsup\" id=\"MJXp-Span-39\"\u003e\u003cspan class=\"MJXp-mi MJXp-italic\" id=\"MJXp-Span-40\" style=\"margin-right: 0.05em;\"\u003ec\u003c/span\u003e\u003cspan class=\"MJXp-mi MJXp-italic MJXp-script\" id=\"MJXp-Span-41\" style=\"vertical-align: -0.4em;\"\u003ek\u003c/span\u003e\u003c/span\u003e\u003c/span\u003e\u003c/span\u003e\u003cspan class=\"MathJax MathJax_Processing\" id=\"MathJax-Element-11-Frame\" tabindex=\"0\"\u003e\u003c/span\u003e\u003cscript type=\"math/tex\" id=\"MathJax-Element-11\"\u003ec_1,c_2,\\cdots c_k\u003c/script\u003e，用于生成消失的分身的编号。\u003c/p\u003e\u003cp\u003e生成方式如下：\u003c/p\u003e\u003cp\u003e设上一个时刻中，分身占领面积的\u003cstrong\u003e两倍\u003c/strong\u003e为 \u003cspan class=\"MathJax_Preview\" style=\"color: inherit;\"\u003e\u003cspan class=\"MJXp-math\" id=\"MJXp-Span-42\"\u003e\u003cspan class=\"MJXp-mi MJXp-italic\" id=\"MJXp-Span-43\"\u003eS\u003c/span\u003e\u003c/span\u003e\u003c/span\u003e\u003cspan class=\"MathJax MathJax_Processing\" id=\"MathJax-Element-12-Frame\" tabindex=\"0\"\u003e\u003c/span\u003e\u003cscript type=\"math/tex\" id=\"MathJax-Element-12\"\u003eS\u003c/script\u003e。则该时刻消失的分身 \u003cspan class=\"MathJax_Preview\" style=\"color: inherit;\"\u003e\u003cspan class=\"MJXp-math\" id=\"MJXp-Span-44\"\u003e\u003cspan class=\"MJXp-msubsup\" id=\"MJXp-Span-45\"\u003e\u003cspan class=\"MJXp-mi MJXp-italic\" id=\"MJXp-Span-46\" style=\"margin-right: 0.05em;\"\u003ep\u003c/span\u003e\u003cspan class=\"MJXp-mrow MJXp-script\" id=\"MJXp-Span-47\" style=\"vertical-align: -0.4em;\"\u003e\u003cspan class=\"MJXp-mn\" id=\"MJXp-Span-48\"\u003e1\u003c/span\u003e\u003c/span\u003e\u003c/span\u003e\u003cspan class=\"MJXp-mo\" id=\"MJXp-Span-49\" style=\"margin-left: 0em; margin-right: 0.222em;\"\u003e,\u003c/span\u003e\u003cspan class=\"MJXp-msubsup\" id=\"MJXp-Span-50\"\u003e\u003cspan class=\"MJXp-mi MJXp-italic\" id=\"MJXp-Span-51\" style=\"margin-right: 0.05em;\"\u003ep\u003c/span\u003e\u003cspan class=\"MJXp-mrow MJXp-script\" id=\"MJXp-Span-52\" style=\"vertical-align: -0.4em;\"\u003e\u003cspan class=\"MJXp-mn\" id=\"MJXp-Span-53\"\u003e2\u003c/span\u003e\u003c/span\u003e\u003c/span\u003e\u003cspan class=\"MJXp-mo\" id=\"MJXp-Span-54\" style=\"margin-left: 0em; margin-right: 0.222em;\"\u003e,\u003c/span\u003e\u003cspan class=\"MJXp-mo\" id=\"MJXp-Span-55\" style=\"margin-left: 0em; margin-right: 0em;\"\u003e…\u003c/span\u003e\u003cspan class=\"MJXp-mo\" id=\"MJXp-Span-56\" style=\"margin-left: 0em; margin-right: 0.222em;\"\u003e,\u003c/span\u003e\u003cspan class=\"MJXp-msubsup\" id=\"MJXp-Span-57\"\u003e\u003cspan class=\"MJXp-mi MJXp-italic\" id=\"MJXp-Span-58\" style=\"margin-right: 0.05em;\"\u003ep\u003c/span\u003e\u003cspan class=\"MJXp-mrow MJXp-script\" id=\"MJXp-Span-59\" style=\"vertical-align: -0.4em;\"\u003e\u003cspan class=\"MJXp-mi MJXp-italic\" id=\"MJXp-Span-60\"\u003ek\u003c/span\u003e\u003c/span\u003e\u003c/span\u003e\u003c/span\u003e\u003c/span\u003e\u003cspan class=\"MathJax MathJax_Processing\" id=\"MathJax-Element-13-Frame\" tabindex=\"0\"\u003e\u003c/span\u003e\u003cscript type=\"math/tex\" id=\"MathJax-Element-13\"\u003ep_{1}, p_{2}, \\dots, p_{k}\u003c/script\u003e 的编号为：\u003c/p\u003e\u003cp\u003e\u003cspan class=\"MathJax_Preview\" style=\"color: inherit;\"\u003e\u003cspan class=\"MJXp-math MJXp-display\" id=\"MJXp-Span-61\"\u003e\u003cspan class=\"MJXp-msubsup\" id=\"MJXp-Span-62\"\u003e\u003cspan class=\"MJXp-mi MJXp-italic\" id=\"MJXp-Span-63\" style=\"margin-right: 0.05em;\"\u003ep\u003c/span\u003e\u003cspan class=\"MJXp-mi MJXp-italic MJXp-script\" id=\"MJXp-Span-64\" style=\"vertical-align: -0.4em;\"\u003ei\u003c/span\u003e\u003c/span\u003e\u003cspan class=\"MJXp-mo\" id=\"MJXp-Span-65\" style=\"margin-left: 0.333em; margin-right: 0.333em;\"\u003e=\u003c/span\u003e\u003cspan class=\"MJXp-mo\" id=\"MJXp-Span-66\" style=\"margin-left: 0em; margin-right: 0em;\"\u003e[\u003c/span\u003e\u003cspan class=\"MJXp-mo\" id=\"MJXp-Span-67\" style=\"margin-left: 0em; margin-right: 0em;\"\u003e(\u003c/span\u003e\u003cspan class=\"MJXp-mi MJXp-italic\" id=\"MJXp-Span-68\"\u003eS\u003c/span\u003e\u003cspan class=\"MJXp-mo\" id=\"MJXp-Span-69\" style=\"margin-left: 0.267em; margin-right: 0.267em;\"\u003e+\u003c/span\u003e\u003cspan class=\"MJXp-msubsup\" id=\"MJXp-Span-70\"\u003e\u003cspan class=\"MJXp-mi MJXp-italic\" id=\"MJXp-Span-71\" style=\"margin-right: 0.05em;\"\u003ec\u003c/span\u003e\u003cspan class=\"MJXp-mi MJXp-italic MJXp-script\" id=\"MJXp-Span-72\" style=\"vertical-align: -0.4em;\"\u003ei\u003c/span\u003e\u003c/span\u003e\u003cspan class=\"MJXp-mo\" id=\"MJXp-Span-73\" style=\"margin-left: 0em; margin-right: 0em;\"\u003e)\u003c/span\u003e\u003cspan class=\"MJXp-mtext\" id=\"MJXp-Span-74\"\u003e\u0026nbsp;\u003c/span\u003e\u003cspan class=\"MJXp-mrow\" id=\"MJXp-Span-75\"\u003e\u003cspan class=\"MJXp-mi\" id=\"MJXp-Span-76\"\u003em\u003c/span\u003e\u003cspan class=\"MJXp-mi\" id=\"MJXp-Span-77\"\u003eo\u003c/span\u003e\u003cspan class=\"MJXp-mi\" id=\"MJXp-Span-78\"\u003ed\u003c/span\u003e\u003c/span\u003e\u003cspan class=\"MJXp-mtext\" id=\"MJXp-Span-79\"\u003e\u0026nbsp;\u003c/span\u003e\u003cspan class=\"MJXp-mi MJXp-italic\" id=\"MJXp-Span-80\"\u003en\u003c/span\u003e\u003cspan class=\"MJXp-mo\" id=\"MJXp-Span-81\" style=\"margin-left: 0em; margin-right: 0em;\"\u003e]\u003c/span\u003e\u003cspan class=\"MJXp-mo\" id=\"MJXp-Span-82\" style=\"margin-left: 0.267em; margin-right: 0.267em;\"\u003e+\u003c/span\u003e\u003cspan class=\"MJXp-mn\" id=\"MJXp-Span-83\"\u003e1\u003c/span\u003e\u003c/span\u003e\u003c/span\u003e\u003cdiv class=\"MathJax_Display MathJax_Processing\"\u003e\u003cspan class=\"MathJax\" id=\"MathJax-Element-14-Frame\" tabindex=\"0\"\u003e\u003c/span\u003e\u003c/div\u003e\u003cscript type=\"math/tex; mode=display\" id=\"MathJax-Element-14\"\u003ep_i = [(S + c_i) ~\\mathrm{mod}~ n] + 1\u003c/script\u003e\u003c/p\u003e\u003cp\u003e特别的，在第一个时刻，我们认为上一个时刻中， \u003cspan class=\"MathJax_Preview\" style=\"color: inherit;\"\u003e\u003cspan class=\"MJXp-math\" id=\"MJXp-Span-84\"\u003e\u003cspan class=\"MJXp-mi MJXp-italic\" id=\"MJXp-Span-85\"\u003eS\u003c/span\u003e\u003cspan class=\"MJXp-mo\" id=\"MJXp-Span-86\" style=\"margin-left: 0.333em; margin-right: 0.333em;\"\u003e=\u003c/span\u003e\u003cspan class=\"MJXp-mo\" id=\"MJXp-Span-87\" style=\"margin-left: 0.267em; margin-right: 0.267em;\"\u003e−\u003c/span\u003e\u003cspan class=\"MJXp-mn\" id=\"MJXp-Span-88\"\u003e1\u003c/span\u003e\u003c/span\u003e\u003c/span\u003e\u003cspan class=\"MathJax MathJax_Processing\" id=\"MathJax-Element-15-Frame\" tabindex=\"0\"\u003e\u003c/span\u003e\u003cscript type=\"math/tex\" id=\"MathJax-Element-15\"\u003eS=-1\u003c/script\u003e ，即：第一个时刻消失的分身 \u003cspan class=\"MathJax_Preview\" style=\"color: inherit;\"\u003e\u003cspan class=\"MJXp-math\" id=\"MJXp-Span-89\"\u003e\u003cspan class=\"MJXp-msubsup\" id=\"MJXp-Span-90\"\u003e\u003cspan class=\"MJXp-mi MJXp-italic\" id=\"MJXp-Span-91\" style=\"margin-right: 0.05em;\"\u003ep\u003c/span\u003e\u003cspan class=\"MJXp-mrow MJXp-script\" id=\"MJXp-Span-92\" style=\"vertical-align: -0.4em;\"\u003e\u003cspan class=\"MJXp-mn\" id=\"MJXp-Span-93\"\u003e1\u003c/span\u003e\u003c/span\u003e\u003c/span\u003e\u003cspan class=\"MJXp-mo\" id=\"MJXp-Span-94\" style=\"margin-left: 0em; margin-right: 0.222em;\"\u003e,\u003c/span\u003e\u003cspan class=\"MJXp-msubsup\" id=\"MJXp-Span-95\"\u003e\u003cspan class=\"MJXp-mi MJXp-italic\" id=\"MJXp-Span-96\" style=\"margin-right: 0.05em;\"\u003ep\u003c/span\u003e\u003cspan class=\"MJXp-mrow MJXp-script\" id=\"MJXp-Span-97\" style=\"vertical-align: -0.4em;\"\u003e\u003cspan class=\"MJXp-mn\" id=\"MJXp-Span-98\"\u003e2\u003c/span\u003e\u003c/span\u003e\u003c/span\u003e\u003cspan class=\"MJXp-mo\" id=\"MJXp-Span-99\" style=\"margin-left: 0em; margin-right: 0.222em;\"\u003e,\u003c/span\u003e\u003cspan class=\"MJXp-mo\" id=\"MJXp-Span-100\" style=\"margin-left: 0em; margin-right: 0em;\"\u003e…\u003c/span\u003e\u003cspan class=\"MJXp-mo\" id=\"MJXp-Span-101\" style=\"margin-left: 0em; margin-right: 0.222em;\"\u003e,\u003c/span\u003e\u003cspan class=\"MJXp-msubsup\" id=\"MJXp-Span-102\"\u003e\u003cspan class=\"MJXp-mi MJXp-italic\" id=\"MJXp-Span-103\" style=\"margin-right: 0.05em;\"\u003ep\u003c/span\u003e\u003cspan class=\"MJXp-mrow MJXp-script\" id=\"MJXp-Span-104\" style=\"vertical-align: -0.4em;\"\u003e\u003cspan class=\"MJXp-mi MJXp-italic\" id=\"MJXp-Span-105\"\u003ek\u003c/span\u003e\u003c/span\u003e\u003c/span\u003e\u003c/span\u003e\u003c/span\u003e\u003cspan class=\"MathJax MathJax_Processing\" id=\"MathJax-Element-16-Frame\" tabindex=\"0\"\u003e\u003c/span\u003e\u003cscript type=\"math/tex\" id=\"MathJax-Element-16\"\u003ep_{1}, p_{2}, \\dots, p_{k}\u003c/script\u003e 的编号为：\u003c/p\u003e\u003cp\u003e\u003cspan class=\"MathJax_Preview\" style=\"color: inherit;\"\u003e\u003cspan class=\"MJXp-math MJXp-display\" id=\"MJXp-Span-106\"\u003e\u003cspan class=\"MJXp-msubsup\" id=\"MJXp-Span-107\"\u003e\u003cspan class=\"MJXp-mi MJXp-italic\" id=\"MJXp-Span-108\" style=\"margin-right: 0.05em;\"\u003ep\u003c/span\u003e\u003cspan class=\"MJXp-mi MJXp-italic MJXp-script\" id=\"MJXp-Span-109\" style=\"vertical-align: -0.4em;\"\u003ei\u003c/span\u003e\u003c/span\u003e\u003cspan class=\"MJXp-mo\" id=\"MJXp-Span-110\" style=\"margin-left: 0.333em; margin-right: 0.333em;\"\u003e=\u003c/span\u003e\u003cspan class=\"MJXp-mo\" id=\"MJXp-Span-111\" style=\"margin-left: 0em; margin-right: 0em;\"\u003e[\u003c/span\u003e\u003cspan class=\"MJXp-mo\" id=\"MJXp-Span-112\" style=\"margin-left: 0em; margin-right: 0em;\"\u003e(\u003c/span\u003e\u003cspan class=\"MJXp-mo\" id=\"MJXp-Span-113\" style=\"margin-left: 0.267em; margin-right: 0.267em;\"\u003e−\u003c/span\u003e\u003cspan class=\"MJXp-mn\" id=\"MJXp-Span-114\"\u003e1\u003c/span\u003e\u003cspan class=\"MJXp-mo\" id=\"MJXp-Span-115\" style=\"margin-left: 0.267em; margin-right: 0.267em;\"\u003e+\u003c/span\u003e\u003cspan class=\"MJXp-msubsup\" id=\"MJXp-Span-116\"\u003e\u003cspan class=\"MJXp-mi MJXp-italic\" id=\"MJXp-Span-117\" style=\"margin-right: 0.05em;\"\u003ec\u003c/span\u003e\u003cspan class=\"MJXp-mi MJXp-italic MJXp-script\" id=\"MJXp-Span-118\" style=\"vertical-align: -0.4em;\"\u003ei\u003c/span\u003e\u003c/span\u003e\u003cspan class=\"MJXp-mo\" id=\"MJXp-Span-119\" style=\"margin-left: 0em; margin-right: 0em;\"\u003e)\u003c/span\u003e\u003cspan class=\"MJXp-mtext\" id=\"MJXp-Span-120\"\u003e\u0026nbsp;\u003c/span\u003e\u003cspan class=\"MJXp-mrow\" id=\"MJXp-Span-121\"\u003e\u003cspan class=\"MJXp-mi\" id=\"MJXp-Span-122\"\u003em\u003c/span\u003e\u003cspan class=\"MJXp-mi\" id=\"MJXp-Span-123\"\u003eo\u003c/span\u003e\u003cspan class=\"MJXp-mi\" id=\"MJXp-Span-124\"\u003ed\u003c/span\u003e\u003c/span\u003e\u003cspan class=\"MJXp-mtext\" id=\"MJXp-Span-125\"\u003e\u0026nbsp;\u003c/span\u003e\u003cspan class=\"MJXp-mi MJXp-italic\" id=\"MJXp-Span-126\"\u003en\u003c/span\u003e\u003cspan class=\"MJXp-mo\" id=\"MJXp-Span-127\" style=\"margin-left: 0em; margin-right: 0em;\"\u003e]\u003c/span\u003e\u003cspan class=\"MJXp-mo\" id=\"MJXp-Span-128\" style=\"margin-left: 0.267em; margin-right: 0.267em;\"\u003e+\u003c/span\u003e\u003cspan class=\"MJXp-mn\" id=\"MJXp-Span-129\"\u003e1\u003c/span\u003e\u003c/span\u003e\u003c/span\u003e\u003cdiv class=\"MathJax_Display MathJax_Processing\"\u003e\u003cspan class=\"MathJax\" id=\"MathJax-Element-17-Frame\" tabindex=\"0\"\u003e\u003c/span\u003e\u003c/div\u003e\u003cscript type=\"math/tex; mode=display\" id=\"MathJax-Element-17\"\u003ep_i = [(-1+c_i) ~\\mathrm{mod}~ n] + 1\u003c/script\u003e\u003c/p\u003e",
      "misc": ""
    },
    {
      "title": "输出格式",
      "content": "\u003cp\u003e输出到标准输出。\u003c/p\u003e\u003cp\u003e按给出时刻的顺序依次输出 \u003cspan class=\"MathJax_Preview\" style=\"color: inherit;\"\u003e\u003cspan class=\"MJXp-math\" id=\"MJXp-Span-130\"\u003e\u003cspan class=\"MJXp-mi MJXp-italic\" id=\"MJXp-Span-131\"\u003em\u003c/span\u003e\u003c/span\u003e\u003c/span\u003e\u003cspan class=\"MathJax MathJax_Processing\" id=\"MathJax-Element-18-Frame\" tabindex=\"0\"\u003e\u003c/span\u003e\u003cscript type=\"math/tex\" id=\"MathJax-Element-18\"\u003em\u003c/script\u003e 行，每行一个整数，表示该时刻剩余分身所占领区域面积的\u003cstrong\u003e两倍\u003c/strong\u003e。\u003c/p\u003e",
      "misc": ""
    },
    {
      "title": "限制与约定",
      "content": "\u003cdiv class=\"table-responsive\"\u003e\n\u003ctable class=\"table table-bordered table-text-center table-vertical-middle\"\u003e\u003cthead\u003e\u003ctr\u003e\u003cth rowspan=\"1\"\u003e测试点编号\u003c/th\u003e\u003cth rowspan=\"1\"\u003e\u003cspan class=\"MathJax_Preview\" style=\"color: inherit;\"\u003e\u003cspan class=\"MJXp-math\" id=\"MJXp-Span-170\"\u003e\u003cspan class=\"MJXp-mi MJXp-italic\" id=\"MJXp-Span-171\"\u003en\u003c/span\u003e\u003c/span\u003e\u003c/span\u003e\u003cspan class=\"MathJax MathJax_Processed\" id=\"MathJax-Element-21-Frame\" tabindex=\"0\" style=\"\"\u003e\u003cnobr\u003e\u003cspan class=\"math\" id=\"MathJax-Span-200\"\u003e\u003cspan style=\"display: inline-block; position: relative; width: 0em; height: 0px; font-size: 106%;\"\u003e\u003cspan style=\"position: absolute;\"\u003e\u003cspan class=\"mrow\" id=\"MathJax-Span-201\"\u003e\u003cspan class=\"mi\" id=\"MathJax-Span-202\" style=\"font-family: MathJax_Math-italic;\"\u003en\u003c/span\u003e\u003c/span\u003e\u003c/span\u003e\u003c/span\u003e\u003c/span\u003e\u003c/nobr\u003e\u003c/span\u003e\u003cscript type=\"math/tex\" id=\"MathJax-Element-21\"\u003en\u003c/script\u003e\u003c/th\u003e\u003cth rowspan=\"1\"\u003e\u003cspan class=\"MathJax_Preview\" style=\"color: inherit;\"\u003e\u003cspan class=\"MJXp-math\" id=\"MJXp-Span-172\"\u003e\u003cspan class=\"MJXp-mi MJXp-italic\" id=\"MJXp-Span-173\"\u003em\u003c/span\u003e\u003c/span\u003e\u003c/span\u003e\u003cspan class=\"MathJax MathJax_Processed\" id=\"MathJax-Element-22-Frame\" tabindex=\"0\" style=\"\"\u003e\u003cnobr\u003e\u003cspan class=\"math\" id=\"MathJax-Span-203\"\u003e\u003cspan style=\"display: inline-block; position: relative; width: 0em; height: 0px; font-size: 106%;\"\u003e\u003cspan style=\"position: absolute;\"\u003e\u003cspan class=\"mrow\" id=\"MathJax-Span-204\"\u003e\u003cspan class=\"mi\" id=\"MathJax-Span-205\" style=\"font-family: MathJax_Math-italic;\"\u003em\u003c/span\u003e\u003c/span\u003e\u003c/span\u003e\u003c/span\u003e\u003c/span\u003e\u003c/nobr\u003e\u003c/span\u003e\u003cscript type=\"math/tex\" id=\"MathJax-Element-22\"\u003em\u003c/script\u003e\u003c/th\u003e\u003cth rowspan=\"1\"\u003e\u003cspan class=\"MathJax_Preview\" style=\"color: inherit;\"\u003e\u003cspan class=\"MJXp-math\" id=\"MJXp-Span-174\"\u003e\u003cspan class=\"MJXp-mi MJXp-italic\" id=\"MJXp-Span-175\"\u003ek\u003c/span\u003e\u003c/span\u003e\u003c/span\u003e\u003cspan class=\"MathJax MathJax_Processed\" id=\"MathJax-Element-23-Frame\" tabindex=\"0\" style=\"\"\u003e\u003cnobr\u003e\u003cspan class=\"math\" id=\"MathJax-Span-206\"\u003e\u003cspan style=\"display: inline-block; position: relative; width: 0em; height: 0px; font-size: 106%;\"\u003e\u003cspan style=\"position: absolute;\"\u003e\u003cspan class=\"mrow\" id=\"MathJax-Span-207\"\u003e\u003cspan class=\"mi\" id=\"MathJax-Span-208\" style=\"font-family: MathJax_Math-italic;\"\u003ek\u003c/span\u003e\u003c/span\u003e\u003c/span\u003e\u003c/span\u003e\u003c/span\u003e\u003c/nobr\u003e\u003c/span\u003e\u003cscript type=\"math/tex\" id=\"MathJax-Element-23\"\u003ek\u003c/script\u003e\u003c/th\u003e\u003c/tr\u003e\u003c/thead\u003e\u003ctbody\u003e\u003ctr\u003e\u003ctd rowspan=\"1\"\u003e1\u003c/td\u003e\u003ctd rowspan=\"1\"\u003e10\u003c/td\u003e\u003ctd rowspan=\"1\"\u003e10\u003c/td\u003e\u003ctd rowspan=\"4\"\u003e\u003cspan class=\"MathJax_Preview\" style=\"color: inherit;\"\u003e\u003cspan class=\"MJXp-math\" id=\"MJXp-Span-176\"\u003e\u003cspan class=\"MJXp-mo\" id=\"MJXp-Span-177\" style=\"margin-left: 0.333em; margin-right: 0.333em;\"\u003e≤\u003c/span\u003e\u003cspan class=\"MJXp-mi MJXp-italic\" id=\"MJXp-Span-178\"\u003en\u003c/span\u003e\u003cspan class=\"MJXp-mo\" id=\"MJXp-Span-179\" style=\"margin-left: 0.267em; margin-right: 0.267em;\"\u003e−\u003c/span\u003e\u003cspan class=\"MJXp-mn\" id=\"MJXp-Span-180\"\u003e3\u003c/span\u003e\u003c/span\u003e\u003c/span\u003e\u003cspan class=\"MathJax MathJax_Processed\" id=\"MathJax-Element-24-Frame\" tabindex=\"0\" style=\"\"\u003e\u003cnobr\u003e\u003cspan class=\"math\" id=\"MathJax-Span-209\"\u003e\u003cspan style=\"display: inline-block; position: relative; width: 0em; height: 0px; font-size: 106%;\"\u003e\u003cspan style=\"position: absolute;\"\u003e\u003cspan class=\"mrow\" id=\"MathJax-Span-210\"\u003e\u003cspan class=\"mo\" id=\"MathJax-Span-211\" style=\"font-family: MathJax_Main;\"\u003e≤\u003c/span\u003e\u003cspan class=\"mi\" id=\"MathJax-Span-212\" style=\"font-family: MathJax_Math-italic; padding-left: 0.278em;\"\u003en\u003c/span\u003e\u003cspan class=\"mo\" id=\"MathJax-Span-213\" style=\"font-family: MathJax_Main; padding-left: 0.222em;\"\u003e−\u003c/span\u003e\u003cspan class=\"mn\" id=\"MathJax-Span-214\" style=\"font-family: MathJax_Main; padding-left: 0.222em;\"\u003e3\u003c/span\u003e\u003c/span\u003e\u003c/span\u003e\u003c/span\u003e\u003c/span\u003e\u003c/nobr\u003e\u003c/span\u003e\u003cscript type=\"math/tex\" id=\"MathJax-Element-24\"\u003e\\leq n - 3\u003c/script\u003e\u003c/td\u003e\u003c/tr\u003e\u003ctr\u003e\u003ctd rowspan=\"1\"\u003e2\u003c/td\u003e\u003ctd rowspan=\"3\"\u003e1000\u003c/td\u003e\u003ctd rowspan=\"3\"\u003e1000\u003c/td\u003e\u003c/tr\u003e\u003ctr\u003e\u003ctd rowspan=\"1\"\u003e3\u003c/td\u003e\u003c/tr\u003e\u003ctr\u003e\u003ctd rowspan=\"1\"\u003e4\u003c/td\u003e\u003c/tr\u003e\u003ctr\u003e\u003ctd rowspan=\"1\"\u003e5\u003c/td\u003e\u003ctd rowspan=\"16\"\u003e100000\u003c/td\u003e\u003ctd rowspan=\"16\"\u003e100000\u003c/td\u003e\u003ctd rowspan=\"4\"\u003e\u003cspan class=\"MathJax_Preview\" style=\"color: inherit;\"\u003e\u003cspan class=\"MJXp-math\" id=\"MJXp-Span-181\"\u003e\u003cspan class=\"MJXp-mo\" id=\"MJXp-Span-182\" style=\"margin-left: 0.333em; margin-right: 0.333em;\"\u003e=\u003c/span\u003e\u003cspan class=\"MJXp-mn\" id=\"MJXp-Span-183\"\u003e1\u003c/span\u003e\u003c/span\u003e\u003c/span\u003e\u003cspan class=\"MathJax MathJax_Processed\" id=\"MathJax-Element-25-Frame\" tabindex=\"0\" style=\"\"\u003e\u003cnobr\u003e\u003cspan class=\"math\" id=\"MathJax-Span-215\"\u003e\u003cspan style=\"display: inline-block; position: relative; width: 0em; height: 0px; font-size: 106%;\"\u003e\u003cspan style=\"position: absolute;\"\u003e\u003cspan class=\"mrow\" id=\"MathJax-Span-216\"\u003e\u003cspan class=\"mo\" id=\"MathJax-Span-217\" style=\"font-family: MathJax_Main;\"\u003e=\u003c/span\u003e\u003cspan class=\"mn\" id=\"MathJax-Span-218\" style=\"font-family: MathJax_Main; padding-left: 0.278em;\"\u003e1\u003c/span\u003e\u003c/span\u003e\u003c/span\u003e\u003c/span\u003e\u003c/span\u003e\u003c/nobr\u003e\u003c/span\u003e\u003cscript type=\"math/tex\" id=\"MathJax-Element-25\"\u003e=1\u003c/script\u003e\u003c/td\u003e\u003c/tr\u003e\u003ctr\u003e\u003ctd rowspan=\"1\"\u003e6\u003c/td\u003e\u003c/tr\u003e\u003ctr\u003e\u003ctd rowspan=\"1\"\u003e7\u003c/td\u003e\u003c/tr\u003e\u003ctr\u003e\u003ctd rowspan=\"1\"\u003e8\u003c/td\u003e\u003c/tr\u003e\u003ctr\u003e\u003ctd rowspan=\"1\"\u003e9\u003c/td\u003e\u003ctd rowspan=\"2\"\u003e\u003cspan class=\"MathJax_Preview\" style=\"color: inherit;\"\u003e\u003cspan class=\"MJXp-math\" id=\"MJXp-Span-184\"\u003e\u003cspan class=\"MJXp-mo\" id=\"MJXp-Span-185\" style=\"margin-left: 0.333em; margin-right: 0.333em;\"\u003e=\u003c/span\u003e\u003cspan class=\"MJXp-mn\" id=\"MJXp-Span-186\"\u003e2\u003c/span\u003e\u003c/span\u003e\u003c/span\u003e\u003cspan class=\"MathJax MathJax_Processed\" id=\"MathJax-Element-26-Frame\" tabindex=\"0\" style=\"\"\u003e\u003cnobr\u003e\u003cspan class=\"math\" id=\"MathJax-Span-219\"\u003e\u003cspan style=\"display: inline-block; position: relative; width: 0em; height: 0px; font-size: 106%;\"\u003e\u003cspan style=\"position: absolute;\"\u003e\u003cspan class=\"mrow\" id=\"MathJax-Span-220\"\u003e\u003cspan class=\"mo\" id=\"MathJax-Span-221\" style=\"font-family: MathJax_Main;\"\u003e=\u003c/span\u003e\u003cspan class=\"mn\" id=\"MathJax-Span-222\" style=\"font-family: MathJax_Main; padding-left: 0.278em;\"\u003e2\u003c/span\u003e\u003c/span\u003e\u003c/span\u003e\u003c/span\u003e\u003c/span\u003e\u003c/nobr\u003e\u003c/span\u003e\u003cscript type=\"math/tex\" id=\"MathJax-Element-26\"\u003e=2\u003c/script\u003e\u003c/td\u003e\u003c/tr\u003e\u003ctr\u003e\u003ctd rowspan=\"1\"\u003e10\u003c/td\u003e\u003c/tr\u003e\u003ctr\u003e\u003ctd rowspan=\"1\"\u003e11\u003c/td\u003e\u003ctd rowspan=\"1\"\u003e\u003cspan class=\"MathJax_Preview\" style=\"color: inherit;\"\u003e\u003cspan class=\"MJXp-math\" id=\"MJXp-Span-187\"\u003e\u003cspan class=\"MJXp-mo\" id=\"MJXp-Span-188\" style=\"margin-left: 0.333em; margin-right: 0.333em;\"\u003e≤\u003c/span\u003e\u003cspan class=\"MJXp-mn\" id=\"MJXp-Span-189\"\u003e3\u003c/span\u003e\u003c/span\u003e\u003c/span\u003e\u003cspan class=\"MathJax MathJax_Processed\" id=\"MathJax-Element-27-Frame\" tabindex=\"0\" style=\"\"\u003e\u003cnobr\u003e\u003cspan class=\"math\" id=\"MathJax-Span-223\"\u003e\u003cspan style=\"display: inline-block; position: relative; width: 0em; height: 0px; font-size: 106%;\"\u003e\u003cspan style=\"position: absolute;\"\u003e\u003cspan class=\"mrow\" id=\"MathJax-Span-224\"\u003e\u003cspan class=\"mo\" id=\"MathJax-Span-225\" style=\"font-family: MathJax_Main;\"\u003e≤\u003c/span\u003e\u003cspan class=\"mn\" id=\"MathJax-Span-226\" style=\"font-family: MathJax_Main; padding-left: 0.278em;\"\u003e3\u003c/span\u003e\u003c/span\u003e\u003c/span\u003e\u003c/span\u003e\u003c/span\u003e\u003c/nobr\u003e\u003c/span\u003e\u003cscript type=\"math/tex\" id=\"MathJax-Element-27\"\u003e\\leq 3\u003c/script\u003e\u003c/td\u003e\u003c/tr\u003e\u003ctr\u003e\u003ctd rowspan=\"1\"\u003e12\u003c/td\u003e\u003ctd rowspan=\"1\"\u003e\u003cspan class=\"MathJax_Preview\" style=\"color: inherit;\"\u003e\u003cspan class=\"MJXp-math\" id=\"MJXp-Span-190\"\u003e\u003cspan class=\"MJXp-mo\" id=\"MJXp-Span-191\" style=\"margin-left: 0.333em; margin-right: 0.333em;\"\u003e≤\u003c/span\u003e\u003cspan class=\"MJXp-mn\" id=\"MJXp-Span-192\"\u003e5\u003c/span\u003e\u003c/span\u003e\u003c/span\u003e\u003cspan class=\"MathJax MathJax_Processed\" id=\"MathJax-Element-28-Frame\" tabindex=\"0\" style=\"\"\u003e\u003cnobr\u003e\u003cspan class=\"math\" id=\"MathJax-Span-227\"\u003e\u003cspan style=\"display: inline-block; position: relative; width: 0em; height: 0px; font-size: 106%;\"\u003e\u003cspan style=\"position: absolute;\"\u003e\u003cspan class=\"mrow\" id=\"MathJax-Span-228\"\u003e\u003cspan class=\"mo\" id=\"MathJax-Span-229\" style=\"font-family: MathJax_Main;\"\u003e≤\u003c/span\u003e\u003cspan class=\"mn\" id=\"MathJax-Span-230\" style=\"font-family: MathJax_Main; padding-left: 0.278em;\"\u003e5\u003c/span\u003e\u003c/span\u003e\u003c/span\u003e\u003c/span\u003e\u003c/span\u003e\u003c/nobr\u003e\u003c/span\u003e\u003cscript type=\"math/tex\" id=\"MathJax-Element-28\"\u003e\\leq 5\u003c/script\u003e\u003c/td\u003e\u003c/tr\u003e\u003ctr\u003e\u003ctd rowspan=\"1\"\u003e13\u003c/td\u003e\u003ctd rowspan=\"1\"\u003e\u003cspan class=\"MathJax_Preview\" style=\"color: inherit;\"\u003e\u003cspan class=\"MJXp-math\" id=\"MJXp-Span-193\"\u003e\u003cspan class=\"MJXp-mo\" id=\"MJXp-Span-194\" style=\"margin-left: 0.333em; margin-right: 0.333em;\"\u003e≤\u003c/span\u003e\u003cspan class=\"MJXp-mn\" id=\"MJXp-Span-195\"\u003e9\u003c/span\u003e\u003c/span\u003e\u003c/span\u003e\u003cspan class=\"MathJax MathJax_Processed\" id=\"MathJax-Element-29-Frame\" tabindex=\"0\" style=\"\"\u003e\u003cnobr\u003e\u003cspan class=\"math\" id=\"MathJax-Span-231\"\u003e\u003cspan style=\"display: inline-block; position: relative; width: 0em; height: 0px; font-size: 106%;\"\u003e\u003cspan style=\"position: absolute;\"\u003e\u003cspan class=\"mrow\" id=\"MathJax-Span-232\"\u003e\u003cspan class=\"mo\" id=\"MathJax-Span-233\" style=\"font-family: MathJax_Main;\"\u003e≤\u003c/span\u003e\u003cspan class=\"mn\" id=\"MathJax-Span-234\" style=\"font-family: MathJax_Main; padding-left: 0.278em;\"\u003e9\u003c/span\u003e\u003c/span\u003e\u003c/span\u003e\u003c/span\u003e\u003c/span\u003e\u003c/nobr\u003e\u003c/span\u003e\u003cscript type=\"math/tex\" id=\"MathJax-Element-29\"\u003e\\leq 9\u003c/script\u003e\u003c/td\u003e\u003c/tr\u003e\u003ctr\u003e\u003ctd rowspan=\"1\"\u003e14\u003c/td\u003e\u003ctd rowspan=\"1\"\u003e\u003cspan class=\"MathJax_Preview\" style=\"color: inherit;\"\u003e\u003cspan class=\"MJXp-math\" id=\"MJXp-Span-196\"\u003e\u003cspan class=\"MJXp-mo\" id=\"MJXp-Span-197\" style=\"margin-left: 0.333em; margin-right: 0.333em;\"\u003e≤\u003c/span\u003e\u003cspan class=\"MJXp-mn\" id=\"MJXp-Span-198\"\u003e12\u003c/span\u003e\u003c/span\u003e\u003c/span\u003e\u003cspan class=\"MathJax MathJax_Processed\" id=\"MathJax-Element-30-Frame\" tabindex=\"0\" style=\"\"\u003e\u003cnobr\u003e\u003cspan class=\"math\" id=\"MathJax-Span-235\"\u003e\u003cspan style=\"display: inline-block; position: relative; width: 0em; height: 0px; font-size: 106%;\"\u003e\u003cspan style=\"position: absolute;\"\u003e\u003cspan class=\"mrow\" id=\"MathJax-Span-236\"\u003e\u003cspan class=\"mo\" id=\"MathJax-Span-237\" style=\"font-family: MathJax_Main;\"\u003e≤\u003c/span\u003e\u003cspan class=\"mn\" id=\"MathJax-Span-238\" style=\"font-family: MathJax_Main; padding-left: 0.278em;\"\u003e12\u003c/span\u003e\u003c/span\u003e\u003c/span\u003e\u003c/span\u003e\u003c/span\u003e\u003c/nobr\u003e\u003c/span\u003e\u003cscript type=\"math/tex\" id=\"MathJax-Element-30\"\u003e\\leq 12\u003c/script\u003e\u003c/td\u003e\u003c/tr\u003e\u003ctr\u003e\u003ctd rowspan=\"1\"\u003e15\u003c/td\u003e\u003ctd rowspan=\"1\"\u003e\u003cspan class=\"MathJax_Preview\" style=\"color: inherit;\"\u003e\u003cspan class=\"MJXp-math\" id=\"MJXp-Span-199\"\u003e\u003cspan class=\"MJXp-mo\" id=\"MJXp-Span-200\" style=\"margin-left: 0.333em; margin-right: 0.333em;\"\u003e≤\u003c/span\u003e\u003cspan class=\"MJXp-mn\" id=\"MJXp-Span-201\"\u003e20\u003c/span\u003e\u003c/span\u003e\u003c/span\u003e\u003cspan class=\"MathJax MathJax_Processed\" id=\"MathJax-Element-31-Frame\" tabindex=\"0\" style=\"\"\u003e\u003cnobr\u003e\u003cspan class=\"math\" id=\"MathJax-Span-239\"\u003e\u003cspan style=\"display: inline-block; position: relative; width: 0em; height: 0px; font-size: 106%;\"\u003e\u003cspan style=\"position: absolute;\"\u003e\u003cspan class=\"mrow\" id=\"MathJax-Span-240\"\u003e\u003cspan class=\"mo\" id=\"MathJax-Span-241\" style=\"font-family: MathJax_Main;\"\u003e≤\u003c/span\u003e\u003cspan class=\"mn\" id=\"MathJax-Span-242\" style=\"font-family: MathJax_Main; padding-left: 0.278em;\"\u003e20\u003c/span\u003e\u003c/span\u003e\u003c/span\u003e\u003c/span\u003e\u003c/span\u003e\u003c/nobr\u003e\u003c/span\u003e\u003cscript type=\"math/tex\" id=\"MathJax-Element-31\"\u003e\\leq 20\u003c/script\u003e\u003c/td\u003e\u003c/tr\u003e\u003ctr\u003e\u003ctd rowspan=\"1\"\u003e16\u003c/td\u003e\u003ctd rowspan=\"5\"\u003e\u003cspan class=\"MathJax_Preview\" style=\"color: inherit;\"\u003e\u003cspan class=\"MJXp-math\" id=\"MJXp-Span-202\"\u003e\u003cspan class=\"MJXp-mo\" id=\"MJXp-Span-203\" style=\"margin-left: 0.333em; margin-right: 0.333em;\"\u003e≤\u003c/span\u003e\u003cspan class=\"MJXp-mn\" id=\"MJXp-Span-204\"\u003e100\u003c/span\u003e\u003c/span\u003e\u003c/span\u003e\u003cspan class=\"MathJax MathJax_Processed\" id=\"MathJax-Element-32-Frame\" tabindex=\"0\" style=\"\"\u003e\u003cnobr\u003e\u003cspan class=\"math\" id=\"MathJax-Span-243\"\u003e\u003cspan style=\"display: inline-block; position: relative; width: 0em; height: 0px; font-size: 106%;\"\u003e\u003cspan style=\"position: absolute;\"\u003e\u003cspan class=\"mrow\" id=\"MathJax-Span-244\"\u003e\u003cspan class=\"mo\" id=\"MathJax-Span-245\" style=\"font-family: MathJax_Main;\"\u003e≤\u003c/span\u003e\u003cspan class=\"mn\" id=\"MathJax-Span-246\" style=\"font-family: MathJax_Main; padding-left: 0.278em;\"\u003e100\u003c/span\u003e\u003c/span\u003e\u003c/span\u003e\u003c/span\u003e\u003c/span\u003e\u003c/nobr\u003e\u003c/span\u003e\u003cscript type=\"math/tex\" id=\"MathJax-Element-32\"\u003e\\leq 100\u003c/script\u003e\u003c/td\u003e\u003c/tr\u003e\u003ctr\u003e\u003ctd rowspan=\"1\"\u003e17\u003c/td\u003e\u003c/tr\u003e\u003ctr\u003e\u003ctd rowspan=\"1\"\u003e18\u003c/td\u003e\u003c/tr\u003e\u003ctr\u003e\u003ctd rowspan=\"1\"\u003e19\u003c/td\u003e\u003c/tr\u003e\u003ctr\u003e\u003ctd rowspan=\"1\"\u003e20\u003c/td\u003e\u003c/tr\u003e\u003c/tbody\u003e\u003c/table\u003e\u003c/div\u003e\u003cp\u003e对于所有数据，保证：\u003c/p\u003e\u003cul\u003e\u003cli\u003e\u003cspan class=\"MathJax_Preview\" style=\"color: inherit;\"\u003e\u003cspan class=\"MJXp-math\" id=\"MJXp-Span-205\"\u003e\u003cspan class=\"MJXp-mrow\" id=\"MJXp-Span-206\"\u003e\u003cspan class=\"MJXp-mo\" id=\"MJXp-Span-207\" style=\"margin-left: 0.167em; margin-right: 0.167em;\"\u003e|\u003c/span\u003e\u003c/span\u003e\u003cspan class=\"MJXp-msubsup\" id=\"MJXp-Span-208\"\u003e\u003cspan class=\"MJXp-mi MJXp-italic\" id=\"MJXp-Span-209\" style=\"margin-right: 0.05em;\"\u003ex\u003c/span\u003e\u003cspan class=\"MJXp-mi MJXp-italic MJXp-script\" id=\"MJXp-Span-210\" style=\"vertical-align: -0.4em;\"\u003ei\u003c/span\u003e\u003c/span\u003e\u003cspan class=\"MJXp-mrow\" id=\"MJXp-Span-211\"\u003e\u003cspan class=\"MJXp-mo\" id=\"MJXp-Span-212\" style=\"margin-left: 0.167em; margin-right: 0.167em;\"\u003e|\u003c/span\u003e\u003c/span\u003e\u003cspan class=\"MJXp-mo\" id=\"MJXp-Span-213\" style=\"margin-left: 0em; margin-right: 0.222em;\"\u003e,\u003c/span\u003e\u003cspan class=\"MJXp-mrow\" id=\"MJXp-Span-214\"\u003e\u003cspan class=\"MJXp-mo\" id=\"MJXp-Span-215\" style=\"margin-left: 0.167em; margin-right: 0.167em;\"\u003e|\u003c/span\u003e\u003c/span\u003e\u003cspan class=\"MJXp-msubsup\" id=\"MJXp-Span-216\"\u003e\u003cspan class=\"MJXp-mi MJXp-italic\" id=\"MJXp-Span-217\" style=\"margin-right: 0.05em;\"\u003ey\u003c/span\u003e\u003cspan class=\"MJXp-mi MJXp-italic MJXp-script\" id=\"MJXp-Span-218\" style=\"vertical-align: -0.4em;\"\u003ei\u003c/span\u003e\u003c/span\u003e\u003cspan class=\"MJXp-mrow\" id=\"MJXp-Span-219\"\u003e\u003cspan class=\"MJXp-mo\" id=\"MJXp-Span-220\" style=\"margin-left: 0.167em; margin-right: 0.167em;\"\u003e|\u003c/span\u003e\u003c/span\u003e\u003cspan class=\"MJXp-mo\" id=\"MJXp-Span-221\" style=\"margin-left: 0.333em; margin-right: 0.333em;\"\u003e≤\u003c/span\u003e\u003cspan class=\"MJXp-msubsup\" id=\"MJXp-Span-222\"\u003e\u003cspan class=\"MJXp-mn\" id=\"MJXp-Span-223\" style=\"margin-right: 0.05em;\"\u003e10\u003c/span\u003e\u003cspan class=\"MJXp-mrow MJXp-script\" id=\"MJXp-Span-224\" style=\"vertical-align: 0.5em;\"\u003e\u003cspan class=\"MJXp-mn\" id=\"MJXp-Span-225\"\u003e8\u003c/span\u003e\u003c/span\u003e\u003c/span\u003e\u003c/span\u003e\u003c/span\u003e\u003cspan class=\"MathJax MathJax_Processed\" id=\"MathJax-Element-33-Frame\" tabindex=\"0\" style=\"\"\u003e\u003cnobr\u003e\u003cspan class=\"math\" id=\"MathJax-Span-247\"\u003e\u003cspan style=\"display: inline-block; position: relative; width: 0em; height: 0px; font-size: 106%;\"\u003e\u003cspan style=\"position: absolute;\"\u003e\u003cspan class=\"mrow\" id=\"MathJax-Span-248\"\u003e\u003cspan class=\"texatom\" id=\"MathJax-Span-249\"\u003e\u003cspan class=\"mrow\" id=\"MathJax-Span-250\"\u003e\u003cspan class=\"mo\" id=\"MathJax-Span-251\" style=\"font-family: MathJax_Main;\"\u003e|\u003c/span\u003e\u003c/span\u003e\u003c/span\u003e\u003cspan class=\"msubsup\" id=\"MathJax-Span-252\"\u003e\u003cspan style=\"display: inline-block; position: relative; width: 0.891em; height: 0px;\"\u003e\u003cspan style=\"position: absolute; clip: rect(3.332em, 1000.52em, 4.189em, -1000em); top: -3.976em; left: 0em;\"\u003e\u003cspan class=\"mi\" id=\"MathJax-Span-253\" style=\"font-family: MathJax_Math-italic;\"\u003ex\u003c/span\u003e\u003cspan style=\"display: inline-block; width: 0px; height: 3.976em;\"\u003e\u003c/span\u003e\u003c/span\u003e\u003cspan style=\"position: absolute; top: -3.826em; left: 0.572em;\"\u003e\u003cspan class=\"mi\" id=\"MathJax-Span-254\" style=\"font-size: 70.7%; font-family: MathJax_Math-italic;\"\u003ei\u003c/span\u003e\u003cspan style=\"display: inline-block; width: 0px; height: 3.976em;\"\u003e\u003c/span\u003e\u003c/span\u003e\u003c/span\u003e\u003c/span\u003e\u003cspan class=\"texatom\" id=\"MathJax-Span-255\"\u003e\u003cspan class=\"mrow\" id=\"MathJax-Span-256\"\u003e\u003cspan class=\"mo\" id=\"MathJax-Span-257\" style=\"font-family: MathJax_Main;\"\u003e|\u003c/span\u003e\u003c/span\u003e\u003c/span\u003e\u003cspan class=\"mo\" id=\"MathJax-Span-258\" style=\"font-family: MathJax_Main;\"\u003e,\u003c/span\u003e\u003cspan class=\"texatom\" id=\"MathJax-Span-259\" style=\"padding-left: 0.167em;\"\u003e\u003cspan class=\"mrow\" id=\"MathJax-Span-260\"\u003e\u003cspan class=\"mo\" id=\"MathJax-Span-261\" style=\"font-family: MathJax_Main;\"\u003e|\u003c/span\u003e\u003c/span\u003e\u003c/span\u003e\u003cspan class=\"msubsup\" id=\"MathJax-Span-262\"\u003e\u003cspan style=\"display: inline-block; position: relative; width: 0.809em; height: 0px;\"\u003e\u003cspan style=\"position: absolute; clip: rect(3.332em, 1000.5em, 4.383em, -1000em); top: -3.976em; left: 0em;\"\u003e\u003cspan class=\"mi\" id=\"MathJax-Span-263\" style=\"font-family: MathJax_Math-italic;\"\u003ey\u003cspan style=\"display: inline-block; overflow: hidden; height: 1px; width: 0.006em;\"\u003e\u003c/span\u003e\u003c/span\u003e\u003cspan style=\"display: inline-block; width: 0px; height: 3.976em;\"\u003e\u003c/span\u003e\u003c/span\u003e\u003cspan style=\"position: absolute; top: -3.826em; left: 0.49em;\"\u003e\u003cspan class=\"mi\" id=\"MathJax-Span-264\" style=\"font-size: 70.7%; font-family: MathJax_Math-italic;\"\u003ei\u003c/span\u003e\u003cspan style=\"display: inline-block; width: 0px; height: 3.976em;\"\u003e\u003c/span\u003e\u003c/span\u003e\u003c/span\u003e\u003c/span\u003e\u003cspan class=\"texatom\" id=\"MathJax-Span-265\"\u003e\u003cspan class=\"mrow\" id=\"MathJax-Span-266\"\u003e\u003cspan class=\"mo\" id=\"MathJax-Span-267\" style=\"font-family: MathJax_Main;\"\u003e|\u003c/span\u003e\u003c/span\u003e\u003c/span\u003e\u003cspan class=\"mo\" id=\"MathJax-Span-268\" style=\"font-family: MathJax_Main; padding-left: 0.278em;\"\u003e≤\u003c/span\u003e\u003cspan class=\"msubsup\" id=\"MathJax-Span-269\" style=\"padding-left: 0.278em;\"\u003e\u003cspan style=\"display: inline-block; position: relative; width: 1.429em; height: 0px;\"\u003e\u003cspan style=\"position: absolute; clip: rect(3.108em, 1000.96em, 4.2em, -1000em); top: -3.976em; left: 0em;\"\u003e\u003cspan class=\"mn\" id=\"MathJax-Span-270\" style=\"font-family: MathJax_Main;\"\u003e10\u003c/span\u003e\u003cspan style=\"display: inline-block; width: 0px; height: 3.976em;\"\u003e\u003c/span\u003e\u003c/span\u003e\u003cspan style=\"position: absolute; top: -4.369em; left: 1em;\"\u003e\u003cspan class=\"texatom\" id=\"MathJax-Span-271\"\u003e\u003cspan class=\"mrow\" id=\"MathJax-Span-272\"\u003e\u003cspan class=\"mn\" id=\"MathJax-Span-273\" style=\"font-size: 70.7%; font-family: MathJax_Main;\"\u003e8\u003c/span\u003e\u003c/span\u003e\u003c/span\u003e\u003cspan style=\"display: inline-block; width: 0px; height: 3.976em;\"\u003e\u003c/span\u003e\u003c/span\u003e\u003c/span\u003e\u003c/span\u003e\u003c/span\u003e\u003c/span\u003e\u003c/span\u003e\u003c/span\u003e\u003c/nobr\u003e\u003c/span\u003e\u003cscript type=\"math/tex\" id=\"MathJax-Element-33\"\u003e|x_i|, |y_i|\\leq 10^{8}\u003c/script\u003e；\u003c/li\u003e\n\u003cli\u003e没有两个分身的坐标是完全相同的；\u003c/li\u003e\n\u003cli\u003e\u003cspan class=\"MathJax_Preview\" style=\"color: inherit;\"\u003e\u003cspan class=\"MJXp-math\" id=\"MJXp-Span-226\"\u003e\u003cspan class=\"MJXp-mi MJXp-italic\" id=\"MJXp-Span-227\"\u003ek\u003c/span\u003e\u003cspan class=\"MJXp-mo\" id=\"MJXp-Span-228\" style=\"margin-left: 0.333em; margin-right: 0.333em;\"\u003e≤\u003c/span\u003e\u003cspan class=\"MJXp-mn\" id=\"MJXp-Span-229\"\u003e100\u003c/span\u003e\u003c/span\u003e\u003c/span\u003e\u003cspan class=\"MathJax MathJax_Processed\" id=\"MathJax-Element-34-Frame\" tabindex=\"0\" style=\"\"\u003e\u003cnobr\u003e\u003cspan class=\"math\" id=\"MathJax-Span-274\"\u003e\u003cspan style=\"display: inline-block; position: relative; width: 0em; height: 0px; font-size: 106%;\"\u003e\u003cspan style=\"position: absolute;\"\u003e\u003cspan class=\"mrow\" id=\"MathJax-Span-275\"\u003e\u003cspan class=\"mi\" id=\"MathJax-Span-276\" style=\"font-family: MathJax_Math-italic;\"\u003ek\u003c/span\u003e\u003cspan class=\"mo\" id=\"MathJax-Span-277\" style=\"font-family: MathJax_Main; padding-left: 0.278em;\"\u003e≤\u003c/span\u003e\u003cspan class=\"mn\" id=\"MathJax-Span-278\" style=\"font-family: MathJax_Main; padding-left: 0.278em;\"\u003e100\u003c/span\u003e\u003c/span\u003e\u003c/span\u003e\u003c/span\u003e\u003c/span\u003e\u003c/nobr\u003e\u003c/span\u003e\u003cscript type=\"math/tex\" id=\"MathJax-Element-34\"\u003ek \\leq 100\u003c/script\u003e；\u003c/li\u003e\n\u003cli\u003e所有时刻的 \u003cspan class=\"MathJax_Preview\" style=\"color: inherit;\"\u003e\u003cspan class=\"MJXp-math\" id=\"MJXp-Span-230\"\u003e\u003cspan class=\"MJXp-mi MJXp-italic\" id=\"MJXp-Span-231\"\u003ek\u003c/span\u003e\u003c/span\u003e\u003c/span\u003e\u003cspan class=\"MathJax MathJax_Processed\" id=\"MathJax-Element-35-Frame\" tabindex=\"0\" style=\"\"\u003e\u003cnobr\u003e\u003cspan class=\"math\" id=\"MathJax-Span-279\"\u003e\u003cspan style=\"display: inline-block; position: relative; width: 0em; height: 0px; font-size: 106%;\"\u003e\u003cspan style=\"position: absolute;\"\u003e\u003cspan class=\"mrow\" id=\"MathJax-Span-280\"\u003e\u003cspan class=\"mi\" id=\"MathJax-Span-281\" style=\"font-family: MathJax_Math-italic;\"\u003ek\u003c/span\u003e\u003c/span\u003e\u003c/span\u003e\u003c/span\u003e\u003c/span\u003e\u003c/nobr\u003e\u003c/span\u003e\u003cscript type=\"math/tex\" id=\"MathJax-Element-35\"\u003ek\u003c/script\u003e 之和不超过 \u003cspan class=\"MathJax_Preview\" style=\"color: inherit;\"\u003e\u003cspan class=\"MJXp-math\" id=\"MJXp-Span-232\"\u003e\u003cspan class=\"MJXp-mn\" id=\"MJXp-Span-233\"\u003e2\u003c/span\u003e\u003cspan class=\"MJXp-mo\" id=\"MJXp-Span-234\" style=\"margin-left: 0.267em; margin-right: 0.267em;\"\u003e×\u003c/span\u003e\u003cspan class=\"MJXp-msubsup\" id=\"MJXp-Span-235\"\u003e\u003cspan class=\"MJXp-mn\" id=\"MJXp-Span-236\" style=\"margin-right: 0.05em;\"\u003e10\u003c/span\u003e\u003cspan class=\"MJXp-mrow MJXp-script\" id=\"MJXp-Span-237\" style=\"vertical-align: 0.5em;\"\u003e\u003cspan class=\"MJXp-mn\" id=\"MJXp-Span-238\"\u003e6\u003c/span\u003e\u003c/span\u003e\u003c/span\u003e\u003c/span\u003e\u003c/span\u003e\u003cspan class=\"MathJax MathJax_Processed\" id=\"MathJax-Element-36-Frame\" tabindex=\"0\" style=\"\"\u003e\u003cnobr\u003e\u003cspan class=\"math\" id=\"MathJax-Span-282\"\u003e\u003cspan style=\"display: inline-block; position: relative; width: 0em; height: 0px; font-size: 106%;\"\u003e\u003cspan style=\"position: absolute;\"\u003e\u003cspan class=\"mrow\" id=\"MathJax-Span-283\"\u003e\u003cspan class=\"mn\" id=\"MathJax-Span-284\" style=\"font-family: MathJax_Main;\"\u003e2\u003c/span\u003e\u003cspan class=\"mo\" id=\"MathJax-Span-285\" style=\"font-family: MathJax_Main; padding-left: 0.222em;\"\u003e×\u003c/span\u003e\u003cspan class=\"msubsup\" id=\"MathJax-Span-286\" style=\"padding-left: 0.222em;\"\u003e\u003cspan style=\"display: inline-block; position: relative; width: 1.429em; height: 0px;\"\u003e\u003cspan style=\"position: absolute; clip: rect(3.108em, 1000.96em, 4.2em, -1000em); top: -3.976em; left: 0em;\"\u003e\u003cspan class=\"mn\" id=\"MathJax-Span-287\" style=\"font-family: MathJax_Main;\"\u003e10\u003c/span\u003e\u003cspan style=\"display: inline-block; width: 0px; height: 3.976em;\"\u003e\u003c/span\u003e\u003c/span\u003e\u003cspan style=\"position: absolute; top: -4.369em; left: 1em;\"\u003e\u003cspan class=\"texatom\" id=\"MathJax-Span-288\"\u003e\u003cspan class=\"mrow\" id=\"MathJax-Span-289\"\u003e\u003cspan class=\"mn\" id=\"MathJax-Span-290\" style=\"font-size: 70.7%; font-family: MathJax_Main;\"\u003e6\u003c/span\u003e\u003c/span\u003e\u003c/span\u003e\u003cspan style=\"display: inline-block; width: 0px; height: 3.976em;\"\u003e\u003c/span\u003e\u003c/span\u003e\u003c/span\u003e\u003c/span\u003e\u003c/span\u003e\u003c/span\u003e\u003c/span\u003e\u003c/span\u003e\u003c/nobr\u003e\u003c/span\u003e\u003cscript type=\"math/tex\" id=\"MathJax-Element-36\"\u003e2 \\times 10^{6}\u003c/script\u003e；\u003c/li\u003e\n\u003cli\u003e\u003cspan class=\"MathJax_Preview\" style=\"color: inherit;\"\u003e\u003cspan class=\"MJXp-math\" id=\"MJXp-Span-239\"\u003e\u003cspan class=\"MJXp-mn\" id=\"MJXp-Span-240\"\u003e0\u003c/span\u003e\u003cspan class=\"MJXp-mo\" id=\"MJXp-Span-241\" style=\"margin-left: 0.333em; margin-right: 0.333em;\"\u003e≤\u003c/span\u003e\u003cspan class=\"MJXp-msubsup\" id=\"MJXp-Span-242\"\u003e\u003cspan class=\"MJXp-mi MJXp-italic\" id=\"MJXp-Span-243\" style=\"margin-right: 0.05em;\"\u003ec\u003c/span\u003e\u003cspan class=\"MJXp-mi MJXp-italic MJXp-script\" id=\"MJXp-Span-244\" style=\"vertical-align: -0.4em;\"\u003ei\u003c/span\u003e\u003c/span\u003e\u003cspan class=\"MJXp-mo\" id=\"MJXp-Span-245\" style=\"margin-left: 0.333em; margin-right: 0.333em;\"\u003e≤\u003c/span\u003e\u003cspan class=\"MJXp-msubsup\" id=\"MJXp-Span-246\"\u003e\u003cspan class=\"MJXp-mn\" id=\"MJXp-Span-247\" style=\"margin-right: 0.05em;\"\u003e2\u003c/span\u003e\u003cspan class=\"MJXp-mrow MJXp-script\" id=\"MJXp-Span-248\" style=\"vertical-align: 0.5em;\"\u003e\u003cspan class=\"MJXp-mn\" id=\"MJXp-Span-249\"\u003e31\u003c/span\u003e\u003c/span\u003e\u003c/span\u003e\u003cspan class=\"MJXp-mo\" id=\"MJXp-Span-250\" style=\"margin-left: 0.267em; margin-right: 0.267em;\"\u003e−\u003c/span\u003e\u003cspan class=\"MJXp-mn\" id=\"MJXp-Span-251\"\u003e1\u003c/span\u003e\u003c/span\u003e\u003c/span\u003e\u003cspan class=\"MathJax MathJax_Processed\" id=\"MathJax-Element-37-Frame\" tabindex=\"0\" style=\"\"\u003e\u003cnobr\u003e\u003cspan class=\"math\" id=\"MathJax-Span-291\"\u003e\u003cspan style=\"display: inline-block; position: relative; width: 0em; height: 0px; font-size: 106%;\"\u003e\u003cspan style=\"position: absolute;\"\u003e\u003cspan class=\"mrow\" id=\"MathJax-Span-292\"\u003e\u003cspan class=\"mn\" id=\"MathJax-Span-293\" style=\"font-family: MathJax_Main;\"\u003e0\u003c/span\u003e\u003cspan class=\"mo\" id=\"MathJax-Span-294\" style=\"font-family: MathJax_Main; padding-left: 0.278em;\"\u003e≤\u003c/span\u003e\u003cspan class=\"msubsup\" id=\"MathJax-Span-295\" style=\"padding-left: 0.278em;\"\u003e\u003cspan style=\"display: inline-block; position: relative; width: 0.752em; height: 0px;\"\u003e\u003cspan style=\"position: absolute; clip: rect(3.332em, 1000.43em, 4.189em, -1000em); top: -3.976em; left: 0em;\"\u003e\u003cspan class=\"mi\" id=\"MathJax-Span-296\" style=\"font-family: MathJax_Math-italic;\"\u003ec\u003c/span\u003e\u003cspan style=\"display: inline-block; width: 0px; height: 3.976em;\"\u003e\u003c/span\u003e\u003c/span\u003e\u003cspan style=\"position: absolute; top: -3.826em; left: 0.433em;\"\u003e\u003cspan class=\"mi\" id=\"MathJax-Span-297\" style=\"font-size: 70.7%; font-family: MathJax_Math-italic;\"\u003ei\u003c/span\u003e\u003cspan style=\"display: inline-block; width: 0px; height: 3.976em;\"\u003e\u003c/span\u003e\u003c/span\u003e\u003c/span\u003e\u003c/span\u003e\u003cspan class=\"mo\" id=\"MathJax-Span-298\" style=\"font-family: MathJax_Main; padding-left: 0.278em;\"\u003e≤\u003c/span\u003e\u003cspan class=\"msubsup\" id=\"MathJax-Span-299\" style=\"padding-left: 0.278em;\"\u003e\u003cspan style=\"display: inline-block; position: relative; width: 1.282em; height: 0px;\"\u003e\u003cspan style=\"position: absolute; clip: rect(3.108em, 1000.45em, 4.178em, -1000em); top: -3.976em; left: 0em;\"\u003e\u003cspan class=\"mn\" id=\"MathJax-Span-300\" style=\"font-family: MathJax_Main;\"\u003e2\u003c/span\u003e\u003cspan style=\"display: inline-block; width: 0px; height: 3.976em;\"\u003e\u003c/span\u003e\u003c/span\u003e\u003cspan style=\"position: absolute; top: -4.369em; left: 0.5em;\"\u003e\u003cspan class=\"texatom\" id=\"MathJax-Span-301\"\u003e\u003cspan class=\"mrow\" id=\"MathJax-Span-302\"\u003e\u003cspan class=\"mn\" id=\"MathJax-Span-303\" style=\"font-size: 70.7%; font-family: MathJax_Main;\"\u003e31\u003c/span\u003e\u003c/span\u003e\u003c/span\u003e\u003cspan style=\"display: inline-block; width: 0px; height: 3.976em;\"\u003e\u003c/span\u003e\u003c/span\u003e\u003c/span\u003e\u003c/span\u003e\u003cspan class=\"mo\" id=\"MathJax-Span-304\" style=\"font-family: MathJax_Main; padding-left: 0.222em;\"\u003e−\u003c/span\u003e\u003cspan class=\"mn\" id=\"MathJax-Span-305\" style=\"font-family: MathJax_Main; padding-left: 0.222em;\"\u003e1\u003c/span\u003e\u003c/span\u003e\u003c/span\u003e\u003c/span\u003e\u003c/span\u003e\u003c/nobr\u003e\u003c/span\u003e\u003cscript type=\"math/tex\" id=\"MathJax-Element-37\"\u003e0 \\leq c_i \\leq 2^{31}-1\u003c/script\u003e；\u003c/li\u003e\n\u003cli\u003e初始时，所有的 \u003cspan class=\"MathJax_Preview\" style=\"color: inherit;\"\u003e\u003cspan class=\"MJXp-math\" id=\"MJXp-Span-252\"\u003e\u003cspan class=\"MJXp-mi MJXp-italic\" id=\"MJXp-Span-253\"\u003en\u003c/span\u003e\u003c/span\u003e\u003c/span\u003e\u003cspan class=\"MathJax MathJax_Processed\" id=\"MathJax-Element-38-Frame\" tabindex=\"0\" style=\"\"\u003e\u003cnobr\u003e\u003cspan class=\"math\" id=\"MathJax-Span-306\"\u003e\u003cspan style=\"display: inline-block; position: relative; width: 0em; height: 0px; font-size: 106%;\"\u003e\u003cspan style=\"position: absolute;\"\u003e\u003cspan class=\"mrow\" id=\"MathJax-Span-307\"\u003e\u003cspan class=\"mi\" id=\"MathJax-Span-308\" style=\"font-family: MathJax_Math-italic;\"\u003en\u003c/span\u003e\u003c/span\u003e\u003c/span\u003e\u003c/span\u003e\u003c/span\u003e\u003c/nobr\u003e\u003c/span\u003e\u003cscript type=\"math/tex\" id=\"MathJax-Element-38\"\u003en\u003c/script\u003e 个分身占据区域面积大于 \u003cspan class=\"MathJax_Preview\" style=\"color: inherit;\"\u003e\u003cspan class=\"MJXp-math\" id=\"MJXp-Span-254\"\u003e\u003cspan class=\"MJXp-mn\" id=\"MJXp-Span-255\"\u003e0\u003c/span\u003e\u003c/span\u003e\u003c/span\u003e\u003cspan class=\"MathJax MathJax_Processed\" id=\"MathJax-Element-39-Frame\" tabindex=\"0\" style=\"\"\u003e\u003cnobr\u003e\u003cspan class=\"math\" id=\"MathJax-Span-309\"\u003e\u003cspan style=\"display: inline-block; position: relative; width: 0em; height: 0px; font-size: 106%;\"\u003e\u003cspan style=\"position: absolute;\"\u003e\u003cspan class=\"mrow\" id=\"MathJax-Span-310\"\u003e\u003cspan class=\"mn\" id=\"MathJax-Span-311\" style=\"font-family: MathJax_Main;\"\u003e0\u003c/span\u003e\u003c/span\u003e\u003c/span\u003e\u003c/span\u003e\u003c/span\u003e\u003c/nobr\u003e\u003c/span\u003e\u003cscript type=\"math/tex\" id=\"MathJax-Element-39\"\u003e0\u003c/script\u003e；\u003c/li\u003e\n\u003cli\u003e定义所有 \u003cspan class=\"MathJax_Preview\" style=\"color: inherit;\"\u003e\u003cspan class=\"MJXp-math\" id=\"MJXp-Span-256\"\u003e\u003cspan class=\"MJXp-mi MJXp-italic\" id=\"MJXp-Span-257\"\u003en\u003c/span\u003e\u003c/span\u003e\u003c/span\u003e\u003cspan class=\"MathJax MathJax_Processed\" id=\"MathJax-Element-40-Frame\" tabindex=\"0\" style=\"\"\u003e\u003cnobr\u003e\u003cspan class=\"math\" id=\"MathJax-Span-312\"\u003e\u003cspan style=\"display: inline-block; position: relative; width: 0em; height: 0px; font-size: 106%;\"\u003e\u003cspan style=\"position: absolute;\"\u003e\u003cspan class=\"mrow\" id=\"MathJax-Span-313\"\u003e\u003cspan class=\"mi\" id=\"MathJax-Span-314\" style=\"font-family: MathJax_Math-italic;\"\u003en\u003c/span\u003e\u003c/span\u003e\u003c/span\u003e\u003c/span\u003e\u003c/span\u003e\u003c/nobr\u003e\u003c/span\u003e\u003cscript type=\"math/tex\" id=\"MathJax-Element-40\"\u003en\u003c/script\u003e 个分身所占据区域的\u003cstrong\u003e顶点集合\u003c/strong\u003e为 \u003cspan class=\"MathJax_Preview\" style=\"color: inherit;\"\u003e\u003cspan class=\"MJXp-math\" id=\"MJXp-Span-258\"\u003e\u003cspan class=\"MJXp-mi MJXp-italic\" id=\"MJXp-Span-259\"\u003eS\u003c/span\u003e\u003c/span\u003e\u003c/span\u003e\u003cspan class=\"MathJax MathJax_Processed\" id=\"MathJax-Element-41-Frame\" tabindex=\"0\" style=\"\"\u003e\u003cnobr\u003e\u003cspan class=\"math\" id=\"MathJax-Span-315\"\u003e\u003cspan style=\"display: inline-block; position: relative; width: 0em; height: 0px; font-size: 106%;\"\u003e\u003cspan style=\"position: absolute;\"\u003e\u003cspan class=\"mrow\" id=\"MathJax-Span-316\"\u003e\u003cspan class=\"mi\" id=\"MathJax-Span-317\" style=\"font-family: MathJax_Math-italic;\"\u003eS\u003cspan style=\"display: inline-block; overflow: hidden; height: 1px; width: 0.032em;\"\u003e\u003c/span\u003e\u003c/span\u003e\u003c/span\u003e\u003c/span\u003e\u003c/span\u003e\u003c/span\u003e\u003c/nobr\u003e\u003c/span\u003e\u003cscript type=\"math/tex\" id=\"MathJax-Element-41\"\u003eS\u003c/script\u003e， \u003cspan class=\"MathJax_Preview\" style=\"color: inherit;\"\u003e\u003cspan class=\"MJXp-math\" id=\"MJXp-Span-260\"\u003e\u003cspan class=\"MJXp-mrow\" id=\"MJXp-Span-261\"\u003e\u003cspan class=\"MJXp-mo\" id=\"MJXp-Span-262\" style=\"margin-left: 0.167em; margin-right: 0.167em;\"\u003e|\u003c/span\u003e\u003c/span\u003e\u003cspan class=\"MJXp-mi MJXp-italic\" id=\"MJXp-Span-263\"\u003eS\u003c/span\u003e\u003cspan class=\"MJXp-mrow\" id=\"MJXp-Span-264\"\u003e\u003cspan class=\"MJXp-mo\" id=\"MJXp-Span-265\" style=\"margin-left: 0.167em; margin-right: 0.167em;\"\u003e|\u003c/span\u003e\u003c/span\u003e\u003cspan class=\"MJXp-mo\" id=\"MJXp-Span-266\" style=\"margin-left: 0.333em; margin-right: 0.333em;\"\u003e≥\u003c/span\u003e\u003cspan class=\"MJXp-mn\" id=\"MJXp-Span-267\"\u003e3\u003c/span\u003e\u003c/span\u003e\u003c/span\u003e\u003cspan class=\"MathJax MathJax_Processed\" id=\"MathJax-Element-42-Frame\" tabindex=\"0\" style=\"\"\u003e\u003cnobr\u003e\u003cspan class=\"math\" id=\"MathJax-Span-318\"\u003e\u003cspan style=\"display: inline-block; position: relative; width: 0em; height: 0px; font-size: 106%;\"\u003e\u003cspan style=\"position: absolute;\"\u003e\u003cspan class=\"mrow\" id=\"MathJax-Span-319\"\u003e\u003cspan class=\"texatom\" id=\"MathJax-Span-320\"\u003e\u003cspan class=\"mrow\" id=\"MathJax-Span-321\"\u003e\u003cspan class=\"mo\" id=\"MathJax-Span-322\" style=\"font-family: MathJax_Main;\"\u003e|\u003c/span\u003e\u003c/span\u003e\u003c/span\u003e\u003cspan class=\"mi\" id=\"MathJax-Span-323\" style=\"font-family: MathJax_Math-italic;\"\u003eS\u003cspan style=\"display: inline-block; overflow: hidden; height: 1px; width: 0.032em;\"\u003e\u003c/span\u003e\u003c/span\u003e\u003cspan class=\"texatom\" id=\"MathJax-Span-324\"\u003e\u003cspan class=\"mrow\" id=\"MathJax-Span-325\"\u003e\u003cspan class=\"mo\" id=\"MathJax-Span-326\" style=\"font-family: MathJax_Main;\"\u003e|\u003c/span\u003e\u003c/span\u003e\u003c/span\u003e\u003cspan class=\"mo\" id=\"MathJax-Span-327\" style=\"font-family: MathJax_Main; padding-left: 0.278em;\"\u003e≥\u003c/span\u003e\u003cspan class=\"mn\" id=\"MathJax-Span-328\" style=\"font-family: MathJax_Main; padding-left: 0.278em;\"\u003e3\u003c/span\u003e\u003c/span\u003e\u003c/span\u003e\u003c/span\u003e\u003c/span\u003e\u003c/nobr\u003e\u003c/span\u003e\u003cscript type=\"math/tex\" id=\"MathJax-Element-42\"\u003e|S|\\geq 3\u003c/script\u003e。在任意时刻，\u003cspan class=\"MathJax_Preview\" style=\"color: inherit;\"\u003e\u003cspan class=\"MJXp-math\" id=\"MJXp-Span-268\"\u003e\u003cspan class=\"MJXp-mi MJXp-italic\" id=\"MJXp-Span-269\"\u003eS\u003c/span\u003e\u003c/span\u003e\u003c/span\u003e\u003cspan class=\"MathJax MathJax_Processed\" id=\"MathJax-Element-43-Frame\" tabindex=\"0\" style=\"\"\u003e\u003cnobr\u003e\u003cspan class=\"math\" id=\"MathJax-Span-329\"\u003e\u003cspan style=\"display: inline-block; position: relative; width: 0em; height: 0px; font-size: 106%;\"\u003e\u003cspan style=\"position: absolute;\"\u003e\u003cspan class=\"mrow\" id=\"MathJax-Span-330\"\u003e\u003cspan class=\"mi\" id=\"MathJax-Span-331\" style=\"font-family: MathJax_Math-italic;\"\u003eS\u003cspan style=\"display: inline-block; overflow: hidden; height: 1px; width: 0.032em;\"\u003e\u003c/span\u003e\u003c/span\u003e\u003c/span\u003e\u003c/span\u003e\u003c/span\u003e\u003c/span\u003e\u003c/nobr\u003e\u003c/span\u003e\u003cscript type=\"math/tex\" id=\"MathJax-Element-43\"\u003eS\u003c/script\u003e 中至少存在两个未消失的分身。 \u003c/li\u003e\n\u003c/ul\u003e",
      "misc": ""
    },
    {
      "title": "下载",
      "content": "\u003cp\u003e\u003ca href=\"/download.php?type=problem\u0026amp;id=319\"\u003e样例数据下载\u003c/a\u003e\u003c/p\u003e",
      "misc": ""
    }
  ],
  "samples": [
    {
      "title": "样例一",
      "input": "\u003cpre\u003e6 2\n-1 0\n-1 -1\n0 -1\n1 0\n0 1\n0 0\n3 1 3 6\n2 0 1\n\n\u003c/pre\u003e",
      "output": "\u003cpre\u003e3\n2\n\n\u003c/pre\u003e",
      "explanation": "\u003cp\u003e如下图所示：左图表示输入的6个分身的位置及它们占领的区域；中图表示第一个时刻的情形，消失的分身编号分别为 1,3,6，剩余3个点占领图中实线内部区域，占据面积的两倍为 3；右图表示第二个时刻的情形，消失的分身编号分别为 \n\u003cspan class=\"MathJax_Preview\" style=\"color: inherit;\"\u003e\u003cspan class=\"MJXp-math MJXp-display\" id=\"MJXp-Span-132\"\u003e\u003cspan class=\"MJXp-mo\" id=\"MJXp-Span-133\" style=\"margin-left: 0em; margin-right: 0em;\"\u003e[\u003c/span\u003e\u003cspan class=\"MJXp-mo\" id=\"MJXp-Span-134\" style=\"margin-left: 0em; margin-right: 0em;\"\u003e(\u003c/span\u003e\u003cspan class=\"MJXp-mn\" id=\"MJXp-Span-135\"\u003e0\u003c/span\u003e\u003cspan class=\"MJXp-mo\" id=\"MJXp-Span-136\" style=\"margin-left: 0.267em; margin-right: 0.267em;\"\u003e+\u003c/span\u003e\u003cspan class=\"MJXp-mn\" id=\"MJXp-Span-137\"\u003e3\u003c/span\u003e\u003cspan class=\"MJXp-mo\" id=\"MJXp-Span-138\" style=\"margin-left: 0em; margin-right: 0em;\"\u003e)\u003c/span\u003e\u003cspan class=\"MJXp-mtext\" id=\"MJXp-Span-139\"\u003e\u0026nbsp;\u003c/span\u003e\u003cspan class=\"MJXp-mrow\" id=\"MJXp-Span-140\"\u003e\u003cspan class=\"MJXp-mi\" id=\"MJXp-Span-141\"\u003em\u003c/span\u003e\u003cspan class=\"MJXp-mi\" id=\"MJXp-Span-142\"\u003eo\u003c/span\u003e\u003cspan class=\"MJXp-mi\" id=\"MJXp-Span-143\"\u003ed\u003c/span\u003e\u003c/span\u003e\u003cspan class=\"MJXp-mtext\" id=\"MJXp-Span-144\"\u003e\u0026nbsp;\u003c/span\u003e\u003cspan class=\"MJXp-mn\" id=\"MJXp-Span-145\"\u003e6\u003c/span\u003e\u003cspan class=\"MJXp-mo\" id=\"MJXp-Span-146\" style=\"margin-left: 0em; margin-right: 0em;\"\u003e]\u003c/span\u003e\u003cspan class=\"MJXp-mo\" id=\"MJXp-Span-147\" style=\"margin-left: 0.267em; margin-right: 0.267em;\"\u003e+\u003c/span\u003e\u003cspan class=\"MJXp-mn\" id=\"MJXp-Span-148\"\u003e1\u003c/span\u003e\u003cspan class=\"MJXp-mo\" id=\"MJXp-Span-149\" style=\"margin-left: 0.333em; margin-right: 0.333em;\"\u003e=\u003c/span\u003e\u003cspan class=\"MJXp-mn\" id=\"MJXp-Span-150\"\u003e4\u003c/span\u003e\u003c/span\u003e\u003c/span\u003e\u003cdiv class=\"MathJax_Display MathJax_Processing\"\u003e\u003cspan class=\"MathJax\" id=\"MathJax-Element-19-Frame\" tabindex=\"0\"\u003e\u003c/span\u003e\u003c/div\u003e\u003cscript type=\"math/tex; mode=display\" id=\"MathJax-Element-19\"\u003e[(0+3) ~\\mathrm{mod}~ 6] + 1 = 4\u003c/script\u003e \n\u003cspan class=\"MathJax_Preview\" style=\"color: inherit;\"\u003e\u003cspan class=\"MJXp-math MJXp-display\" id=\"MJXp-Span-151\"\u003e\u003cspan class=\"MJXp-mo\" id=\"MJXp-Span-152\" style=\"margin-left: 0em; margin-right: 0em;\"\u003e[\u003c/span\u003e\u003cspan class=\"MJXp-mo\" id=\"MJXp-Span-153\" style=\"margin-left: 0em; margin-right: 0em;\"\u003e(\u003c/span\u003e\u003cspan class=\"MJXp-mn\" id=\"MJXp-Span-154\"\u003e1\u003c/span\u003e\u003cspan class=\"MJXp-mo\" id=\"MJXp-Span-155\" style=\"margin-left: 0.267em; margin-right: 0.267em;\"\u003e+\u003c/span\u003e\u003cspan class=\"MJXp-mn\" id=\"MJXp-Span-156\"\u003e3\u003c/span\u003e\u003cspan class=\"MJXp-mo\" id=\"MJXp-Span-157\" style=\"margin-left: 0em; margin-right: 0em;\"\u003e)\u003c/span\u003e\u003cspan class=\"MJXp-mtext\" id=\"MJXp-Span-158\"\u003e\u0026nbsp;\u003c/span\u003e\u003cspan class=\"MJXp-mrow\" id=\"MJXp-Span-159\"\u003e\u003cspan class=\"MJXp-mi\" id=\"MJXp-Span-160\"\u003em\u003c/span\u003e\u003cspan class=\"MJXp-mi\" id=\"MJXp-Span-161\"\u003eo\u003c/span\u003e\u003cspan class=\"MJXp-mi\" id=\"MJXp-Span-162\"\u003ed\u003c/span\u003e\u003c/span\u003e\u003cspan class=\"MJXp-mtext\" id=\"MJXp-Span-163\"\u003e\u0026nbsp;\u003c/span\u003e\u003cspan class=\"MJXp-mn\" id=\"MJXp-Span-164\"\u003e6\u003c/span\u003e\u003cspan class=\"MJXp-mo\" id=\"MJXp-Span-165\" style=\"margin-left: 0em; margin-right: 0em;\"\u003e]\u003c/span\u003e\u003cspan class=\"MJXp-mo\" id=\"MJXp-Span-166\" style=\"margin-left: 0.267em; margin-right: 0.267em;\"\u003e+\u003c/span\u003e\u003cspan class=\"MJXp-mn\" id=\"MJXp-Span-167\"\u003e1\u003c/span\u003e\u003cspan class=\"MJXp-mo\" id=\"MJXp-Span-168\" style=\"margin-left: 0.333em; margin-right: 0.333em;\"\u003e=\u003c/span\u003e\u003cspan class=\"MJXp-mn\" id=\"MJXp-Span-169\"\u003e5\u003c/span\u003e\u003c/span\u003e\u003c/span\u003e\u003cdiv class=\"MathJax_Display MathJax_Processing\"\u003e\u003cspan class=\"MathJax\" id=\"MathJax-Element-20-Frame\" tabindex=\"0\"\u003e\u003c/span\u003e\u003c/div\u003e\u003cscript type=\"math/tex; mode=display\" id=\"MathJax-Element-20\"\u003e[(1+3) ~\\mathrm{mod}~ 6] + 1 = 5\u003c/script\u003e \u003c/p\u003e\u003cp\u003e剩余的4个点占领图中实线内部区域。\u003c/p\u003e\u003cp\u003e \u003cimg class=\"img-responsive center-block\" src=\"//img.uoj.ac/problem/319/example.png\" alt=\"样例解释\"\u003e\u003c/p\u003e",
      "misc": ""
    },
    {
      "title": "样例二",
      "input": "",
      "output": "",
      "explanation": "",
      "misc": "\u003cp\u003e见“样例数据下载”\u003c/p\u003e"
    },
    {
      "title": "样例三",
      "input": "",
      "output": "",
      "explanation": "",
      "misc": "\u003cp\u003e见“样例数据下载”\u003c/p\u003e"
    },
    {
      "title": "样例四",
      "input": "",
      "output": "",
      "explanation": "",
      "misc": "\u003cp\u003e见“样例数据下载” \u003c/p\u003e"
    }
  ],
  "tags": [
    "UOJ",
    "NOI2017"
  ],
  "rules": {
    "runtime": "3000000000",
    "memory": "536870912",
    "stack": "536870912",
    "source": "51200"
  },
  "meta": {
    "created": "2021-04-09T21:42:41.926624455+08:00",
    "updated": "2021-04-09T21:42:41.926624455+08:00",
    "checked": "2021-04-09T21:42:41.926624455+08:00"
  },
  "misc": ""
}
