{
  "id": "339",
  "title": "小 Y 和二叉树",
  "type": "traditional",
  "sections": [
    {
      "title": "题目背景",
      "content": "\u003cp\u003e小Y是一个心灵手巧的OIer，她有许多二叉树模型。\u003c/p\u003e\u003cp\u003e小Y的二叉树模型中，每个结点都具有一个编号，小Y把她最喜欢的一个二叉树模型挂在了墙上，树根在最上面，左右子树分别在树根的左下方与右下方，且他们也都满足这样的悬挂规则。为了让这个模型更加美观，小Y选择了一种让这棵二叉树的中序遍历序列最小的悬挂方法。所谓中序遍历最小，就是指中序遍历的结点编号序列的字典序最小。\u003c/p\u003e\u003cp\u003e一天，这个模型不小心被掉在了地上，幸运的是，所有结点和边都没摔坏，但是她想不起这个模型原来是怎么悬挂的了，也就是说：她想不起来树根节点的编号了。\u003c/p\u003e\u003cp\u003e小Y最近忙于准备清华集训，所以没太多时间处理别的事情，她只好找到同样心灵手巧的你帮忙复原她的二叉树模型。\u003c/p\u003e",
      "misc": ""
    },
    {
      "title": "题目描述",
      "content": "\u003cp\u003e给定小Y的二叉树模型，结点的编号为 \u003cspan class=\"MathJax_Preview\" style=\"color: inherit;\"\u003e\u003cspan class=\"MJXp-math\" id=\"MJXp-Span-1\"\u003e\u003cspan class=\"MJXp-mn\" id=\"MJXp-Span-2\"\u003e1\u003c/span\u003e\u003c/span\u003e\u003c/span\u003e\u003cscript type=\"math/tex\" id=\"MathJax-Element-1\"\u003e1\u003c/script\u003e ~ \u003cspan class=\"MathJax_Preview\" style=\"color: inherit;\"\u003e\u003cspan class=\"MJXp-math\" id=\"MJXp-Span-3\"\u003e\u003cspan class=\"MJXp-mi MJXp-italic\" id=\"MJXp-Span-4\"\u003en\u003c/span\u003e\u003c/span\u003e\u003c/span\u003e\u003cscript type=\"math/tex\" id=\"MathJax-Element-2\"\u003en\u003c/script\u003e ，你需要给出其可能的最小的中序遍历，方便小Y更快的摆好她的模型。\u003c/p\u003e",
      "misc": ""
    },
    {
      "title": "输入格式",
      "content": "\u003cp\u003e从标准输入读入数据。\u003c/p\u003e\u003cp\u003e第一行为一个正整数 \u003cspan class=\"MathJax_Preview\" style=\"color: inherit;\"\u003e\u003cspan class=\"MJXp-math\" id=\"MJXp-Span-5\"\u003e\u003cspan class=\"MJXp-mi MJXp-italic\" id=\"MJXp-Span-6\"\u003en\u003c/span\u003e\u003c/span\u003e\u003c/span\u003e\u003cscript type=\"math/tex\" id=\"MathJax-Element-3\"\u003en\u003c/script\u003e ，表示点的个数。\u003c/p\u003e\u003cp\u003e后接 \u003cspan class=\"MathJax_Preview\" style=\"color: inherit;\"\u003e\u003cspan class=\"MJXp-math\" id=\"MJXp-Span-7\"\u003e\u003cspan class=\"MJXp-mi MJXp-italic\" id=\"MJXp-Span-8\"\u003en\u003c/span\u003e\u003c/span\u003e\u003c/span\u003e\u003cscript type=\"math/tex\" id=\"MathJax-Element-4\"\u003en\u003c/script\u003e 行，每行若干个整数：\u003c/p\u003e\u003cp\u003e第 \u003cspan class=\"MathJax_Preview\" style=\"color: inherit;\"\u003e\u003cspan class=\"MJXp-math\" id=\"MJXp-Span-9\"\u003e\u003cspan class=\"MJXp-mi MJXp-italic\" id=\"MJXp-Span-10\"\u003ei\u003c/span\u003e\u003cspan class=\"MJXp-mo\" id=\"MJXp-Span-11\" style=\"margin-left: 0.267em; margin-right: 0.267em;\"\u003e+\u003c/span\u003e\u003cspan class=\"MJXp-mn\" id=\"MJXp-Span-12\"\u003e1\u003c/span\u003e\u003c/span\u003e\u003c/span\u003e\u003cscript type=\"math/tex\" id=\"MathJax-Element-5\"\u003ei+1\u003c/script\u003e 行的第一个整数为 \u003cspan class=\"MathJax_Preview\" style=\"color: inherit;\"\u003e\u003cspan class=\"MJXp-math\" id=\"MJXp-Span-13\"\u003e\u003cspan class=\"MJXp-msubsup\" id=\"MJXp-Span-14\"\u003e\u003cspan class=\"MJXp-mi MJXp-italic\" id=\"MJXp-Span-15\" style=\"margin-right: 0.05em;\"\u003ek\u003c/span\u003e\u003cspan class=\"MJXp-mi MJXp-italic MJXp-script\" id=\"MJXp-Span-16\" style=\"vertical-align: -0.4em;\"\u003ei\u003c/span\u003e\u003c/span\u003e\u003c/span\u003e\u003c/span\u003e\u003cscript type=\"math/tex\" id=\"MathJax-Element-6\"\u003ek_i\u003c/script\u003e ，表示编号为 \u003cspan class=\"MathJax_Preview\" style=\"color: inherit;\"\u003e\u003cspan class=\"MJXp-math\" id=\"MJXp-Span-17\"\u003e\u003cspan class=\"MJXp-mi MJXp-italic\" id=\"MJXp-Span-18\"\u003ei\u003c/span\u003e\u003c/span\u003e\u003c/span\u003e\u003cscript type=\"math/tex\" id=\"MathJax-Element-7\"\u003ei\u003c/script\u003e 的结点的度数，后接 \u003cspan class=\"MathJax_Preview\" style=\"color: inherit;\"\u003e\u003cspan class=\"MJXp-math\" id=\"MJXp-Span-19\"\u003e\u003cspan class=\"MJXp-msubsup\" id=\"MJXp-Span-20\"\u003e\u003cspan class=\"MJXp-mi MJXp-italic\" id=\"MJXp-Span-21\" style=\"margin-right: 0.05em;\"\u003ek\u003c/span\u003e\u003cspan class=\"MJXp-mi MJXp-italic MJXp-script\" id=\"MJXp-Span-22\" style=\"vertical-align: -0.4em;\"\u003ei\u003c/span\u003e\u003c/span\u003e\u003c/span\u003e\u003c/span\u003e\u003cscript type=\"math/tex\" id=\"MathJax-Element-8\"\u003ek_i\u003c/script\u003e 个整数 \u003cspan class=\"MathJax_Preview\" style=\"color: inherit;\"\u003e\u003cspan class=\"MJXp-math\" id=\"MJXp-Span-23\"\u003e\u003cspan class=\"MJXp-msubsup\" id=\"MJXp-Span-24\"\u003e\u003cspan class=\"MJXp-mi MJXp-italic\" id=\"MJXp-Span-25\" style=\"margin-right: 0.05em;\"\u003ea\u003c/span\u003e\u003cspan class=\"MJXp-mrow MJXp-script\" id=\"MJXp-Span-26\" style=\"vertical-align: -0.4em;\"\u003e\u003cspan class=\"MJXp-mi MJXp-italic\" id=\"MJXp-Span-27\"\u003ei\u003c/span\u003e\u003cspan class=\"MJXp-mo\" id=\"MJXp-Span-28\"\u003e,\u003c/span\u003e\u003cspan class=\"MJXp-mi MJXp-italic\" id=\"MJXp-Span-29\"\u003ej\u003c/span\u003e\u003c/span\u003e\u003c/span\u003e\u003c/span\u003e\u003c/span\u003e\u003cscript type=\"math/tex\" id=\"MathJax-Element-9\"\u003ea_{i,j}\u003c/script\u003e ，表示编号为 \u003cspan class=\"MathJax_Preview\" style=\"color: inherit;\"\u003e\u003cspan class=\"MJXp-math\" id=\"MJXp-Span-30\"\u003e\u003cspan class=\"MJXp-mi MJXp-italic\" id=\"MJXp-Span-31\"\u003ei\u003c/span\u003e\u003c/span\u003e\u003c/span\u003e\u003cscript type=\"math/tex\" id=\"MathJax-Element-10\"\u003ei\u003c/script\u003e 的结点与编号为 \u003cspan class=\"MathJax_Preview\" style=\"color: inherit;\"\u003e\u003cspan class=\"MJXp-math\" id=\"MJXp-Span-32\"\u003e\u003cspan class=\"MJXp-msubsup\" id=\"MJXp-Span-33\"\u003e\u003cspan class=\"MJXp-mi MJXp-italic\" id=\"MJXp-Span-34\" style=\"margin-right: 0.05em;\"\u003ea\u003c/span\u003e\u003cspan class=\"MJXp-mrow MJXp-script\" id=\"MJXp-Span-35\" style=\"vertical-align: -0.4em;\"\u003e\u003cspan class=\"MJXp-mi MJXp-italic\" id=\"MJXp-Span-36\"\u003ei\u003c/span\u003e\u003cspan class=\"MJXp-mo\" id=\"MJXp-Span-37\"\u003e,\u003c/span\u003e\u003cspan class=\"MJXp-mi MJXp-italic\" id=\"MJXp-Span-38\"\u003ej\u003c/span\u003e\u003c/span\u003e\u003c/span\u003e\u003c/span\u003e\u003c/span\u003e\u003cscript type=\"math/tex\" id=\"MathJax-Element-11\"\u003ea_{i,j}\u003c/script\u003e 的结点之间有一条边。\u003c/p\u003e\u003cp\u003e同一行输入的相邻两个元素之间，用恰好一个空格隔开。\u003c/p\u003e",
      "misc": ""
    },
    {
      "title": "输出格式",
      "content": "\u003cp\u003e输出到标准输出。\u003c/p\u003e\u003cp\u003e输出共一行， \u003cspan class=\"MathJax_Preview\" style=\"color: inherit;\"\u003e\u003cspan class=\"MJXp-math\" id=\"MJXp-Span-39\"\u003e\u003cspan class=\"MJXp-mi MJXp-italic\" id=\"MJXp-Span-40\"\u003en\u003c/span\u003e\u003c/span\u003e\u003c/span\u003e\u003cscript type=\"math/tex\" id=\"MathJax-Element-12\"\u003en\u003c/script\u003e 个整数，表示字典序最小的中序遍历。\u003c/p\u003e",
      "misc": ""
    },
    {
      "title": "限制与约定",
      "content": "\u003cp\u003e本题共20个测试点，每个测试点5分。各个测试点的数据范围如下：\u003c/p\u003e\u003ctable class=\"table table-bordered table-text-center table-vertical-middle\"\u003e\u003cthead\u003e\u003ctr\u003e\u003cth rowspan=\"1\"\u003e测试点编号\u003c/th\u003e\u003cth rowspan=\"1\"\u003e\u003cspan class=\"MathJax_Preview\" style=\"color: inherit;\"\u003e\u003cspan class=\"MJXp-math\" id=\"MJXp-Span-53\"\u003e\u003cspan class=\"MJXp-mi MJXp-italic\" id=\"MJXp-Span-54\"\u003en\u003c/span\u003e\u003cspan class=\"MJXp-mo\" id=\"MJXp-Span-55\" style=\"margin-left: 0.333em; margin-right: 0.333em;\"\u003e≤\u003c/span\u003e\u003c/span\u003e\u003c/span\u003e\u003cscript type=\"math/tex\" id=\"MathJax-Element-18\"\u003en \\le\u003c/script\u003e\u003c/th\u003e\u003cth rowspan=\"1\"\u003e\u003cspan class=\"MathJax_Preview\" style=\"color: inherit;\"\u003e\u003cspan class=\"MJXp-math\" id=\"MJXp-Span-56\"\u003e\u003cspan class=\"MJXp-msubsup\" id=\"MJXp-Span-57\"\u003e\u003cspan class=\"MJXp-mi MJXp-italic\" id=\"MJXp-Span-58\" style=\"margin-right: 0.05em;\"\u003ek\u003c/span\u003e\u003cspan class=\"MJXp-mi MJXp-italic MJXp-script\" id=\"MJXp-Span-59\" style=\"vertical-align: -0.4em;\"\u003ei\u003c/span\u003e\u003c/span\u003e\u003c/span\u003e\u003c/span\u003e\u003cscript type=\"math/tex\" id=\"MathJax-Element-19\"\u003ek_i\u003c/script\u003e\u003c/th\u003e\u003cth rowspan=\"1\"\u003e特殊条件\u003c/th\u003e\u003c/tr\u003e\u003c/thead\u003e\u003ctbody\u003e\u003ctr\u003e\u003ctd rowspan=\"1\"\u003e1\u003c/td\u003e\u003ctd rowspan=\"1\"\u003e5\u003c/td\u003e\u003ctd rowspan=\"8\"\u003e1,2,3\u003c/td\u003e\u003ctd rowspan=\"8\"\u003e无\u003c/td\u003e\u003c/tr\u003e\u003ctr\u003e\u003ctd rowspan=\"1\"\u003e2\u003c/td\u003e\u003ctd rowspan=\"1\"\u003e10\u003c/td\u003e\u003c/tr\u003e\u003ctr\u003e\u003ctd rowspan=\"1\"\u003e3\u003c/td\u003e\u003ctd rowspan=\"1\"\u003e15\u003c/td\u003e\u003c/tr\u003e\u003ctr\u003e\u003ctd rowspan=\"1\"\u003e4\u003c/td\u003e\u003ctd rowspan=\"1\"\u003e20\u003c/td\u003e\u003c/tr\u003e\u003ctr\u003e\u003ctd rowspan=\"1\"\u003e5\u003c/td\u003e\u003ctd rowspan=\"1\"\u003e100\u003c/td\u003e\u003c/tr\u003e\u003ctr\u003e\u003ctd rowspan=\"1\"\u003e6\u003c/td\u003e\u003ctd rowspan=\"1\"\u003e1000\u003c/td\u003e\u003c/tr\u003e\u003ctr\u003e\u003ctd rowspan=\"1\"\u003e7\u003c/td\u003e\u003ctd rowspan=\"1\"\u003e2000\u003c/td\u003e\u003c/tr\u003e\u003ctr\u003e\u003ctd rowspan=\"1\"\u003e8\u003c/td\u003e\u003ctd rowspan=\"1\"\u003e5000\u003c/td\u003e\u003c/tr\u003e\u003ctr\u003e\u003ctd rowspan=\"1\"\u003e9\u003c/td\u003e\u003ctd rowspan=\"1\"\u003e1000000\u003c/td\u003e\u003ctd rowspan=\"4\"\u003e1,2\u003c/td\u003e\u003ctd rowspan=\"1\"\u003e结点\u003cspan class=\"MathJax_Preview\" style=\"color: inherit;\"\u003e\u003cspan class=\"MJXp-math\" id=\"MJXp-Span-60\"\u003e\u003cspan class=\"MJXp-mi MJXp-italic\" id=\"MJXp-Span-61\"\u003ei\u003c/span\u003e\u003c/span\u003e\u003c/span\u003e\u003cscript type=\"math/tex\" id=\"MathJax-Element-20\"\u003ei\u003c/script\u003e与结点\u003cspan class=\"MathJax_Preview\" style=\"color: inherit;\"\u003e\u003cspan class=\"MJXp-math\" id=\"MJXp-Span-62\"\u003e\u003cspan class=\"MJXp-mi MJXp-italic\" id=\"MJXp-Span-63\"\u003ei\u003c/span\u003e\u003cspan class=\"MJXp-mo\" id=\"MJXp-Span-64\" style=\"margin-left: 0.267em; margin-right: 0.267em;\"\u003e−\u003c/span\u003e\u003cspan class=\"MJXp-mn\" id=\"MJXp-Span-65\"\u003e1\u003c/span\u003e\u003c/span\u003e\u003c/span\u003e\u003cscript type=\"math/tex\" id=\"MathJax-Element-21\"\u003ei-1\u003c/script\u003e相连\u003c/td\u003e\u003c/tr\u003e\u003ctr\u003e\u003ctd rowspan=\"1\"\u003e10\u003c/td\u003e\u003ctd rowspan=\"1\"\u003e100000\u003c/td\u003e\u003ctd rowspan=\"3\"\u003e无\u003c/td\u003e\u003c/tr\u003e\u003ctr\u003e\u003ctd rowspan=\"1\"\u003e11\u003c/td\u003e\u003ctd rowspan=\"1\"\u003e300000\u003c/td\u003e\u003c/tr\u003e\u003ctr\u003e\u003ctd rowspan=\"1\"\u003e12\u003c/td\u003e\u003ctd rowspan=\"1\"\u003e1000000\u003c/td\u003e\u003c/tr\u003e\u003ctr\u003e\u003ctd rowspan=\"1\"\u003e13\u003c/td\u003e\u003ctd rowspan=\"1\"\u003e100000\u003c/td\u003e\u003ctd rowspan=\"2\"\u003e1,3\u003c/td\u003e\u003ctd rowspan=\"1\"\u003e保证数据随机\u003c/td\u003e\u003c/tr\u003e\u003ctr\u003e\u003ctd rowspan=\"1\"\u003e14\u003c/td\u003e\u003ctd rowspan=\"1\"\u003e1000000\u003c/td\u003e\u003ctd rowspan=\"1\"\u003e无\u003c/td\u003e\u003c/tr\u003e\u003ctr\u003e\u003ctd rowspan=\"1\"\u003e15\u003c/td\u003e\u003ctd rowspan=\"1\"\u003e20000\u003c/td\u003e\u003ctd rowspan=\"6\"\u003e1,2,3\u003c/td\u003e\u003ctd rowspan=\"2\"\u003e保证数据随机\u003c/td\u003e\u003c/tr\u003e\u003ctr\u003e\u003ctd rowspan=\"1\"\u003e16\u003c/td\u003e\u003ctd rowspan=\"1\"\u003e200000\u003c/td\u003e\u003c/tr\u003e\u003ctr\u003e\u003ctd rowspan=\"1\"\u003e17\u003c/td\u003e\u003ctd rowspan=\"1\"\u003e100000\u003c/td\u003e\u003ctd rowspan=\"4\"\u003e无\u003c/td\u003e\u003c/tr\u003e\u003ctr\u003e\u003ctd rowspan=\"1\"\u003e18\u003c/td\u003e\u003ctd rowspan=\"1\"\u003e500000\u003c/td\u003e\u003c/tr\u003e\u003ctr\u003e\u003ctd rowspan=\"1\"\u003e19\u003c/td\u003e\u003ctd rowspan=\"1\"\u003e800000\u003c/td\u003e\u003c/tr\u003e\u003ctr\u003e\u003ctd rowspan=\"1\"\u003e20\u003c/td\u003e\u003ctd rowspan=\"1\"\u003e1000000\u003c/td\u003e\u003c/tr\u003e\u003c/tbody\u003e\u003c/table\u003e\u003cp\u003e随机数据的生成方式如下：\u003c/p\u003e\u003cp\u003e对于第13个测试点，从一棵两个结点的树开始，每次随机一个树上的度数为1的结点（即叶结点），并生成两个与之直接相连的结点，直到这棵树上有 \u003cspan class=\"MathJax_Preview\" style=\"color: inherit;\"\u003e\u003cspan class=\"MJXp-math\" id=\"MJXp-Span-66\"\u003e\u003cspan class=\"MJXp-mi MJXp-italic\" id=\"MJXp-Span-67\"\u003en\u003c/span\u003e\u003c/span\u003e\u003c/span\u003e\u003cscript type=\"math/tex\" id=\"MathJax-Element-22\"\u003en\u003c/script\u003e 个结点。显然，在这个测试点中，\u003cspan class=\"MathJax_Preview\" style=\"color: inherit;\"\u003e\u003cspan class=\"MJXp-math\" id=\"MJXp-Span-68\"\u003e\u003cspan class=\"MJXp-mi MJXp-italic\" id=\"MJXp-Span-69\"\u003en\u003c/span\u003e\u003c/span\u003e\u003c/span\u003e\u003cscript type=\"math/tex\" id=\"MathJax-Element-23\"\u003en\u003c/script\u003e 是一个偶数。\u003c/p\u003e\u003cp\u003e对于第15和第16个测试点，从一棵一个结点的树开始，每次随机一个树上的度数不超过2的结点，并生成一个与之直接相连的结点，直到这棵树上有 \u003cspan class=\"MathJax_Preview\" style=\"color: inherit;\"\u003e\u003cspan class=\"MJXp-math\" id=\"MJXp-Span-70\"\u003e\u003cspan class=\"MJXp-mi MJXp-italic\" id=\"MJXp-Span-71\"\u003en\u003c/span\u003e\u003c/span\u003e\u003c/span\u003e\u003cscript type=\"math/tex\" id=\"MathJax-Element-24\"\u003en\u003c/script\u003e 个结点。\u003c/p\u003e",
      "misc": ""
    },
    {
      "title": "提示",
      "content": "\u003cp\u003e我们提供了一个只包含输入和输出功能的程序 binary_sample.cpp。\u003c/p\u003e\u003cp\u003e关于该程序的说明，见 readme.txt。\u003c/p\u003e\u003cp\u003e你可以在答题时使用该程序的代码，也可以不使用，这将与你的得分无关。\u003c/p\u003e",
      "misc": ""
    },
    {
      "title": "下载",
      "content": "\u003cp\u003e\u003ca href=\"/download.php?type=problem\u0026amp;id=339\"\u003e样例数据及附加文件下载\u003c/a\u003e\u003c/p\u003e",
      "misc": ""
    }
  ],
  "samples": [
    {
      "title": "样例一",
      "input": "\u003cpre\u003e\u003ccode class=\"sh_plain\"\u003e4\n3 2 3 4\n1 1\n1 1\n1 1\u003c/code\u003e\u003c/pre\u003e",
      "output": "\u003cpre\u003e\u003ccode class=\"sh_plain\"\u003e2 1 3 4\u003c/code\u003e\u003c/pre\u003e",
      "explanation": "\u003cp\u003e样例的一组最优解如下：\u003c/p\u003e\u003cp\u003e\u003cimg class=\"img-responsive center-block\" src=\"//img.uoj.ac/problem/339/339-optimal.webp\" style=\"width:120px;\" alt=\"最优解\"\u003e\u003c/p\u003e\u003cp\u003e其中结点\u003cspan class=\"MathJax_Preview\" style=\"color: inherit;\"\u003e\u003cspan class=\"MJXp-math\" id=\"MJXp-Span-41\"\u003e\u003cspan class=\"MJXp-mn\" id=\"MJXp-Span-42\"\u003e4\u003c/span\u003e\u003c/span\u003e\u003c/span\u003e\u003cscript type=\"math/tex\" id=\"MathJax-Element-13\"\u003e4\u003c/script\u003e为根，结点\u003cspan class=\"MathJax_Preview\" style=\"color: inherit;\"\u003e\u003cspan class=\"MJXp-math\" id=\"MJXp-Span-43\"\u003e\u003cspan class=\"MJXp-mn\" id=\"MJXp-Span-44\"\u003e1\u003c/span\u003e\u003c/span\u003e\u003c/span\u003e\u003cscript type=\"math/tex\" id=\"MathJax-Element-14\"\u003e1\u003c/script\u003e为结点\u003cspan class=\"MathJax_Preview\" style=\"color: inherit;\"\u003e\u003cspan class=\"MJXp-math\" id=\"MJXp-Span-45\"\u003e\u003cspan class=\"MJXp-mn\" id=\"MJXp-Span-46\"\u003e4\u003c/span\u003e\u003c/span\u003e\u003c/span\u003e\u003cscript type=\"math/tex\" id=\"MathJax-Element-15\"\u003e4\u003c/script\u003e的左儿子，结点\u003cspan class=\"MathJax_Preview\" style=\"color: inherit;\"\u003e\u003cspan class=\"MJXp-math\" id=\"MJXp-Span-47\"\u003e\u003cspan class=\"MJXp-mn\" id=\"MJXp-Span-48\"\u003e2\u003c/span\u003e\u003cspan class=\"MJXp-mo\" id=\"MJXp-Span-49\" style=\"margin-left: 0em; margin-right: 0.222em;\"\u003e,\u003c/span\u003e\u003cspan class=\"MJXp-mn\" id=\"MJXp-Span-50\"\u003e3\u003c/span\u003e\u003c/span\u003e\u003c/span\u003e\u003cscript type=\"math/tex\" id=\"MathJax-Element-16\"\u003e2,3\u003c/script\u003e分别为结点\u003cspan class=\"MathJax_Preview\" style=\"color: inherit;\"\u003e\u003cspan class=\"MJXp-math\" id=\"MJXp-Span-51\"\u003e\u003cspan class=\"MJXp-mn\" id=\"MJXp-Span-52\"\u003e1\u003c/span\u003e\u003c/span\u003e\u003c/span\u003e\u003cscript type=\"math/tex\" id=\"MathJax-Element-17\"\u003e1\u003c/script\u003e的左右儿子。\u003c/p\u003e",
      "misc": ""
    }
  ],
  "tags": [
    "UOJ",
    "清华集训2017"
  ],
  "rules": {
    "runtime": "1000000000",
    "memory": "536870912",
    "stack": "536870912",
    "source": "51200"
  },
  "meta": {
    "created": "2021-04-09T21:43:35.638958639+08:00",
    "updated": "2021-04-09T21:43:35.638958639+08:00",
    "checked": "2021-04-09T21:43:35.638958639+08:00"
  },
  "misc": ""
}
